Species_name,Domain,Genome_size,Num_exons,Exon_to_genome_ratio
Abditibacterium_utsteinense,bacteria,3606331,305408,11.8082401246857
Abiotrophia_defectiva,bacteria,2041839,297361,6.86653259842414
Abiotrophia_sp,bacteria,2019024,245655,8.21894119802162
Absicoccus_porci,bacteria,2222132,659620,3.36880628240502
Absiella_sp,bacteria,4493266,243783,18.4314542676361
Abyssibacter_profundi,bacteria,3741513,371714,10.0655692279548
Abyssicoccus_albus,bacteria,1796177,585922,3.06555650752148
Acanthochromis_polyacanthus,ensembl,991584656,1732447,572.360745234919
Acaryochloris_marina,bacteria,8361599,2954216,2.8303952723836
Acaryochloris_thomasi,bacteria,5931841,524545,11.3085455013393
Accipiter_nisus,ensembl,1190649881,533365,2232.33598192607
Acetanaerobacterium_elongatum,bacteria,2916215,124387,23.4446927733606
Acetatifactor_muris,bacteria,6013646,318037,18.9086364165176
Acetilactobacillus_jinshanensis,bacteria,1616430,712496,2.2686864206957
Acetitomaculum_ruminis,bacteria,3082721,254588,12.1086657658648
Acetivibrio_clariflavus,bacteria,4897678,2049418,2.38978968663299
Acetivibrio_ethanolgignens,bacteria,3660245,139006,26.3315612275729
Acetivibrio_mesophilus,bacteria,4044838,382932,10.5628101072775
Acetivibrio_saccincola,bacteria,3759855,1590701,2.36364659354586
Acetivibrio_thermocellus,bacteria,3828924,682195,5.61265278500527
Acetoanaerobium_noterae,bacteria,2814227,591425,4.75838356511815
Acetoanaerobium_sticklandii,bacteria,2715461,1233268,2.20184177323988
Acetobacter_aceti,bacteria,3430908,761115,4.50773732934036
Acetobacter_ascendens,bacteria,3142525,1349259,2.32907432894648
Acetobacter_cerevisiae,bacteria,3212246,221481,14.5034818637566
Acetobacter_cibinongensis,bacteria,3173903,241664,13.1335345769333
Acetobacter_fabarum,bacteria,3027698,423962,7.14143720427774
Acetobacter_ghanensis,bacteria,2843936,1238356,2.2965415437887
Acetobacter_indonesiensis,bacteria,3371313,280225,12.0307342314212
Acetobacter_malorum,bacteria,3551557,335996,10.5702395990427
Acetobacter_okinawensis,bacteria,2724937,307843,8.8517101249663
Acetobacter_orientalis,bacteria,2939373,437351,6.72085009902792
Acetobacter_orleanensis,bacteria,3013644,268514,11.2234147940145
Acetobacter_oryzoeni,bacteria,3153180,1316515,2.39509614398621
Acetobacter_pasteurianus,bacteria,3261368,663591,4.91472872500383
Acetobacter_persici,bacteria,3555134,983003,3.61660728228056
Acetobacter_pomorum,bacteria,3122919,679620,4.59509755211125
Acetobacter_senegalensis,bacteria,3982175,689545,5.77507911017609
Acetobacter_sp,bacteria,2677435,252976,10.5837490512934
Acetobacter_syzygii,bacteria,2974254,392246,7.58262416952627
Acetobacter_tropicalis,bacteria,3842644,542894,7.07807193372116
Acetobacteraceae_bacterium,bacteria,3704709,585551,6.32687901091408
Acetobacterium_bakii,bacteria,4135635,254777,16.2323718389023
Acetobacterium_sp,bacteria,3818489,1039605,3.67301859840997
Acetobacterium_wieringae,bacteria,3895828,315451,12.3500258360252
Acetobacterium_woodii,bacteria,4044777,1758211,2.30050716324719
Acetobacteroides_hydrogenigenes,bacteria,3861100,460438,8.38571099692032
Acetohalobium_arabaticum,bacteria,2469596,1086961,2.27201895928189
Acetomicrobium_mobile,bacteria,2160700,1000616,2.15936982818584
Acetomicrobium_thermoterrenum,bacteria,1967584,265225,7.41854651710812
Acetonema_longum,bacteria,4323011,172103,25.1187428458539
Acholeplasma_laidlawii,bacteria,1496992,689576,2.17088761789853
Achromobacter_aegrifaciens,bacteria,6872002,915801,7.50381578530707
Achromobacter_agilis,bacteria,6376476,408480,15.6102526439483
Achromobacter_aloeverae,bacteria,6492157,1130879,5.74080604556279
Achromobacter_arsenitoxydans,bacteria,6156664,283392,21.7249040198735
Achromobacter_denitrificans,bacteria,7090436,287933,24.6252982464671
Achromobacter_insolitus,bacteria,6472476,2952998,2.191832165142
Achromobacter_insuavis,bacteria,6860805,2989175,2.29521690767519
Achromobacter_kerstersii,bacteria,6720738,971903,6.91502958628588
Achromobacter_marplatensis,bacteria,6887296,830586,8.29209257078737
Achromobacter_piechaudii,bacteria,6166968,1800654,3.42484869386345
Achromobacter_pulmonis,bacteria,6943547,1065708,6.51543105616173
Achromobacter_ruhlandii,bacteria,6479003,1754705,3.69235996933958
Achromobacter_sp,bacteria,6429444,1316858,4.88241353348474
Achromobacter_spanius,bacteria,6501596,2364462,2.74971444352728
Achromobacter_veterisilvae,bacteria,6814990,312359,21.8178121968632
Achromobacter_xylosoxidans,bacteria,6736669,1549759,4.34691499135874
Acidaminobacter_hydrogenoformans,bacteria,3615609,354576,10.1969930282929
Acidaminococcus_fermentans,bacteria,2337328,591482,3.9516502206747
Acidaminococcus_intestini,bacteria,2363369,606431,3.89718030343131
Acidaminococcus_sp,bacteria,2296550,206169,11.1391445219787
Acidianus_brierleyi,bacteria,2947156,1274947,2.31159099162553
Acidianus_hospitalis,bacteria,2137654,951535,2.24653218221085
Acidianus_manzaensis,bacteria,2687463,1165847,2.3051592533154
Acidianus_sulfidivorans,bacteria,2287077,1005514,2.27453521283642
Acidibacillus_ferrooxidans,bacteria,3119089,224576,13.8887698169442
Acidibacillus_sulfuroxidans,bacteria,2873735,287908,9.98143504174945
Acidiferrobacteraceae_bacterium,bacteria,2737492,201274,13.6008033814559
Acidihalobacter_ferrooxydans,bacteria,3448835,1512769,2.27981601949802
Acidihalobacter_prosperus,bacteria,3484245,1332783,2.61426253686209
Acidilobus_saccharovorans,bacteria,1496453,682532,2.19250232956111
Acidimicrobiales_bacterium,bacteria,2424133,73230,33.1030042332377
Acidimicrobium_ferrooxidans,bacteria,2158157,983231,2.19496435730769
Acidiphilium_cryptum,bacteria,3963080,1626575,2.43645697247283
Acidiphilium_multivorum,bacteria,4214744,1776831,2.37205676848277
Acidiphilium_rubrum,bacteria,3976993,284589,13.9745141238769
Acidiphilium_sp,bacteria,3721678,167745,22.1865717286875
Acidipila_rosea,bacteria,4213726,962475,4.37801085742487
Acidipila_sp,bacteria,4475085,1892038,2.36521940891251
Acidiplasma_aeolicum,bacteria,1762846,39309,44.8458495509934
Acidiplasma_cupricumulans,bacteria,1731076,43787,39.5340169456688
Acidiplasma_sp,bacteria,1747364,461582,3.78559822523409
Acidipropionibacterium_acidipropionici,bacteria,3634891,1636103,2.22167629421864
Acidipropionibacterium_jensenii,bacteria,3064342,1365646,2.24387743968788
Acidipropionibacterium_virtanenii,bacteria,3432872,1540937,2.22778218707189
Acidisarcina_polymorpha,bacteria,7600726,3137531,2.42251821575628
Acidithiobacillales_bacterium,bacteria,2616358,50427,51.8840700418427
Acidithiobacillus_caldus,bacteria,3115617,932360,3.34164557324067
Acidithiobacillus_ferridurans,bacteria,2921399,1324897,2.20500084157485
Acidithiobacillus_ferrivorans,bacteria,3050277,433179,7.04160344707185
Acidithiobacillus_ferrooxidans,bacteria,2968131,712054,4.16840828378476
Acidithiobacillus_sp,bacteria,3218855,133144,24.1758050827302
Acidithiobacillus_sulfuriphilus,bacteria,2816858,74009,38.0610196057236
Acidithiobacillus_thiooxidans,bacteria,3833870,91376,41.9573080311462
Acidobacteria_bacterium,bacteria,5135206,143347,35.8235443415966
Acidobacteriales_bacterium,bacteria,4923487,1061704,4.6373443068878
Acidobacterium_capsulatum,bacteria,4127356,1830782,2.25442242713769
Acidobacterium_sp,bacteria,3522497,306697,11.4852859422915
Acidocella_aminolytica,bacteria,3984732,150557,26.4666006894399
Acidocella_sp,bacteria,3333803,654943,5.09021853810179
Acidomonas_methanolica,bacteria,3690031,159079,23.1962169739563
Acidothermus_cellulolyticus,bacteria,2443540,1100163,2.22107087767904
Acidovorax_anthurii,bacteria,5469042,217016,25.2011003796955
Acidovorax_avenae,bacteria,5546096,2196348,2.52514406583746
Acidovorax_caeni,bacteria,4152335,221971,18.7066553739002
Acidovorax_carolinensis,bacteria,4295128,1859805,2.30945131513811
Acidovorax_cattleyae,bacteria,5609245,290578,19.3037497677044
Acidovorax_cavernicola,bacteria,7038667,435978,16.1445462844455
Acidovorax_citrulli,bacteria,5352772,2401067,2.22933054346255
Acidovorax_defluvii,bacteria,4114188,300689,13.6825357761674
Acidovorax_delafieldii,bacteria,4842094,111514,43.421400003587
Acidovorax_ebreus,bacteria,3796573,1714759,2.21405631928452
Acidovorax_kalamii,bacteria,5137998,736218,6.978908421147
Acidovorax_konjaci,bacteria,5077528,512135,9.9144327179357
Acidovorax_soli,bacteria,4130223,319425,12.9301807936135
Acidovorax_sp,bacteria,5324444,1213749,4.38677604514299
Acidovorax_temperans,bacteria,4475784,210279,21.2849785285264
Acidovorax_valerianellae,bacteria,5257076,560038,9.38699873937126
Acidovorax_wautersii,bacteria,5335586,535957,9.95525014133597
Aciduliprofundum_boonei,bacteria,2234292,531574,4.20316569580688
Aciduliprofundum_sp,bacteria,1437090,681158,2.10977482463687
Acinetobacter_albensis,bacteria,3045904,260464,11.6941458320536
Acinetobacter_apis,bacteria,2413782,756383,3.19121661909377
Acinetobacter_baumannii,bacteria,4175066,386503,10.8021474530886
Acinetobacter_baylyi,bacteria,3598621,1588471,2.26546219603631
Acinetobacter_beijerinckii,bacteria,3555506,1003462,3.5432388072493
Acinetobacter_bereziniae,bacteria,4859721,879033,5.52848527870967
Acinetobacter_bohemicus,bacteria,3693026,553006,6.67809300441587
Acinetobacter_boissieri,bacteria,2690205,354101,7.59728156655869
Acinetobacter_bouvetii,bacteria,3660393,584276,6.26483545447699
Acinetobacter_brisouii,bacteria,3148512,1135016,2.77398027869211
Acinetobacter_calcoaceticus,bacteria,4018444,1090321,3.68556171955936
Acinetobacter_celticus,bacteria,3093802,546784,5.65817946391994
Acinetobacter_chinensis,bacteria,3737289,1584099,2.35925216795162
Acinetobacter_colistiniresistens,bacteria,4060490,958736,4.23525570921281
Acinetobacter_cumulans,bacteria,3730483,671435,5.55598255677141
Acinetobacter_defluvii,bacteria,3812268,1551931,2.45646745892698
Acinetobacter_equi,bacteria,3054269,1324067,2.30673296744047
Acinetobacter_gandensis,bacteria,3176356,293660,10.8164407818566
Acinetobacter_genomosp,bacteria,4318570,737471,5.85591885421031
Acinetobacter_gerneri,bacteria,4595172,679604,6.76154348708954
Acinetobacter_guerrae,bacteria,3541242,304764,11.6196204276096
Acinetobacter_guillouiae,bacteria,4818824,1688797,2.85340593463751
Acinetobacter_gyllenbergii,bacteria,4418040,1051388,4.20210188817068
Acinetobacter_haemolyticus,bacteria,3549101,1264001,2.80783127730863
Acinetobacter_halotolerans,bacteria,3290698,390516,8.42653822122525
Acinetobacter_idrijaensis,bacteria,3846869,223401,17.2195692946764
Acinetobacter_indicus,bacteria,3149801,742453,4.24242477301594
Acinetobacter_johnsonii,bacteria,3723131,852804,4.36575212574134
Acinetobacter_junii,bacteria,3438067,357397,9.61973612252218
Acinetobacter_kookii,bacteria,3085401,570055,5.41246195542535
Acinetobacter_kyonggiensis,bacteria,3714024,305259,12.1667960649809
Acinetobacter_lactucae,bacteria,3946958,820154,4.81246029708086
Acinetobacter_larvae,bacteria,3741098,1596990,2.34259325355826
Acinetobacter_lwoffii,bacteria,3445265,864644,3.98460275412965
Acinetobacter_marinus,bacteria,2994779,577379,5.18685127100224
Acinetobacter_nectaris,bacteria,2668938,750444,3.5564785646897
Acinetobacter_nosocomialis,bacteria,4093301,741385,5.52115459579031
Acinetobacter_oleivorans,bacteria,3973903,983845,4.03915521923338
Acinetobacter_parvus,bacteria,2965801,715083,4.14749127024415
Acinetobacter_piscicola,bacteria,3814033,453711,8.40630489452537
Acinetobacter_pittii,bacteria,4031816,737647,5.46578204213728
Acinetobacter_populi,bacteria,3686702,841094,4.38322232711207
Acinetobacter_pragensis,bacteria,3706388,232833,15.9186541426688
Acinetobacter_proteolyticus,bacteria,4339079,836025,5.19013067791035
Acinetobacter_pseudolwoffii,bacteria,3105311,648688,4.78706404311472
Acinetobacter_puyangensis,bacteria,3781219,630459,5.99756526594116
Acinetobacter_qingfengensis,bacteria,3140771,226083,13.892114842779
Acinetobacter_radioresistens,bacteria,3274744,776661,4.21643831206977
Acinetobacter_rongchengensis,bacteria,4102130,238956,17.1668842799511
Acinetobacter_rudis,bacteria,4066694,867937,4.68547141094342
Acinetobacter_schindleri,bacteria,3330543,1045031,3.1870267037469
Acinetobacter_seifertii,bacteria,4033532,464175,8.68967846178704
Acinetobacter_sichuanensis,bacteria,4666610,262572,17.772687110583
Acinetobacter_silvestris,bacteria,3129605,545906,5.73286426600917
Acinetobacter_soli,bacteria,3562754,1137318,3.13259293648156
Acinetobacter_sp,bacteria,3705340,663733,5.5825793587569
Acinetobacter_stercoris,bacteria,4164616,51980,80.1195844555598
Acinetobacter_tandoii,bacteria,3746736,447697,8.36890910593549
Acinetobacter_terrae,bacteria,3391468,347608,9.75658883953572
Acinetobacter_terrestris,bacteria,3353219,220468,15.2095496852151
Acinetobacter_tianfuensis,bacteria,3464918,211234,16.4032210723652
Acinetobacter_tjernbergiae,bacteria,3652434,175227,20.844013765002
Acinetobacter_towneri,bacteria,2951901,464391,6.35649808028149
Acinetobacter_ursingii,bacteria,3623239,856891,4.22835285778338
Acinetobacter_variabilis,bacteria,3422615,628225,5.4480762848313
Acinetobacter_venetianus,bacteria,3555568,503501,7.06168604348053
Acinetobacter_wuhouensis,bacteria,4177154,1243359,3.35957220186071
Actibacterium_atlanticum,bacteria,3176383,531713,5.97386748114114
Actibacterium_lipolyticum,bacteria,3877740,1287193,3.01255522676087
Actibacterium_mucosum,bacteria,3715337,606957,6.12125241162059
Actibacterium_sp,bacteria,3732009,655648,5.69209164063644
Actinidia_chinensis,plants,553842477,17881565,30.9728190457603
Actinoalloteichus_hoggarensis,bacteria,6606717,2711989,2.43611496949287
Actinoalloteichus_hymeniacidonis,bacteria,6306386,2756205,2.28806855803541
Actinoalloteichus_sp,bacteria,6822750,2840317,2.40210863787387
Actinobacillus_delphinicola,bacteria,1837244,826382,2.22323816346435
Actinobacillus_equuli,bacteria,2431533,1090368,2.23001133562247
Actinobacillus_indolicus,bacteria,2251645,1013413,2.22184341428421
Actinobacillus_lignieresii,bacteria,2345138,1046358,2.24123865827948
Actinobacillus_minor,bacteria,2425264,145817,16.6322445256726
Actinobacillus_pleuropneumoniae,bacteria,2308570,889688,2.59480937789603
Actinobacillus_porcitonsillarum,bacteria,2263191,1021347,2.21588842969138
Actinobacillus_seminis,bacteria,2416228,705584,3.4244370620649
Actinobacillus_succinogenes,bacteria,2319663,1043933,2.22204202760139
Actinobacillus_suis,bacteria,2484940,1114197,2.23025192133887
Actinobacillus_ureae,bacteria,2354471,860895,2.73491076147498
Actinobacteria_bacterium,bacteria,6442317,566969,11.3627356567063
Actinobacterium_acamd,bacteria,1242023,233526,5.31856409992892
Actinobaculum_massiliense,bacteria,2032016,829274,2.45035537108362
Actinobaculum_sp,bacteria,2630323,281513,9.34352232401346
Actinobaculum_suis,bacteria,2294873,211012,10.8755380807125
Actinocorallia_herbida,bacteria,9800715,4377814,2.23872348162805
Actinocrispum_wychmicini,bacteria,12011259,1383286,8.6831349410028
Actinokineospora_alba,bacteria,7268999,776780,9.35786065552666
Actinokineospora_auranticolor,bacteria,8431890,658742,12.799988462858
Actinokineospora_bangkokensis,bacteria,7453713,820745,9.08164289761132
Actinokineospora_cianjurensis,bacteria,7615874,1919209,3.96823587217442
Actinokineospora_iranica,bacteria,6578763,767344,8.57342078650514
Actinokineospora_spheciospongiae,bacteria,7538040,512431,14.7103502715488
Actinokineospora_terrae,bacteria,7588185,721329,10.5197281684225
Actinomadura_bangladeshensis,bacteria,8697534,116759,74.4913368562595
Actinomadura_craniellae,bacteria,7503577,693981,10.8123666209882
Actinomadura_darangshiensis,bacteria,9886063,106726,92.6303150122744
Actinomadura_geliboluensis,bacteria,9420971,89789,104.923442737975
Actinomadura_harenae,bacteria,9356375,210554,44.4369377926803
Actinomadura_logoneensis,bacteria,8093581,76462,105.851024038084
Actinomadura_madurae,bacteria,10255144,960333,10.6787374796034
Actinomadura_mexicana,bacteria,8786361,840251,10.4568289713431
Actinomadura_meyerae,bacteria,8572960,461088,18.5928933305573
Actinomadura_parvosata,bacteria,13559781,2773724,4.88865546824414
Actinomadura_pelletieri,bacteria,7528180,1289295,5.8389895252832
Actinomadura_rubrisoli,bacteria,10227186,111689,91.5684266131848
Actinomadura_rubteroloni,bacteria,6469137,1843756,3.50867305652158
Actinomadura_soli,bacteria,9041065,116812,77.3984265315207
Actinomadura_sp,bacteria,8558152,129458,66.1073607636431
Actinomadura_spongiicola,bacteria,7711411,908128,8.49154634588957
Actinomadura_viridilutea,bacteria,6720116,615182,10.9237851562627
Actinomyces_bovis,bacteria,2595566,556181,4.66676495601252
Actinomyces_bowdenii,bacteria,3103770,367107,8.45467397788656
Actinomyces_denticolens,bacteria,2760766,336670,8.20021385926872
Actinomyces_gaoshouyii,bacteria,2359360,1052672,2.24130593385214
Actinomyces_glycerinitolerans,bacteria,3695248,600276,6.1559149457916
Actinomyces_graevenitzii,bacteria,2134846,548922,3.8891609372552
Actinomyces_howellii,bacteria,3148934,1376211,2.288118609719
Actinomyces_israelii,bacteria,2572997,1159544,2.2189731480651
Actinomyces_johnsonii,bacteria,3327711,98968,33.6241108237006
Actinomyces_massiliensis,bacteria,3416440,123973,27.557936002194
Actinomyces_naeslundii,bacteria,3129251,567079,5.518190434904
Actinomyces_oris,bacteria,3106292,308712,10.0621020968622
Actinomyces_radicidentis,bacteria,3051613,1340527,2.27642785262811
Actinomyces_ruminicola,bacteria,3201492,398772,8.02837586390218
Actinomyces_slackii,bacteria,3220508,1419324,2.26904357285581
Actinomyces_sp,bacteria,2742903,536174,5.11569318329752
Actinomyces_urogenitalis,bacteria,2606995,427429,6.09924291578803
Actinomyces_viscosus,bacteria,3312869,1207953,2.74254865154052
Actinomycetales_bacterium,bacteria,3404744,173594,19.613313574529
Actinomycetia_bacterium,bacteria,5569432,58514,95.1811874081416
Actinomycetospora_cinnamomea,bacteria,5971662,695008,8.59222052120263
Actinomycetospora_succinea,bacteria,6465222,1045555,6.18353123460746
Actinophytocola_oryzae,bacteria,10706011,853708,12.5406005332034
Actinophytocola_xanthii,bacteria,8345635,295912,28.2030975425126
Actinophytocola_xinjiangensis,bacteria,9535536,848860,11.2333435431049
Actinoplanes_atraurantiacus,bacteria,10906727,916251,11.9036453984771
Actinoplanes_awajinensis,bacteria,11392731,330994,34.419750811193
Actinoplanes_brasiliensis,bacteria,9750342,3856305,2.52841567251553
Actinoplanes_derwentensis,bacteria,10654181,4795193,2.22184612798692
Actinoplanes_friuliensis,bacteria,9376071,4281741,2.18978004507979
Actinoplanes_italicus,bacteria,11152790,748172,14.9067193105329
Actinoplanes_lutulentus,bacteria,9887594,730281,13.539437558967
Actinoplanes_missouriensis,bacteria,8773466,3966740,2.21175726163046
Actinoplanes_philippinensis,bacteria,10381230,764890,13.5721868503968
Actinoplanes_regularis,bacteria,10031706,938293,10.691442864862
Actinoplanes_sp,bacteria,10258847,3192437,3.21348513901529
Actinoplanes_utahensis,bacteria,9489843,465909,20.3684474865263
Actinoplanes_xinjiangensis,bacteria,10797414,733393,14.7225484835552
Actinopolymorpha_cephalotaxi,bacteria,6822861,569146,11.9878923861364
Actinopolymorpha_singaporensis,bacteria,6403669,2831097,2.26190377793484
Actinopolyspora_alba,bacteria,5240643,484120,10.8250908865571
Actinopolyspora_erythraea,bacteria,5298903,1235836,4.28770726860198
Actinopolyspora_mortivallis,bacteria,4335852,377030,11.5000185661618
Actinopolyspora_mzabensis,bacteria,5004253,516959,9.68017386291756
Actinopolyspora_righensis,bacteria,4924010,622928,7.90462140086816
Actinopolyspora_saharensis,bacteria,4682228,1616173,2.89710816849434
Actinopolyspora_sp,bacteria,5079399,2137896,2.37588685324263
Actinopolyspora_xinjiangensis,bacteria,5038150,498994,10.096614388149
Actinorugispora_endophytica,bacteria,5253007,588431,8.92714183990986
Actinosynnema_mirum,bacteria,8248144,3619974,2.27850918266264
Actinosynnema_pretiosum,bacteria,8235919,3611788,2.28028891511475
Actinosynnema_sp,bacteria,11712314,1056325,11.0877940027927
Actinotalea_fermentans,bacteria,3617740,83872,43.1340614269363
Actinotalea_ferrariae,bacteria,3987077,93080,42.8349484314568
Actinotignum_sanguinis,bacteria,2038007,140226,14.5337312623907
Actinotignum_schaalii,bacteria,2125832,860343,2.47091160153567
Actinotignum_timonense,bacteria,2245046,391327,5.73700766877829
Actinotignum_urinale,bacteria,1791584,284040,6.30750598507253
Acutalibacter_muris,bacteria,3802913,1682194,2.26068634176558
Acutalibacter_sp,bacteria,3623976,309005,11.7278878982541
Acuticoccus_sediminis,bacteria,7763538,1393088,5.57289848164653
Adhaeribacter_arboris,bacteria,7248201,2984612,2.4285237076042
Adhaeribacter_pallidiroseus,bacteria,6425974,2634817,2.43886918901768
Adlercreutzia_caecimuris,bacteria,2776445,321464,8.63687691312246
Advenella_incenata,bacteria,4916170,1480854,3.31982086012531
Advenella_kashmirensis,bacteria,4647794,1288952,3.6058714381584
Advenella_mimigardefordensis,bacteria,4764126,2108390,2.25960377349542
Advenella_sp,bacteria,4305312,1051574,4.09415980235343
Aegilops_tauschii,plants,4224915394,45751393,92.3450657338455
Aegilops_umbellulata,plants,4246573824,36279286,117.052298769055
Aequorivita_antarctica,bacteria,3803249,489275,7.77323386643503
Aequorivita_aquimaris,bacteria,3147268,513810,6.12535372997801
Aequorivita_lipolytica,bacteria,3305581,484115,6.82809043305826
Aequorivita_soesokkakensis,bacteria,3190776,387232,8.23995950747872
Aequorivita_sp,bacteria,3238480,619626,5.22650927777651
Aequorivita_sublithincola,bacteria,3520671,1586807,2.21871405911368
Aequorivita_viscosa,bacteria,3526892,196427,17.955230187296
Aeribacillus_pallidus,bacteria,3954034,991798,3.98673469130543
Aeriscardovia_aeriphila,bacteria,1631097,553970,2.94437785439645
Aerococcaceae_bacterium,bacteria,2231225,103687,21.5188500004822
Aerococcus_christensenii,bacteria,1685199,231356,7.28402393718758
Aerococcus_sanguinicola,bacteria,2140821,678537,3.15505344586957
Aerococcus_sp,bacteria,2073894,129035,16.072339546118
Aerococcus_suis,bacteria,1382195,277539,4.98018296527695
Aerococcus_urinae,bacteria,2209072,434148,5.08829445197861
Aerococcus_urinaeequi,bacteria,2054328,887636,2.31438112018891
Aerococcus_urinaehominis,bacteria,1831400,808476,2.26524967964417
Aerococcus_viridans,bacteria,2061717,497347,4.14542756595115
Aeromicrobium_camelliae,bacteria,3063801,263274,11.6373094190843
Aeromicrobium_chenweiae,bacteria,3717741,1729006,2.15021868055981
Aeromicrobium_choanae,bacteria,3422026,1602404,2.13555757474395
Aeromicrobium_endophyticum,bacteria,4029279,1437336,2.80329651521982
Aeromicrobium_erythreum,bacteria,3629239,1645558,2.20547619713192
Aeromicrobium_marinum,bacteria,3079840,1424377,2.16223654271306
Aeromicrobium_phragmitis,bacteria,3368070,450410,7.47778690526409
Aeromicrobium_sp,bacteria,3662455,1236057,2.96301554581041
Aeromonas_allosaccharophila,bacteria,4653144,290246,16.0317248127451
Aeromonas_cavernicola,bacteria,3887629,120419,32.2841827286392
Aeromonas_caviae,bacteria,4762902,1444468,3.29734044420709
Aeromonas_dhakensis,bacteria,4937299,1148874,4.29751273747719
Aeromonas_diversa,bacteria,4026421,183550,21.9363715608826
Aeromonas_encheleia,bacteria,4542521,1976939,2.29775476127488
Aeromonas_enteropelogenes,bacteria,4332230,768103,5.64016805037866
Aeromonas_hydrophila,bacteria,4981223,1979589,2.51629129654114
Aeromonas_jandaei,bacteria,4716267,734175,6.42390467116469
Aeromonas_lusitana,bacteria,4537799,320746,14.1476401888098
Aeromonas_media,bacteria,4788430,2079882,2.30226041669672
Aeromonas_molluscorum,bacteria,4236171,103680,40.858130787037
Aeromonas_piscicola,bacteria,4886878,560927,8.71214614379411
Aeromonas_rivipollensis,bacteria,4508901,1969466,2.28940281274213
Aeromonas_salmonicida,bacteria,4942640,1267534,3.8994135562228
Aeromonas_schubertii,bacteria,4270131,1225307,3.48494927595667
Aeromonas_sobria,bacteria,4723515,300718,15.7074383005138
Aeromonas_sp,bacteria,4755962,893451,5.32313983197104
Aeromonas_veronii,bacteria,4826493,940469,5.13200384949608
Aeropyrum_camini,bacteria,1595994,712451,2.24014563808599
Aeropyrum_pernix,bacteria,1635374,420283,3.89113037064356
Aerosticca_soli,bacteria,2874969,1311537,2.19206091783915
Aestuariibacter_aggregatus,bacteria,4910645,834052,5.88769645058102
Aestuariirhabdus_litorea,bacteria,3663152,1358492,2.69648404260018
Aestuariispira_insulae,bacteria,4823716,820737,5.8772980869633
Afifella_marina,bacteria,3963421,734926,5.39295248773346
Afipia_broomeae,bacteria,6606564,2549511,2.59130684105831
Afipia_carboxidovorans,bacteria,3896074,1640898,2.37435477403227
Afipia_clevelandensis,bacteria,4399548,1941269,2.26632578998583
Afipia_felis,bacteria,4102823,1624642,2.5253709818443
Afipia_massiliensis,bacteria,4495198,1969706,2.28216698329598
Afipia_sp,bacteria,5033915,1350709,3.72686816986879
Agarivorans_albus,bacteria,4734285,283362,16.707550765452
Agarivorans_sp,bacteria,4666209,511932,9.11490002578467
Agathobacter_ruminis,bacteria,2858624,161392,17.7123029642114
Agathobaculum_butyriciproducens,bacteria,3089231,280296,11.0213346272059
Aggregatibacter_actinomycetemcomitans,bacteria,2196432,591005,3.71643576518974
Aggregatibacter_aphrophilus,bacteria,2373975,590141,4.02272593444869
Aggregatibacter_segnis,bacteria,2008053,601289,3.33958046796133
Aggregatibacter_sp,bacteria,2016624,177003,11.3931628277487
Aggregatimonas_sangjinii,bacteria,4723614,2104978,2.24402060259062
Agreia_pratensis,bacteria,3582686,859293,4.16934154008004
Agreia_sp,bacteria,3836327,908569,4.22238421077541
Agrilactobacillus_composti,bacteria,3467402,303388,11.4289358840824
Agriterribacter_soli,bacteria,6175289,489642,12.6118449806185
Agrobacterium_albertimagni,bacteria,5085061,513513,9.90249711302343
Agrobacterium_arsenijevicii,bacteria,6298483,522453,12.0555973455986
Agrobacterium_bohemicum,bacteria,4712370,427903,11.012706150693
Agrobacterium_deltaense,bacteria,5725527,592789,9.65863157527753
Agrobacterium_fabacearum,bacteria,5772804,1061742,5.43710618963929
Agrobacterium_fabrum,bacteria,5569164,1579181,3.52661497848964
Agrobacterium_genomosp,bacteria,5480761,431663,12.6968620558646
Agrobacterium_larrymoorei,bacteria,5259126,1759353,2.98923865762016
Agrobacterium_radiobacter,bacteria,7273300,2470848,2.94364525863185
Agrobacterium_rhizogenes,bacteria,6141074,1172238,5.23875948426013
Agrobacterium_rosae,bacteria,5464393,712896,7.66506334724841
Agrobacterium_rubi,bacteria,5510033,796486,6.91792824983741
Agrobacterium_salinitolerans,bacteria,4832444,738334,6.54506497059596
Agrobacterium_sp,bacteria,5512822,715642,7.70332556802431
Agrobacterium_tomkonis,bacteria,5496704,441106,12.4611862001424
Agrobacterium_tumefaciens,bacteria,5661996,1161354,4.87534204431359
Agrobacterium_vitis,bacteria,6027296,968678,6.22218755871404
Agrococcus_baldri,bacteria,2904476,740214,3.92383283753077
Agrococcus_carbonis,bacteria,2773310,1271039,2.18192360737947
Agrococcus_casei,bacteria,2787318,298252,9.34551319018816
Agrococcus_jejuensis,bacteria,3400178,1566118,2.17108672526591
Agrococcus_jenensis,bacteria,2962035,1371279,2.16005276825504
Agrococcus_lahaulensis,bacteria,2640500,90642,29.1310871339997
Agrococcus_pavilionensis,bacteria,2878403,253900,11.3367585663647
Agrococcus_sp,bacteria,3084767,1411211,2.18590062010571
Agromyces_albus,bacteria,4291429,217842,19.6997319157922
Agromyces_atrinae,bacteria,3856763,649611,5.93703462533732
Agromyces_aureus,bacteria,4373124,1994156,2.19296985792486
Agromyces_badenianii,bacteria,3052052,1395413,2.18720335843224
Agromyces_binzhouensis,bacteria,3599312,47555,75.687351487751
Agromyces_cerinus,bacteria,4187509,1003365,4.1734652893015
Agromyces_flavus,bacteria,3692408,1700190,2.17176197954346
Agromyces_fucosus,bacteria,4009498,1068550,3.75227925693697
Agromyces_protaetiae,bacteria,3683091,1679620,2.19281206463367
Agromyces_ramosus,bacteria,3838279,1067197,3.59659837874357
Agromyces_sp,bacteria,4156130,1074250,3.86886745041511
Agromyces_tardus,bacteria,4060518,304207,13.3478782539521
Ahniella_affigens,bacteria,6120935,2656576,2.3040692229396
Ahrensia_marina,bacteria,3441030,291767,11.7937600893864
Ahrensia_sp,bacteria,4847594,421968,11.4880524209953
Aidingimonas_halophila,bacteria,3886483,575223,6.75648053015961
Ailuropoda_melanoleuca,ensembl,2444060653,21379888,114.315877286167
Akkermansia_glycaniphila,bacteria,3074078,1399112,2.19716362950214
Akkermansia_muciniphila,bacteria,2849003,849071,3.35543629609193
Akkermansia_sp,bacteria,3054185,287423,10.6260897474369
Albibacterium_bauzanense,bacteria,3081443,991510,3.10782846365644
Albidovulum_inexpectatum,bacteria,2997984,497857,6.02177733766925
Albimonas_donghaensis,bacteria,5014394,983210,5.10002339276452
Albimonas_pacifica,bacteria,6027197,650645,9.26341860768929
Albitalea_terrae,bacteria,6469231,1121046,5.77070967649856
Albugo_laibachii,protists,32766811,423206,77.4252042740415
Alcaligenaceae_bacterium,bacteria,3459452,183864,18.8153276751503
Alcaligenes_aquatilis,bacteria,4275405,1300679,3.28705710135133
Alcaligenes_faecalis,bacteria,4090495,1434602,2.85130972195637
Alcaligenes_sp,bacteria,4276451,795566,5.37535666431195
Alcanivoracaceae_bacterium,bacteria,3781349,240279,15.7373261916356
Alcanivorax_borkumensis,bacteria,3120143,1374055,2.2707555374421
Alcanivorax_dieselolei,bacteria,4928223,2219375,2.22054542382427
Alcanivorax_hongdengensis,bacteria,3664876,297755,12.3083609007405
Alcanivorax_jadensis,bacteria,3629371,462700,7.84389669332181
Alcanivorax_nanhaiticus,bacteria,4132804,415223,9.9532155010681
Alcanivorax_pacificus,bacteria,4168427,1879722,2.21757632245619
Alcanivorax_profundi,bacteria,3737376,890957,4.19478830066995
Alcanivorax_sp,bacteria,4128537,432711,9.54108736834469
Algibacter_alginicilyticus,bacteria,3994770,1804314,2.21401042168935
Algibacter_aquaticus,bacteria,4640370,898492,5.16462027486054
Algibacter_lectus,bacteria,4738600,694325,6.82475506198823
Algibacter_marinivivus,bacteria,3339969,1117776,2.98804858934169
Algibacter_pectinivorans,bacteria,3649358,527942,6.91242219789295
Algibacter_sp,bacteria,3934755,1806245,2.17841710288471
Alginatibacterium_sediminis,bacteria,4474452,789410,5.66809642644507
Algoriella_xinjiangensis,bacteria,3265911,307612,10.6169817822452
Algoriphagus_alkaliphilus,bacteria,4853787,283045,17.148464025155
Algoriphagus_antarcticus,bacteria,5923881,449007,13.1932932003287
Algoriphagus_aquaeductus,bacteria,4899789,475036,10.3145635278168
Algoriphagus_aquimarinus,bacteria,5119527,454766,11.2574972623283
Algoriphagus_aquimaris,bacteria,4338560,546018,7.94581863601566
Algoriphagus_boritolerans,bacteria,4834448,392585,12.3143981558134
Algoriphagus_boseongensis,bacteria,4176921,1140930,3.66097920117799
Algoriphagus_chordae,bacteria,5189966,402562,12.8923395650856
Algoriphagus_faecimaris,bacteria,4667644,206607,22.5918966927548
Algoriphagus_halophilus,bacteria,4978503,1676427,2.96971058089616
Algoriphagus_hitonicola,bacteria,4329743,496936,8.71287851956791
Algoriphagus_lacus,bacteria,4701328,729875,6.44127830107895
Algoriphagus_locisalis,bacteria,5426160,895368,6.0602567882703
Algoriphagus_machipongonensis,bacteria,4787724,2179765,2.19644044197425
Algoriphagus_marincola,bacteria,3800660,73518,51.6969993743029
Algoriphagus_ornithinivorans,bacteria,4093442,480162,8.52512693632566
Algoriphagus_ratkowskyi,bacteria,4994706,411422,12.1401043211107
Algoriphagus_sp,bacteria,4596995,739746,6.21429295615857
Algoriphagus_yeomjeoni,bacteria,4976181,585129,8.5044169747184
Algoriphagus_zhangzhouensis,bacteria,4802154,1075982,4.46304306205866
Aliarcobacter_butzleri,bacteria,2281288,515252,4.42752000855677
Aliarcobacter_cibarius,bacteria,2208292,187949,11.7494005476653
Aliarcobacter_cryaerophilus,bacteria,2090267,455773,4.58619867823565
Aliarcobacter_skirrowii,bacteria,1954433,451760,4.3262628386754
Aliarcobacter_thereius,bacteria,1971563,356634,5.52825051551422
Aliarcobacter_trophiarum,bacteria,2004889,255561,7.84505069239829
Aliarcobacter_vitoriensis,bacteria,2426792,180476,13.4466189410226
Alicycliphilus_denitrificans,bacteria,4861810,1926318,2.52388771393577
Alicycliphilus_sp,bacteria,7465959,1265467,5.89976585718948
Alicyclobacillaceae_bacterium,bacteria,3480944,131218,26.5279458610861
Alicyclobacillus_acidocaldarius,bacteria,3091006,1001064,3.08771963706628
Alicyclobacillus_acidoterrestris,bacteria,4063548,158319,25.666837208421
Alicyclobacillus_ferrooxydans,bacteria,5044184,311179,16.2099113372046
Alicyclobacillus_hesperidum,bacteria,2913431,232546,12.5284342203999
Alicyclobacillus_macrosporangiidus,bacteria,3789420,351638,10.7764803576405
Alicyclobacillus_montanus,bacteria,3045912,198839,15.31848379845
Alicyclobacillus_sacchari,bacteria,2946319,349728,8.42460140452008
Alicyclobacillus_tengchongensis,bacteria,2809442,280315,10.0224461766227
Alicyclobacillus_vulcanalis,bacteria,2994480,380973,7.86008457292249
Aliidiomarina_haloalkalitolerans,bacteria,2675932,573508,4.66590178341017
Aliidiomarina_iranensis,bacteria,2650619,526442,5.03496871450226
Aliidiomarina_maris,bacteria,3002452,388022,7.73783960703259
Aliidiomarina_minuta,bacteria,2957590,1113497,2.65612749742478
Aliidiomarina_sanyensis,bacteria,2597337,381858,6.80183995097654
Aliidiomarina_shirensis,bacteria,2710136,658161,4.11774018819104
Aliidiomarina_soli,bacteria,3099062,604415,5.12737440334869
Aliidiomarina_taiwanensis,bacteria,2529473,606820,4.16840743548334
Aliifodinibius_roseus,bacteria,5082244,385291,13.1906636801794
Aliifodinibius_sp,bacteria,3583276,466482,7.68148824606309
Aliiglaciecola_lipolytica,bacteria,4842140,406256,11.9189378126108
Aliiroseovarius_crassostreae,bacteria,3725379,686114,5.42967932442714
Aliiroseovarius_pelagivivens,bacteria,3331553,1346571,2.47410125422276
Aliiroseovarius_sediminilitoris,bacteria,3413458,1458724,2.34003005366334
Aliiruegeria_haliotis,bacteria,5044743,840385,6.00289510164984
Aliiruegeria_lutimaris,bacteria,5811514,210458,27.6136521301162
Aliishimia_ponticola,bacteria,4076386,1005623,4.05359264853728
Aliivibrio_finisterrensis,bacteria,4198663,351244,11.9536917356595
Aliivibrio_fischeri,bacteria,4359461,1070411,4.0726980103904
Aliivibrio_logei,bacteria,4638003,749921,6.18465545037411
Aliivibrio_salmonicida,bacteria,4655660,1771422,2.62820491108274
Aliivibrio_sifiae,bacteria,4602933,1505231,3.05795856514999
Aliivibrio_sp,bacteria,4320255,537854,8.03239354917877
Aliivibrio_wodanis,bacteria,4635126,1710343,2.71005640389092
Alishewanella_aestuarii,bacteria,3588054,343711,10.4391596428395
Alishewanella_agri,bacteria,3491709,444147,7.86160663023729
Alishewanella_jeotgali,bacteria,3831357,377493,10.1494782684712
Alishewanella_sp,bacteria,3510227,174130,20.1586544535692
Alistipes_finegoldii,bacteria,3367923,570035,5.90827146215958
Alistipes_indistinctus,bacteria,2894727,881746,3.28294883106926
Alistipes_onderdonkii,bacteria,3703537,427726,8.65866699709627
Alistipes_putredinis,bacteria,2359381,428252,5.5093336861892
Alistipes_sp,bacteria,2924256,284201,10.2894065035215
Alistipes_timonensis,bacteria,3488964,539281,6.46965867516193
Aliterella_atlantica,bacteria,5265703,381650,13.7972042447268
Alkalibacter_saccharofermentans,bacteria,2331365,274299,8.49935654158418
Alkalibacterium_gilvum,bacteria,2181898,162134,13.457374764084
Alkalibacterium_olivapovliticus,bacteria,2826533,196688,14.3706428455218
Alkalibacterium_pelagium,bacteria,2638902,304012,8.68025604252464
Alkalibacterium_putridalgicola,bacteria,2600402,162989,15.9544631846321
Alkalibacterium_sp,bacteria,2444218,207072,11.8037392881203
Alkalibacterium_subtropicum,bacteria,2491452,350565,7.1069616191006
Alkalibacterium_thalassium,bacteria,2364962,123497,19.1499550596371
Alkalibaculum_bacchi,bacteria,3098941,252499,12.2730822696328
Alkalicoccus_daliensis,bacteria,3778165,592659,6.37493904589317
Alkalicoccus_saliphilus,bacteria,3525217,253495,13.9064557486341
Alkalicoccus_urumqiensis,bacteria,3280710,333102,9.84896518183619
Alkalihalobacillus_akibai,bacteria,4740369,219857,21.5611465634481
Alkalihalobacillus_alcalophilus,bacteria,4290148,84838,50.5690054515986
Alkalihalobacillus_clausii,bacteria,4511659,813786,5.54403655670328
Alkalihalobacillus_hemicellulosilyticus,bacteria,4538064,206518,21.9741814272848
Alkalihalobacillus_krulwichiae,bacteria,4610863,1994401,2.3119036743363
Alkalihalobacillus_lehensis,bacteria,3993073,1775685,2.24875076378975
Alkalihalobacillus_lonarensis,bacteria,2582209,300326,8.59802015143544
Alkalihalobacillus_macyae,bacteria,4256776,1347963,3.15793237648214
Alkalihalobacillus_okhensis,bacteria,4865284,271366,17.9288636011881
Alkalihalobacillus_pseudalcaliphilus,bacteria,4487412,880855,5.09438216278502
Alkalihalobacillus_trypoxylicola,bacteria,4347941,625452,6.95167814636455
Alkalihalobacillus_wakoensis,bacteria,4530938,195560,23.1690427490284
Alkalihalophilus_marmarensis,bacteria,4020592,268002,15.0020969992761
Alkalihalophilus_pseudofirmus,bacteria,4480892,889540,5.03731593007469
Alkalilimnicola_ehrlichii,bacteria,4059259,922399,4.40076203465095
Alkalimonas_amylolytica,bacteria,4060055,630060,6.44391803955179
Alkalinema_sp,bacteria,6461029,283681,22.7756846598821
Alkaliphilus_metalliredigens,bacteria,4929566,2099689,2.34776007303939
Alkaliphilus_oremlandii,bacteria,3123558,1353320,2.30807052286229
Alkaliphilus_peptidifermentans,bacteria,4459788,275299,16.199797311287
Alkaliphilus_sp,bacteria,2765838,173249,15.9645250477636
Alkalispirillum_mobile,bacteria,2952137,954176,3.09391244382588
Alkalispirochaeta_americana,bacteria,3309052,291233,11.3622151335872
Alkalispirochaeta_sphaeroplastigenens,bacteria,3354883,144745,23.1778852464679
Alkalitalea_saponilacus,bacteria,4556696,434009,10.4990818162757
Alkanindiges_hydrocarboniclasticus,bacteria,3297605,236211,13.9604209795479
Allisonella_histaminiformans,bacteria,1700551,181395,9.37485046445602
Alloactinosynnema_sp,bacteria,7405112,3339771,2.21725142232806
Allochromatium_vinosum,bacteria,3669074,1639928,2.23733846851813
Allochromatium_warmingii,bacteria,2958507,134719,21.9605772014341
Allocoleopsis_franciscana,bacteria,7966510,3186830,2.49982270783192
Allofrancisella_guangzhouensis,bacteria,1661527,757374,2.19379989278745
Allofrancisella_inopinata,bacteria,1710465,134970,12.6729273171816
Alloiococcus_otitis,bacteria,1806596,423266,4.26822848988579
Allokutzneria_albata,bacteria,8565619,3885288,2.20462910342811
Allonocardiopsis_opalescens,bacteria,6972847,1079473,6.45949180757648
Alloprevotella_rava,bacteria,2593873,452091,5.73750196310035
Alloprevotella_sp,bacteria,2754973,92340,29.8352546851564
Alloprevotella_tannerae,bacteria,2585719,850546,3.04006955532094
Alloscardovia_macacae,bacteria,1857765,302664,6.13805265583726
Alloscardovia_omnicolens,bacteria,1816526,432114,4.20381566417157
Alloscardovia_sp,bacteria,1958396,148716,13.1686973829312
Alloscardovia_theropitheci,bacteria,1959824,276283,7.09353814747922
Allosediminivita_pacifica,bacteria,4845108,287698,16.8409512752956
Allosphingosinicella_indica,bacteria,2807353,1293315,2.1706645326158
Alpha_proteobacterium,bacteria,2785992,578526,4.8156691646081
Alphaproteobacteria_bacterium,bacteria,3116342,284934,10.9370698295151
Alsobacter_soli,bacteria,5190571,302080,17.1827694650424
Alteraurantiacibacter_aquimixticola,bacteria,3433901,992951,3.45827840447313
Altererythrobacter_epoxidivorans,bacteria,2786256,1295094,2.15139287186876
Altererythrobacter_insulae,bacteria,3320111,1251194,2.6535541250997
Altererythrobacter_sp,bacteria,3345529,1273477,2.6270830282302
Altererythrobacter_xiamenensis,bacteria,3082408,877404,3.51310000866192
Alteribacillus_bidgolensis,bacteria,4643995,478125,9.71293071895425
Alteribacillus_iranensis,bacteria,3316135,643573,5.15269441073507
Alteribacillus_persepolensis,bacteria,3619097,378547,9.56049579048309
Alteribacter_keqinensis,bacteria,4178084,1334795,3.13013159324091
Alteribacter_lacisalsi,bacteria,4047843,1283442,3.15389631942854
Altericroceibacterium_spongiae,bacteria,3654751,580785,6.29277787821655
Alteripontixanthobacter_maritimus,bacteria,2676898,1218363,2.19712680046915
Alteriqipengyuania_lutimaris,bacteria,3290764,1396658,2.35617022921861
Alteromonadaceae_bacterium,bacteria,5157721,587466,8.77960056829551
Alteromonadales_bacterium,bacteria,3992016,255113,15.6480304806106
Alteromonas_aestuariivivens,bacteria,3848892,506497,7.59904204763306
Alteromonas_alba,bacteria,5159414,160924,32.0611841614675
Alteromonas_australica,bacteria,4308833,1937771,2.22360278897765
Alteromonas_confluentis,bacteria,4864964,455629,10.6774678521341
Alteromonas_lipolytica,bacteria,5018451,827987,6.06102632046155
Alteromonas_macleodii,bacteria,4720499,1846413,2.55657743661585
Alteromonas_marina,bacteria,4314556,461787,9.3431733678081
Alteromonas_mediterranea,bacteria,4951521,2092701,2.36609076021849
Alteromonas_naphthalenivorans,bacteria,4972148,2187234,2.27325837107507
Alteromonas_pelagimontana,bacteria,4476841,510303,8.77290746869997
Alteromonas_portus,bacteria,4543354,753398,6.03048322400644
Alteromonas_sediminis,bacteria,3963939,894980,4.42908109678429
Alteromonas_sp,bacteria,4628659,1189061,3.89269929527613
Alteromonas_stellipolaris,bacteria,4686200,2084511,2.24810519109758
Altibacter_sp,bacteria,3020166,179755,16.8015688019805
Alysiella_crassa,bacteria,2823591,955265,2.95581958932862
Alysiella_filiformis,bacteria,2385602,196508,12.1399739450811
Amantichitinum_ursilacus,bacteria,4928951,503937,9.78088729345136
Amazona_collaria,ensembl,1258720284,10120975,124.367492657575
Amborella_trichopoda,plants,706332640,5909528,119.524374873932
Amedibacillus_dolichus,bacteria,2190551,230704,9.49509218542415
Aminicella_lysinilytica,bacteria,2286758,100906,22.6622599250788
Aminipila_luticellarii,bacteria,2750839,1236021,2.22556008352609
Aminivibrio_pyruvatiphilus,bacteria,3347494,320080,10.4583041739565
Aminobacter_aminovorans,bacteria,6388803,2530908,2.52431311693533
Aminobacter_sp,bacteria,5535759,1139289,4.85895940362805
Aminobacterium_colombiense,bacteria,1980592,913603,2.16789130508547
Aminomonas_paucivorans,bacteria,2630170,1207480,2.17823069533243
Ammonifex_degensii,bacteria,2157067,982486,2.19551932546622
Ammonifex_thiophilus,bacteria,2111834,297861,7.08999835493737
Ammoniphilus_oxalaticus,bacteria,3319172,679489,4.88480608221767
Ammoniphilus_sp,bacteria,5278793,637127,8.28530732491324
Amnibacterium_flavum,bacteria,3569947,1134660,3.14627024835634
Amnibacterium_kyonggiense,bacteria,3709865,1131266,3.27939229146814
Amnibacterium_setariae,bacteria,3482706,1149344,3.03016851351728
Amnimonas_aquatica,bacteria,1874290,25398,73.7967556500512
Amphibacillus_marinus,bacteria,3468523,519427,6.67759473419749
Amphibacillus_xylanus,bacteria,2569486,1106059,2.32310030477579
Amphilophus_citrinellus,ensembl,844902565,3510573,240.67369201552
Amphiplicatus_metriothermophilus,bacteria,3160729,691136,4.57323739466617
Amphiprion_ocellaris,ensembl,863484803,23623298,36.5522546005219
Amphiprion_percula,ensembl,908939294,22414662,40.5511041835027
Amphritea_atlantica,bacteria,4735181,560325,8.450775888993
Amphritea_balenae,bacteria,4736203,671871,7.04927433986584
Amphritea_opalescens,bacteria,4124452,405513,10.1709488968294
Amycolatopsis_alba,bacteria,9541301,296432,32.1871491606844
Amycolatopsis_albispora,bacteria,9121443,4156876,2.19430240401686
Amycolatopsis_alkalitolerans,bacteria,6781179,391870,17.3046648123102
Amycolatopsis_antarctica,bacteria,6342753,567748,11.1717751537654
Amycolatopsis_arida,bacteria,5955155,864867,6.88563096984854
Amycolatopsis_australiensis,bacteria,9312140,4127686,2.25601947434955
Amycolatopsis_azurea,bacteria,9223451,303686,30.3716700802803
Amycolatopsis_balhimycina,bacteria,10797861,329280,32.7923378279883
Amycolatopsis_coloradensis,bacteria,9049490,738110,12.2603541477558
Amycolatopsis_decaplanina,bacteria,8533276,625720,13.637531164099
Amycolatopsis_eburnea,bacteria,10230128,1211629,8.44328420663421
Amycolatopsis_japonica,bacteria,9053857,4111117,2.2022863859141
Amycolatopsis_keratiniphila,bacteria,9182183,2976201,3.0852030362648
Amycolatopsis_lurida,bacteria,8982270,394852,22.748447519577
Amycolatopsis_marina,bacteria,7020699,593946,11.8204331706923
Amycolatopsis_mediterranei,bacteria,10236747,4628521,2.21166720553576
Amycolatopsis_methanolica,bacteria,7237391,3235726,2.23671318276022
Amycolatopsis_niigatensis,bacteria,9312963,3914418,2.37914371944948
Amycolatopsis_orientalis,bacteria,9490992,4298749,2.20784977210812
Amycolatopsis_panacis,bacteria,6978358,241048,28.9500763333444
Amycolatopsis_pretoriensis,bacteria,10299026,1248322,8.25029599734684
Amycolatopsis_regifaucium,bacteria,8278018,899203,9.20595472098888
Amycolatopsis_rifamycinica,bacteria,9202418,373142,24.6619731898312
Amycolatopsis_rubida,bacteria,9873592,1289793,7.65517567547661
Amycolatopsis_saalfeldensis,bacteria,9861953,813301,12.1258341007819
Amycolatopsis_sacchari,bacteria,7587467,634378,11.9604825514126
Amycolatopsis_sp,bacteria,9156919,1313827,6.96965437148945
Amycolatopsis_suaedae,bacteria,7543886,599563,12.5823074472574
Amycolatopsis_sulphurea,bacteria,6856290,2721126,2.51965179120702
Amycolatopsis_thailandensis,bacteria,9348263,179005,52.2234742046312
Amycolatopsis_thermoflava,bacteria,8225494,3669119,2.24181717736601
Amycolatopsis_tolypomycina,bacteria,10363431,4109420,2.52187194299926
Amycolatopsis_vancoresmycina,bacteria,9036495,78911,114.515023254046
Amycolatopsis_xylanica,bacteria,9406090,1389302,6.77037102084356
Amylibacter_cionae,bacteria,4286347,817509,5.24318019740456
Amylibacter_kogurei,bacteria,2982417,795947,3.74700451160693
Amylolactobacillus_amylophilus,bacteria,1583661,547860,2.89063254356272
Amylolactobacillus_amylotrophicus,bacteria,1548566,372300,4.15945742680634
Anabaena_cylindrica,bacteria,7063285,2724289,2.59270767528702
Anabaena_sp,bacteria,4922015,638376,7.71021178932718
Anabaenopsis_circularis,bacteria,7069985,2824261,2.50330440423176
Anabas_testudineus,ensembl,555641398,18933866,29.3464313099079
Anaerobacillus_alkalidiazotrophicus,bacteria,4609363,887830,5.19171800907832
Anaerobacillus_alkalilacustris,bacteria,4047432,516985,7.82891573256477
Anaerobacillus_alkaliphilus,bacteria,4909004,814388,6.02784422167321
Anaerobacillus_arseniciselenatis,bacteria,3953004,566682,6.97570065751162
Anaerobacillus_isosaccharinicus,bacteria,4946422,191696,25.8034700776229
Anaerobacterium_chartisolvens,bacteria,4927187,301097,16.3641185398725
Anaerobaculum_hydrogeniformans,bacteria,2123925,968451,2.19311560419681
Anaerobiospirillum_thomasii,bacteria,3023947,1264957,2.39055319666993
Anaerobium_acetethylicum,bacteria,4609043,436705,10.5541337974147
Anaerobranca_californiensis,bacteria,2034462,332121,6.12566504376417
Anaerobranca_gottschalkii,bacteria,2300172,141333,16.2748402708497
Anaerobutyricum_hallii,bacteria,3290996,130038,25.3079561358987
Anaerococcus_hydrogenalis,bacteria,2050993,252237,8.13122294828172
Anaerococcus_lactolyticus,bacteria,2071771,304305,6.80820394012586
Anaerococcus_nagyae,bacteria,1825047,351382,5.19391146956873
Anaerococcus_octavius,bacteria,1946663,646252,3.01223516522966
Anaerococcus_prevotii,bacteria,1847866,554084,3.33499553767618
Anaerococcus_sp,bacteria,1893523,122571,15.4483321276862
Anaerococcus_tetradius,bacteria,2078643,301518,6.89392507246665
Anaerococcus_vaginalis,bacteria,1891767,841431,2.24827347696959
Anaerocolumna_aminovalerica,bacteria,4624179,242185,19.0935813530978
Anaerocolumna_jejuensis,bacteria,6621268,625757,10.5812128350142
Anaerocolumna_xylanovorans,bacteria,5420325,901259,6.01417017749615
Anaerofilum_sp,bacteria,3223657,256226,12.5813032244971
Anaerofustis_stercorihominis,bacteria,2347217,684165,3.43077797810322
Anaeroglobus_geminatus,bacteria,1798854,117620,15.2937765686108
Anaerohalosphaera_lusitana,bacteria,4250973,1889317,2.25000516059507
Anaerolinea_thermophila,bacteria,3532378,1633097,2.16299338006254
Anaerolineaceae_bacterium,bacteria,4726844,524111,9.0187807472918
Anaerolineae_bacterium,bacteria,3453874,168541,20.4928338229121
Anaerolineales_bacterium,bacteria,4450121,294490,15.1112805188631
Anaeromassilibacillus_sp,bacteria,3378126,238411,14.1693364260318
Anaeromicrobium_sediminis,bacteria,4710588,442889,10.6360465037515
Anaeromyxobacter_dehalogenans,bacteria,5021404,2271405,2.21070394755669
Anaeromyxobacter_sp,bacteria,5210464,1234399,4.22105352483273
Anaerosacchariphilus_polymeriproducens,bacteria,3815928,401476,9.50474748179219
Anaerosphaera_aminiphila,bacteria,2021907,303320,6.6659204800211
Anaerosphaera_multitolerans,bacteria,2233538,237542,9.40270773168535
Anaerosphaera_sp,bacteria,1604814,169833,9.44936496440621
Anaerospora_hongkongensis,bacteria,4632311,417317,11.1002211747904
Anaerosporobacter_mobilis,bacteria,5217774,478631,10.9014543562786
Anaerosporomusa_subterranea,bacteria,3968191,803482,4.93874287165114
Anaerostipes_caccae,bacteria,3606936,568745,6.34192124765932
Anaerostipes_hadrus,bacteria,3016436,559611,5.39023759361414
Anaerostipes_rhamnosivorans,bacteria,3588860,1617169,2.21922384116935
Anaerostipes_sp,bacteria,2958418,661291,4.4737044460793
Anaerotignum_faecicola,bacteria,2520658,712117,3.539668341017
Anaerotignum_lactatifermentans,bacteria,3426183,223897,15.302496237109
Anaerotignum_neopropionicum,bacteria,3194881,515751,6.19461910883353
Anaerotignum_propionicum,bacteria,3120417,1306878,2.38768806269598
Anaerotruncus_colihominis,bacteria,3800800,386062,9.84505717025838
Anaerotruncus_sp,bacteria,3690878,252364,14.6251911917846
Anaerovibrio_lipolyticus,bacteria,2804834,136880,20.4912642141446
Anaerovibrio_sp,bacteria,2685175,277820,9.66516089554388
Anaerovirgula_multivorans,bacteria,5388996,311680,17.2901565708419
Ananas_comosus,plants,315839004,9325224,33.8693208870908
Anaplasma_centrale,bacteria,1206806,525109,2.29820094494667
Anaplasma_marginale,bacteria,1202435,522632,2.30072976779072
Anaplasma_ovis,bacteria,1187202,350909,3.3832238318536
Anaplasma_phagocytophilum,bacteria,1471282,531504,2.76814849935278
Anas_platyrhynchos,ensembl,1174204185,16744987,70.1227289695716
Anas_zonorhyncha,ensembl,1310797575,5238164,250.239888441828
Ancrocorticia_populi,bacteria,2651737,702654,3.77388729018834
Ancylobacter_aquaticus,bacteria,5053502,799171,6.32343411074358
Ancylobacter_rudongensis,bacteria,4505084,821150,5.48631066187664
Ancylomarina_euxinus,bacteria,4403951,423314,10.4035089791502
Ancylomarina_longa,bacteria,4144156,371801,11.1461669011111
Ancylomarina_salipaludis,bacteria,4148102,451301,9.19143099616442
Ancylomarina_subtilis,bacteria,4003489,1357966,2.94815113191347
Anditalea_andensis,bacteria,5429412,654513,8.29534631092125
Andreesenia_angusta,bacteria,2343503,381633,6.14072420361971
Andreprevotia_lacus,bacteria,4626202,301463,15.3458368025263
Aneurinibacillus_aneurinilyticus,bacteria,5313859,118567,44.8173522143598
Aneurinibacillus_migulanus,bacteria,6191761,1020889,6.06506977907483
Aneurinibacillus_soli,bacteria,4116770,1793787,2.29501607492974
Aneurinibacillus_sp,bacteria,3664835,1559653,2.34977587963476
Aneurinibacillus_thermoaerophilus,bacteria,3658529,209096,17.4968865975437
Angustibacter_sp,bacteria,3839507,650068,5.90631595463859
Anme_1,bacteria,1018085,37581,27.0904180303877
Anme_2,bacteria,2902400,126309,22.9786554349074
Anolis_carolinensis,ensembl,1799143587,16304512,110.346362221697
Anoxybacillus_amylolyticus,bacteria,3354069,745052,4.50179115014791
Anoxybacillus_ayderensis,bacteria,2704681,223395,12.1071689160456
Anoxybacillus_flavithermus,bacteria,2863477,635279,4.50743551843798
Anoxybacillus_gonensis,bacteria,2677482,291347,9.19000882109649
Anoxybacillus_kamchatkensis,bacteria,2914620,814340,3.57911928678439
Anoxybacillus_karvacharensis,bacteria,2722200,466866,5.83079513179371
Anoxybacillus_pushchinoensis,bacteria,2625421,121965,21.5260197597671
Anoxybacillus_sp,bacteria,3338879,872014,3.82892982734786
Anoxybacillus_suryakundensis,bacteria,2594657,224954,11.5341669852503
Anoxybacillus_thermarum,bacteria,2736908,95501,28.6584224248961
Anoxybacillus_vitaminiphilus,bacteria,3556270,414050,8.58898683733849
Anoxybacter_fermentans,bacteria,3557532,1470326,2.41955321472925
Anseongella_ginsenosidimutans,bacteria,4252511,589996,7.20769462843816
Anser_brachyrhynchus,ensembl,1116992394,7806307,143.088453221222
Anser_cygnoides,ensembl,1130276682,7335300,154.08731503824
Antarcticibacterium_flavum,bacteria,4353683,1896134,2.29608403203571
Antarcticimicrobium_luteum,bacteria,4663068,356579,13.0772367413673
Antarcticimicrobium_sediminis,bacteria,4610588,538332,8.56458096490642
Antarctobacter_heliothermus,bacteria,5252782,1219853,4.30607962847967
Antricoccus_suffuscus,bacteria,4683100,475809,9.84239474242816
Aotus_nancymaae,ensembl,2861668348,10791719,265.172615039365
Aphanizomenon_flos,bacteria,5375753,112283,47.8769593407115
Aphanocapsa_montana,bacteria,11500044,2409966,4.77186981061144
Aphanothece_cf,bacteria,3218882,456797,7.04663559524253
Aphanothece_hegewaldii,bacteria,5442671,346849,15.6917592381699
Aphanothece_sacrum,bacteria,4493232,829412,5.41737037805096
Apibacter_adventoris,bacteria,2756245,379504,7.26275612378262
Apibacter_mensalis,bacteria,2331098,270461,8.61898018568296
Apibacter_sp,bacteria,2289083,575005,3.98097929583221
Apilactobacillus_apinorum,bacteria,1428097,250414,5.70294392486043
Apilactobacillus_bombintestini,bacteria,1289211,581585,2.21671982599276
Apilactobacillus_kunkeei,bacteria,1543524,246497,6.26183305076294
Apilactobacillus_micheneri,bacteria,1424862,95053,14.9901844234269
Apilactobacillus_ozensis,bacteria,1479955,193339,7.65471529282762
Apteryx_haastii,ensembl,1221441152,3542956,344.751995791085
Apteryx_owenii,ensembl,1231276503,4409932,279.205326295281
Apteryx_rowi,ensembl,1228902913,4649751,264.294348880187
Aquabacter_spiritensis,bacteria,5162879,642784,8.03205898093294
Aquabacterium_commune,bacteria,4204494,648931,6.47910794830267
Aquabacterium_lacunae,bacteria,3896784,740091,5.26527683757808
Aquabacterium_olei,bacteria,4256308,1894155,2.24707481700283
Aquabacterium_soli,bacteria,5418963,426150,12.7160929250264
Aquabacterium_sp,bacteria,5578982,1485784,3.75490751010914
Aquamicrobium_aerolatum,bacteria,3640212,301148,12.0877840795888
Aquamicrobium_defluvii,bacteria,4648496,292579,15.8880028983625
Aquamicrobium_sp,bacteria,6044022,579956,10.4215181841381
Aquaspirillum_sp,bacteria,3962240,1723805,2.2985430486627
Aquella_oligotrophica,bacteria,2820660,1284553,2.19582998910905
Aquibium_carbonis,bacteria,5345954,192407,27.7846128259367
Aquibium_oceanicum,bacteria,5324561,2346935,2.26872964099986
Aquicella_lusitana,bacteria,2529370,152340,16.6034528029408
Aquifex_aeolicus,bacteria,1590791,732489,2.17176094111994
Aquifex_sp,bacteria,1676665,38158,43.9400649929242
Aquificae_bacterium,bacteria,1302514,10856,119.981024318349
Aquiflexum_balticum,bacteria,5987195,2655927,2.25427694360575
Aquila_chrysaetos,ensembl,1203454851,16218651,74.2019080995084
Aquimarina_aggregata,bacteria,6186893,811141,7.62739523707962
Aquimarina_amphilecti,bacteria,5309872,816466,6.50348208008662
Aquimarina_atlantica,bacteria,5687995,719739,7.90285784152311
Aquimarina_brevivitae,bacteria,3880543,1134860,3.41940239324674
Aquimarina_sp,bacteria,5885785,2628250,2.23943127556359
Aquimarina_spongiae,bacteria,5345319,762588,7.00944546727722
Aquimixticola_soesokkakensis,bacteria,3490747,436916,7.98951514707633
Aquimonas_voraii,bacteria,4428167,759581,5.82974955929651
Aquincola_rivuli,bacteria,4929098,923779,5.33579784775363
Aquirhabdus_parva,bacteria,3777352,1653805,2.28403711441192
Aquirufa_nivalisilvae,bacteria,3091612,699830,4.41766143206207
Aquirufa_rosea,bacteria,2899862,548654,5.28541120633405
Aquisalibacillus_elongatus,bacteria,2878435,598626,4.80840290932903
Aquisalimonas_asiatica,bacteria,4037907,733700,5.503485075644
Aquitalea_magnusonii,bacteria,4656096,931028,5.00102825444142
Aquitalea_sp,bacteria,4265694,843737,5.05571362651568
Arabidopsis_halleri,plants,196243198,3021272,64.9538333523099
Arabidopsis_lyrata,plants,206667935,14131295,14.6248404693271
Arabidopsis_thaliana,plants,119667750,17658207,6.7768913344373
Arabis_alpina,plants,308032609,11812655,26.0764924566069
Arachidicoccus_rhizosphaerae,bacteria,4868714,430253,11.3159327186562
Arachidicoccus_soli,bacteria,4099663,1826906,2.24404703909232
Arachidicoccus_sp,bacteria,3492500,1571414,2.22252060882746
Arachnia_propionica,bacteria,3430465,1119417,3.06451083153428
Arboricoccus_pini,bacteria,4065473,475469,8.5504480838919
Arc_i,bacteria,1636257,93533,17.4939653409706
Arcanobacterium_bovis,bacteria,2022436,391396,5.16723727375855
Arcanobacterium_haemolyticum,bacteria,1986154,873699,2.27327161486485
Arcanobacterium_phocae,bacteria,1998342,905556,2.20675695373892
Archaeoglobales_archaeon,bacteria,1865192,46166,40.4018433479184
Archaeoglobus_fulgidus,bacteria,2177419,719692,3.02548635365946
Archaeoglobus_profundus,bacteria,1563423,727950,2.14770657325366
Archaeoglobus_sulfaticallidus,bacteria,2076931,917742,2.26308810101314
Archaeoglobus_veneficus,bacteria,1901943,861955,2.20654558532638
Archaeon_13,bacteria,2330049,106253,21.9292537622467
Archaeon_d22,bacteria,499102,41881,11.9171461999475
Archaeon_gca,bacteria,4149658,15669,264.829920498888
Archaeon_hr01,bacteria,1761185,147969,11.902391717184
Archaeon_hr02,bacteria,1733307,133645,12.9694863257136
Archaeon_hr03,bacteria,393979,13942,28.2584277721991
Archaeon_hr04,bacteria,1208457,37660,32.0886086032926
Archaeon_hr05,bacteria,635432,37100,17.1275471698113
Archaeon_hr06,bacteria,992123,14651,67.717084158078
Archaeon_scg,bacteria,1422753,152088,9.35480116774499
Archangium_gephyra,bacteria,10986472,2436931,4.50832358518749
Archangium_sp,bacteria,12927638,1172506,11.0256476299482
Archangium_violaceum,bacteria,12537762,236703,52.9683273976249
Arcicella_aurantiaca,bacteria,5933091,346734,17.1113620239146
Arcobacter_aquimarinus,bacteria,2461253,184546,13.3367994971443
Arcobacter_caeni,bacteria,2415164,261853,9.22335814369131
Arcobacter_cloacae,bacteria,2642212,267889,9.86308321730269
Arcobacter_cryaerophilus,bacteria,2191175,545252,4.01864642403879
Arcobacter_defluvii,bacteria,2938417,328691,8.93975496743142
Arcobacter_ellisii,bacteria,2799949,1313657,2.13141558260642
Arcobacter_lacus,bacteria,2215371,371965,5.95585875015122
Arcobacter_nitrofigilis,bacteria,3192235,1497237,2.13208396533081
Arcobacter_sp,bacteria,2813948,465327,6.04724384550111
Arcobacter_suis,bacteria,2621793,250240,10.4771139705882
Arcobacter_venerupis,bacteria,3277178,372578,8.79595145177654
Arcticibacter_pallidicorallinus,bacteria,4116409,604016,6.81506615718789
Arcticibacter_svalbardensis,bacteria,4687695,161690,28.9918671531944
Arcticibacter_tournemirensis,bacteria,5276841,542746,9.72248713025983
Arcticibacterium_luteifluviistationis,bacteria,5379839,2428951,2.21488165055615
Ardenticatena_maritima,bacteria,3564531,455047,7.83332490929508
Ardenticatenia_bacterium,bacteria,3489151,125960,27.7004684026675
Arenibacter_algicola,bacteria,5857781,2552655,2.29477974892808
Arenibacter_aquaticus,bacteria,5233924,917062,5.70727388115525
Arenibacter_echinorum,bacteria,5193588,803963,6.4599838549784
Arenibacter_nanhaiticus,bacteria,4362450,275534,15.8327103007251
Arenibacter_palladensis,bacteria,5551910,1042464,5.32575705252172
Arenibacter_sp,bacteria,5473405,625328,8.75285396890379
Arenibacter_troitsensis,bacteria,5287600,820426,6.44494445568522
Arenicella_xantha,bacteria,4440696,1042795,4.25845540110952
Arenimonas_caeni,bacteria,2954288,293636,10.0610551839693
Arenimonas_composti,bacteria,3161214,212213,14.896420106214
Arenimonas_donghaensis,bacteria,2977056,411434,7.23580452757915
Arenimonas_malthae,bacteria,3114078,127673,24.3910458750088
Arenimonas_metalli,bacteria,3056622,305751,9.99709567589313
Arenimonas_oryziterrae,bacteria,3093011,565309,5.47136344901638
Arenimonas_sp,bacteria,2928465,390999,7.48969946214696
Arenimonas_terrae,bacteria,3314558,1083466,3.05921736353517
Arenitalea_lutea,bacteria,3377931,643901,5.24604092865208
Armatimonadetes_bacterium,bacteria,3586119,370808,9.6710829352081
Aromatoleum_aromaticum,bacteria,4727255,2014595,2.34650388787821
Aromatoleum_pumilum,bacteria,3225512,1484766,2.17240427111073
Aromatoleum_tolulyticum,bacteria,5110391,477422,10.704138058154
Arsenicibacter_rosenii,bacteria,7560024,764793,9.88505909442163
Arsenicicoccus_sp,bacteria,3525271,1606872,2.1938716960654
Arsenicitalea_aurantiaca,bacteria,3686775,749879,4.91649319423534
Arsenophonus_nasoniae,bacteria,4987107,1737365,2.87050044176094
Arsenophonus_sp,bacteria,3228533,33294,96.970415089806
Arsukibacterium_ikkense,bacteria,4127744,379081,10.8888179571121
Arsukibacterium_sp,bacteria,3746433,290342,12.903517231403
Arsukibacterium_tuosuense,bacteria,4021573,696389,5.77489449144085
Arthrobacter_agilis,bacteria,3455619,776343,4.45115124730668
Arthrobacter_alpinus,bacteria,4365257,1913910,2.28080621356362
Arthrobacter_cheniae,bacteria,4019022,559550,7.18259672951479
Arthrobacter_crusticola,bacteria,3666937,735796,4.98363269166997
Arthrobacter_crystallopoietes,bacteria,4773541,1152328,4.14251888351233
Arthrobacter_cupressi,bacteria,4058872,451225,8.9952285445177
Arthrobacter_echini,bacteria,3176728,401263,7.91682263253776
Arthrobacter_frigidicola,bacteria,4051138,719030,5.63417103597903
Arthrobacter_glacialis,bacteria,4469153,437839,10.207297659642
Arthrobacter_globiformis,bacteria,4923410,338574,14.5416268550256
Arthrobacter_humicola,bacteria,4708612,406319,11.5884612828836
Arthrobacter_livingstonensis,bacteria,5042614,352387,14.3098752224117
Arthrobacter_nitrophenolicus,bacteria,4502212,379929,11.8501560161978
Arthrobacter_oryzae,bacteria,4280539,493822,8.66818104499192
Arthrobacter_pityocampae,bacteria,3638078,652359,5.57680356981355
Arthrobacter_psychrochitiniphilus,bacteria,4049680,584450,6.92904440071863
Arthrobacter_psychrolactophilus,bacteria,3871146,442050,8.75725822870716
Arthrobacter_rhombi,bacteria,3326555,296289,11.2273995997151
Arthrobacter_sp,bacteria,4350389,860784,5.05398715566186
Arthrobacter_stackebrandtii,bacteria,7019656,517979,13.5520088652243
Arthrobacter_subterraneus,bacteria,3871381,476408,8.12618805729543
Arthrobacter_terricola,bacteria,5571086,292238,19.0635235664082
Arthrobacter_ulcerisalmonis,bacteria,3516484,330665,10.6345818275294
Arthrobacter_woluwensis,bacteria,3753153,1040137,3.60832563402706
Arthrospira_platensis,bacteria,6438823,2601508,2.47503514789021
Arthrospira_sp,bacteria,6166364,155384,39.6846779591206
Arundinibacter_roseus,bacteria,5828278,528034,11.0376945423969
Asaccharospora_irregularis,bacteria,2622699,191823,13.6724949562878
Asaia_bogorensis,bacteria,3198265,1436064,2.22710478084542
Asaia_platycodi,bacteria,3420650,472614,7.23772465479228
Asaia_sp,bacteria,3936381,331246,11.883557839189
Asanoa_ferruginea,bacteria,9071909,4142985,2.18970355914878
Asanoa_hainanensis,bacteria,8644972,746298,11.5838070047086
Asanoa_ishikariensis,bacteria,9085759,2258615,4.02271259156607
Ascidiaceihabitans_donghaensis,bacteria,4077640,1774148,2.2983651871208
Ashbya_gossypii,fungi,9119312,1602158,5.69189305923636
Asparagus_officinalis,plants,1187538024,11361145,104.52626244978
Aspergillus_clavatus,fungi,27859441,2864141,9.72697957258389
Aspergillus_flavus,fungi,36892344,3210379,11.4915852614286
Aspergillus_fumigatus,fungi,29384958,3773453,7.78728607458474
Aspergillus_fumigatusa1163,fungi,29205420,3646985,8.00809984137582
Aspergillus_nidulans,fungi,29828291,3852470,7.74264069544993
Aspergillus_niger,fungi,33975768,3012666,11.2776417963359
Aspergillus_oryzae,fungi,37912014,4552046,8.32856566036459
Aspergillus_terreus,fungi,29364022,2324240,12.6338166454411
Astatotilapia_calliptera,ensembl,880428986,27120407,32.4637084539329
Aster_yellows,bacteria,723970,262536,2.75760276685864
Asticcacaulis_benevestitus,bacteria,5005544,212008,23.6101656541263
Asticcacaulis_biprosthecum,bacteria,5411525,1466288,3.69062898966642
Asticcacaulis_excentricus,bacteria,4050986,1436614,2.81981583773228
Asticcacaulis_sp,bacteria,4628335,520670,8.8891912343711
Asticcacaulis_taihuensis,bacteria,3967832,887930,4.46863153626975
Astyanax_mexicanus,ensembl,1263240883,13592890,92.9339477820371
Athene_cunicularia,ensembl,1157069330,13063671,88.5715301617746
Atlantibacter_hermannii,bacteria,4524527,1344250,3.36583833581489
Atlantibacter_subterranea,bacteria,4792855,485023,9.88170664071601
Atopobacter_sp,bacteria,2207974,145934,15.1299491550975
Atopomonas_hussainii,bacteria,3682314,311728,11.8125866139712
Atopostipes_suicloacalis,bacteria,2124342,126672,16.7704149298977
Aulosira_laxa,bacteria,9353054,3504035,2.66922390900776
Aurantiacibacter_aquimixticola,bacteria,2552891,1170482,2.18105959767002
Aurantiacibacter_atlanticus,bacteria,3226359,1439482,2.24133334074341
Aurantiacibacter_gangjinensis,bacteria,2724955,1074565,2.53586918235248
Aurantiacibacter_luteus,bacteria,2887216,920311,3.13721774487103
Aurantiacibacter_marinus,bacteria,2834102,881728,3.21425881904624
Aurantiacibacter_spongiae,bacteria,2855855,1318665,2.16571684241259
Aurantiacibacter_xanthus,bacteria,4380877,167669,26.1281274415664
Aurantiacibacter_zhengii,bacteria,3803809,620402,6.13120041521465
Aurantibacter_aestuarii,bacteria,2915806,828057,3.52126242517121
Aurantimicrobium_minutum,bacteria,1622386,768235,2.11183557114685
Aurantimicrobium_photophilum,bacteria,1748063,822847,2.12440830433847
Aurantimicrobium_sp,bacteria,1609479,762067,2.11199146531735
Aurantimonas_sp,bacteria,4874870,544674,8.95006921571435
Auraticoccus_monumenti,bacteria,4461788,2001831,2.22885348463482
Aureibacillus_halotolerans,bacteria,4382167,438702,9.98893782111775
Aureibaculum_algae,bacteria,5168958,2325307,2.22291422164901
Aureibaculum_marinum,bacteria,3668585,447435,8.19914624470593
Aureicoccus_marinus,bacteria,3052917,1407820,2.16854214317171
Aureimonas_altamirensis,bacteria,4195506,1019702,4.11444525677367
Aureimonas_flava,bacteria,4090174,558309,7.32600405868435
Aureimonas_jatrophae,bacteria,4590703,709874,6.46692652498894
Aureimonas_phyllosphaerae,bacteria,4715690,493970,9.54651092171589
Aureimonas_sp,bacteria,5056604,879797,5.7474643594082
Aureimonas_ureilytica,bacteria,5065950,277040,18.2859875830205
Aureitalea_marina,bacteria,3074655,1414882,2.17308227823946
Auritidibacter_sp,bacteria,2485496,206440,12.039798488665
Austwickia_chelonae,bacteria,3541124,596445,5.93705035669676
Avena_sativa,plants,10925789764,85174144,128.27589747776
Avibacterium_avium,bacteria,2205360,985724,2.23729969037986
Avibacterium_gallinarum,bacteria,2454192,1068282,2.2973259869585
Avibacterium_paragallinarum,bacteria,2590180,591976,4.37548569718398
Avibacterium_volantium,bacteria,2230476,996671,2.23792605583989
Avrilella_dinanensis,bacteria,2331799,1053351,2.21369609940086
Azoarcus_communis,bacteria,4821233,1623240,2.97012949409822
Azoarcus_indigens,bacteria,5464470,454345,12.0271379678438
Azoarcus_nasutitermitis,bacteria,4723750,737280,6.40699598524306
Azoarcus_olearius,bacteria,4376040,1999885,2.18814581838456
Azoarcus_rhizosphaerae,bacteria,4602265,379238,12.1355586729178
Azoarcus_sp,bacteria,4969020,1737627,2.85965883357015
Azonexus_fungiphilus,bacteria,3546071,473223,7.49344600748484
Azonexus_hydrophilus,bacteria,3596517,764195,4.70628177363108
Azorhizobium_caulinodans,bacteria,5369772,2388126,2.24852960019697
Azospira_oryzae,bacteria,3271553,871127,3.75554296649224
Azospira_sp,bacteria,3785995,497925,7.60354471054878
Azospirillum_baldaniorum,bacteria,7530241,1956560,3.84871458069264
Azospirillum_brasilense,bacteria,6536107,1154633,5.66076807988689
Azospirillum_cavernae,bacteria,6460996,1717470,3.76192655475787
Azospirillum_doebereinerae,bacteria,7000062,494664,14.1511450196497
Azospirillum_griseum,bacteria,5951384,421559,14.117558870763
Azospirillum_humicireducens,bacteria,6862695,1834178,3.74156434108358
Azospirillum_lipoferum,bacteria,7308548,1833575,3.98595612013583
Azospirillum_oryzae,bacteria,7674686,1706777,4.49659563024344
Azospirillum_palustre,bacteria,7997491,1730873,4.62049555339993
Azospirillum_ramasamyi,bacteria,6316263,1589598,3.97349707284483
Azospirillum_sp,bacteria,7422141,1610143,4.60961514661372
Azospirillum_thermophilum,bacteria,6776313,1650364,4.10595056605694
Azospirillum_thiophilum,bacteria,7637524,1798043,4.24768706866299
Azotobacter_beijerinckii,bacteria,5004985,167387,29.9006807577649
Azotobacter_chroococcum,bacteria,4957429,679475,7.29596568175978
Azotobacter_vinelandii,bacteria,5344264,2317870,2.30567892073326
Bacillaceae_bacterium,bacteria,3700812,292202,12.6652365313076
Bacilli_bacterium,bacteria,3564998,289440,12.3168808734107
Bacillus_aerius,bacteria,6374185,610182,10.4463668217024
Bacillus_aerophilus,bacteria,3829464,1702461,2.2493695890831
Bacillus_albus,bacteria,5850948,734989,7.96059260750841
Bacillus_altitudinis,bacteria,3867833,1723049,2.24476088608043
Bacillus_amyloliquefaciens,bacteria,4719372,1100127,4.28984134019387
Bacillus_anthracis,bacteria,5549652,887212,6.25516194440061
Bacillus_atrophaeus,bacteria,4148687,1342976,3.0891748597083
Bacillus_australimaris,bacteria,3649005,614737,5.93587989660619
Bacillus_badius,bacteria,4051296,451052,8.9818823550278
Bacillus_bombysepticus,bacteria,5873592,2373781,2.47436136695003
Bacillus_canaveralius,bacteria,4575763,224545,20.3779763031381
Bacillus_cereus,bacteria,5802492,942136,6.15887176888043
Bacillus_coahuilensis,bacteria,3407443,223734,15.2298845950995
Bacillus_cytotoxicus,bacteria,4237965,1747805,2.42473629058628
Bacillus_enclensis,bacteria,4481988,1058187,4.23553492908153
Bacillus_freudenreichii,bacteria,4368765,1813546,2.40896288266192
Bacillus_fungorum,bacteria,5651163,374173,15.103075315429
Bacillus_gaemokensis,bacteria,5599858,530195,10.5618838351927
Bacillus_glycinifermentans,bacteria,4716252,1680599,2.8062926977662
Bacillus_gobiensis,bacteria,4597707,1951044,2.35653680798588
Bacillus_halotolerans,bacteria,4297865,1171815,3.66770039114553
Bacillus_haynesii,bacteria,4438170,268825,16.5095424710173
Bacillus_infantis,bacteria,4943201,1337775,3.69509248382295
Bacillus_intestinalis,bacteria,4121992,295359,13.9558706523248
Bacillus_licheniformis,bacteria,4330413,1267351,3.41690269056061
Bacillus_luti,bacteria,5094423,298428,17.0708613132816
Bacillus_manliponensis,bacteria,4643113,388113,11.9633019249548
Bacillus_methanolicus,bacteria,3425861,1165940,2.93828324711531
Bacillus_mobilis,bacteria,5564213,1411267,3.94270890721207
Bacillus_mycoides,bacteria,5722994,1065409,5.37164096934122
Bacillus_nakamurai,bacteria,3888259,403234,9.64268638061275
Bacillus_obstructivus,bacteria,5220753,458790,11.3793958020009
Bacillus_oleivorans,bacteria,4511824,610108,7.39512348633357
Bacillus_pacificus,bacteria,5412715,783349,6.90970780171299
Bacillus_paralicheniformis,bacteria,4364546,553045,7.89184605231039
Bacillus_paramycoides,bacteria,5453107,392746,13.8845640693985
Bacillus_paranthracis,bacteria,5337880,1070323,4.98716618342744
Bacillus_pseudomycoides,bacteria,5541289,378333,14.6465899134437
Bacillus_pumilus,bacteria,3748672,879429,4.26261968210495
Bacillus_safensis,bacteria,3911937,1724523,2.26841719954364
Bacillus_salacetis,bacteria,4681042,268180,17.4548512193303
Bacillus_salipaludis,bacteria,6213503,555310,11.1892510489636
Bacillus_siamensis,bacteria,3999514,1190282,3.36014127750452
Bacillus_smithii,bacteria,3310097,895384,3.69684571089052
Bacillus_solimangrovi,bacteria,3844017,228321,16.8360203397848
Bacillus_sonorensis,bacteria,4647754,717850,6.47454760743888
Bacillus_sp,bacteria,5172345,854968,6.04975299858558
Bacillus_stratosphericus,bacteria,3667070,443571,8.26715339821584
Bacillus_subtilis,bacteria,4428533,1589038,2.78692677057859
Bacillus_swezeyi,bacteria,4517933,388987,11.614610513976
Bacillus_taeanensis,bacteria,4611265,359526,12.8259569544345
Bacillus_tequilensis,bacteria,3697361,246431,15.0036359061969
Bacillus_thermotolerans,bacteria,3967261,241929,16.3984516118365
Bacillus_thermozeamaize,bacteria,3439117,168289,20.4357801163475
Bacillus_thuringiensis,bacteria,6255537,1169555,5.34864753156334
Bacillus_timonensis,bacteria,4885097,212241,23.0167451152228
Bacillus_toyonensis,bacteria,6169437,415253,14.8570493717532
Bacillus_tropicus,bacteria,5647060,620855,9.09562465923981
Bacillus_vallismortis,bacteria,4108075,1830185,2.24462315138173
Bacillus_velezensis,bacteria,4055242,1146118,3.53824022957492
Bacillus_weihaiensis,bacteria,4361276,1758605,2.47996338006545
Bacillus_wiedmannii,bacteria,5732940,599142,9.56858865130666
Bacillus_wudalianchiensis,bacteria,4427097,641533,6.9008094673228
Bacillus_xerothermodurans,bacteria,4362399,595956,7.32000181221433
Bacillus_xiamenensis,bacteria,3611918,169810,21.2703492138272
Bacillus_yapensis,bacteria,4608128,403398,11.4232792428321
Bacillus_zhangzhouensis,bacteria,3736192,309761,12.0615313096226
Bacteria_symbiont,bacteria,4142210,56546,73.2544499562299
Bacterioplanes_sanyensis,bacteria,4293726,1923784,2.23191688879833
Bacteriovorax_sp,bacteria,3618799,423538,8.54421920757933
Bacteriovorax_stolpii,bacteria,3810309,1785824,2.13364194903865
Bacterium_0,bacteria,4443969,305598,14.5418785463256
Bacterium_1xd21,bacteria,4314868,221833,19.4509743816294
Bacterium_1xd42,bacteria,4695230,283855,16.5409561508208
Bacterium_1xd8,bacteria,6144770,310024,19.820283999213
Bacterium_336,bacteria,4714744,1980529,2.38054782333407
Bacterium_a37t11,bacteria,5092396,351407,14.4914472392411
Bacterium_bms3abin03,bacteria,3761145,67995,55.3150231634679
Bacterium_bms3abin04,bacteria,3658364,38741,94.4313259853902
Bacterium_bms3abin08,bacteria,2614784,89857,29.099391254994
Bacterium_bms3abin10,bacteria,2486350,154492,16.0937135903477
Bacterium_bms3abin11,bacteria,2669039,184689,14.4515320349344
Bacterium_bms3abin14,bacteria,2282922,161795,14.1099663153991
Bacterium_bms3bbin01,bacteria,3072733,79877,38.4683075228163
Bacterium_bms3bbin09,bacteria,1846228,74919,24.6429877601143
Bacterium_bms3bbin10,bacteria,3184120,107421,29.6415039889779
Bacterium_bms3bbin12,bacteria,2487440,130771,19.0213426524229
Bacterium_bms3bbin14,bacteria,2710722,294346,9.20930469583415
Bacterium_c,bacteria,4025695,287048,14.024466291352
Bacterium_cg,bacteria,3392145,216042,15.7013219651734
Bacterium_d16,bacteria,4072299,267391,15.2297291535928
Bacterium_dolzoral124,bacteria,3362850,44885,74.9214659685864
Bacterium_endosymbiont,bacteria,3356425,188902,17.768123863495
Bacterium_f083,bacteria,3687489,271393,13.5872664364962
Bacterium_gca,bacteria,3747714,107593,34.8322768843474
Bacterium_hr10,bacteria,3131958,172926,18.1115506054613
Bacterium_hr11,bacteria,2988257,302193,9.88857121111343
Bacterium_hr14,bacteria,2515047,53012,47.442975175432
Bacterium_hr15,bacteria,3036312,166967,18.1851024453934
Bacterium_hr16,bacteria,3785506,63781,59.3516250921121
Bacterium_hr17,bacteria,3153697,147063,21.4445305753317
Bacterium_hr18,bacteria,2853867,217787,13.1039364149375
Bacterium_hr20,bacteria,1993452,45141,44.1605635674885
Bacterium_hr21,bacteria,1834294,290822,6.30727386511337
Bacterium_hr23,bacteria,1621116,31987,50.680463938475
Bacterium_hr24,bacteria,2051769,89214,22.9982850225301
Bacterium_hr28,bacteria,3123359,868560,3.59601984894538
Bacterium_hr29,bacteria,2343573,862656,2.71669471956377
Bacterium_hr30,bacteria,3727088,76047,49.0103225636777
Bacterium_hr33,bacteria,2944810,982037,2.99867520266548
Bacterium_hr37,bacteria,2420114,257269,9.40693981785602
Bacterium_hr40,bacteria,2892134,790123,3.66035920989517
Bacterium_m00,bacteria,2925191,290928,10.054690507617
Bacterium_nhp,bacteria,1193525,127959,9.32740174587173
Bacterium_tmed15,bacteria,4689229,88451,53.0149913511436
Bacterium_tmed46,bacteria,2353118,140836,16.7082138089693
Bacterium_tmed6,bacteria,1479390,110486,13.3898412468548
Bacterium_yek0313,bacteria,7130785,2827338,2.52208437760183
Bacteroidales_bacterium,bacteria,3873841,244799,15.8246067940124
Bacteroides_acidifaciens,bacteria,4831912,181827,26.5742974758905
Bacteroides_caccae,bacteria,5313539,597467,8.89344582865269
Bacteroides_caecimuris,bacteria,5293809,827797,6.39505917314639
Bacteroides_cellulosilyticus,bacteria,6970725,1104516,6.31111153864871
Bacteroides_clarus,bacteria,4028115,397223,10.1406985838338
Bacteroides_coprocola,bacteria,3142034,94696,33.1802188054406
Bacteroides_coprophilus,bacteria,2888172,144923,19.9290105780311
Bacteroides_coprosuis,bacteria,2991798,1301392,2.29892146255702
Bacteroides_eggerthii,bacteria,4225735,573556,7.36760694102523
Bacteroides_faecalis,bacteria,5771427,617654,9.34411013285756
Bacteroides_faecichinchillae,bacteria,4691960,252626,18.5727885743917
Bacteroides_faecis,bacteria,6052957,443360,13.6524795341027
Bacteroides_finegoldii,bacteria,4489339,593035,7.57011480782315
Bacteroides_fluxus,bacteria,4330716,290693,14.8979025982738
Bacteroides_fragilis,bacteria,5584835,941603,5.93119765715779
Bacteroides_graminisolvens,bacteria,3680704,373433,9.85639726537291
Bacteroides_helcogenes,bacteria,3998906,1812508,2.20628322743955
Bacteroides_heparinolyticus,bacteria,3595118,670025,5.36564755046454
Bacteroides_intestinalis,bacteria,6220417,636978,9.7655153213935
Bacteroides_luti,bacteria,4118748,376478,10.9402089896355
Bacteroides_nordii,bacteria,5604016,1283925,4.36475300348541
Bacteroides_oleiciplenus,bacteria,6519120,887389,7.34640890162372
Bacteroides_ovatus,bacteria,6545226,532045,12.302020055454
Bacteroides_plebeius,bacteria,3276499,192209,17.0465430859117
Bacteroides_pyogenes,bacteria,3439398,200176,17.1818699544401
Bacteroides_reticulotermitis,bacteria,5365278,258548,20.7515741757817
Bacteroides_salyersiae,bacteria,5834795,1196053,4.87837453691433
Bacteroides_sp,bacteria,4945722,484587,10.2060611583749
Bacteroides_stercorirosoris,bacteria,6180548,368820,16.7576483889816
Bacteroides_stercoris,bacteria,4018531,362225,11.0940279643419
Bacteroides_thetaiotaomicron,bacteria,6305289,1050770,6.00063864756538
Bacteroides_uniformis,bacteria,4813254,541048,8.89616113184069
Bacteroides_xylanisolvens,bacteria,6206471,530619,11.6966535569871
Bacteroides_zoogleoformans,bacteria,3361794,1502202,2.23791074702337
Bacteroidetes_bacterium,bacteria,3514402,238014,14.7655454523427
Bacteroidetes_chlorobi,bacteria,2608364,284333,9.17362388467044
Bacteroidetes_oral,bacteria,2113539,814065,2.59627793849386
Bacteroidia_bacterium,bacteria,4671217,340565,13.7161007679896
Baia_soyae,bacteria,2921910,149002,19.6098710084428
Bailinhaonella_thermotolerans,bacteria,8989662,890436,10.0957980135574
Balaenoptera_musculus,ensembl,2379995981,20398733,116.673716009715
Balneicella_halophila,bacteria,2089523,680797,3.06923062234411
Balneola_sp,bacteria,3600902,505083,7.1293289926971
Barnesiella_intestinihominis,bacteria,3443906,905104,3.80498373667556
Barnesiella_sp,bacteria,3188375,360120,8.85365691110867
Barnesiella_viscericola,bacteria,3076856,1378789,2.23156407543141
Bartonella_alsatica,bacteria,1673902,638302,2.62242950828918
Bartonella_ancashensis,bacteria,1467695,604844,2.42656784228661
Bartonella_apis,bacteria,2677882,1024891,2.61284565870907
Bartonella_australis,bacteria,1596490,649076,2.4596349271888
Bartonella_bacilliformis,bacteria,1417581,462675,3.06388400484574
Bartonella_birtlesii,bacteria,1922932,525391,3.6600017891437
Bartonella_bovis,bacteria,1624303,602046,2.69797075306538
Bartonella_clarridgeiae,bacteria,1522743,621398,2.45051158838619
Bartonella_doshiae,bacteria,1844489,751586,2.45412900187071
Bartonella_elizabethae,bacteria,1978557,619763,3.19244130417595
Bartonella_grahamii,bacteria,2377687,824497,2.88380248806242
Bartonella_henselae,bacteria,1953275,742508,2.63064682848321
Bartonella_koehlerae,bacteria,1747106,648773,2.69293882451952
Bartonella_melophagi,bacteria,1571225,401387,3.91448900936004
Bartonella_quintana,bacteria,1588153,589298,2.69499048019847
Bartonella_rattimassiliensis,bacteria,2170653,435923,4.97944132335298
Bartonella_rochalimae,bacteria,1534143,544793,2.81601085182813
Bartonella_schoenbuchensis,bacteria,1728487,702507,2.46045519831119
Bartonella_sp,bacteria,1741552,614103,2.83592813038641
Bartonella_tamiae,bacteria,2260792,935429,2.41685045043504
Bartonella_taylorii,bacteria,2015681,450371,4.47560122654434
Bartonella_tribocorum,bacteria,2311351,459425,5.03096406740309
Bartonella_vinsonii,bacteria,1890796,700744,2.69826855456486
Bartonella_washoeensis,bacteria,1963690,502996,3.90399118878797
Bathymodiolus_azoricus,bacteria,1859850,22938,81.0816113000262
Bathymodiolus_brooksi,bacteria,2267565,73185,30.9840131174421
Bathymodiolus_heckerae,bacteria,1683455,57110,29.4776613348042
Bathymodiolus_platifrons,bacteria,4018024,63635,63.1417301799324
Bathymodiolus_thermophilus,bacteria,2960546,658565,4.49545336865258
Bauldia_litoralis,bacteria,5094548,707774,7.1979869280307
Baumannia_cicadellinicola,bacteria,686194,302201,2.27065429962178
Bdellovibrio_bacteriovorus,bacteria,3698073,1389649,2.66115670959393
Bdellovibrio_sp,bacteria,3730590,1611429,2.31508183109526
Bdellovibrionaceae_bacterium,bacteria,3895031,185241,21.0268839697582
Bdellovibrionales_bacterium,bacteria,3710654,244569,15.1722007161571
Beauveria_bassiana,fungi,35021612,4777588,7.33039600735769
Beggiatoa_alba,bacteria,4265146,1839068,2.31918885000446
Beggiatoa_leptomitoformis,bacteria,4266286,1872298,2.27863620000662
Beijerinckia_indica,bacteria,4418616,1814688,2.4349177379252
Beijerinckia_sp,bacteria,6427626,2791931,2.3022152051752
Beijerinckiaceae_bacterium,bacteria,3797228,1167357,3.25284331838027
Belliella_baltica,bacteria,4196595,1861773,2.25408521876727
Belliella_buryatensis,bacteria,3880061,380138,10.2069800967017
Belliella_pelovolcani,bacteria,4107843,409365,10.0346707705837
Bellilinea_caldifistulae,bacteria,3655684,291153,12.5558864239764
Belnapia_rosea,bacteria,5994144,815980,7.34594475354788
Bergeriella_denitrificans,bacteria,2549372,863492,2.95239793767632
Bergeyella_zoohelcum,bacteria,2419158,859746,2.81380547277917
Bermanella_sp,bacteria,3164348,68885,45.9366770704798
Bernardetia_litoralis,bacteria,4919337,2080140,2.36490668897286
Beta_proteobacterium,bacteria,3962888,492486,8.04670642754638
Beta_vulgaris,plants,566181630,18563183,30.5002450280213
Betaproteobacteria_bacterium,bacteria,3756778,292882,12.8269429614677
Betta_splendens,ensembl,441371523,17205239,25.6533212354679
Beutenbergia_cavernae,bacteria,4669183,2161399,2.160259628139
Bhargavaea_beijingensis,bacteria,2988557,284278,10.5127973321889
Bhargavaea_cecembensis,bacteria,3209578,589163,5.44769566970063
Bhargavaea_ginsengi,bacteria,3101161,684933,4.52768518964629
Bibersteinia_trehalosi,bacteria,2385966,910957,2.61918756612554
Bifidobacteriaceae_bacterium,bacteria,1715421,365899,4.68823911602516
Bifidobacterium_actinocoloniiforme,bacteria,1823388,692442,2.63327181193515
Bifidobacterium_adolescentis,bacteria,2232980,573732,3.89202871105653
Bifidobacterium_aemilianum,bacteria,2017578,370698,5.44264603531716
Bifidobacterium_angulatum,bacteria,2036424,863639,2.35795821978756
Bifidobacterium_animalis,bacteria,2041339,526680,3.87586527418316
Bifidobacterium_anseris,bacteria,2166761,657073,3.2975955487442
Bifidobacterium_aquikefiri,bacteria,2408364,481991,4.99669910848958
Bifidobacterium_asteroides,bacteria,2137874,620403,3.44594488347624
Bifidobacterium_biavatii,bacteria,3252147,275998,11.7832266900485
Bifidobacterium_bifidum,bacteria,2257323,526779,4.28514509842037
Bifidobacterium_bohemicum,bacteria,2052470,570923,3.59500317906268
Bifidobacterium_bombi,bacteria,1895239,739265,2.56368014176243
Bifidobacterium_boum,bacteria,2171356,454410,4.77840716533527
Bifidobacterium_breve,bacteria,2420771,751143,3.22278448305203
Bifidobacterium_callimiconis,bacteria,2962404,382234,7.75023676596012
Bifidobacterium_callitrichidarum,bacteria,3121265,180796,17.2640157968097
Bifidobacterium_callitrichos,bacteria,2898911,279252,10.3809856330483
Bifidobacterium_castoris,bacteria,2496067,426413,5.85363720149245
Bifidobacterium_catenulatum,bacteria,2163663,501110,4.31773707852762
Bifidobacterium_catulorum,bacteria,2611484,208321,12.5358653232271
Bifidobacterium_choerinum,bacteria,2176709,654610,3.32519897343456
Bifidobacterium_commune,bacteria,1633662,554710,2.94507400263201
Bifidobacterium_coryneforme,bacteria,1755151,783506,2.24012451723407
Bifidobacterium_criceti,bacteria,2155882,294448,7.32177498233984
Bifidobacterium_cuniculi,bacteria,2531592,433940,5.83396782965387
Bifidobacterium_dentium,bacteria,2617739,883268,2.96369805604417
Bifidobacterium_dolichotidis,bacteria,1921709,637887,3.01261665467395
Bifidobacterium_eulemuris,bacteria,2913389,459884,6.33505188264867
Bifidobacterium_felsineum,bacteria,2384744,646207,3.69037166109312
Bifidobacterium_gallicum,bacteria,2012198,403671,4.98474748000228
Bifidobacterium_goeldii,bacteria,2607372,578498,4.50714090627798
Bifidobacterium_hapali,bacteria,2834308,204200,13.8800587659158
Bifidobacterium_imperatoris,bacteria,2639899,253276,10.4230128397479
Bifidobacterium_indicum,bacteria,1724892,726120,2.37549165427202
Bifidobacterium_italicum,bacteria,2276351,199964,11.3838040847353
Bifidobacterium_kashiwanohense,bacteria,2370978,1040499,2.27869320393388
Bifidobacterium_lemurum,bacteria,2944293,361585,8.14274098759628
Bifidobacterium_longum,bacteria,2472284,403876,6.12139008528119
Bifidobacterium_magnum,bacteria,1822476,362747,5.02409668446603
Bifidobacterium_margollesii,bacteria,2789387,190920,14.6102398910538
Bifidobacterium_merycicum,bacteria,2280234,400933,5.68731932766821
Bifidobacterium_minimum,bacteria,1892860,431481,4.38689073215275
Bifidobacterium_mongoliense,bacteria,2151501,307060,7.00677554875269
Bifidobacterium_moukalabense,bacteria,2515335,637997,3.94254988659821
Bifidobacterium_myosotis,bacteria,2944195,276763,10.6379646123217
Bifidobacterium_parmae,bacteria,2820211,271456,10.3892011965107
Bifidobacterium_porcinum,bacteria,2079368,820576,2.53403462933354
Bifidobacterium_primatium,bacteria,2696768,703685,3.83235112301669
Bifidobacterium_pseudocatenulatum,bacteria,2290276,469297,4.88022280116099
Bifidobacterium_pseudolongum,bacteria,2094549,436095,4.80295968422814
Bifidobacterium_psychraerophilum,bacteria,2615078,649913,4.02373548459563
Bifidobacterium_pullorum,bacteria,2248035,561768,4.00171779250313
Bifidobacterium_reuteri,bacteria,2847572,370526,7.68521507262648
Bifidobacterium_ruminantium,bacteria,2249807,390694,5.75848874054887
Bifidobacterium_saguini,bacteria,2787036,346206,8.05022443285212
Bifidobacterium_samirii,bacteria,2574625,242467,10.6184552949474
Bifidobacterium_scaligerum,bacteria,2652159,548281,4.83722580209783
Bifidobacterium_scardovii,bacteria,3141793,299589,10.4870105377701
Bifidobacterium_simiarum,bacteria,2721281,412892,6.59078160874999
Bifidobacterium_sp,bacteria,2217341,354965,6.24665565148064
Bifidobacterium_stellenboschense,bacteria,2812864,286661,9.81251024729559
Bifidobacterium_stercoris,bacteria,2304613,568091,4.05676731368742
Bifidobacterium_subtile,bacteria,2790088,455416,6.12646020341841
Bifidobacterium_thermacidophilum,bacteria,2233072,527753,4.23128243704915
Bifidobacterium_thermophilum,bacteria,2250090,570483,3.94418702759301
Bifidobacterium_tissieri,bacteria,2873483,340661,8.43502191328036
Bifidobacterium_tsurumiense,bacteria,2164426,303165,7.13943232233272
Bifidobacterium_vansinderenii,bacteria,3111005,295172,10.5396345181792
Bifidobacterium_xylocopae,bacteria,1848461,228222,8.09939883096284
Bigelowiella_natans,protists,94701163,2060953,45.9501808144096
Bilophila_sp,bacteria,4618310,1084442,4.25869709952215
Bilophila_wadsworthia,bacteria,4391194,1570125,2.79671618501712
Biomaibacter_acetigenes,bacteria,3398411,1498268,2.2682263787253
Biostraticola_tofi,bacteria,4290872,699511,6.13410225142993
Bisgaardia_hudsonensis,bacteria,2108978,453708,4.64831565676603
Bison_bison,ensembl,2953622319,8456392,349.276892438288
Bizionia_echini,bacteria,3314721,835115,3.96917909509469
Bizionia_paragorgiae,bacteria,3143625,248111,12.6702363055245
Bizionia_sp,bacteria,3527768,226541,15.57231582804
Blastocatellia_bacterium,bacteria,4957655,131499,37.7011692672715
Blastochloris_tepida,bacteria,3949390,1677645,2.35412736305953
Blastochloris_viridis,bacteria,3723225,1589454,2.34245533371837
Blastococcus_aggregatus,bacteria,4620309,893536,5.17081460623859
Blastococcus_endophyticus,bacteria,4875221,510292,9.55378685144976
Blastococcus_saxobsidens,bacteria,4704248,2114130,2.22514580465724
Blastococcus_sp,bacteria,4366820,557189,7.83723720750482
Blastomonas_fulva,bacteria,4123210,1838445,2.24277038475451
Blastomonas_natatoria,bacteria,4045865,415313,9.7417249159068
Blastomonas_sp,bacteria,4278780,775351,5.5185071019448
Blastopirellula_marina,bacteria,7289535,803223,9.07535954378782
Blastopirellula_sp,bacteria,7804056,184590,42.2777831951893
Blautia_argi,bacteria,3297975,1484219,2.22202720757516
Blautia_coccoides,bacteria,5972195,407271,14.6639338425766
Blautia_faecicola,bacteria,3738517,1619377,2.3086143621899
Blautia_hansenii,bacteria,3058721,750152,4.07746829975792
Blautia_hydrogenotrophica,bacteria,3505900,547422,6.40437821620967
Blautia_obeum,bacteria,3728782,452588,8.23879599161011
Blautia_producta,bacteria,6295358,1446756,4.35136241058009
Blautia_pseudococcoides,bacteria,5128746,2251043,2.27838650794321
Blautia_sp,bacteria,3676942,352053,10.4442758392254
Blautia_wexlerae,bacteria,4470233,203556,21.9607036884199
Blood_disease,bacteria,5089760,1948875,2.61164004874607
Blumeria_graminis,fungi,124489486,4814751,25.8558513202448
Bogoriella_caseilytica,bacteria,3235396,1493714,2.16600768286298
Bombella_intestini,bacteria,2023176,489335,4.13454177608387
Bombilactobacillus_bombi,bacteria,1893316,533816,3.54675927458105
Bombilactobacillus_mellifer,bacteria,1786090,309018,5.77988984460452
Bombilactobacillus_mellis,bacteria,1790038,398891,4.48753669548824
Bombiscardovia_coagulans,bacteria,1741326,420601,4.14009001405132
Bordetella_ansorpii,bacteria,6179345,1109914,5.56741133430668
Bordetella_avium,bacteria,3732255,1682330,2.21850350406876
Bordetella_bronchialis,bacteria,5966919,2692639,2.21601150395578
Bordetella_bronchiseptica,bacteria,5398300,1874310,2.88015386466323
Bordetella_flabilis,bacteria,5954318,2671142,2.22912821557222
Bordetella_genomosp,bacteria,5470221,1698984,3.21970183171488
Bordetella_hinzii,bacteria,4973257,2300218,2.16208072452263
Bordetella_holmesii,bacteria,3587402,162664,22.0540623616781
Bordetella_parapertussis,bacteria,4836563,2188515,2.20997457179869
Bordetella_pertussis,bacteria,4133329,1485916,2.78167180435227
Bordetella_petrii,bacteria,5287950,2381114,2.22078825289339
Bordetella_pseudohinzii,bacteria,4537279,646140,7.0221298789736
Bordetella_sp,bacteria,5345132,1661570,3.21691599705917
Bordetella_trematum,bacteria,4485537,2039195,2.19966065040371
Borrelia_anserina,bacteria,1147345,461857,2.48419965487153
Borrelia_coriaceae,bacteria,1730484,462843,3.73881424154627
Borrelia_crocidurae,bacteria,1647947,471572,3.49458195143053
Borrelia_duttonii,bacteria,1607916,472962,3.39967523783648
Borrelia_garinii,bacteria,986914,438426,2.25103894385826
Borrelia_hermsii,bacteria,1359215,479230,2.83624964656809
Borrelia_miyamotoi,bacteria,1361998,446930,3.0474518753869
Borrelia_parkeri,bacteria,1053291,432787,2.43373992287199
Borrelia_recurrentis,bacteria,1242163,477902,2.59920025444547
Borrelia_turcica,bacteria,1283624,493641,2.60031885520044
Borrelia_turicatae,bacteria,1305758,480591,2.71698388026409
Borreliella_afzelii,bacteria,1404288,447710,3.13660181814121
Borreliella_bissettiae,bacteria,1829509,55221,33.1306749243947
Borreliella_bissettii,bacteria,1403443,450908,3.1124819253595
Borreliella_burgdorferi,bacteria,1257499,374512,3.35770403236214
Borreliella_chilensis,bacteria,982238,442590,2.21929551051763
Borreliella_finlandensis,bacteria,951833,367390,2.59079724543401
Borreliella_garinii,bacteria,903870,285730,3.1633710145942
Borreliella_japonica,bacteria,1184862,306272,3.86865923101034
Borreliella_mayonii,bacteria,1302058,447372,2.91045930456086
Borreliella_spielmanii,bacteria,1011570,211463,4.78367373961402
Borreliella_valaisiana,bacteria,913294,428665,2.13055416234122
Bos_grunniens,ensembl,2832776395,22688907,124.852924603199
Bos_indicus,ensembl,2680953056,30497616,87.9069713514656
Bos_mutus,ensembl,2645161911,3383581,781.764027815501
Bos_taurus,ensembl,2645987327,32778040,80.7243925159099
Bosea_caraganae,bacteria,6173697,691998,8.92155324148336
Bosea_lathyri,bacteria,5918613,751846,7.87210811788584
Bosea_lupini,bacteria,6128076,892655,6.86499935585417
Bosea_psychrotolerans,bacteria,6392805,547523,11.6758656713965
Bosea_robiniae,bacteria,5279103,873192,6.04575282412116
Bosea_sp,bacteria,5891333,1141507,5.16101451133679
Bosea_thiooxidans,bacteria,5415139,423541,12.7854101319709
Bosea_vaviloviae,bacteria,6157817,1633889,3.76881072362037
Boseongicola_aestuarii,bacteria,4001270,480939,8.31970374621314
Boseongicola_sp,bacteria,3862905,1717313,2.24938901644604
Botrytis_cinerea,fungi,42630066,3300748,12.9152743559945
Boudabousia_liubingyangii,bacteria,1987067,467415,4.25118363766674
Boudabousia_marimammalium,bacteria,1842889,303924,6.06365078111633
Boudabousia_tangfeifanii,bacteria,2207832,1004919,2.19702483483743
Bowdeniella_nasicola,bacteria,2585404,158222,16.3403572196028
Bowmanella_sp,bacteria,3439486,396682,8.67063794172662
Brachybacterium_alimentarium,bacteria,4263086,355664,11.9862735615637
Brachybacterium_avium,bacteria,3568502,1576603,2.26341190521647
Brachybacterium_endophyticum,bacteria,3553347,805524,4.41122424657738
Brachybacterium_faecium,bacteria,4466460,734523,6.08076216356284
Brachybacterium_ginsengisoli,bacteria,3953253,1798162,2.19849657594811
Brachybacterium_muris,bacteria,3257338,344901,9.44426951502025
Brachybacterium_nesterenkovii,bacteria,3021972,145664,20.7461829964851
Brachybacterium_paraconglomeratum,bacteria,3783792,592189,6.38950064928596
Brachybacterium_phenoliresistens,bacteria,4188165,517615,8.09127440278972
Brachybacterium_saurashtrense,bacteria,3720646,1683154,2.210520249484
Brachybacterium_sp,bacteria,3660084,829716,4.41124826421565
Brachybacterium_vulturis,bacteria,3796663,1717368,2.21074516352931
Brachymonas_denitrificans,bacteria,2712870,750309,3.61567034381835
Brachypodium_distachyon,plants,271163419,28767775,9.42594340368694
Brachyspira_catarrhinii,bacteria,2695388,21479,125.489454816332
Brachyspira_hampsonii,bacteria,3128417,665602,4.7001297571573
Brachyspira_hyodysenteriae,bacteria,3048442,1323263,2.30373125624561
Brachyspira_intermedia,bacteria,3308048,1420777,2.32833724081964
Brachyspira_murdochii,bacteria,3241804,1408905,2.30093867223127
Brachyspira_pilosicoli,bacteria,2690125,1023724,2.62778346507457
Brachyspira_sp,bacteria,2871897,603241,4.76078197667431
Brachyspira_suanatina,bacteria,3258009,1180123,2.76073680455342
Bradymonadaceae_bacterium,bacteria,5366856,990866,5.41632874677303
Bradymonadales_bacterium,bacteria,5168754,870251,5.9393864180486
Bradymonas_sediminis,bacteria,5045683,2232161,2.26044761108182
Bradyrhizobiaceae_bacterium,bacteria,5029806,583459,8.62066718851343
Bradyrhizobium_amphicarpaeae,bacteria,7044517,3103386,2.26994547246137
Bradyrhizobium_arachidis,bacteria,9793799,693176,14.1288778030399
Bradyrhizobium_betae,bacteria,8630250,813314,10.6112153485616
Bradyrhizobium_brasilense,bacteria,9444915,415098,22.7534582195048
Bradyrhizobium_canariense,bacteria,8111097,1386802,5.84877681438379
Bradyrhizobium_centrolobii,bacteria,10111113,433045,23.3488736736367
Bradyrhizobium_cosmicum,bacteria,7231841,3188007,2.26845204543152
Bradyrhizobium_diazoefficiens,bacteria,9023801,2435572,3.7050025620265
Bradyrhizobium_elkanii,bacteria,8749022,707589,12.3645578028198
Bradyrhizobium_erythrophlei,bacteria,9301568,3743218,2.4849123385186
Bradyrhizobium_forestalis,bacteria,8252029,444630,18.559316735263
Bradyrhizobium_genosp,bacteria,8722424,122763,71.0509192509144
Bradyrhizobium_guangdongense,bacteria,8437991,3477514,2.42644343056563
Bradyrhizobium_guangzhouense,bacteria,8295279,544506,15.2345043029829
Bradyrhizobium_icense,bacteria,8322773,3496911,2.38003569435997
Bradyrhizobium_japonicum,bacteria,9939580,2710746,3.66673245421979
Bradyrhizobium_jicamae,bacteria,8738846,218127,40.06311002306
Bradyrhizobium_lablabi,bacteria,7782337,2465122,3.15697823474863
Bradyrhizobium_liaoningense,bacteria,8590559,699334,12.2839144099958
Bradyrhizobium_macuxiense,bacteria,8722143,316422,27.5649069912964
Bradyrhizobium_manausense,bacteria,9145311,670729,13.6348823444342
Bradyrhizobium_nanningense,bacteria,8226587,602422,13.6558542018718
Bradyrhizobium_neotropicale,bacteria,8679329,363746,23.8609606703579
Bradyrhizobium_nitroreducens,bacteria,8199267,3571575,2.29570063627391
Bradyrhizobium_oligotrophicum,bacteria,8264165,3564420,2.31851605590811
Bradyrhizobium_ottawaense,bacteria,8606328,3652162,2.35650225811451
Bradyrhizobium_pachyrhizi,bacteria,8965178,398175,22.5156727569536
Bradyrhizobium_retamae,bacteria,8466225,449210,18.8469201487055
Bradyrhizobium_sacchari,bacteria,8698798,826206,10.5286066671024
Bradyrhizobium_shewense,bacteria,9163226,695344,13.1779752180216
Bradyrhizobium_sp,bacteria,7943004,1318848,6.02268404093297
Bradyrhizobium_valentinum,bacteria,8845258,266733,33.1614685846896
Bradyrhizobium_vignae,bacteria,8175609,303994,26.8939814601604
Bradyrhizobium_yuanmingense,bacteria,8052916,947009,8.50352583766363
Bradyrhizobium_zhanjiangense,bacteria,8626571,359114,24.0218175843882
Branchiibius_hedensis,bacteria,4008675,1817994,2.20499902639943
Branchiibius_sp,bacteria,3838211,511537,7.50329106203461
Brassica_juncea,plants,933495403,39580773,23.5845672594621
Brassica_napus,plants,848200303,3487016,243.245314331795
Brassica_oleracea,plants,488622507,23541850,20.7554846794113
Brassica_rapa,plants,315164842,18189244,17.3269895934103
Bremerella_cremea,bacteria,6287921,995581,6.31583065566739
Brenneria_alni,bacteria,4126956,215336,19.1651930007059
Brenneria_goodwinii,bacteria,5355395,2318321,2.31003198220436
Brenneria_nigrifluens,bacteria,4844130,402624,12.031399022413
Brenneria_roseae,bacteria,4477839,411890,10.8714438320911
Brenneria_rubrifaciens,bacteria,4028093,1749900,2.30189896565518
Brenneria_salicis,bacteria,3907359,228639,17.0896434991406
Brenneria_sp,bacteria,5090343,1265020,4.02392413713781
Breoghania_corrubedonensis,bacteria,5331589,1027299,5.18990965629286
Brevibacillus_agri,bacteria,5181360,257622,20.112257493537
Brevibacillus_antibioticus,bacteria,6181736,2709737,2.28130479083394
Brevibacillus_borstelensis,bacteria,5155092,675031,7.63682260518406
Brevibacillus_brevis,bacteria,6448135,2413933,2.67121531542093
Brevibacillus_choshinensis,bacteria,6279095,1794096,3.49986567051039
Brevibacillus_fluminis,bacteria,6456133,677789,9.52528441742194
Brevibacillus_formosus,bacteria,6437015,2834431,2.271007831907
Brevibacillus_fortis,bacteria,6268222,499179,12.5570626969484
Brevibacillus_gelatini,bacteria,4637568,326226,14.2158135770907
Brevibacillus_invocatus,bacteria,4753702,357666,13.2908970939368
Brevibacillus_laterosporus,bacteria,5440065,986731,5.51322287764153
Brevibacillus_nitrificans,bacteria,6330991,1073877,5.8954526449491
Brevibacillus_panacihumi,bacteria,5331050,1000284,5.32953907567205
Brevibacillus_parabrevis,bacteria,6049969,648756,9.32549217271208
Brevibacillus_reuszeri,bacteria,6986486,1569515,4.45136618636967
Brevibacillus_sp,bacteria,5329947,315076,16.916405386802
Brevibacterium_antiquum,bacteria,3809189,439725,8.66266075388027
Brevibacterium_aurantiacum,bacteria,4190346,1011186,4.14398973034779
Brevibacterium_casei,bacteria,3790041,464818,8.15381773081077
Brevibacterium_celere,bacteria,3766273,472849,7.96506495731195
Brevibacterium_iodinum,bacteria,3535928,372356,9.49609513476351
Brevibacterium_jeotgali,bacteria,3297707,361195,9.12999072523152
Brevibacterium_linens,bacteria,3880504,972996,3.98820097924349
Brevibacterium_luteolum,bacteria,3100508,588324,5.27006887361386
Brevibacterium_mcbrellneri,bacteria,2561804,137724,18.6009990996486
Brevibacterium_paucivorans,bacteria,2999495,691493,4.33770840774961
Brevibacterium_ravenspurgense,bacteria,2345497,420865,5.57304548138415
Brevibacterium_sandarakinum,bacteria,4441057,1995207,2.22586278015264
Brevibacterium_sediminis,bacteria,4116146,558200,7.37396273737012
Brevibacterium_siliguriense,bacteria,4023083,1804416,2.22957621745762
Brevibacterium_sp,bacteria,3093622,448236,6.90176681414597
Brevibacterium_yomogidense,bacteria,3286027,511029,6.43021628909514
Brevinema_andersonii,bacteria,1501400,288485,5.20443003969011
Brevirhabdus_pacifica,bacteria,3439037,1289663,2.66661678283397
Brevundimonas_abyssalis,bacteria,2979231,123608,24.1022506633875
Brevundimonas_diminuta,bacteria,3385519,936123,3.61653398282098
Brevundimonas_mediterranea,bacteria,3683960,107514,34.2649329389661
Brevundimonas_naejangsanensis,bacteria,3041334,1359179,2.23762659606194
Brevundimonas_nasdae,bacteria,3407832,338608,10.0642394745546
Brevundimonas_sp,bacteria,3276753,617261,5.30853996346957
Brevundimonas_subvibrioides,bacteria,3295975,724784,4.547527263295
Brevundimonas_vancanneytii,bacteria,3383349,1516252,2.2313896370788
Brevundimonas_vesicularis,bacteria,3392676,1338995,2.53374864497203
Brevundimonas_viscosa,bacteria,2996830,566713,5.28809115019419
Breznakia_blatticola,bacteria,2461343,129939,18.942296000431
Breznakibacter_xylanolyticus,bacteria,4380952,259607,16.8753230845085
Brochothrix_campestris,bacteria,2372850,112060,21.1748170622881
Brochothrix_thermosphacta,bacteria,2628795,704468,3.73160313882249
Brucella_abortus,bacteria,3284347,981562,3.34604184701581
Brucella_anthropi,bacteria,5022094,1036382,4.84579640798297
Brucella_canis,bacteria,3312769,1209991,2.73784598397839
Brucella_ceti,bacteria,3389269,727415,4.65933339290501
Brucella_cytisi,bacteria,5965364,371847,16.0425228655872
Brucella_grignonensis,bacteria,4838271,601312,8.04619066308339
Brucella_haematophila,bacteria,5196234,1635193,3.17775032603195
Brucella_intermedia,bacteria,4957040,921638,5.37851378660265
Brucella_lupini,bacteria,5582813,521401,10.7073308259861
Brucella_melitensis,bacteria,3305992,1214220,2.72272797276497
Brucella_microti,bacteria,3337369,1228315,2.71703024061417
Brucella_neotomae,bacteria,3329628,1215899,2.73840837109003
Brucella_oryzae,bacteria,4467006,303464,14.7200524609179
Brucella_ovis,bacteria,3283228,830316,3.95419093453577
Brucella_pecoris,bacteria,5057340,587991,8.60105001607168
Brucella_pinnipedialis,bacteria,3373519,1150784,2.93149626689283
Brucella_pseudogrignonensis,bacteria,5262184,1266278,4.15563051715342
Brucella_rhizosphaerae,bacteria,4904011,719646,6.81447684000189
Brucella_sp,bacteria,3374906,914703,3.68961879983288
Brucella_suis,bacteria,3319885,1187935,2.79466890023444
Brucella_thiophenivorans,bacteria,4364783,556111,7.8487622075449
Brucella_vulpis,bacteria,3238137,1207072,2.68263782110761
Brucellaceae_bacterium,bacteria,5419586,578044,9.37573264318979
Bruguierivorax_albus,bacteria,5661159,393472,14.3877048430384
Brumimicrobium_aurantiacum,bacteria,3423338,584864,5.85322057777535
Brumimicrobium_glaciale,bacteria,4271785,775082,5.51139750374799
Brumimicrobium_salinarum,bacteria,3413539,455595,7.49248565063269
Brumimicrobium_sp,bacteria,3846876,515693,7.45962423379802
Bryobacterales_bacterium,bacteria,5214485,54177,96.2499423181638
Bryocella_elongata,bacteria,5669524,1091376,5.19484027502895
Bubo_bubo,ensembl,1258069325,7859242,160.075147832323
Buchananella_hordeovulneris,bacteria,2522126,316619,7.96582006420977
Buchnera_aphidicola,bacteria,584498,251362,2.32532132410495
Budvicia_aquatica,bacteria,5946490,2504961,2.37388526208592
Burkholderia_aenigmatica,bacteria,9325364,1196443,7.79424009334335
Burkholderia_ambifaria,bacteria,7616622,935958,8.13777984023146
Burkholderia_anthina,bacteria,7314735,542052,13.4945254329843
Burkholderia_catarinensis,bacteria,8137374,95238,85.4425124425124
Burkholderia_cenocepacia,bacteria,8008559,1121820,7.13889758424838
Burkholderia_cepacia,bacteria,8263891,1464233,5.64383753030659
Burkholderia_contaminans,bacteria,8489134,897986,9.45352345058309
Burkholderia_cordobensis,bacteria,8208096,618286,13.2755650297759
Burkholderia_diffusa,bacteria,6857833,2235887,3.067164396054
Burkholderia_dolosa,bacteria,6414748,2094174,3.06313969135325
Burkholderia_gladioli,bacteria,8790931,2473067,3.55466811933007
Burkholderia_glumae,bacteria,7079467,2359568,3.00032378815185
Burkholderia_lata,bacteria,8731643,2752459,3.17230629048425
Burkholderia_latens,bacteria,6614478,2151447,3.07443223095898
Burkholderia_mallei,bacteria,5839024,1587072,3.67911653045411
Burkholderia_mayonis,bacteria,6974222,2444025,2.85358105043546
Burkholderia_metallica,bacteria,7424240,2381242,3.11780155061938
Burkholderia_multivorans,bacteria,6905595,940725,7.34071348617928
Burkholderia_oklahomensis,bacteria,7174317,2494533,2.87601607194613
Burkholderia_orbicola,bacteria,7625253,2394854,3.18401560178616
Burkholderia_plantarii,bacteria,7896538,2641703,2.98918462824928
Burkholderia_pseudomallei,bacteria,7315331,1638475,4.46471919117719
Burkholderia_pseudomultivorans,bacteria,7681515,551473,13.9290989124571
Burkholderia_puraquae,bacteria,8098134,717338,11.2891468178181
Burkholderia_pyrrocinia,bacteria,7981164,1287592,6.19852101144902
Burkholderia_reimsis,bacteria,8933938,474953,18.8101517413302
Burkholderia_seminalis,bacteria,7550216,621263,12.1530108826697
Burkholderia_singularis,bacteria,5549773,401071,13.837398911164
Burkholderia_sp,bacteria,7888895,1284186,6.14311025675734
Burkholderia_stabilis,bacteria,8447510,2628324,3.21402888760684
Burkholderia_stagnalis,bacteria,7629080,553890,13.7736373648197
Burkholderia_territorii,bacteria,7242429,442218,16.3775268957018
Burkholderia_thailandensis,bacteria,6785521,2367295,2.86636105055793
Burkholderia_ubonensis,bacteria,7695415,520485,14.7850743610234
Burkholderia_vietnamiensis,bacteria,7275308,723492,10.0558234691376
Burkholderiaceae_bacterium,bacteria,6330201,531814,11.9030424816712
Burkholderiales_bacterium,bacteria,4638288,537001,8.63739687895035
Buteo_japonicus,ensembl,1259715124,7316854,172.16622389896
Buttiauxella_agrestis,bacteria,5005840,1363017,3.67261743617284
Buttiauxella_brennerae,bacteria,4758272,554378,8.58308230124572
Buttiauxella_gaviniae,bacteria,5068083,413168,12.2663976881075
Buttiauxella_izardii,bacteria,4769981,313070,15.2361484651995
Buttiauxella_noackiae,bacteria,4803576,311116,15.4398230884943
Buttiauxella_sp,bacteria,5241293,1214007,4.31734880495977
Buttiauxella_warmboldiae,bacteria,4301460,184422,23.3240068972248
Butyrate_producing,bacteria,3601020,1456741,2.4719699658347
Butyribacter_intestini,bacteria,3610525,1115520,3.23662955393001
Butyricicoccus_porcorum,bacteria,2896918,415503,6.97207481053085
Butyricicoccus_pullicaecorum,bacteria,3251083,415852,7.8178776600989
Butyricicoccus_sp,bacteria,3401727,339512,10.0194577554469
Butyricimonas_faecalis,bacteria,4976422,2251736,2.21003794405739
Butyricimonas_sp,bacteria,4861725,694079,7.00457513091099
Butyricimonas_virosa,bacteria,4837930,339845,14.2357106285813
Butyrivibrio_crossotus,bacteria,2293180,384192,5.96884496403486
Butyrivibrio_fibrisolvens,bacteria,4911191,832598,5.89863219359475
Butyrivibrio_hungatei,bacteria,3393878,820259,4.1375674684998
Butyrivibrio_proteoclasticus,bacteria,4286905,1011594,4.23777177405165
Butyrivibrio_sp,bacteria,3568153,375634,9.49900896510329
Caballeronia_arationis,bacteria,9377494,238363,39.3412316508854
Caballeronia_arvi,bacteria,9665767,490546,19.7040991058942
Caballeronia_calidae,bacteria,9609693,395400,24.3037253414264
Caballeronia_choica,bacteria,9776207,203684,47.9969315213763
Caballeronia_glathei,bacteria,8637375,310349,27.8311674920815
Caballeronia_glebae,bacteria,7842312,280649,27.9434881293003
Caballeronia_grimmiae,bacteria,6704301,435424,15.3971783824502
Caballeronia_hypogeia,bacteria,8333271,604283,13.790344921171
Caballeronia_insecticola,bacteria,6964487,1941924,3.5863849460638
Caballeronia_jiangsuensis,bacteria,8611053,421529,20.428138989251
Caballeronia_megalochromosomata,bacteria,9505673,208849,45.5145727295798
Caballeronia_novacaledonica,bacteria,6777170,597044,11.3512069462217
Caballeronia_pedi,bacteria,9141307,520930,17.548052521452
Caballeronia_peredens,bacteria,6726081,490900,13.7015298431452
Caballeronia_sordidicola,bacteria,9301391,1009227,9.21634894420459
Caballeronia_telluris,bacteria,7056109,491095,14.3681141123408
Caballeronia_terrestris,bacteria,8201357,332060,24.6984189604288
Caballeronia_udeis,bacteria,10804932,1868353,5.78313172082578
Caedibacter_sp,bacteria,1895236,140681,13.471868980175
Caenibius_tardaugens,bacteria,4291514,620560,6.91555047054274
Caenispirillum_bisanense,bacteria,5275453,715675,7.37129702728194
Caenispirillum_salinarum,bacteria,4952465,381148,12.9935484378772
Caenorhabditis_elegans,ensembl,100286401,11466639,8.74592816604761
Cairina_moschata,ensembl,1109207201,15520707,71.4662805631213
Cajanus_cajan,plants,592816859,10823237,54.772602595693
Caldalkalibacillus_thermarum,bacteria,2895463,92379,31.3433031316641
Caldanaerobacter_subterraneus,bacteria,2454145,340211,7.21359143967042
Caldanaerobius_fijiensis,bacteria,2760766,210603,13.108863596435
Caldanaerovirga_acetigignens,bacteria,2264710,242891,9.32397659855655
Caldibacillus_debilis,bacteria,3150418,176894,17.8096374099743
Caldibacillus_hisashii,bacteria,3835459,141406,27.1237359093674
Caldibacillus_thermoamylovorans,bacteria,3838626,456953,8.40047634331733
Caldicellulosiruptor_bescii,bacteria,2931662,1290170,2.27230675027322
Caldicellulosiruptor_changbaiensis,bacteria,2905633,1288388,2.25524686662713
Caldicellulosiruptor_hydrothermalis,bacteria,2770676,1256617,2.20486910490627
Caldicellulosiruptor_kristjanssonii,bacteria,2802443,1229866,2.27865718704314
Caldicellulosiruptor_kronotskyensis,bacteria,2843785,1274927,2.23054731761113
Caldicellulosiruptor_lactoaceticus,bacteria,2674809,1170391,2.28539778586814
Caldicellulosiruptor_obsidiansis,bacteria,2532343,1130742,2.23954093860492
Caldicellulosiruptor_owensensis,bacteria,2428903,1095245,2.21768006245178
Caldicellulosiruptor_saccharolyticus,bacteria,2970275,1319924,2.25033789824263
Caldicoprobacter_faecalis,bacteria,2579145,157003,16.4273612606129
Caldicoprobacter_oshimai,bacteria,2693766,39684,67.8804052010886
Caldilinea_aerophila,bacteria,5144873,2300372,2.23653956838285
Caldilineae_bacterium,bacteria,3781645,29764,127.054327375353
Caldimicrobium_thiodismutans,bacteria,1814952,838253,2.16516016047661
Caldisalinibacter_kiritimatiensis,bacteria,2788198,69172,40.3081882842769
Caldisphaera_lagunensis,bacteria,1546846,678270,2.28057558199537
Caldisphaera_sp,bacteria,907255,56185,16.1477720723687
Calditerrivibrio_nitroreducens,bacteria,2216552,1028716,2.15467825911136
Caldithrix_abyssi,bacteria,4955439,2165113,2.2887669142442
Calditrichaeota_bacterium,bacteria,3903120,63875,61.1054714178642
Caldivirga_maquilingensis,bacteria,2077567,922786,2.25140715182068
Calidifontibacter_indicus,bacteria,3600642,1621022,2.22121723209185
Calidithermus_roseus,bacteria,3675477,140050,26.2440342734738
Calidithermus_terrae,bacteria,4432248,69677,63.6113495127517
Calidris_pugnax,ensembl,1229094286,10112131,121.546515368521
Calidris_pygmaea,ensembl,1178350366,5874762,200.578400622868
Callithrix_jacchus,ensembl,2829711198,28893707,97.9352077599458
Callorhinchus_milii,ensembl,974498586,7714862,126.314454620186
Caloramator_australicus,bacteria,2638447,148705,17.7428264012643
Caloramator_fervidus,bacteria,1763241,155519,11.3377850937828
Caloramator_mitchellensis,bacteria,2419359,310498,7.79186661427771
Caloramator_proteoclasticus,bacteria,2655018,115112,23.0646500799222
Caloramator_quimbayensis,bacteria,3131359,232786,13.4516637598481
Caloramator_sp,bacteria,2984770,1322763,2.25646619991639
Caloranaerobacter_azorensis,bacteria,2442917,92909,26.2937890505174
Caloranaerobacter_sp,bacteria,2261881,422966,5.34766624267672
Calothrix_brevissima,bacteria,9257480,3541846,2.61374435816803
Calothrix_desertica,bacteria,11421054,695212,16.4281600432674
Calothrix_elsteri,bacteria,7006470,55172,126.993221199159
Calothrix_parasitica,bacteria,9491741,3603796,2.63381750798325
Calothrix_sp,bacteria,7851078,2667166,2.94360306297007
Camarhynchus_parvulus,ensembl,1064016364,15396573,69.1073503175025
Camelimonas_lactis,bacteria,4176633,471413,8.85981718790105
Camelina_sativa,plants,641356059,30584319,20.9700944788079
Camelus_dromedarius,ensembl,2154386959,20137145,106.985720120702
Caminibacter_mediatlanticus,bacteria,1685887,804350,2.09596195685958
Caminibacter_pacificus,bacteria,1858153,515180,3.60680344733879
Caminicella_sporogenes,bacteria,2473921,280013,8.83502194540968
Campylobacter_aviculae,bacteria,1697678,167074,10.1612339442403
Campylobacter_avium,bacteria,1738633,813054,2.13839794158814
Campylobacter_blaseri,bacteria,1869677,303114,6.16823043475392
Campylobacter_coli,bacteria,1773202,322553,5.49739367422068
Campylobacter_concisus,bacteria,1942421,405696,4.78787667403837
Campylobacter_cuniculorum,bacteria,1937768,864043,2.24267542240375
Campylobacter_curvus,bacteria,1971270,903981,2.18065423941432
Campylobacter_estrildidarum,bacteria,1658021,193151,8.58406635223219
Campylobacter_fetus,bacteria,1855502,651857,2.84648481365043
Campylobacter_geochelonis,bacteria,2098701,371995,5.64174518474711
Campylobacter_gracilis,bacteria,2255573,339947,6.63507252601141
Campylobacter_helveticus,bacteria,1829633,168481,10.8595940902465
Campylobacter_hepaticus,bacteria,1518322,129030,11.767201426025
Campylobacter_hominis,bacteria,1714951,749896,2.28691845269211
Campylobacter_hyointestinalis,bacteria,1788896,468051,3.82201348754943
Campylobacter_iguaniorum,bacteria,1754638,803736,2.18310241173719
Campylobacter_insulaenigrae,bacteria,1922195,871476,2.20567692053482
Campylobacter_jejuni,bacteria,1843135,334529,5.50964160507128
Campylobacter_lanienae,bacteria,1603323,742187,2.16026778516286
Campylobacter_lari,bacteria,1742922,746552,2.33463015288196
Campylobacter_mucosalis,bacteria,1751734,306431,5.71656914607204
Campylobacter_novaezeelandiae,bacteria,1571819,195786,8.0282502323966
Campylobacter_ornithocola,bacteria,1668500,197601,8.44378317923492
Campylobacter_peloridis,bacteria,1762793,827530,2.13018621681389
Campylobacter_pinnipediorum,bacteria,1770501,813750,2.17573221243147
Campylobacter_rectus,bacteria,2502224,156930,15.9448892655619
Campylobacter_showae,bacteria,2128177,184546,11.5319386820654
Campylobacter_sp,bacteria,1885893,376976,5.00268645025871
Campylobacter_sputorum,bacteria,1767942,818585,2.15975372136064
Campylobacter_subantarcticus,bacteria,1782536,836825,2.13011800555672
Campylobacter_taeniopygiae,bacteria,1725278,165749,10.4089798430156
Campylobacter_upsaliensis,bacteria,1710503,788306,2.1698454756638
Campylobacter_ureolyticus,bacteria,1687760,617600,2.73277342355361
Campylobacter_volucris,bacteria,1569087,400587,3.91696934748257
Campylobacter_vulpis,bacteria,1572969,69388,22.6691791087796
Campylobacterales_bacterium,bacteria,2257141,106488,21.1962005108557
Candida_albicans,fungi,14323179,2234843,6.40903141741948
Candida_auris,fungi,12365959,1824376,6.77818552754476
Candida_duobushaemulonis,fungi,12580400,2336557,5.38416139644785
Candida_glabrata,fungi,12338305,1358398,9.08298230709998
Candida_haemuloni,fungi,13314323,1746828,7.62199999084054
Candida_parapsilosis,fungi,13030174,2189577,5.95100058139084
Candida_pseudohaemulonis,fungi,12591275,1602204,7.85872148615283
Candida_tropicalis,fungi,14630139,1997272,7.32506088304447
Candidate_division,bacteria,1815742,99062,18.3293948862613
Candidatus_abyssubacteria,bacteria,5103455,158637,32.1706474529902
Candidatus_accumulibacter,bacteria,4633807,404326,11.4605866230714
Candidatus_acetothermia,bacteria,1838726,172578,10.6544634889731
Candidatus_acidianus,bacteria,2454023,268505,9.13958026852386
Candidatus_aenigmarchaeota,bacteria,834846,30951,26.9732621495738
Candidatus_aerophobetes,bacteria,1817027,44272,41.0423518250813
Candidatus_altiarchaeales,bacteria,1354671,61851,21.9021884530552
Candidatus_altiarchaeum,bacteria,1296433,28075,46.178317215504
Candidatus_aminicenantes,bacteria,2950340,95079,31.0302736449746
Candidatus_amoebophilus,bacteria,1884364,772079,2.44063625613441
Candidatus_angelobacter,bacteria,6482446,136727,47.4116012199492
Candidatus_aquarickettsia,bacteria,1284848,32401,39.6545785623901
Candidatus_aquiluna,bacteria,1536027,610181,2.51732955740455
Candidatus_aramenus,bacteria,1798894,256110,7.02391160048417
Candidatus_arthromitus,bacteria,1588962,517266,3.07184564495788
Candidatus_atelocyanobacterium,bacteria,1443806,587541,2.45737063455997
Candidatus_atribacteria,bacteria,1931202,48191,40.0741960176706
Candidatus_azobacteroides,bacteria,1224919,433751,2.82401423858389
Candidatus_bathyarchaeota,bacteria,1210456,37478,32.2977785548788
Candidatus_berkiella,bacteria,3307804,412712,8.01480937652573
Candidatus_bipolaricaulis,bacteria,1701655,775003,2.19567537157921
Candidatus_blochmannia,bacteria,748606,302798,2.4722934101282
Candidatus_borreliella,bacteria,1097749,461884,2.37667682794814
Candidatus_brocadia,bacteria,3625136,406458,8.91884890068548
Candidatus_buchananbacteria,bacteria,1184984,89562,13.2308791675041
Candidatus_burkholderia,bacteria,4641057,94561,49.0801653963193
Candidatus_caldarchaeum,bacteria,1680938,779701,2.15587513675114
Candidatus_carsonella,bacteria,159662,73178,2.18183060482659
Candidatus_chloroploca,bacteria,5841167,318728,18.3264946913983
Candidatus_chryseobacterium,bacteria,4408720,189474,23.2682056641017
Candidatus_cloacimonas,bacteria,2327885,280858,8.28846847119499
Candidatus_cloacimonetes,bacteria,2938620,191582,15.3386955056695
Candidatus_competibacter,bacteria,4084870,267944,15.2452378108859
Candidatus_competibacteraceae,bacteria,3525913,279142,12.6312510000884
Candidatus_contendobacter,bacteria,4611646,116698,39.5177809388336
Candidatus_cyclonatronum,bacteria,4294247,1827661,2.34958616504921
Candidatus_dactylopiibacterium,bacteria,3578638,170718,20.9622769713797
Candidatus_dadabacteria,bacteria,2827757,60313,46.8846931838907
Candidatus_dehalogenimonas,bacteria,2023475,435898,4.64208369847992
Candidatus_delongbacteria,bacteria,3091343,96885,31.9073437580637
Candidatus_desulfofervidus,bacteria,2540211,1130899,2.24618732530491
Candidatus_desulforudis,bacteria,2349476,1019849,2.30374888831582
Candidatus_desulfosporosinus,bacteria,5321430,77059,69.0565670460297
Candidatus_desulfovibrio,bacteria,1410056,610465,2.30980645901075
Candidatus_diapherotrites,bacteria,721067,43162,16.7061382982174
Candidatus_dormibacteraeota,bacteria,2960892,144481,20.4932966964514
Candidatus_edwardsbacteria,bacteria,2681479,204559,13.1086144061479
Candidatus_eisenbacteria,bacteria,3722320,182886,20.3532255065997
Candidatus_electrothrix,bacteria,3734523,124091,30.0950350952124
Candidatus_endobugula,bacteria,3350348,142430,23.5227690795479
Candidatus_endolissoclinum,bacteria,4091923,114768,35.654017905766
Candidatus_endomicrobium,bacteria,1884423,346527,5.43802028122842
Candidatus_entotheonella,bacteria,9538710,63666,149.824244232924
Candidatus_eremiobacter,bacteria,2635737,373471,7.05740740244892
Candidatus_eremiobacteraeota,bacteria,1949983,164454,11.8573157235458
Candidatus_erwinia,bacteria,2858157,39480,72.3950607902736
Candidatus_fermentibacteria,bacteria,2987531,92877,32.166535669039
Candidatus_filomicrobium,bacteria,3969942,1737889,2.284347274193
Candidatus_firestonebacteria,bacteria,3132398,125020,25.0551751719725
Candidatus_frackibacter,bacteria,2771211,245528,11.2867412270698
Candidatus_frankia,bacteria,5109438,1117925,4.57046786254349
Candidatus_gallionella,bacteria,3434294,94794,36.229022933941
Candidatus_gastranaerophilales,bacteria,2131395,182741,11.6634927707877
Candidatus_goldbacteria,bacteria,2862642,387795,7.38184349978726
Candidatus_hadarchaeum,bacteria,1231125,62278,19.7682167057388
Candidatus_halobonum,bacteria,3675087,242483,15.1560604248545
Candidatus_haloredivivus,bacteria,1198604,35882,33.4040465971796
Candidatus_hamiltonella,bacteria,2215434,898669,2.46523860463322
Candidatus_heimdallarchaeota,bacteria,3103229,79773,38.9007417923358
Candidatus_hydrogenedentes,bacteria,2896317,73714,39.2913587001987
Candidatus_hydrothermae,bacteria,1678300,32159,52.1875680213937
Candidatus_ichthyocystis,bacteria,2149384,879848,2.44290377428829
Candidatus_jettenia,bacteria,4087350,1239556,3.29743069292553
Candidatus_jidaibacter,bacteria,2370652,224763,10.5473409769402
Candidatus_kentron,bacteria,4049855,16322,248.122472736184
Candidatus_kerfeldbacteria,bacteria,1231777,86499,14.2403228929731
Candidatus_kinetoplastibacterium,bacteria,820980,375442,2.18670127476414
Candidatus_komeilibacteria,bacteria,1023319,52982,19.3144652900985
Candidatus_korarchaeota,bacteria,1823627,37028,49.2499459868208
Candidatus_korarchaeum,bacteria,1680154,456023,3.68436131510911
Candidatus_koribacter,bacteria,5650368,2528218,2.23492119746003
Candidatus_kryptobacter,bacteria,2680691,405496,6.61089381892793
Candidatus_kryptonium,bacteria,2592687,375334,6.90767956007183
Candidatus_kuenenia,bacteria,4406153,1790609,2.46070080067731
Candidatus_lambdaproteobacteria,bacteria,3076372,332998,9.23840984029934
Candidatus_latescibacteria,bacteria,3407076,44120,77.2229317769719
Candidatus_liberibacter,bacteria,1227328,491760,2.49578656255084
Candidatus_lindowbacteria,bacteria,4388263,414033,10.5988242483087
Candidatus_lokiarchaeota,bacteria,3740615,61311,61.0104956696188
Candidatus_lokiarchaeum,bacteria,5143417,60931,84.4137959331047
Candidatus_lumbricidophila,bacteria,2847834,207301,13.7376761327731
Candidatus_magasanikbacteria,bacteria,1438113,211490,6.79991016123694
Candidatus_magnetobacterium,bacteria,6310441,58515,107.843134239084
Candidatus_magnetoglobus,bacteria,12453848,52608,236.729166666667
Candidatus_magnetominusculus,bacteria,3593273,120827,29.7389904574309
Candidatus_magnetomorum,bacteria,14290418,103620,137.911773788844
Candidatus_magnetoovum,bacteria,3816933,38382,99.4459121463186
Candidatus_mancarchaeum,bacteria,952257,424912,2.24106873893889
Candidatus_margulisbacteria,bacteria,3172687,163297,19.4289926605898
Candidatus_marinarcus,bacteria,2533736,413662,6.12513598058318
Candidatus_marinimicrobia,bacteria,2562309,141454,18.1140823165128
Candidatus_marsarchaeota,bacteria,1787265,69739,25.6278938825297
Candidatus_melainabacteria,bacteria,2891327,361052,8.00805977900234
Candidatus_methanodesulfokores,bacteria,2942065,107500,27.3680465116279
Candidatus_methanohalarchaeum,bacteria,2141311,724830,2.95422512865086
Candidatus_methanomassiliicoccus,bacteria,1931651,855192,2.25873371126016
Candidatus_methanomethylophilus,bacteria,1685556,534970,3.15074667691853
Candidatus_methanoperedenaceae,bacteria,2454239,121004,20.282380261728
Candidatus_methanoperedens,bacteria,3488864,261272,13.3533958906119
Candidatus_methanoplasma,bacteria,1488669,678381,2.19444383023699
Candidatus_methanosuratincola,bacteria,1512112,448983,3.36786025306081
Candidatus_methylomirabilis,bacteria,2653810,740323,3.58466507186728
Candidatus_methylopumilus,bacteria,1555708,727966,2.13706281410314
Candidatus_methylumidiphilus,bacteria,6572141,91377,71.9233614585727
Candidatus_micrarchaeota,bacteria,921437,60981,15.1102791860831
Candidatus_micrarchaeum,bacteria,995346,192328,5.17525009359012
Candidatus_micropelagos,bacteria,1957724,632327,3.09606263847661
Candidatus_midichloria,bacteria,1183732,467001,2.53475260224282
Candidatus_moanabacter,bacteria,2634065,1137440,2.31578368968913
Candidatus_moduliflexus,bacteria,7147157,1292633,5.52914632382122
Candidatus_moranella,bacteria,538294,216338,2.48820826669378
Candidatus_nanobsidianus,bacteria,547612,85422,6.41066313908205
Candidatus_nanoclepta,bacteria,575637,142587,4.03709314313367
Candidatus_nanopusillus,bacteria,605887,279548,2.16738091490549
Candidatus_nanosalina,bacteria,1227157,391013,3.13840460547348
Candidatus_nanosalinarum,bacteria,1215802,439978,2.76332452986286
Candidatus_neoehrlichia,bacteria,1268660,470519,2.69629919301877
Candidatus_nitrosarchaeum,bacteria,1814139,411635,4.4071531818237
Candidatus_nitrosocaldus,bacteria,1577284,689714,2.28686673026791
Candidatus_nitrosocosmicus,bacteria,2836447,1036015,2.73784356404106
Candidatus_nitrosoglobus,bacteria,2018309,896079,2.25237841752792
Candidatus_nitrosomarinus,bacteria,1360076,628101,2.16537786120385
Candidatus_nitrosopelagicus,bacteria,1238836,519885,2.38290391144195
Candidatus_nitrosopumilus,bacteria,1634609,538697,3.03437492071919
Candidatus_nitrososphaera,bacteria,2894121,1209120,2.39357689624557
Candidatus_nitrosotalea,bacteria,1791979,712228,2.51601992434067
Candidatus_nitrosotenuis,bacteria,1636125,396475,4.12667885743111
Candidatus_nitrospira,bacteria,3944866,985095,4.00455523056329
Candidatus_nitrotoga,bacteria,2830056,295160,9.58820809052717
Candidatus_odinarchaeum,bacteria,1460710,583046,2.50530832901692
Candidatus_omnitrophica,bacteria,1895315,101372,18.6966074533434
Candidatus_omnitrophus,bacteria,3145901,99984,31.4640442470795
Candidatus_ornithobacterium,bacteria,1924273,421070,4.5699598641556
Candidatus_ozemobacter,bacteria,5683244,380107,14.9516951805676
Candidatus_pacearchaeota,bacteria,729315,63739,11.4422026632918
Candidatus_pandoraea,bacteria,1157259,389196,2.97346067277156
Candidatus_paraburkholderia,bacteria,4038018,139310,28.9859162680742
Candidatus_parvarchaeota,bacteria,337918,11670,28.9561268209083
Candidatus_parvibacillus,bacteria,3578419,246538,14.5146752224809
Candidatus_pelagibacter,bacteria,1349535,573224,2.35428798856792
Candidatus_peregrinibacteria,bacteria,1248067,184675,6.75816444573527
Candidatus_peribacter,bacteria,1247854,562074,2.22008845810338
Candidatus_peribacteria,bacteria,1379336,236692,5.82755437446133
Candidatus_phaeomarinobacter,bacteria,3415905,1545560,2.21014066099019
Candidatus_photodesmus,bacteria,1015921,354669,2.86442006490559
Candidatus_phycosocius,bacteria,3332539,523376,6.36738979242457
Candidatus_phytoplasma,bacteria,740951,286370,2.58739043894263
Candidatus_planktophila,bacteria,1356674,648957,2.090544496645
Candidatus_poribacteria,bacteria,5178295,206325,25.0977934919506
Candidatus_poseidoniales,bacteria,1774202,108727,16.3179716376471
Candidatus_promineofilum,bacteria,5033966,2052146,2.45302527208103
Candidatus_propionivibrio,bacteria,3794077,75286,50.39551842308
Candidatus_protochlamydia,bacteria,2622321,792383,3.30941055861454
Candidatus_pseudothioglobus,bacteria,1714148,809773,2.11682533253146
Candidatus_puniceispirillum,bacteria,2840262,670600,4.23540727364097
Candidatus_raymondbacteria,bacteria,5337885,133455,39.9976396538159
Candidatus_reconcilbacillus,bacteria,2922051,196172,14.8953520380075
Candidatus_rhodobacter,bacteria,5037502,2010494,2.5056040953119
Candidatus_rhodoluna,bacteria,1424506,676983,2.10419759432659
Candidatus_riesia,bacteria,582127,236097,2.46562641626111
Candidatus_riflebacteria,bacteria,5452589,360374,15.1303813959684
Candidatus_rokubacteria,bacteria,4992480,116009,43.0352203222573
Candidatus_rubidus,bacteria,2821221,1086862,2.59574904633707
Candidatus_ruthia,bacteria,1160782,475622,2.44055573543696
Candidatus_saccharibacteria,bacteria,1103628,314049,3.51419525211591
Candidatus_saccharicenans,bacteria,2899266,297519,9.74480957518679
Candidatus_saganbacteria,bacteria,1779718,56573,31.458787760946
Candidatus_scalindua,bacteria,4697095,204193,23.0031734630579
Candidatus_schekmanbacteria,bacteria,2746771,261200,10.5159686064319
Candidatus_sedimenticola,bacteria,2983683,93964,31.7534694138181
Candidatus_sodalis,bacteria,4513140,1850574,2.43877845468487
Candidatus_solibacter,bacteria,9965640,4548620,2.19091504676144
Candidatus_stoquefichus,bacteria,3143616,71506,43.9629681425335
Candidatus_streptomyces,bacteria,7661915,625279,12.2535939956403
Candidatus_sulcia,bacteria,255482,118621,2.15376379740575
Candidatus_sulfobium,bacteria,2770094,97979,28.2723236611927
Candidatus_sulfotelmatobacter,bacteria,5391637,163592,32.9578280111497
Candidatus_symbiobacter,bacteria,2991840,1353760,2.21002245597447
Candidatus_symbiothrix,bacteria,3519982,99326,35.4386766808288
Candidatus_synechococcus,bacteria,2209101,39557,55.8460196678211
Candidatus_syntrophoarchaeum,bacteria,1561522,329680,4.73648498010947
Candidatus_syntrophonatronum,bacteria,1973761,64086,30.7986299659832
Candidatus_syntrophosphaera,bacteria,1753479,222471,7.88183178931187
Candidatus_tenderia,bacteria,3763866,1673023,2.24973954332965
Candidatus_terasakiella,bacteria,3687561,501677,7.35046852855523
Candidatus_terraquivivens,bacteria,1536389,128824,11.9262637396758
Candidatus_terrybacteria,bacteria,783495,93199,8.40668891297117
Candidatus_thermochlorobacteriaceae,bacteria,3059647,227054,13.4754155399156
Candidatus_thermoflexus,bacteria,2931246,111144,26.3734074713885
Candidatus_thermofonsia,bacteria,3645580,61431,59.3442968533802
Candidatus_thiodiazotropha,bacteria,4624829,996638,4.64043167811237
Candidatus_thiodictyon,bacteria,7738984,3058973,2.52992883559286
Candidatus_thioglobus,bacteria,1600927,753565,2.1244703509319
Candidatus_thiomargarita,bacteria,7602235,146667,51.8333026515849
Candidatus_thorarchaeota,bacteria,2808041,88986,31.5559309780359
Candidatus_tokpelaia,bacteria,1566437,425053,3.68527743228682
Candidatus_uhrbacteria,bacteria,1069941,133228,8.03089941053432
Candidatus_vecturithrix,bacteria,8384694,976733,8.58442788356695
Candidatus_velamenicoccus,bacteria,1974201,889007,2.22068105200521
Candidatus_verstraetearchaeota,bacteria,1015123,29856,34.00064595774
Candidatus_vesicomyosocius,bacteria,1022154,439410,2.32619649074896
Candidatus_viadribacter,bacteria,3732719,1711628,2.18080038419563
Candidatus_viridilinea,bacteria,5862557,74953,78.2164356329967
Candidatus_wallbacteria,bacteria,5183875,408029,12.7046885205323
Candidatus_woesearchaeota,bacteria,830982,30940,26.858084395209
Candidatus_yanofskybacteria,bacteria,325844,95325,3.41824285339628
Candidatus_zinderia,bacteria,208564,97018,2.14974540806861
Candidimonas_bauzanensis,bacteria,5641410,585458,9.63589190001674
Candidimonas_nitroreducens,bacteria,5606995,650836,8.61506585376347
Candidimonas_sp,bacteria,3993927,704457,5.66951141091649
Canicola_haemoglobinophilus,bacteria,2436406,1094147,2.22676294867143
Canis_lupus,ensembl,2397515093,25394948,94.4091345070007
Cannabis_sativa,plants,875732045,18221586,48.0601438864872
Capnocytophaga_canimorsus,bacteria,2477234,675652,3.66643521474707
Capnocytophaga_canis,bacteria,2667906,210122,12.6969194136114
Capnocytophaga_cynodegmi,bacteria,2671899,545465,4.89839060764095
Capnocytophaga_gingivalis,bacteria,2752886,777676,3.53988743384134
Capnocytophaga_granulosa,bacteria,2843797,1256471,2.26332084067201
Capnocytophaga_haemolytica,bacteria,2688484,1194471,2.25077377349471
Capnocytophaga_leadbetteri,bacteria,2570458,777825,3.30467605481699
Capnocytophaga_ochracea,bacteria,2758197,1031306,2.67447044680978
Capnocytophaga_sp,bacteria,3110114,652896,4.7635709189109
Capnocytophaga_sputigena,bacteria,3017805,1306719,2.30945132246272
Capnocytophaga_stomatis,bacteria,2831350,1258567,2.24966171844646
Capra_hircus,ensembl,2982218453,27382072,108.911352926677
Caproiciproducens_sp,bacteria,3308050,1448150,2.28432828091013
Capsicum_annuum,plants,3063864880,17286143,177.243985543797
Capsulimonas_corticalis,bacteria,7601130,704440,10.7903157117711
Carassius_auratus,ensembl,1820635050,24940422,72.9993682544746
Carbonactinospora_thermoautotrophica,bacteria,5074543,1448393,3.5035677471515
Carboxydocella_sporoproducens,bacteria,2578924,163015,15.8201637886084
Carboxydocella_thermautotrophica,bacteria,2678168,1240175,2.15950813393271
Carboxydothermus_hydrogenoformans,bacteria,2401520,1096789,2.18959161698376
Carboxydothermus_islandicus,bacteria,2386596,202899,11.7624828116452
Carboxydothermus_pertinax,bacteria,2465639,278034,8.86812044570089
Cardiobacterium_hominis,bacteria,2644258,379173,6.97375076811904
Cardiobacterium_valvarum,bacteria,2654527,660025,4.02185750539752
Carideicomes_alvinocaridis,bacteria,5425078,284408,19.0749838260527
Carlito_syrichta,ensembl,3453864774,1442261,2394.75710290995
Carnobacterium_alterfunditum,bacteria,2548842,1052400,2.42193272519954
Carnobacterium_divergens,bacteria,2645038,435761,6.06992824048045
Carnobacterium_iners,bacteria,2571353,1049802,2.44936950015336
Carnobacterium_inhibens,bacteria,2497115,1027418,2.43047620345371
Carnobacterium_maltaromaticum,bacteria,3587918,858157,4.18095974557558
Carnobacterium_sp,bacteria,2649900,1132942,2.33895468611809
Carnobacterium_viridans,bacteria,2762327,1087312,2.54050999161234
Caryophanon_latum,bacteria,3590595,173203,20.7305589395103
Caryophanon_tenue,bacteria,3340962,434786,7.68415266360922
Castellaniella_defragrans,bacteria,3952818,1782272,2.21785339162597
Castor_canadensis,ensembl,2518306565,1756658,1433.57817230218
Catagonus_wagneri,ensembl,2640067814,12681909,208.1758995432
Catalinimonas_alkaloidigena,bacteria,7107765,841175,8.4498053318275
Catellatospora_citrea,bacteria,9327955,4069590,2.29211173607169
Catellicoccus_marimammalium,bacteria,1285866,237969,5.40350213683295
Catenibacterium_mitsuokai,bacteria,4795987,345495,13.8815133091844
Catenibacterium_sp,bacteria,2338059,82968,28.1802542345643
Catenovulum_agarivorans,bacteria,4572425,266404,17.1634997973003
Catenovulum_maritimum,bacteria,4549503,487381,9.3345924441043
Catenulispora_acidiphila,bacteria,10467782,4639586,2.25618880650127
Catharus_ustulatus,ensembl,1131616430,13895375,81.4383512499663
Catonella_morbi,bacteria,3479204,698058,4.98411879815144
Caulobacter_endophyticus,bacteria,5421256,328765,16.4897601630344
Caulobacter_flavus,bacteria,5745869,1418058,4.05192770676517
Caulobacter_henricii,bacteria,3957288,1752658,2.25787803439119
Caulobacter_mirabilis,bacteria,4577265,2077713,2.20303044741983
Caulobacter_radicis,bacteria,5556515,455442,12.2002825829442
Caulobacter_segnis,bacteria,4707486,1119991,4.20314627528257
Caulobacter_sp,bacteria,5145104,900313,5.7147950786492
Caulobacter_vibrioides,bacteria,4344629,1026890,4.23085977048507
Caulobacter_zeae,bacteria,5393480,382642,14.0953685167859
Caulobacteraceae_bacterium,bacteria,4060437,34235,118.604848838908
Caulobacterales_bacterium,bacteria,2919421,300248,9.72336535130958
Cavia_aperea,ensembl,2716396567,9147913,296.941670411601
Cavia_porcellus,ensembl,2723219641,18251404,149.206035930167
Caviibacterium_pharyngocola,bacteria,2486286,287149,8.65852223061895
Cebus_imitator,ensembl,2717703182,9033770,300.838208411328
Cecembia_calidifontis,bacteria,5044389,2253459,2.23850933165414
Cecembia_lonarensis,bacteria,4842844,147799,32.7664192585877
Cecembia_rubra,bacteria,4747752,735900,6.45162657969833
Cedecea_davisae,bacteria,4886981,2170385,2.25166548792035
Cedecea_lapagei,bacteria,4735110,2101854,2.25282566077988
Cedecea_neteri,bacteria,5268260,2025174,2.60138575724263
Cedecea_sp,bacteria,5353919,275725,19.4176044972346
Celeribacter_baekdonensis,bacteria,4404530,966358,4.55786537356411
Celeribacter_ethanolicus,bacteria,4157437,1837025,2.26313577659531
Celeribacter_halophilus,bacteria,3859742,323018,11.9489997461442
Celeribacter_indicus,bacteria,4969388,2081350,2.38757921541307
Celeribacter_marinus,bacteria,3096705,1399794,2.21225766077008
Celeribacter_neptunius,bacteria,4398584,821843,5.35209766342233
Celeribacter_persicus,bacteria,4299547,438073,9.81468157133628
Celerinatantimonas_diazotrophica,bacteria,3969436,596311,6.65665399430834
Cellulomonas_algicola,bacteria,4499308,64968,69.2542174609038
Cellulomonas_biazotea,bacteria,4376879,82331,53.1619802990368
Cellulomonas_bogoriensis,bacteria,3183361,58957,53.9946231999593
Cellulomonas_carbonis,bacteria,3976246,119027,33.4062523629093
Cellulomonas_cellasea,bacteria,3913703,68551,57.0918440285335
Cellulomonas_fimi,bacteria,4266344,1932102,2.20813600938253
Cellulomonas_flavigena,bacteria,4123179,1870466,2.20435923454369
Cellulomonas_gilvus,bacteria,3526441,1619193,2.17790034912453
Cellulomonas_hominis,bacteria,4212638,77869,54.0990381281383
Cellulomonas_marina,bacteria,3962632,423070,9.36637435885315
Cellulomonas_rhizosphaerae,bacteria,3657983,124491,29.3835136676547
Cellulomonas_shaoxiangyii,bacteria,3916853,960085,4.07969558929448
Cellulomonas_sp,bacteria,4049640,852430,4.75069937294578
Cellulophaga_algicola,bacteria,4888353,2179001,2.24339181120156
Cellulophaga_baltica,bacteria,4676836,1348411,3.46840631988552
Cellulophaga_fucicola,bacteria,3922041,997274,3.93276170841715
Cellulophaga_geojensis,bacteria,3888117,370648,10.4900525566036
Cellulophaga_lytica,bacteria,3859447,1772332,2.1776098320207
Cellulophaga_tyrosinoxydans,bacteria,3555791,960720,3.70117307852444
Cellulosilyticum_lentocellum,bacteria,4714237,2047824,2.30207136941456
Cellulosimicrobium_aquatile,bacteria,4317712,806592,5.35303102435928
Cellulosimicrobium_cellulans,bacteria,4532612,1079366,4.19932738308243
Cellulosimicrobium_funkei,bacteria,4658729,447290,10.415455297458
Cellulosimicrobium_sp,bacteria,4487326,1085863,4.13249737766182
Cellvibrio_japonicus,bacteria,4576573,2081382,2.19881453764854
Cellvibrio_mixtus,bacteria,4773886,1788900,2.66861535021522
Cellvibrio_sp,bacteria,5011177,1389787,3.60571670472207
Cellvibrionaceae_bacterium,bacteria,4921160,259452,18.9675161494226
Cellvibrionales_bacterium,bacteria,2277343,183971,12.3788169512224
Cenarchaeum_symbiosum,bacteria,2045086,938274,2.17962556779789
Centipeda_periodontii,bacteria,2761262,1220890,2.26167959439425
Cephaloticoccus_capnophilus,bacteria,2092503,121061,17.2846994490381
Cephaloticoccus_primus,bacteria,2356970,148414,15.8810489576455
Cercocebus_atys,ensembl,2848246356,15418010,184.73501807302
Cereibacter_azotoformans,bacteria,4414500,313055,14.1013559917586
Cereibacter_changlensis,bacteria,4902902,317851,15.4251825937036
Cereibacter_johrii,bacteria,4682077,761551,6.14808069321687
Cereibacter_ovatus,bacteria,3806065,398189,9.55843832953698
Cereibacter_sphaeroides,bacteria,4641502,1484037,3.12761948828758
Cervus_hanglu,ensembl,2594114534,22203908,116.831439492543
Cesiribacter_andamanensis,bacteria,4759956,105607,45.0723531584081
Cetobacterium_ceti,bacteria,2580907,341154,7.56522567520826
Cetobacterium_somerae,bacteria,3068248,133155,23.0426795839435
Chakrabartia_godavariana,bacteria,3683281,1084275,3.39699891632658
Chamaesiphon_minutus,bacteria,6761765,2721644,2.48444138910159
Chamaesiphon_polymorphus,bacteria,6089525,45887,132.706975831935
Chara_braunii,plants,1751211849,6468245,270.739875963264
Chelativorans_sp,bacteria,4565615,1305342,3.4976402726796
Chelatococcus_asaccharovorans,bacteria,7254611,760868,9.53465121413964
Chelatococcus_sambhunathii,bacteria,4373820,622737,7.0235428439293
Chelatococcus_sp,bacteria,5193786,1185800,4.37998439871817
Chelonobacter_oris,bacteria,2610727,342441,7.62387389360503
Chelonoidis_abingdonii,ensembl,2300739315,3527085,652.306172093953
Chelydra_serpentina,ensembl,2401360239,12981809,184.978860727345
Chenopodium_quinoa,plants,1333398936,8587000,155.2811151741
Chimaeribacter_arupi,bacteria,4740656,430341,11.0160454151475
Chimaeribacter_californicus,bacteria,4987908,476222,10.4739134269311
Chimaeribacter_coloradensis,bacteria,4686231,420334,11.1488268852865
Chinchilla_lanigera,ensembl,2390868971,18259833,130.935971374985
Chishuiella_changwenlii,bacteria,3443921,352460,9.77109742949555
Chitinasiproducens_palmae,bacteria,5363581,632206,8.48391347124197
Chitinimonas_sp,bacteria,4897708,419960,11.6623190303838
Chitinimonas_taiwanensis,bacteria,4075245,395730,10.2980441209916
Chitiniphilus_eburneus,bacteria,4337935,426930,10.1607640596819
Chitinispirillum_alkaliphilum,bacteria,4434773,316567,14.0089554501891
Chitinivibrio_alkaliphilus,bacteria,2591328,198587,13.0488299838358
Chitinophaga_arvensicola,bacteria,8316369,2922767,2.84537528992219
Chitinophaga_barathri,bacteria,6861820,680337,10.0859133047299
Chitinophaga_caeni,bacteria,5279921,2306229,2.28941748629473
Chitinophaga_costaii,bacteria,5074440,586697,8.64916643514455
Chitinophaga_dinghuensis,bacteria,7116247,999011,7.12329193572443
Chitinophaga_eiseniae,bacteria,8552642,1874687,4.56217064501968
Chitinophaga_filiformis,bacteria,8625518,1407255,6.12932126728987
Chitinophaga_ginsengisegetis,bacteria,7934943,2092913,3.7913391526547
Chitinophaga_ginsengisoli,bacteria,8501157,884863,9.6073143526173
Chitinophaga_jiangningensis,bacteria,7182135,874415,8.21364569455007
Chitinophaga_lutea,bacteria,6609774,2103006,3.14301243077766
Chitinophaga_niabensis,bacteria,7130081,2666105,2.6743436586331
Chitinophaga_niastensis,bacteria,7326416,1553582,4.71582188774072
Chitinophaga_parva,bacteria,6146060,1810247,3.39514994362648
Chitinophaga_pinensis,bacteria,9127347,4071241,2.24190781140198
Chitinophaga_rupis,bacteria,8387119,1397605,6.00106539401333
Chitinophaga_sancti,bacteria,8244109,552646,14.9175222475147
Chitinophaga_silvatica,bacteria,6810585,869679,7.83114804427841
Chitinophaga_silvisoli,bacteria,8355436,1182267,7.06730036446928
Chitinophaga_skermanii,bacteria,6114601,869978,7.02845474253372
Chitinophaga_solisilvae,bacteria,7929525,147862,53.6278759924795
Chitinophaga_sp,bacteria,8328559,2122533,3.92387727305064
Chitinophaga_terrae,bacteria,6630860,447122,14.8300911160712
Chitinophagaceae_bacterium,bacteria,4876407,440602,11.0676104450567
Chlamydia_abortus,bacteria,1481747,448742,3.30199884566273
Chlamydia_avium,bacteria,1048269,474630,2.20860249036091
Chlamydia_caviae,bacteria,1181356,534272,2.21115087446095
Chlamydia_gallinacea,bacteria,1067202,485274,2.19917407485256
Chlamydia_muridarum,bacteria,1076702,488826,2.20262956822015
Chlamydia_pecorum,bacteria,1105101,503790,2.19357470374561
Chlamydia_pneumoniae,bacteria,1232308,551963,2.23259077148287
Chlamydia_poikilotherma,bacteria,1162663,526047,2.21018844323796
Chlamydia_psittaci,bacteria,1247053,268934,4.63703085073788
Chlamydia_serpentis,bacteria,1206142,539804,2.2344073033916
Chlamydia_sp,bacteria,1120737,508724,2.2030354376833
Chlamydia_suis,bacteria,1098010,500229,2.19501468327506
Chlamydia_trachomatis,bacteria,1379213,334757,4.12004001408484
Chlamydiales_bacterium,bacteria,2834110,720897,3.93136606200331
Chlamydomonas_reinhardtii,plants,111098438,8720825,12.7394412799248
Chloracidobacterium_sp,bacteria,3411091,189594,17.9915556399464
Chlorobaculum_limnaeum,bacteria,2797276,1206394,2.31870848164033
Chlorobaculum_parvum,bacteria,2289249,1009495,2.26771702683025
Chlorobaculum_sp,bacteria,2767864,141309,19.5873157406818
Chlorobaculum_tepidum,bacteria,2154946,950421,2.26735941230255
Chlorobaculum_thiosulfatiphilum,bacteria,2612768,228854,11.4167460476985
Chlorobi_bacterium,bacteria,3050423,190664,15.9989457894516
Chlorobium_chlorochromatii,bacteria,2572079,1147918,2.24064698001077
Chlorobium_ferrooxidans,bacteria,2538957,247599,10.2543103970533
Chlorobium_limicola,bacteria,2425315,642645,3.77395762823954
Chlorobium_phaeobacteroides,bacteria,2935153,1266875,2.31684551232186
Chlorobium_phaeovibrioides,bacteria,2030438,583493,3.47979838661304
Chlorobium_sp,bacteria,2373849,492745,4.81760139625973
Chlorocebus_sabaeus,ensembl,2789656328,23021948,121.173774174106
Chloroflexi_bacterium,bacteria,3314421,145768,22.7376384992483
Chloroflexus_aggregans,bacteria,4684931,2080727,2.25158370127364
Chloroflexus_aurantiacus,bacteria,5258541,2122555,2.47745806351308
Chloroflexus_islandicus,bacteria,5136885,249704,20.5718971261974
Chlorogloea_sp,bacteria,5226129,233614,22.3707868535276
Chlorogloeopsis_fritschii,bacteria,7768833,505743,15.3612269472835
Chloroherpeton_thalassium,bacteria,3293456,1440911,2.28567621456148
Choloepus_hoffmanni,ensembl,2467493193,274224,8998.09350385087
Chondrocystis_sp,bacteria,5002520,1958533,2.55421787633908
Chondromyces_apiculatus,bacteria,11577721,341751,33.8776506871962
Chondromyces_crocatus,bacteria,11388132,5029357,2.26433160342366
Chondrus_crispus,plants,104980420,681634,154.012886681122
Christensenella_hongkongensis,bacteria,3203641,329159,9.73280694132623
Christensenella_minuta,bacteria,2905126,387207,7.50277241888706
Chromatiaceae_bacterium,bacteria,5447945,77999,69.8463441838998
Chromatiales_bacterium,bacteria,4117393,177891,23.1455958986121
Chromatocurvus_halotolerans,bacteria,3910325,424721,9.2068087050087
Chromobacterium_alticapitis,bacteria,4526407,260852,17.3523952279453
Chromobacterium_amazonense,bacteria,4566707,390529,11.693643749888
Chromobacterium_haemolyticum,bacteria,5182600,951453,5.447035762833
Chromobacterium_phragmitis,bacteria,4801308,2125216,2.25920941683104
Chromobacterium_sinusclupearum,bacteria,4377894,337659,12.9654296198236
Chromobacterium_sp,bacteria,5021099,1110114,4.52304726847022
Chromobacterium_sphagni,bacteria,4903702,1788307,2.74209182204174
Chromobacterium_vaccinii,bacteria,4990443,2223714,2.24419310311333
Chromobacterium_violaceum,bacteria,4844062,1626633,2.97796900672924
Chromohalobacter_canadensis,bacteria,3556478,520585,6.83169511222951
Chromohalobacter_japonicus,bacteria,3767924,312388,12.0616797060066
Chromohalobacter_marismortui,bacteria,3553220,648399,5.47998994446321
Chromohalobacter_salexigens,bacteria,3653908,1186164,3.08043966926449
Chroococcales_cyanobacterium,bacteria,5914154,597461,9.89881180528938
Chroococcidiopsis_cubana,bacteria,8099003,256108,31.6233893513674
Chroococcidiopsis_sp,bacteria,5954641,546858,10.8888339284
Chroococcidiopsis_thermalis,bacteria,6689401,2764808,2.41948120809836
Chroogloeocystis_siderophila,bacteria,5009995,357866,13.9996395298799
Chrysemys_picta,ensembl,2365766571,11384265,207.810216206316
Chryseobacterium_angstadtii,bacteria,5202773,1004896,5.17742433047798
Chryseobacterium_aquaticum,bacteria,3924850,733314,5.35220860368137
Chryseobacterium_arachidis,bacteria,4947868,624902,7.91783031579352
Chryseobacterium_arthrosphaerae,bacteria,5053343,1784645,2.83156762269247
Chryseobacterium_artocarpi,bacteria,4935607,763057,6.46820224439328
Chryseobacterium_balustinum,bacteria,4974086,2169408,2.29283103962003
Chryseobacterium_bernardetii,bacteria,5318634,2346127,2.26698469434945
Chryseobacterium_candidae,bacteria,4688351,350697,13.3686658283361
Chryseobacterium_carnipullorum,bacteria,5306950,1399593,3.79178225090517
Chryseobacterium_contaminans,bacteria,4687840,651375,7.19683745922088
Chryseobacterium_culicis,bacteria,4958141,1314017,3.77327111189243
Chryseobacterium_daecheongense,bacteria,3831316,1198508,3.19673794417726
Chryseobacterium_defluvii,bacteria,3712841,1073236,3.45948235057341
Chryseobacterium_elymi,bacteria,4591259,417396,10.9997676067811
Chryseobacterium_flavum,bacteria,4470829,425396,10.5098049817112
Chryseobacterium_formosense,bacteria,4364663,1441708,3.0274251096616
Chryseobacterium_gallinarum,bacteria,4633632,2047809,2.26272665077651
Chryseobacterium_gambrini,bacteria,4841687,614249,7.88228715065063
Chryseobacterium_geocarposphaerae,bacteria,4113083,1460589,2.81604407536959
Chryseobacterium_glaciei,bacteria,4871648,2145628,2.27049982569206
Chryseobacterium_gleum,bacteria,4646299,2067819,2.24695663570086
Chryseobacterium_haifense,bacteria,2845737,210932,13.4912531052662
Chryseobacterium_indologenes,bacteria,4965405,1355192,3.66398549726063
Chryseobacterium_indoltheticum,bacteria,4424260,1892880,2.33731691695845
Chryseobacterium_jejuense,bacteria,5100171,1117279,4.56481416011578
Chryseobacterium_joostei,bacteria,5079333,1469898,3.45556918084424
Chryseobacterium_koreense,bacteria,3154203,291710,10.8128038120051
Chryseobacterium_kwangjuense,bacteria,5087431,1360664,3.73893260937307
Chryseobacterium_lactis,bacteria,5618200,2490225,2.25610135630315
Chryseobacterium_lacus,bacteria,2402434,422397,5.68762762002053
Chryseobacterium_limigenitum,bacteria,4697725,465771,10.0859113169347
Chryseobacterium_luteum,bacteria,4718546,530478,8.89489479299801
Chryseobacterium_mucoviscidosis,bacteria,5816128,695206,8.36604905596327
Chryseobacterium_nakagawai,bacteria,5690585,1867720,3.04680814040649
Chryseobacterium_nematophagum,bacteria,4419149,1494598,2.95674822151114
Chryseobacterium_oleae,bacteria,5284689,1049264,5.03656753686394
Chryseobacterium_oncorhynchi,bacteria,4794425,985694,4.86400952019592
Chryseobacterium_oranimense,bacteria,4598339,975057,4.71596942537718
Chryseobacterium_pennae,bacteria,6187872,429582,14.4044024190958
Chryseobacterium_pennipullorum,bacteria,4796535,446592,10.7403065885641
Chryseobacterium_phosphatilyticum,bacteria,5235650,1155741,4.53012396376005
Chryseobacterium_piperi,bacteria,4340594,332908,13.0384190226729
Chryseobacterium_piscicola,bacteria,3448249,508644,6.77930318582662
Chryseobacterium_piscium,bacteria,4319169,167420,25.7984052084578
Chryseobacterium_polytrichastri,bacteria,5142650,237306,21.6709649144986
Chryseobacterium_populi,bacteria,4484672,252433,17.7657913188846
Chryseobacterium_rhizosphaerae,bacteria,5267290,318455,16.5401391091363
Chryseobacterium_salivictor,bacteria,3139453,1364728,2.30042396726674
Chryseobacterium_scophthalmum,bacteria,4468393,1326926,3.36747716149959
Chryseobacterium_shandongense,bacteria,4509869,1996434,2.25896222965548
Chryseobacterium_shigense,bacteria,5205378,1668739,3.11934913708769
Chryseobacterium_soldanellicola,bacteria,4136421,945216,4.37616481312208
Chryseobacterium_soli,bacteria,4754478,807097,5.89083839984537
Chryseobacterium_sp,bacteria,4393549,859440,5.1121064291799
Chryseobacterium_taeanense,bacteria,3935355,530961,7.41175905574986
Chryseobacterium_taichungense,bacteria,4478932,680464,6.5821733405441
Chryseobacterium_taihuense,bacteria,3403025,313347,10.8602443935956
Chryseobacterium_taiwanense,bacteria,4126328,534015,7.72698894225818
Chryseobacterium_takakiae,bacteria,4198109,517675,8.10954556430193
Chryseobacterium_taklimakanense,bacteria,2651834,1196223,2.21683967656519
Chryseobacterium_ureilyticum,bacteria,5183225,956492,5.41899461783266
Chryseobacterium_viscerum,bacteria,5693782,686555,8.29326419587651
Chryseobacterium_wanjuense,bacteria,4668404,1497744,3.11695723701781
Chryseolinea_serpens,bacteria,8357597,2164634,3.86097464975603
Chryseolinea_soli,bacteria,8241389,3701559,2.22646430868723
Chryseomicrobium_excrementi,bacteria,2643527,726733,3.63754914115638
Chryseotalea_sanaruensis,bacteria,4712046,847300,5.56124867225304
Chrysolophus_pictus,ensembl,1023990748,3498065,292.730623358914
Chrysosporum_ovalisporum,bacteria,7467982,154933,48.2013644607669
Chthoniobacter_flavus,bacteria,7848700,591820,13.2619715454023
Chthoniobacterales_bacterium,bacteria,3626388,109706,33.0555120048129
Chthonomonas_calidirosea,bacteria,3437861,1554566,2.21146030467668
Ciceribacter_ferrooxidans,bacteria,5094448,728550,6.99258527211585
Ciceribacter_lividus,bacteria,4521451,585146,7.72704760863101
Ciceribacter_naphthalenivorans,bacteria,4974763,560213,8.88012773712856
Ciceribacter_selenitireducens,bacteria,4658331,608645,7.65360924676946
Ciona_intestinalis,ensembl,115227500,4931359,23.3662769228523
Ciona_savignyi,ensembl,177003750,3084002,57.3941748416506
Citreicella_sp,bacteria,4950074,614742,8.05227829994806
Citreimonas_salinaria,bacteria,4259991,429903,9.90919114311833
Citricoccus_muralis,bacteria,3520711,1596612,2.20511370326667
Citricoccus_sp,bacteria,3561338,1540165,2.31230939542192
Citrifermentans_bemidjiense,bacteria,4615150,2025228,2.27882984039328
Citrobacter_amalonaticus,bacteria,5248100,1788046,2.93510419290186
Citrobacter_arsenatis,bacteria,5370228,2371393,2.26458794472279
Citrobacter_braakii,bacteria,5191972,679741,7.63816443989859
Citrobacter_farmeri,bacteria,5715629,2416391,2.36535767597214
Citrobacter_freundii,bacteria,5470680,1186069,4.61244620488145
Citrobacter_gillenii,bacteria,5167205,576827,8.95798046901411
Citrobacter_koseri,bacteria,4728826,1748492,2.70451613382902
Citrobacter_murliniae,bacteria,5024923,543605,9.24370268853303
Citrobacter_pasteurii,bacteria,4986623,427455,11.6658431881719
Citrobacter_portucalensis,bacteria,5213846,2277260,2.289526009327
Citrobacter_sp,bacteria,5037283,841744,5.98434188467687
Citrobacter_tructae,bacteria,4946572,2199185,2.24927507235635
Citrobacter_werkmanii,bacteria,5028129,448741,11.204961432867
Citrobacter_youngae,bacteria,5065024,1861329,2.72118658227535
Citromicrobium_sp,bacteria,3121724,531436,5.87412524814821
Citrullus_lanatus,plants,365450462,10914840,33.4819806795152
Citrus_clementina,plants,301364702,17037239,17.6885880394118
Clavibacter_cf,bacteria,3420753,695007,4.92189718952471
Clavibacter_michiganensis,bacteria,3298840,666497,4.94951964553831
Clavibacter_phaseoli,bacteria,3048322,30704,99.2825573631671
Clavibacter_sp,bacteria,3130909,543360,5.76213078081822
Cloacibacillus_porcorum,bacteria,3585187,1573201,2.27891223054142
Cloacibacillus_sp,bacteria,2895526,299281,9.67494094179049
Cloacibacterium_normanense,bacteria,2784391,352267,7.90420476513554
Clostridia_bacterium,bacteria,2958904,201572,14.6791783560672
Clostridiaceae_bacterium,bacteria,3649830,581752,6.27385971430202
Clostridiales_bacterium,bacteria,3185092,339926,9.36995502528435
Clostridiales_family,bacteria,1830559,49148,37.2458492715879
Clostridioides_difficile,bacteria,4556944,615464,7.40408001954701
Clostridium_aceticum,bacteria,4207037,1800602,2.33646136125585
Clostridium_acetireducens,bacteria,2424212,123291,19.6625220007949
Clostridium_acetobutylicum,bacteria,4132880,1776146,2.32688078570118
Clostridium_acidisoli,bacteria,3999957,671098,5.96031727109901
Clostridium_algidicarnis,bacteria,2835143,302155,9.38307491188297
Clostridium_amylolyticum,bacteria,4262456,713982,5.96997683414988
Clostridium_argentinense,bacteria,4742562,684734,6.92613774107902
Clostridium_autoethanogenum,bacteria,4479212,1035924,4.32388250676812
Clostridium_baratii,bacteria,3199335,891837,3.5873556817205
Clostridium_bartlettii,bacteria,2961274,491106,6.02980619255314
Clostridium_beijerinckii,bacteria,5909976,1268582,4.65872547335493
Clostridium_bornimense,bacteria,3617025,1439832,2.5121159968663
Clostridium_botulinum,bacteria,3891473,1037337,3.75140745769644
Clostridium_butyricum,bacteria,4533716,910959,4.97686218081433
Clostridium_cadaveris,bacteria,3532192,277658,12.7213766576148
Clostridium_carboxidivorans,bacteria,5592854,134223,41.668372782608
Clostridium_carnis,bacteria,5168057,918383,5.62734392949347
Clostridium_cavendishii,bacteria,4987666,405736,12.2928850286886
Clostridium_celatum,bacteria,3553721,181301,19.6012211736284
Clostridium_cellulovorans,bacteria,5262222,2217719,2.3728082773336
Clostridium_chauvoei,bacteria,2887451,1281090,2.2539017555363
Clostridium_chromiireducens,bacteria,5645764,641781,8.79703185123263
Clostridium_clostridioforme,bacteria,4493879,126518,35.5196809940088
Clostridium_cochlearium,bacteria,2508369,599891,4.18137517204514
Clostridium_colicanis,bacteria,2619501,289981,9.03335390939406
Clostridium_collagenovorans,bacteria,3482404,630595,5.52240978758157
Clostridium_combesii,bacteria,3892013,407520,9.55048341185709
Clostridium_coskatii,bacteria,4565108,298256,15.3060055790998
Clostridium_cylindrosporum,bacteria,2735032,439436,6.22395980302024
Clostridium_diolis,bacteria,5852174,250041,23.4048576033531
Clostridium_disporicum,bacteria,3627197,206989,17.5236643581648
Clostridium_drakei,bacteria,5695241,2427464,2.34616908839843
Clostridium_estertheticum,bacteria,4785613,2045335,2.33976976876649
Clostridium_fallax,bacteria,2747337,227017,12.1018998577199
Clostridium_felsineum,bacteria,5178654,369945,13.9984430117991
Clostridium_fermenticellae,bacteria,2819963,1208851,2.33276309487273
Clostridium_fessum,bacteria,3277016,741822,4.41752334117888
Clostridium_formicaceticum,bacteria,4586755,1979284,2.31738093169045
Clostridium_frigidicarnis,bacteria,4337414,220024,19.7133676326219
Clostridium_gasigenes,bacteria,4056506,682550,5.94316313823163
Clostridium_grantii,bacteria,4474501,383545,11.6661695498573
Clostridium_haemolyticum,bacteria,2670062,104403,25.5746940925744
Clostridium_hathewayi,bacteria,5587080,172636,32.363354109224
Clostridium_homopropionicum,bacteria,3650535,343574,10.625178273094
Clostridium_indicum,bacteria,5946122,170097,34.9572420442453
Clostridium_intestinale,bacteria,4600598,592063,7.77045348214633
Clostridium_isatidis,bacteria,2869927,1259703,2.27825685895802
Clostridium_kluyveri,bacteria,4164012,1763009,2.36187764557117
Clostridium_leptum,bacteria,2818959,240788,11.707223781916
Clostridium_liquoris,bacteria,2876197,174884,16.4463129846069
Clostridium_ljungdahlii,bacteria,4496991,1201408,3.74310215309959
Clostridium_luticellarii,bacteria,3754778,150006,25.0308520992494
Clostridium_magnum,bacteria,6634930,1149214,5.77345037564805
Clostridium_manihotivorum,bacteria,6364326,2580960,2.46587548819044
Clostridium_neonatale,bacteria,4705520,1534264,3.06695588242962
Clostridium_nexile,bacteria,2527326,255448,9.89370047915818
Clostridium_novyi,bacteria,2561571,519807,4.92792860732103
Clostridium_oryzae,bacteria,5074802,224261,22.6289992464138
Clostridium_papyrosolvens,bacteria,4915287,515162,9.54124527818434
Clostridium_paraputrificum,bacteria,3488595,470841,7.4092846629754
Clostridium_pasteurianum,bacteria,4983764,2053148,2.42737730394707
Clostridium_perfringens,bacteria,3527335,901213,3.91398618736349
Clostridium_puniceum,bacteria,6082167,142743,42.6092137617957
Clostridium_putrefaciens,bacteria,3121953,1309550,2.3839891565805
Clostridium_ragsdalei,bacteria,4424992,321621,13.7584050792703
Clostridium_roseum,bacteria,5067725,287607,17.6203117448463
Clostridium_saccharobutylicum,bacteria,5140579,1438021,3.57476058234219
Clostridium_sartagoforme,bacteria,3868562,437810,8.83617532282877
Clostridium_scatologenes,bacteria,5749410,2464551,2.33284277744709
Clostridium_septicum,bacteria,3429431,1458385,2.35152651734624
Clostridium_sp,bacteria,3262921,394341,8.27437415870285
Clostridium_sporogenes,bacteria,4114226,1006294,4.08849423498386
Clostridium_sulfidigenes,bacteria,3717420,251124,14.8031251493286
Clostridium_taeniosporum,bacteria,3503506,1424013,2.46030478654338
Clostridium_tagluense,bacteria,5195089,295583,17.5757367642929
Clostridium_tepidiprofundi,bacteria,3060113,251262,12.1789725465848
Clostridium_tepidum,bacteria,3074397,176496,17.4190746532499
Clostridium_tetani,bacteria,2863517,693823,4.12716025420521
Clostridium_tetanomorphum,bacteria,5553690,195268,28.4413728823975
Clostridium_thermobutyricum,bacteria,3451774,808994,4.2667512161717
Clostridium_thermopalmarium,bacteria,2819317,247640,11.3847399450816
Clostridium_tyrobutyricum,bacteria,3089001,844923,3.65595563145991
Clostridium_uliginosum,bacteria,4080971,273960,14.8962293765513
Clostridium_vincentii,bacteria,3505833,170766,20.5300411088858
Clupea_harengus,ensembl,786325606,22040662,35.6761337749293
Cnuella_takakiae,bacteria,5659359,494158,11.45252935296
Cnuibacter_physcomitrellae,bacteria,4351649,1922223,2.26386272560468
Cobetia_marina,bacteria,4177239,993007,4.206656146432
Cobetia_sp,bacteria,3952055,789330,5.00684599380297
Cochleicola_gelatinilyticus,bacteria,3395737,819576,4.14328506447236
Cocleimonas_flava,bacteria,4491576,1106243,4.06020738662301
Coffea_canephora,plants,568611505,15422713,36.8684488260918
Cognaticolwellia_beringensis,bacteria,4661274,1981498,2.3523990435519
Cognatishimia_activa,bacteria,3479689,642008,5.42000878493726
Cognatishimia_maritima,bacteria,3284915,695747,4.72142172370129
Cognatiyoonia_koreensis,bacteria,3648231,1398825,2.60806820009651
Cognatiyoonia_sediminum,bacteria,3257490,940251,3.46448980112757
Cohaesibacter_celericrescens,bacteria,5015406,554464,9.04550340509032
Cohaesibacter_gelatinilyticus,bacteria,5198252,1274538,4.07853826249198
Cohaesibacter_marisflavi,bacteria,5339722,643604,8.2965954220297
Cohaesibacter_sp,bacteria,5110332,2205980,2.31658129266811
Cohnella_abietis,bacteria,7059027,3098041,2.27854537754665
Cohnella_endophytica,bacteria,6268162,782699,8.00839403142204
Cohnella_faecalis,bacteria,6426246,1127883,5.6976175720354
Cohnella_fermenti,bacteria,8522422,355953,23.9425485948988
Cohnella_lupini,bacteria,6342800,654956,9.68431467151992
Cohnella_phaseoli,bacteria,9401845,464367,20.2465829828562
Cohnella_sp,bacteria,6449364,552124,11.681006893379
Coleofasciculus_chthonoplastes,bacteria,8679041,484788,17.90275543124
Colletotrichum_gloeosporioides,fungi,55607143,408302,136.191208958075
Colletotrichum_graminicola,fungi,51644307,1390449,37.142179972081
Colletotrichum_higginsianum,fungi,49084868,36210,1355.56111571389
Colletotrichum_orbiculare,fungi,90086138,1605716,56.103406829103
Collimonas_arenae,bacteria,5177175,2262244,2.28851286598616
Collimonas_fungivorans,bacteria,5350317,2372991,2.25467181085364
Collimonas_pratensis,bacteria,5657962,2469563,2.2910786829651
Collimonas_sp,bacteria,5388062,828180,6.50590958772711
Colobus_angolensis,ensembl,2970124662,10330784,287.502348514885
Colwellia_chukchiensis,bacteria,4023670,508568,7.91176401189222
Colwellia_marinimaniae,bacteria,4387599,285095,15.3899542257844
Colwellia_ponticola,bacteria,3722219,498633,7.46484689140109
Colwellia_psychrerythraea,bacteria,5216442,868581,6.00570355392774
Colwellia_sp,bacteria,4804674,1070675,4.48752019664957
Comamonadaceae_bacterium,bacteria,4334258,143953,30.1088768237856
Comamonas_aquatica,bacteria,3860249,953465,4.04865519376967
Comamonas_kerstersii,bacteria,3283180,962301,3.41180275807817
Comamonas_serinivorans,bacteria,4522913,1887841,2.39581246513875
Comamonas_sp,bacteria,4755167,691811,6.8735085787551
Comamonas_terrigena,bacteria,4710225,2042698,2.30588417866958
Comamonas_testosteroni,bacteria,5672987,1603454,3.53797822754284
Comamonas_thiooxydans,bacteria,5456788,478955,11.393116010112
Commensalibacter_intestini,bacteria,2444877,492346,4.96577000727131
Commensalibacter_sp,bacteria,2140757,680579,3.14549607429562
Companilactobacillus_alimentarius,bacteria,2401923,1057212,2.27194072712001
Companilactobacillus_allii,bacteria,2534178,1136039,2.23071391034991
Companilactobacillus_bobalius,bacteria,2882915,542150,5.31755971594577
Companilactobacillus_crustorum,bacteria,2316479,1005314,2.30423429893546
Companilactobacillus_farciminis,bacteria,2474490,801870,3.08589879490025
Companilactobacillus_futsaii,bacteria,2583575,641132,4.0297076109132
Companilactobacillus_ginsenosidimutans,bacteria,2590556,1135429,2.28156582225749
Companilactobacillus_heilongjiangensis,bacteria,2790548,1161530,2.40247604452748
Companilactobacillus_kimchiensis,bacteria,2698724,217946,12.3825351233792
Companilactobacillus_kimchii,bacteria,2746576,331646,8.28164971083625
Companilactobacillus_mindensis,bacteria,2336411,123793,18.8735308135355
Companilactobacillus_nantensis,bacteria,2914395,171462,16.9973230220107
Companilactobacillus_nodensis,bacteria,2683197,479595,5.59471429018234
Companilactobacillus_nuruki,bacteria,2582291,193237,13.3633362140791
Companilactobacillus_paralimentarius,bacteria,2548273,109928,23.1812913907285
Companilactobacillus_tucceti,bacteria,2173857,178423,12.1837263133116
Companilactobacillus_versmoldensis,bacteria,2373204,216775,10.9477753430977
Companilactobacillus_zhachilii,bacteria,2714973,1132105,2.39816359789949
Compostimonas_suwonensis,bacteria,3882495,787010,4.9332219412714
Conchiformibius_steedae,bacteria,2371914,257056,9.22722675214739
Conexibacter_woesei,bacteria,6359369,2958384,2.14960904331554
Confluentibacter_flavum,bacteria,4136527,284334,14.5481264991172
Congregibacter_litoralis,bacteria,4351117,1984579,2.19246348973762
Conservatibacter_flavescens,bacteria,2607477,323810,8.05249065810197
Consotaella_salsifontis,bacteria,4652084,432532,10.7554678035382
Convivina_intestini,bacteria,1600079,307060,5.21096528365792
Coprobacillus_cateniformis,bacteria,3857363,759014,5.08207094994295
Coprobacillus_sp,bacteria,2940790,330451,8.8993194630881
Coprobacter_fastidiosus,bacteria,3411820,553780,6.16096644877027
Coprobacter_secundus,bacteria,4138744,434348,9.52863602457016
Coprobacter_sp,bacteria,3139957,343644,9.13723795555866
Coprococcus_catus,bacteria,3487509,691420,5.04397807219053
Coprococcus_comes,bacteria,3274083,308515,10.6124076624035
Coprococcus_eutactus,bacteria,3078343,456263,6.7468577624869
Coprococcus_sp,bacteria,2929159,518955,5.64433772720324
Coprothermobacter_proteolyticus,bacteria,1424912,663821,2.1465304652911
Coraliomargarita_akajimensis,bacteria,3750771,1695162,2.21263277492063
Coraliomargarita_sinensis,bacteria,3569655,501358,7.11997215562532
Coraliomargarita_sp,bacteria,2067224,147243,14.0395877548941
Corallincola_holothuriorum,bacteria,4308247,568497,7.57831087938899
Corallococcus_aberystwythensis,bacteria,9981836,93022,107.306185633506
Corallococcus_carmarthensis,bacteria,10793792,159325,67.7470076886867
Corallococcus_coralloides,bacteria,9834254,4498032,2.1863458285757
Corallococcus_exercitus,bacteria,10148184,74645,135.952629111126
Corallococcus_exiguus,bacteria,10460822,88890,117.682776465294
Corallococcus_interemptor,bacteria,9471940,177335,53.4126934897228
Corallococcus_llansteffanensis,bacteria,10526383,67005,157.098470263413
Corallococcus_macrosporus,bacteria,8988553,4056449,2.21586725236777
Corallococcus_sicarius,bacteria,10393104,128176,81.0846336287605
Corallococcus_sp,bacteria,10088013,456777,22.0852224041249
Corallococcus_terminator,bacteria,10351705,112289,92.1880593824863
Corchorus_capsularis,plants,317178409,253792,1249.75731701551
Coriobacteriaceae_bacterium,bacteria,2149188,439636,4.88856235613098
Corticibacter_populi,bacteria,4201169,1006846,4.17260335741514
Corvus_moneduloides,ensembl,1112734094,16066683,69.2572383484506
Corylus_avellana,plants,369779143,18155518,20.3673143889367
Corymbia_citriodora,plants,544191601,20571074,26.4542143497223
Corynebacterium_accolens,bacteria,2513509,647268,3.88326055732739
Corynebacterium_afermentans,bacteria,2326687,162655,14.3044296209769
Corynebacterium_alimapuense,bacteria,2287550,565127,4.04785119097123
Corynebacterium_ammoniagenes,bacteria,2764167,392801,7.03706711540958
Corynebacterium_amycolatum,bacteria,2551347,398045,6.40969362760492
Corynebacterium_appendicis,bacteria,2248056,310784,7.23349979406919
Corynebacterium_aquilae,bacteria,2926437,1252522,2.33643560751827
Corynebacterium_argentoratense,bacteria,2031902,933397,2.17688936218994
Corynebacterium_aurimucosum,bacteria,2768769,696559,3.97492435433802
Corynebacterium_bovis,bacteria,2641354,305393,8.64904308987991
Corynebacterium_callunae,bacteria,2928683,1288179,2.27350624408564
Corynebacterium_camporealensis,bacteria,2450920,1116027,2.19611227869589
Corynebacterium_casei,bacteria,3122475,793131,3.93689630086329
Corynebacterium_choanae,bacteria,2986773,1181881,2.52713513458631
Corynebacterium_coyleae,bacteria,2495894,629996,3.96176322905925
Corynebacterium_crenatum,bacteria,3346700,314322,10.6473616227945
Corynebacterium_crudilactis,bacteria,3217288,1393581,2.30864800826073
Corynebacterium_cystitidis,bacteria,2948772,401734,7.34011062046031
Corynebacterium_diphtheriae,bacteria,2633090,1036045,2.54148170181126
Corynebacterium_doosanense,bacteria,2698995,1226312,2.2009040113772
Corynebacterium_durum,bacteria,2809576,596733,4.70826315957053
Corynebacterium_efficiens,bacteria,3219505,1408956,2.28502877307737
Corynebacterium_epidermidicanis,bacteria,2692072,1207214,2.229987392459
Corynebacterium_falsenii,bacteria,2649772,773552,3.42546294590599
Corynebacterium_flavescens,bacteria,2631533,698387,3.7680174230172
Corynebacterium_frankenforstense,bacteria,2604152,1156698,2.25136725402828
Corynebacterium_freneyi,bacteria,3042317,182225,16.6953875703114
Corynebacterium_genitalium,bacteria,2333642,676176,3.45123458981094
Corynebacterium_gerontici,bacteria,2263210,1040628,2.17485018661808
Corynebacterium_glaucum,bacteria,2518659,1164146,2.16352502177562
Corynebacterium_glucuronolyticum,bacteria,2848166,339971,8.37768424025026
Corynebacterium_glutamicum,bacteria,3304346,955571,3.45798045148102
Corynebacterium_glyciniphilum,bacteria,3568218,1624297,2.19677682098779
Corynebacterium_gottingense,bacteria,2623280,253108,10.3642713782259
Corynebacterium_hadale,bacteria,2689254,259629,10.3580647770472
Corynebacterium_halotolerans,bacteria,3222008,1406056,2.29152181705423
Corynebacterium_heidelbergense,bacteria,2293936,56867,40.3386146622822
Corynebacterium_humireducens,bacteria,2681312,1235069,2.17098154030261
Corynebacterium_imitans,bacteria,2565464,1173334,2.18647333154924
Corynebacterium_jeikeium,bacteria,2483796,976983,2.54231370572144
Corynebacterium_kefirresidentii,bacteria,2628783,369784,7.10896901975207
Corynebacterium_kroppenstedtii,bacteria,2501327,526487,4.75097853839627
Corynebacterium_kutscheri,bacteria,2354065,1022759,2.3016810411837
Corynebacterium_lactis,bacteria,2769745,1242232,2.22965194907232
Corynebacterium_liangguodongii,bacteria,2357924,1070275,2.20310107215435
Corynebacterium_lipophiloflavum,bacteria,2385784,551506,4.32594387005762
Corynebacterium_lowii,bacteria,2354433,503458,4.67652316578543
Corynebacterium_macginleyi,bacteria,2349818,272209,8.63240377797942
Corynebacterium_marinum,bacteria,2729219,1221007,2.23521978170477
Corynebacterium_maris,bacteria,2833547,1275159,2.22211269339745
Corynebacterium_mastitidis,bacteria,2264319,155358,14.5748464836056
Corynebacterium_matruchotii,bacteria,2909028,906085,3.21054565868704
Corynebacterium_minutissimum,bacteria,2737452,926517,2.95456172597661
Corynebacterium_mustelae,bacteria,3474226,1521077,2.28405662566721
Corynebacterium_mycetoides,bacteria,2266470,1041498,2.17616356440435
Corynebacterium_oculi,bacteria,2413873,646903,3.73142959609091
Corynebacterium_otitidis,bacteria,2118285,506227,4.18445677532016
Corynebacterium_pelargi,bacteria,2370062,1075296,2.20410194030295
Corynebacterium_phocae,bacteria,2791883,1231552,2.26696314893728
Corynebacterium_pilosum,bacteria,2593653,1189060,2.18126335088221
Corynebacterium_pollutisoli,bacteria,2540854,467766,5.43189115925484
Corynebacterium_propinquum,bacteria,2773166,282755,9.80766387862284
Corynebacterium_provencense,bacteria,3111650,1413266,2.2017440453531
Corynebacterium_pseudodiphtheriticum,bacteria,2815765,270005,10.4285854495018
Corynebacterium_pseudogenitalium,bacteria,2601426,501550,5.18677300368857
Corynebacterium_pseudopelargi,bacteria,2348160,1064129,2.20664975768915
Corynebacterium_pseudotuberculosis,bacteria,2345131,1043569,2.24722179367153
Corynebacterium_pyruviciproducens,bacteria,2796020,632834,4.4182510737413
Corynebacterium_renale,bacteria,2348927,1070074,2.1951070673617
Corynebacterium_resistens,bacteria,2601311,1163742,2.23529871741331
Corynebacterium_riegelii,bacteria,2530370,801485,3.15710409870684
Corynebacterium_segmentosum,bacteria,2373440,1068771,2.22071893792028
Corynebacterium_silvaticum,bacteria,2554413,674150,3.78908699844248
Corynebacterium_simulans,bacteria,2737971,1240014,2.2080161998171
Corynebacterium_sp,bacteria,2584895,346763,7.45434680789479
Corynebacterium_sphenisci,bacteria,2594799,1182968,2.19346508105038
Corynebacterium_spheniscorum,bacteria,2455506,296313,8.28686557795304
Corynebacterium_stationis,bacteria,2792801,803029,3.47783330365404
Corynebacterium_striatum,bacteria,2908587,720279,4.03813938765395
Corynebacterium_tapiri,bacteria,2253722,269851,8.35172743476956
Corynebacterium_terpenotabidum,bacteria,2751233,1244704,2.21035121603209
Corynebacterium_testudinoris,bacteria,2721226,1247456,2.18142042685273
Corynebacterium_timonense,bacteria,2633185,1173176,2.24449272743391
Corynebacterium_tuberculostearicum,bacteria,2372261,329545,7.19859503254487
Corynebacterium_tuscaniense,bacteria,2241342,178311,12.5698442608701
Corynebacterium_ulcerans,bacteria,2556223,888636,2.87657077884343
Corynebacterium_urealyticum,bacteria,2369219,1054300,2.24719624395333
Corynebacterium_ureicelerivorans,bacteria,2328278,1059681,2.1971498969973
Corynebacterium_uterequi,bacteria,2419437,1096682,2.20614271046666
Corynebacterium_variabile,bacteria,3309279,898746,3.68210856132242
Corynebacterium_vitaeruminis,bacteria,2931780,1290883,2.27114308577927
Corynebacterium_xerosis,bacteria,3388973,561807,6.03226966302801
Corynebacterium_yudongzhengii,bacteria,2450475,172178,14.2322189826807
Cottoperca_gobio,ensembl,609391784,18481889,32.9723754968986
Coturnix_japonica,ensembl,927656957,15921464,58.2645513628646
Couchioplanes_caeruleus,bacteria,8394547,1914381,4.38499373557138
Coxiella_burnetii,bacteria,2122872,879903,2.41262185298939
Crenarchaeota_archaeon,bacteria,1824958,223652,8.15980868012128
Crenobacter_cavernae,bacteria,3116927,934952,3.33378291078045
Crenobacter_intestini,bacteria,3428050,378553,9.05566723814103
Crenobacter_luteus,bacteria,2859035,270996,10.5501003704852
Crenothrix_polyspora,bacteria,3921813,139605,28.0922101643924
Crenothrix_sp,bacteria,3633770,314466,11.5553668759103
Criblamydia_sequanensis,bacteria,2969604,487570,6.09062083393154
Cribrihabitans_marinus,bacteria,4175922,476978,8.75495725169714
Cricetibacter_osteomyelitidis,bacteria,2732036,203368,13.4339522442075
Cricetulus_griseus,ensembl,2374862837,20518094,115.744807355563
Criibacterium_bergeronii,bacteria,2176288,186087,11.6950028749993
Crinalium_epipsammum,bacteria,5620407,2267379,2.47881232030463
Croceibacter_atlanticus,bacteria,2952962,1363427,2.1658379949935
Croceibacterium_atlanticum,bacteria,3475106,1576107,2.20486680155599
Croceibacterium_mercuriale,bacteria,3482341,1278305,2.72418632485987
Croceicoccus_marinus,bacteria,4109188,1582257,2.59704207344319
Croceicoccus_naphthovorans,bacteria,3863562,1674236,2.30765674612181
Croceicoccus_sp,bacteria,3633782,582001,6.24360009690705
Croceitalea_dokdonensis,bacteria,3883802,671215,5.78622646990905
Croceivirga_radicis,bacteria,3602643,527477,6.82995277519209
Crocinitomicaceae_bacterium,bacteria,3150123,291490,10.8069713872294
Crocodylus_porosus,ensembl,2049536252,15481742,132.384085201782
Crocosphaera_subtropica,bacteria,5460377,2244035,2.43328513147077
Crocosphaera_watsonii,bacteria,6064330,301228,20.1320262392606
Cronobacter_condimenti,bacteria,4480625,153149,29.2566389594447
Cronobacter_dublinensis,bacteria,4664608,1386215,3.3649950007767
Cronobacter_malonaticus,bacteria,4513744,1283575,3.51654091112713
Cronobacter_muytjensii,bacteria,4354489,249411,17.4590896151333
Cronobacter_sakazakii,bacteria,5400017,2016340,2.67812758461245
Cronobacter_turicensis,bacteria,4617161,1159321,3.98264199475383
Cronobacter_universalis,bacteria,4436903,1933529,2.29471758634083
Cruoricaptor_ignavus,bacteria,2229574,355285,6.27545210183374
Cryobacterium_arcticum,bacteria,4328373,1568183,2.76012039415055
Cryobacterium_levicorallinum,bacteria,3754378,332458,11.2927888635557
Cryobacterium_luteum,bacteria,3834069,392991,9.75612418605006
Cryobacterium_melibiosiphilum,bacteria,4711041,267682,17.5993940571275
Cryobacterium_psychrotolerans,bacteria,3247111,343402,9.45571371162661
Cryobacterium_roopkundense,bacteria,4356826,113722,38.3111974815779
Cryobacterium_sp,bacteria,4169150,150405,27.7195828582257
Cryobacterium_tepidiphilum,bacteria,2862819,238239,12.0165841864682
Cryobacterium_zongtaii,bacteria,4065648,489363,8.3080412699775
Cryomorphaceae_bacterium,bacteria,1920825,62430,30.7675763052584
Cryptococcus_neoformans,fungi,19051922,1959586,9.72242198096945
Cryptosporangium_aurantiacum,bacteria,9579923,1129917,8.47843071659246
Cucumis_melo,plants,357857370,14517504,24.6500617461514
Cucumis_sativus,plants,193829320,13843392,14.0015770701285
Culicoidibacter_larvae,bacteria,2502375,381322,6.56236723818715
Culturomica_sp,bacteria,3829305,255016,15.0159401763027
Cuneatibacter_caecimuris,bacteria,3462725,820196,4.2218262464094
Cuniculiplasma_sp,bacteria,1606190,610056,2.63285665578242
Cupidesulfovibrio_sp,bacteria,3916380,1268765,3.08676547666432
Cupriavidus_agavae,bacteria,5791022,1381855,4.19075952252588
Cupriavidus_alkaliphilus,bacteria,6143037,728343,8.43426959157265
Cupriavidus_basilensis,bacteria,8483849,1571259,5.39939736205087
Cupriavidus_gilardii,bacteria,5578743,2047851,2.72419380120917
Cupriavidus_metallidurans,bacteria,6893129,2221788,3.10251393218953
Cupriavidus_nantongensis,bacteria,7136420,2640196,2.70298871750431
Cupriavidus_necator,bacteria,8085358,2051792,3.94063274208993
Cupriavidus_oxalaticus,bacteria,8242377,1474749,5.58900517613681
Cupriavidus_pauculus,bacteria,6790321,1473786,4.60739924249518
Cupriavidus_pinatubonensis,bacteria,7255290,2479196,2.92646890362843
Cupriavidus_plantarum,bacteria,6390750,1839290,3.47457442817609
Cupriavidus_sp,bacteria,7452393,750372,9.93159342369115
Cupriavidus_taiwanensis,bacteria,5474437,946881,5.78154515836464
Curtobacterium_citreum,bacteria,3453097,90768,38.043109906575
Curtobacterium_flaccumfaciens,bacteria,3746149,335792,11.1561742926786
Curtobacterium_luteum,bacteria,3585292,127558,28.1071512566832
Curtobacterium_oceanosedimentum,bacteria,3420440,123532,27.6886960463686
Curtobacterium_sp,bacteria,3769905,555194,6.79024426311255
Curvibacter_sp,bacteria,4151387,660204,6.28804098534265
Cuspidothrix_issatschenkoi,bacteria,4547138,120345,37.7841871286717
Cutibacterium_acnes,bacteria,2516257,611862,4.11246000314088
Cutibacterium_avidum,bacteria,2651936,755765,3.50894292538024
Cutibacterium_granulosum,bacteria,2437118,353975,6.88500521576751
Cutibacterium_modestum,bacteria,2633573,472021,5.57935557951871
Cyanidioschyzon_merolae,plants,16728945,1185132,14.1156807849252
Cyanistes_caeruleus,ensembl,1186980630,12750904,93.089919742161
Cyanobacteria_bacterium,bacteria,4424066,84416,52.4079937587894
Cyanobacterium_aponinum,bacteria,4222900,945518,4.46622909347046
Cyanobacterium_endosymbiont,bacteria,3020309,869900,3.47201862283021
Cyanobacterium_sp,bacteria,3410249,264693,12.8837898999974
Cyanobacterium_stanieri,bacteria,3163381,1384689,2.28454259404097
Cyanobium_gracile,bacteria,3342364,1498621,2.23029304941009
Cyanobium_sp,bacteria,2967275,486957,6.09350309502156
Cyanobium_usitatum,bacteria,2515215,284660,8.83585681163493
Cyanosarcina_cf,bacteria,7549128,170144,44.3690520970472
Cyanothece_sp,bacteria,5217781,1240123,4.20747054929229
Cyclobacteriaceae_bacterium,bacteria,5022377,790151,6.35622431661796
Cyclobacterium_amurskyense,bacteria,6158829,2651808,2.32250185533794
Cyclobacterium_lianum,bacteria,5675162,580652,9.77377499776114
Cyclobacterium_marinum,bacteria,6221273,2714843,2.29157745033507
Cyclobacterium_qasimii,bacteria,6291928,235151,26.7569689263495
Cyclobacterium_xiamenense,bacteria,5662104,1032311,5.48488197839605
Cycloclasticus_sp,bacteria,2261827,399687,5.65899090396027
Cycloclasticus_zancles,bacteria,2655425,1209049,2.19629229253736
Cyclopterus_lumpus,ensembl,572885595,15615306,36.6874395544986
Cylindrospermopsis_raciborskii,bacteria,3686601,245674,15.0060842886145
Cylindrospermopsis_sp,bacteria,3723955,229893,16.1986445868295
Cylindrospermum_sp,bacteria,7704857,2921284,2.637489884585
Cylindrospermum_stagnale,bacteria,7610589,3006989,2.53096669126492
Cynara_cardunculus,plants,724667265,1102085,657.542081599877
Cynoglossus_semilaevis,ensembl,470199494,17197487,27.3411745564919
Cyprinodon_variegatus,ensembl,1035184475,2605134,397.363235442016
Cyprinus_carpio,ensembl,1439172075,12884824,111.69513085113
Cystobacter_ferrugineus,bacteria,12051756,1312730,9.18068148057864
Cystobacter_fuscus,bacteria,12316059,3223864,3.8202793015275
Cytobacillus_firmus,bacteria,5082186,799090,6.35996633670801
Cytobacillus_horneckiae,bacteria,5494436,341950,16.0679514548911
Cytobacillus_kochii,bacteria,4694375,1964729,2.38932443100295
Cytobacillus_oceanisediminis,bacteria,5824069,1018116,5.72044011705941
Cytobacillus_praedii,bacteria,5428138,298213,18.2022178778256
Cytobacillus_solani,bacteria,5315603,2144886,2.47826830889847
Cytophaga_hutchinsonii,bacteria,4433218,2000577,2.21596969274364
Cytophagaceae_bacterium,bacteria,4616124,269746,17.1128841815711
Cytophagales_bacterium,bacteria,5695430,712909,7.98899649569703
Dactylococcopsis_salina,bacteria,3781008,1575580,2.39975628022696
Daejeonella_lutea,bacteria,4028641,1238804,3.25204067794421
Daejeonella_rubra,bacteria,4279285,290152,14.7484249634674
Danio_rerio,ensembl,1373471384,28218515,48.6727024437679
Dankookia_rubra,bacteria,7782305,318465,24.4369239947875
Dasypus_novemcinctus,ensembl,3631522711,4493570,808.159817472522
Daucus_carota,plants,421502825,15774905,26.7198328611171
Dechloromonas_aromatica,bacteria,4501104,2068494,2.17602951712695
Dechloromonas_denitrificans,bacteria,4238526,683427,6.20187086550575
Dechloromonas_sp,bacteria,3258300,1511659,2.15544643335567
Deferribacter_desulfuricans,bacteria,2542933,1116672,2.27724255645346
Defluviimonas_aquaemixtae,bacteria,4235016,1358855,3.11660626041778
Defluviimonas_denitrificans,bacteria,4107985,780840,5.26098176322934
Defluviimonas_sp,bacteria,4260257,119242,35.7278224115664
Defluviitoga_tunisiensis,bacteria,2053097,913680,2.24706352333421
Dehalobacter_sp,bacteria,3069435,525814,5.83749426484188
Dehalococcoidales_bacterium,bacteria,1330181,123830,10.7419930549948
Dehalococcoides_mccartyi,bacteria,1459117,555529,2.62653640558304
Dehalococcoides_sp,bacteria,1473548,668281,2.20498263455044
Dehalococcoidia_bacterium,bacteria,3243494,341690,9.49250490210425
Dehalogenimonas_alkenigignens,bacteria,1849792,775800,2.38436710492395
Dehalogenimonas_formicexedens,bacteria,2092789,929897,2.25056000825898
Dehalogenimonas_lykanthroporepellens,bacteria,1686510,752931,2.23992636775481
Dehalogenimonas_sp,bacteria,1725728,759162,2.27320124031498
Deinococcus_actinosclerus,bacteria,3638176,1549859,2.34742461973141
Deinococcus_aerius,bacteria,4524446,466563,9.6973956357448
Deinococcus_arcticus,bacteria,4067586,375470,10.8333182411378
Deinococcus_cavernae,bacteria,4566241,1527946,2.98848323173725
Deinococcus_deserti,bacteria,3855329,1407763,2.73862077636648
Deinococcus_ficus,bacteria,4157290,1500677,2.770276348608
Deinococcus_geothermalis,bacteria,3247018,1277098,2.5424971302124
Deinococcus_gobiensis,bacteria,4406036,1585980,2.77811573916443
Deinococcus_hopiensis,bacteria,6650868,1604000,4.14642643391521
Deinococcus_indicus,bacteria,4467628,600375,7.44139579429523
Deinococcus_irradiatisoli,bacteria,3052043,1375549,2.21878173732815
Deinococcus_koreensis,bacteria,4500921,1709559,2.63279652822746
Deinococcus_maricopensis,bacteria,3498530,1562487,2.23907782912754
Deinococcus_marmoris,bacteria,5286835,187004,28.2712401873757
Deinococcus_metallilatus,bacteria,4058768,424908,9.55211010383424
Deinococcus_peraridilitoris,bacteria,4513714,1842485,2.44979687758652
Deinococcus_phoenicis,bacteria,3807137,208250,18.2815702280912
Deinococcus_proteolyticus,bacteria,2886836,1070144,2.69761452664314
Deinococcus_psychrotolerans,bacteria,4397705,1469467,2.99272117032911
Deinococcus_puniceus,bacteria,2971983,1291717,2.3008004075196
Deinococcus_radiodurans,bacteria,3284156,1288938,2.54795498309461
Deinococcus_radiophilus,bacteria,2753082,223378,12.3247678822444
Deinococcus_radiopugnans,bacteria,3929063,937632,4.19041222484526
Deinococcus_reticulitermitis,bacteria,3501127,398258,8.79110275248708
Deinococcus_soli,bacteria,3236984,1452783,2.22812629277738
Deinococcus_sp,bacteria,4095571,509959,8.03118218659406
Deinococcus_thermus,bacteria,2521039,67264,37.4797662940057
Deinococcus_wulumuqiensis,bacteria,3778576,1363575,2.77108043195277
Deinococcus_yavapaiensis,bacteria,4738722,416290,11.3832232338034
Delftia_acidovorans,bacteria,6780533,1676422,4.04464455146633
Delftia_lacustris,bacteria,7174982,575080,12.4764937052236
Delftia_sp,bacteria,6813153,1416299,4.81053446713387
Delftia_tsuruhatensis,bacteria,6816875,1404221,4.85456084537521
Dellaglioa_algida,bacteria,1613035,237052,6.80457622077903
Delphinapterus_leucas,ensembl,2362774659,16371359,144.323672762903
Delta_proteobacterium,bacteria,5380291,124138,43.3413280417171
Deltaproteobacteria_bacterium,bacteria,3770768,182978,20.6077707764726
Demequina_mangrovi,bacteria,2973201,627961,4.73469053014439
Deminuibacter_soli,bacteria,5834569,1002734,5.81866078142359
Dendrosporobacter_quercicolus,bacteria,4130502,727318,5.67908672685125
Denitrovibrio_acetiphilus,bacteria,3222077,1475963,2.18303372103501
Denitrovibrio_sp,bacteria,2878086,339414,8.47957361805936
Denticeps_clupeoides,ensembl,567401054,18576149,30.5446007135279
Dermabacter_hominis,bacteria,2394774,390719,6.12914524248885
Dermabacter_sp,bacteria,2293586,650520,3.5257727151612
Dermabacter_vaginalis,bacteria,2392314,1095084,2.18459405853798
Dermacoccus_abyssi,bacteria,3160906,298605,10.5855762629561
Dermacoccus_nishinomiyaensis,bacteria,3122117,851367,3.66718328710373
Dermacoccus_sp,bacteria,3122436,697031,4.47962321618407
Dermatophilus_congolensis,bacteria,2627910,1178900,2.2291203664433
Desemzia_incerta,bacteria,2330788,427157,5.456513647207
Desertifilum_sp,bacteria,6090726,230123,26.467263159267
Desertihabitans_brevis,bacteria,4048519,548414,7.38223130700529
Desmospora_activa,bacteria,3793187,1392729,2.7235643115064
Desmospora_sp,bacteria,3693727,1521914,2.42702741416401
Desulfacinum_hydrothermale,bacteria,3696795,388247,9.52176063176277
Desulfacinum_infernum,bacteria,4239823,215743,19.6521926551499
Desulfallas_arcticus,bacteria,5215335,423367,12.3187092994967
Desulfamplus_magnetovallimortis,bacteria,6654198,192798,34.5138331310491
Desulfarculus_baarsii,bacteria,3655731,1656435,2.20698729500403
Desulfarculus_sp,bacteria,3600587,190012,18.949261099299
Desulfatibacillum_aliphaticivorans,bacteria,6517073,2849749,2.28689368783005
Desulfatibacillum_alkenivorans,bacteria,6467702,392630,16.4727657081731
Desulfatitalea_sp,bacteria,5997605,407375,14.7225652040503
Desulfitibacter_sp,bacteria,3853576,349899,11.0133952940706
Desulfitobacterium_chlororespirans,bacteria,5606984,584159,9.59838674059631
Desulfitobacterium_dehalogenans,bacteria,4321753,1865423,2.31676836835399
Desulfitobacterium_dichloroeliminans,bacteria,3624449,1586486,2.28457673121603
Desulfitobacterium_hafniense,bacteria,5393757,1451282,3.7165466463444
Desulfitobacterium_metallireducens,bacteria,3176073,1393654,2.27895374318159
Desulfobacca_acetoxidans,bacteria,3282536,1411148,2.32614580469235
Desulfobacca_sp,bacteria,2653461,77107,34.4127122051176
Desulfobacter_hydrogenophilus,bacteria,4962092,180507,27.4897483200098
Desulfobacter_postgatei,bacteria,3974658,1755917,2.26357965666942
Desulfobacter_sp,bacteria,3918761,101418,38.6396990672267
Desulfobacteraceae_bacterium,bacteria,4924136,114015,43.1883991395888
Desulfobacterales_bacterium,bacteria,3627263,87727,41.3474035781662
Desulfobacula_phenolica,bacteria,4871344,540912,9.00579761587837
Desulfobacula_toluolica,bacteria,5197905,2310575,2.24961535548511
Desulfobulbaceae_bacterium,bacteria,4188544,253166,16.544686183544
Desulfobulbus_oralis,bacteria,2774417,1209410,2.29402518583442
Desulfobulbus_propionicus,bacteria,3851869,1714438,2.24672399935139
Desulfobulbus_sp,bacteria,4211782,173925,24.216081644387
Desulfocapsa_sulfexigens,bacteria,4023512,1804234,2.23003889739358
Desulfocarbo_indianensis,bacteria,5114044,991326,5.15879135622389
Desulfocicer_vacuolatum,bacteria,5035799,356413,14.1291114521636
Desulfococcus_multivorans,bacteria,4403007,315454,13.9576832121324
Desulfococcus_oleovorans,bacteria,3944167,1748219,2.25610578537357
Desulfocucumis_palustris,bacteria,3701809,219586,16.8581284781361
Desulfocurvibacter_africanus,bacteria,4065011,1102106,3.68840415005641
Desulfofaba_hansenii,bacteria,6711238,210807,31.8359352393421
Desulfofarcimen_acetoxidans,bacteria,4545624,1903460,2.38808485599908
Desulfofundulus_australicus,bacteria,2881643,164808,17.4848490364545
Desulfofundulus_kuznetsovii,bacteria,3601386,1563159,2.30391534066592
Desulfofundulus_salinum,bacteria,2886683,1258303,2.29410801690849
Desulfofundulus_thermosubterraneus,bacteria,3413166,185563,18.3935698388149
Desulfofustis_glycolicus,bacteria,4977298,346034,14.3838408942474
Desulfofustis_sp,bacteria,3476558,91797,37.8724461172267
Desulfoglaeba_alkanexedens,bacteria,3365583,1421697,2.36729978328716
Desulfohalobium_retbaense,bacteria,2909567,1235492,2.35498651549342
Desulfohalovibrio_alkalitolerans,bacteria,3202328,367046,8.72459582722602
Desulfoluna_spongiiphila,bacteria,6535106,558205,11.7073584077534
Desulfomicrobium_apsheronum,bacteria,4254075,399815,10.6401085502045
Desulfomicrobium_baculatum,bacteria,3942657,1765780,2.23281326099514
Desulfomicrobium_norvegicum,bacteria,4352996,608563,7.15290939475453
Desulfomicrobium_orale,bacteria,2783374,1241342,2.24222978035062
Desulfomonile_tiedjei,bacteria,6527027,2718648,2.40083563594846
Desulfonatronospira_thiodismutans,bacteria,4107394,1035885,3.96510616525966
Desulfonatronum_sp,bacteria,4164174,229624,18.134750722921
Desulfonatronum_thiosulfatophilum,bacteria,3602125,277356,12.9873700226424
Desulfonauticus_sp,bacteria,2133833,77914,27.3870292887029
Desulfonauticus_submarinus,bacteria,2100696,362872,5.78908265173395
Desulfonema_ishimotonii,bacteria,6638737,2650200,2.50499471737982
Desulfonispora_thiosulfatigenes,bacteria,2412168,310257,7.77474158520195
Desulfopila_aestuarii,bacteria,6065581,375015,16.1742356972388
Desulfopila_sp,bacteria,5633479,657394,8.56941042966623
Desulfoplanes_formicivorans,bacteria,3000979,521004,5.75999224574092
Desulforamulus_aeronauticus,bacteria,4020963,248089,16.2077439950985
Desulforamulus_ferrireducens,bacteria,3240180,1400468,2.31364086862392
Desulforamulus_hydrothermalis,bacteria,2695031,450258,5.98552607616078
Desulforamulus_putei,bacteria,3116019,300781,10.3597600912292
Desulforamulus_reducens,bacteria,3608104,1555020,2.32029427274247
Desulforamulus_ruminis,bacteria,3969014,1700367,2.33421020285621
Desulforapulum_autotrophicum,bacteria,5657782,2492064,2.27031970286477
Desulforhopalus_singaporensis,bacteria,5008860,249814,20.0503574659547
Desulforhopalus_sp,bacteria,5748492,386525,14.8722385356704
Desulfoscipio_geothermicus,bacteria,3652244,220835,16.5383385785768
Desulfoscipio_gibsoniae,bacteria,4855529,2018307,2.405743526629
Desulfosediminicola_flagellatus,bacteria,6702505,571147,11.7351662531713
Desulfosediminicola_ganghwensis,bacteria,5670346,365017,15.5344709972412
Desulfosoma_caldarium,bacteria,3423351,520115,6.58191169260644
Desulfosporosinus_acididurans,bacteria,4637866,392449,11.8177546636633
Desulfosporosinus_acidiphilus,bacteria,4991181,2061025,2.42169842675368
Desulfosporosinus_hippei,bacteria,4939873,326190,15.1441583126399
Desulfosporosinus_lacus,bacteria,5558020,650639,8.54240216156732
Desulfosporosinus_meridiei,bacteria,4873567,2059801,2.36603778714546
Desulfosporosinus_metallidurans,bacteria,5292883,244396,21.6569952045042
Desulfosporosinus_orientis,bacteria,5863081,2515224,2.33103731516557
Desulfosporosinus_sp,bacteria,4899148,173347,28.2620878518644
Desulfosporosinus_youngiae,bacteria,5660978,2417132,2.34202269466459
Desulfotalea_psychrophila,bacteria,3659634,1536680,2.38151990004425
Desulfotalea_sp,bacteria,4123694,271805,15.1715163444381
Desulfotignum_phosphitoxidans,bacteria,4998761,729192,6.85520548771791
Desulfotomaculum_copahuensis,bacteria,3628787,215306,16.8540913862131
Desulfotomaculum_nigrificans,bacteria,2892255,1255819,2.30308268946401
Desulfotomaculum_sp,bacteria,3205985,225369,14.2255239751784
Desulfovibrio_aespoeensis,bacteria,3629109,1623530,2.23531995097103
Desulfovibrio_carbinoliphilus,bacteria,4221670,1832722,2.30349720252171
Desulfovibrio_desulfuricans,bacteria,3225016,899028,3.58722531445072
Desulfovibrio_fairfieldensis,bacteria,3699310,1589361,2.32754547267738
Desulfovibrio_ferrophilus,bacteria,3720107,1647177,2.25847434732272
Desulfovibrio_gilichinskyi,bacteria,3962538,823677,4.81079112321942
Desulfovibrio_legallii,bacteria,2704428,259240,10.4321401018361
Desulfovibrio_litoralis,bacteria,2741424,449328,6.10116440551223
Desulfovibrio_piger,bacteria,2837374,905153,3.1346911155855
Desulfovibrio_sp,bacteria,3866836,427516,9.04488321005421
Desulfovibrio_vulgaris,bacteria,3802303,1602172,2.37321794620333
Desulfovibrionaceae_bacterium,bacteria,3906080,112129,34.8355911494796
Desulfurella_acetivorans,bacteria,1819992,860109,2.11600157654437
Desulfurella_amilsii,bacteria,2002780,681838,2.93732528841162
Desulfurella_multipotens,bacteria,1775491,192420,9.22716453591103
Desulfurella_sp,bacteria,1795049,26282,68.2995586332851
Desulfuribacillus_alkaliarsenatis,bacteria,3106435,461586,6.72991598532018
Desulfuribacillus_stibiiarsenatis,bacteria,3119699,339203,9.19714448280233
Desulfurispirillum_indicum,bacteria,2928377,1309442,2.23635487482454
Desulfurivibrio_alkaliphilus,bacteria,3097763,1394071,2.22209844405342
Desulfurivibrio_sp,bacteria,4224438,155697,27.1324302973082
Desulfurobacterium_atlanticum,bacteria,1739348,239625,7.25862493479395
Desulfurobacterium_indicum,bacteria,1607407,107102,15.0081884558645
Desulfurobacterium_thermolithotrophum,bacteria,1541968,732945,2.10379769286918
Desulfurococcaceae_archaeon,bacteria,1815952,144636,12.5553684952864
Desulfurococcales_archaeon,bacteria,1438752,40754,35.3029758749976
Desulfurococcus_amylolyticus,bacteria,1365223,605811,2.25354607295014
Desulfurococcus_fermentans,bacteria,1384116,621371,2.22751946904506
Desulfurococcus_mucosus,bacteria,1314639,595013,2.20942903768489
Desulfuromonadales_bacterium,bacteria,4041633,218622,18.4868540220106
Desulfuromonas_acetoxidans,bacteria,3828328,269668,14.1964489668778
Desulfuromonas_soudanensis,bacteria,3958620,1756154,2.25414172105635
Desulfuromonas_sp,bacteria,3179207,281205,11.305670675373
Desulfuromonas_thiophila,bacteria,2789967,373989,7.46002422531144
Desulfuromusa_kysingii,bacteria,3744894,513952,7.2864664404458
Dethiobacter_alkaliphilus,bacteria,3116746,312017,9.98902623895493
Dethiosulfatarculus_sandiegensis,bacteria,5934994,422603,14.0438993570798
Dethiosulfatibacter_aminovorans,bacteria,4034121,357378,11.2881067105418
Dethiosulfovibrio_peptidovorans,bacteria,2316006,698249,3.31687621464549
Dethiosulfovibrio_salsuginis,bacteria,2684322,212163,12.652168379972
Devosia_chinhatensis,bacteria,3497719,1282478,2.72731306112074
Devosia_crocina,bacteria,3724570,1167568,3.19002404999109
Devosia_elaeis,bacteria,3878148,173538,22.3475434775092
Devosia_enhydra,bacteria,4221709,1281740,3.29373273830886
Devosia_epidermidihirudinis,bacteria,3859784,615549,6.27047399963285
Devosia_equisanguinis,bacteria,4128236,351968,11.729009455405
Devosia_geojensis,bacteria,4465063,172758,25.845766910939
Devosia_insulae,bacteria,5750119,129601,44.3678598158965
Devosia_limi,bacteria,4385996,398282,11.0123003453587
Devosia_lucknowensis,bacteria,3719665,1433421,2.59495640150382
Devosia_psychrophila,bacteria,4328295,318578,13.5862959777511
Devosia_riboflavina,bacteria,5052234,424638,11.8977434897489
Devosia_soli,bacteria,4136371,684627,6.04178771798366
Devosia_sp,bacteria,4442461,833809,5.32791460997281
Dialister_invisus,bacteria,1834770,546699,3.356088085034
Dialister_micraerophilus,bacteria,1281836,558365,2.29569546801823
Dialister_microaerophilus,bacteria,1395825,160960,8.671875
Dialister_pneumosintes,bacteria,1274073,574578,2.2174065139981
Dialister_sp,bacteria,2103265,65840,31.9450941676792
Dialister_succinatiphilus,bacteria,2499879,705085,3.54550018792061
Diaminobutyricimonas_aerilata,bacteria,3494536,1609910,2.17064059481586
Diaphorobacter_nitroreducens,bacteria,3857641,1239938,3.11115721558546
Diaphorobacter_sp,bacteria,4175808,280241,14.9008012760468
Dicentrarchus_labrax,ensembl,695892153,24495591,28.4088737846742
Dichelobacter_nodosus,bacteria,1389350,641051,2.16730026160165
Dichotomicrobium_thermohalophilum,bacteria,2988045,1098649,2.71974488667445
Dickeya_aquatica,bacteria,4501560,1960142,2.29654790316212
Dickeya_chrysanthemi,bacteria,4813854,2068423,2.32730635851564
Dickeya_dadantii,bacteria,4922802,2114591,2.32801615064095
Dickeya_dianthicola,bacteria,4909058,2114912,2.32116419028309
Dickeya_fangzhongdai,bacteria,5032447,2178197,2.310372753245
Dickeya_parazeae,bacteria,4818394,2084777,2.31122753176959
Dickeya_solani,bacteria,4922468,2136112,2.30440538698345
Dickeya_zeae,bacteria,4636208,2011099,2.30531067839027
Dictyobacter_alpinus,bacteria,8961382,3119634,2.87257479563308
Dictyobacter_aurantiacus,bacteria,8881661,3201844,2.77392059075958
Dictyobacter_kobayashii,bacteria,8854844,3162847,2.79964348575824
Dictyoglomus_sp,bacteria,1927013,314406,6.12905924187198
Dictyoglomus_thermophilum,bacteria,1959987,921050,2.12799196569133
Dictyoglomus_turgidum,bacteria,1855560,864912,2.14537432709917
Dictyostelium_discoideum,protists,34134454,5843586,5.84135392206087
Dielma_fastidiosa,bacteria,3599157,491230,7.32683297725401
Dietzia_alimentaria,bacteria,3713923,61785,60.1104313344663
Dietzia_cinnamea,bacteria,3748231,213297,17.5728241216082
Dietzia_kunjamensis,bacteria,3544285,753823,4.70174696181995
Dietzia_lutea,bacteria,3911842,1718557,2.27623640065474
Dietzia_maris,bacteria,3722509,217531,17.112544878661
Dietzia_natronolimnaea,bacteria,3791351,222424,17.0456020932993
Dietzia_psychralcaliphila,bacteria,3984317,659484,6.04156734659218
Dietzia_sp,bacteria,3723793,767925,4.84916287397858
Dietzia_timorensis,bacteria,3607892,1612183,2.23789234844928
Digitaria_exilis,plants,716471022,23277401,30.7796829207866
Dinghuibacter_silviterrae,bacteria,6497175,2502456,2.59631937584517
Dinoroseobacter_shibae,bacteria,4417868,1796817,2.45871894578023
Dioscorea_rotundata,plants,584153202,14610692,39.9812138945917
Dipodomys_ordii,ensembl,2236368823,10693988,209.123932344042
Dissulfuribacter_thermophilus,bacteria,2524199,313600,8.04910395408163
Dokdonella_fugitiva,bacteria,4280142,694225,6.16535273146314
Dokdonella_immobilis,bacteria,4635835,303142,15.292618640769
Dokdonella_koreensis,bacteria,4446619,1973523,2.25313766295098
Dokdonia_donghaensis,bacteria,3219590,1454950,2.21285267534967
Dokdonia_pacifica,bacteria,5520745,1029272,5.36373767089749
Dokdonia_sinensis,bacteria,3651050,383220,9.52729502635562
Dokdonia_sp,bacteria,3506720,1587626,2.20878286472471
Dolichospermum_compactum,bacteria,5165988,2045361,2.52570964245432
Dolichospermum_planctonicum,bacteria,4571002,189092,24.1734288071415
Dolosicoccus_paucivorans,bacteria,1757345,122866,14.3029397880618
Dolosigranulum_pigrum,bacteria,1959354,411543,4.76099459837733
Domibacillus_aminovorans,bacteria,3886662,465870,8.34281274047775
Domibacillus_antri,bacteria,3191515,278487,11.4601938331053
Domibacillus_enclensis,bacteria,3835730,630158,6.08693375312223
Domibacillus_epiphyticus,bacteria,3237069,295310,10.9615962886458
Domibacillus_iocasae,bacteria,3464277,519907,6.66326285277944
Domibacillus_mangrovi,bacteria,3324250,429418,7.74129170179173
Donghicola_sp,bacteria,3668145,448527,8.17821132084726
Donghicola_tyrosinivorans,bacteria,4687719,446110,10.5079890609939
Dongia_mobilis,bacteria,4189767,713198,5.87461967083475
Dorea_formicigenerans,bacteria,3269869,310939,10.5160990650911
Dorea_longicatena,bacteria,3491412,282858,12.3433531941271
Dorea_sp,bacteria,3382758,427871,7.90601527152874
Dothistroma_septosporum,fungi,30209431,3665009,8.24266215990193
Draconibacterium_orientale,bacteria,5102608,1266307,4.02952049918404
Draconibacterium_sediminis,bacteria,5992231,1482119,4.0430161140907
Drancourtella_sp,bacteria,3230807,264331,12.2225932851172
Dromaius_novaehollandiae,ensembl,1192237364,5412342,220.281232043356
Drosophila_melanogaster,ensembl,143726002,16565952,8.67598807481755
Dubosiella_newyorkensis,bacteria,2254642,142389,15.8343832739889
Duganella_phyllosphaerae,bacteria,6183250,255976,24.1555848985842
Duganella_sacchari,bacteria,6675676,722756,9.23641726945193
Duganella_sp,bacteria,6627319,997158,6.64620964100248
Duncaniella_dubosii,bacteria,3691168,1618467,2.28065694265005
Duncaniella_muris,bacteria,3268790,187650,17.4196109778844
Duncaniella_sp,bacteria,3424529,1529003,2.23971372194822
Dyadobacter_fermentans,bacteria,6967790,3165713,2.20101759066599
Dyadobacter_frigoris,bacteria,8332369,738149,11.2881938470417
Dyadobacter_jejuensis,bacteria,5761522,767034,7.5114297410545
Dyadobacter_jiangsuensis,bacteria,8265804,734063,11.2603468639613
Dyadobacter_koreensis,bacteria,7340093,978699,7.49984724619112
Dyadobacter_luteus,bacteria,6949675,573591,12.1160809705871
Dyadobacter_luticola,bacteria,6408711,1846182,3.47133218718415
Dyadobacter_psychrophilus,bacteria,6736930,1324067,5.08805823270273
Dyadobacter_psychrotolerans,bacteria,7925083,857788,9.23897629717366
Dyadobacter_sediminis,bacteria,6199851,1255455,4.93832992819336
Dyadobacter_soli,bacteria,8744781,532702,16.41589669271
Dyadobacter_sp,bacteria,7421862,1076174,6.89652633619966
Dyella_choica,bacteria,5488740,482888,11.3664866387237
Dyella_dinghuensis,bacteria,4218720,750526,5.62101779285461
Dyella_japonica,bacteria,4534445,1158181,3.91514535083262
Dyella_jiangningensis,bacteria,5077522,1918110,2.64714918517426
Dyella_marensis,bacteria,5005584,568005,8.81257031188106
Dyella_monticola,bacteria,4940170,639557,7.72436233205172
Dyella_psychrodurans,bacteria,4538842,878472,5.16674635048129
Dyella_soli,bacteria,8185998,1902913,4.30182462361653
Dyella_solisilvae,bacteria,4601888,1133461,4.0600320610943
Dyella_sp,bacteria,4683851,1088335,4.30368463391562
Dyella_thiooxydans,bacteria,4227172,1903103,2.22119979843445
Dysgonamonadaceae_bacterium,bacteria,2850607,188855,15.0941568928543
Dysgonomonas_alginatilytica,bacteria,5120703,404741,12.6518020165983
Dysgonomonas_gadei,bacteria,5176087,736207,7.03074950387595
Dysgonomonas_macrotermitis,bacteria,4661550,628854,7.41276989571506
Dysgonomonas_mossii,bacteria,3954365,728630,5.42712350575738
Dysgonomonas_sp,bacteria,4410792,355896,12.3934857374064
Dysosmobacter_welbionis,bacteria,3576111,1548777,2.30899025489144
Echeneis_naucrates,ensembl,544212633,16030977,33.9475649550243
Echinicola_strongylocentroti,bacteria,6252144,2680455,2.33249355053526
Echinicola_vietnamensis,bacteria,5608040,2442785,2.2957566875513
Echinochloa_crusgalli,plants,1340710827,39374943,34.049848072161
Echinops_telfairi,ensembl,3833584941,581160,6596.43633594879
Ectothiorhodosinus_mongolicus,bacteria,1990961,664982,2.9940073565901
Ectothiorhodospira_haloalkaliphila,bacteria,3460134,1526181,2.26718456067793
Ectothiorhodospira_magna,bacteria,2721342,171871,15.8336310372314
Ectothiorhodospira_marina,bacteria,3185852,369392,8.62458309871356
Ectothiorhodospira_mobilis,bacteria,2624954,291829,8.99483601698255
Ectothiorhodospira_sp,bacteria,3246645,887493,3.65822040286515
Edaphobacillus_lindanitolerans,bacteria,3052035,853150,3.57737209166032
Edaphobacter_aggregans,bacteria,6152256,2706651,2.27301414183062
Edaphobacter_dinghuensis,bacteria,4462202,1774375,2.51480211342022
Edaphobacter_modestus,bacteria,7445115,2847676,2.61445297849896
Edwardsiella_hoshinae,bacteria,3874870,1640877,2.36146280312296
Edwardsiella_ictaluri,bacteria,3812301,1607575,2.37146074055643
Edwardsiella_piscicida,bacteria,3930851,1053045,3.73284414856162
Edwardsiella_tarda,bacteria,3969110,1558394,2.54692317860567
Eggerthella_lenta,bacteria,3557316,891567,3.98996092832111
Eggerthia_catenaformis,bacteria,2152037,334570,6.43225697500818
Egibacter_rhizosphaerae,bacteria,4637169,2065283,2.24529471263745
Ehrlichia_canis,bacteria,1315030,479037,2.74515329713571
Ehrlichia_cf,bacteria,1148958,311574,3.68759267461341
Ehrlichia_chaffeensis,bacteria,1176248,460086,2.55658289971875
Ehrlichia_minasensis,bacteria,1335478,114974,11.6154782820464
Ehrlichia_muris,bacteria,1196717,450071,2.6589515876384
Ehrlichia_ruminantium,bacteria,1488852,333467,4.46476909236305
Ehrlichia_sp,bacteria,1148904,441202,2.60403171336485
Eikenella_corrodens,bacteria,2300980,569934,4.03727120488297
Eikenella_halliae,bacteria,2545600,205478,12.3886742132978
Eikenella_longinqua,bacteria,2235900,267498,8.35856716685732
Eikenella_sp,bacteria,1980948,379449,5.22058540611739
Eilatimonas_milleporae,bacteria,4423874,773544,5.71896879815499
Eisenbergiella_massiliensis,bacteria,6852338,483442,14.1740632795661
Eisenbergiella_sp,bacteria,7234838,566443,12.7724025188766
Eisenbergiella_tayi,bacteria,7662356,1450170,5.28376275798406
Ekhidna_lutea,bacteria,4228306,815984,5.18184915390498
Electrophorus_electricus,ensembl,589358956,16540538,35.6311841851819
Elizabethkingia_anophelis,bacteria,4110673,1376478,2.98637059841961
Elizabethkingia_meningoseptica,bacteria,4157643,1219740,3.4086305278174
Elizabethkingia_miricola,bacteria,4290722,997606,4.30101756078613
Elizabethkingia_occulta,bacteria,4154012,582270,7.13416799766431
Elizabethkingia_sp,bacteria,4221426,1272097,3.31847937636807
Elizabethkingia_ursingii,bacteria,4184835,609999,6.86039649245327
Elstera_cyanobacteriorum,bacteria,3950134,536278,7.36583264650051
Elusimicrobia_bacterium,bacteria,2670047,165386,16.1443522694042
Elusimicrobium_minutum,bacteria,1643562,750290,2.1905689799944
Elusimicrobium_sp,bacteria,1501445,393448,3.81612055468575
Embleya_hyalina,bacteria,12054215,814021,14.8082359054619
Embleya_scabrispora,bacteria,10958352,3600918,3.04321064795144
Emergencia_timonensis,bacteria,4252614,945379,4.49831654817803
Emiliania_huxleyi,protists,167675649,1909648,87.8044796737409
Empedobacter_brevis,bacteria,3484649,657113,5.30296767831408
Empedobacter_falsenii,bacteria,3437628,908733,3.78288165109094
Emticicia_agri,bacteria,6650851,268752,24.7471683931654
Emticicia_oligotrophica,bacteria,5220361,2217556,2.35410560094086
Emticicia_sp,bacteria,5981378,786393,7.60609746405262
Endomicrobium_proavitum,bacteria,1588979,732170,2.17023232309436
Endosymbiont_of,bacteria,3266991,413244,7.90572446610744
Endozoicomonadaceae_bacterium,bacteria,3663152,1358492,2.69648404260018
Endozoicomonas_elysicola,bacteria,5606375,2387439,2.3482798932245
Endozoicomonas_montiporae,bacteria,5516277,1732484,3.18402830387706
Endozoicomonas_numazuensis,bacteria,6342227,1235300,5.13415931352708
Endozoicomonas_sp,bacteria,4049356,75450,53.6693969516236
Enemella_dayhoffiae,bacteria,3720766,429647,8.66005348576855
Enemella_evansiae,bacteria,4483842,839720,5.33968962254658
Enhydrobacter_aerosaccus,bacteria,4109403,678111,6.06007374407238
Enhydrobacter_sp,bacteria,2730481,312892,8.72659256228986
Enhygromyxa_salina,bacteria,10016147,271417,36.9031221292671
Ensifer_adhaerens,bacteria,6954510,1273663,5.46024426559369
Ensifer_alkalisoli,bacteria,5973319,623523,9.579949737219
Ensifer_glycinis,bacteria,6039294,973606,6.20301641526449
Ensifer_sojae,bacteria,6094027,2144052,2.84229440330738
Ensifer_sp,bacteria,7186357,726334,9.89401646846573
Entamoeba_histolytica,protists,20835395,304441,68.4382031329552
Enteractinococcus_helveticum,bacteria,3670653,371001,9.89391672798726
Enterobacillus_tribolii,bacteria,4931017,736977,6.69086959294523
Enterobacter_asburiae,bacteria,5043260,1112543,4.53309256361327
Enterobacter_bugandensis,bacteria,4773312,725520,6.57916023449847
Enterobacter_cancerogenus,bacteria,5037306,1449884,3.47428331488128
Enterobacter_chengduensis,bacteria,5287051,343847,15.3761731235113
Enterobacter_chuandaensis,bacteria,4634324,518975,8.92976347608266
Enterobacter_cloacae,bacteria,5419043,864248,6.27023871737061
Enterobacter_genomosp,bacteria,5005331,326167,15.3459148227748
Enterobacter_hormaechei,bacteria,5148409,939395,5.48055598710134
Enterobacter_huaxiensis,bacteria,4990363,766660,6.50922573239767
Enterobacter_kobei,bacteria,5154984,632519,8.14992698506554
Enterobacter_ludwigii,bacteria,4962463,2229116,2.22620255835386
Enterobacter_mori,bacteria,5198993,694903,7.48161504671519
Enterobacter_quasihormaechei,bacteria,4556005,472487,9.64260392349419
Enterobacter_quasiroggenkampii,bacteria,4788302,667453,7.17399127728844
Enterobacter_roggenkampii,bacteria,5294598,744011,7.11629200250131
Enterobacter_sichuanensis,bacteria,5201228,164382,31.6411042571571
Enterobacter_soli,bacteria,4960767,318927,15.5545532363205
Enterobacter_sp,bacteria,5005000,1005122,4.97949674057812
Enterobacter_wuhouensis,bacteria,4897369,680722,7.19437450236661
Enterobacterales_bacterium,bacteria,4042717,342292,11.8107244691667
Enterobacteriaceae_bacterium,bacteria,5239390,1841224,2.84560180256902
Enterocloster_aldenensis,bacteria,6392865,878923,7.27352468505471
Enterocloster_asparagiformis,bacteria,6235959,539537,11.5579821217081
Enterocloster_bolteae,bacteria,6528487,1039506,6.28037331571471
Enterocloster_citroniae,bacteria,6476507,1004113,6.44997823950093
Enterocloster_clostridioformis,bacteria,6166415,827721,7.44987479673094
Enterocloster_lavalensis,bacteria,6448303,440079,14.6526199303079
Enterococcus_aquimarinus,bacteria,2512430,275014,9.135644003578
Enterococcus_asini,bacteria,2598724,864955,3.00446150377765
Enterococcus_avium,bacteria,4719059,1646454,2.86619562405023
Enterococcus_caccae,bacteria,3559587,950683,3.74424177144222
Enterococcus_canintestini,bacteria,2712386,326670,8.30313772308446
Enterococcus_canis,bacteria,2818251,517187,5.44919149166549
Enterococcus_casseliflavus,bacteria,3607127,943582,3.82280090933603
Enterococcus_cecorum,bacteria,2378258,436460,5.4489712688448
Enterococcus_columbae,bacteria,2545099,532554,4.77904400304946
Enterococcus_devriesei,bacteria,3320653,471331,7.04526755082946
Enterococcus_dispar,bacteria,2822228,1212769,2.32709444255254
Enterococcus_durans,bacteria,3228388,927655,3.48015952046841
Enterococcus_faecalis,bacteria,2961269,413428,7.1627134680498
Enterococcus_faecium,bacteria,2847377,238782,11.9245823247848
Enterococcus_florum,bacteria,3994908,227209,17.5825253401054
Enterococcus_gallinarum,bacteria,3598941,987113,3.64592477419514
Enterococcus_gilvus,bacteria,4053734,1530194,2.64916430503724
Enterococcus_haemoperoxidus,bacteria,3580916,1278081,2.80179112278486
Enterococcus_hermanniensis,bacteria,2613534,369650,7.07029352089815
Enterococcus_hirae,bacteria,3137177,510232,6.14853499133849
Enterococcus_italicus,bacteria,2415788,964776,2.50398849059264
Enterococcus_malodoratus,bacteria,4654237,1122212,4.14737767908381
Enterococcus_moraviensis,bacteria,3601841,1075841,3.34793059569211
Enterococcus_mundtii,bacteria,3295458,638534,5.16097276692675
Enterococcus_pallens,bacteria,5490614,1165742,4.70997356190306
Enterococcus_phoeniculicola,bacteria,3931286,1048405,3.74977799609884
Enterococcus_plantarum,bacteria,3383271,186961,18.0961323484577
Enterococcus_pseudoavium,bacteria,3459498,1294432,2.67259925588984
Enterococcus_quebecensis,bacteria,3162767,487424,6.48873875722164
Enterococcus_raffinosus,bacteria,4243950,644995,6.57982354888298
Enterococcus_ratti,bacteria,2485659,167486,14.8409956653093
Enterococcus_rivorum,bacteria,3806353,221890,17.1542340799495
Enterococcus_rotai,bacteria,3746111,1558127,2.40423983410852
Enterococcus_saccharolyticus,bacteria,2638500,1002392,2.63220376858554
Enterococcus_silesiacus,bacteria,3928141,1693862,2.319044290503
Enterococcus_sp,bacteria,3669333,1176445,3.1190020073667
Enterococcus_sulfureus,bacteria,2301651,606523,3.79482888530196
Enterococcus_termitis,bacteria,4257383,738448,5.76531116612138
Enterococcus_thailandicus,bacteria,2674601,601535,4.4462962511443
Enterococcus_ureasiticus,bacteria,3585398,749290,4.78506052396268
Enterococcus_ureilyticus,bacteria,3472706,315106,11.0207549205664
Enterococcus_villorum,bacteria,3037458,541991,5.60425911131366
Enterorhabdus_sp,bacteria,2810686,82813,33.9401543235965
Enterovibrio_nigricans,bacteria,5037269,172578,29.1883612047886
Enterovibrio_norvegicus,bacteria,5410302,314506,17.2025610990711
Enterovibrio_pacificus,bacteria,5288133,267604,19.7610386989731
Enterovirga_rhinocerotis,bacteria,5166770,1394213,3.70586847203404
Entomomonas_moraniae,bacteria,3337477,1487283,2.24400937817483
Entomoplasma_ellychniae,bacteria,900037,404980,2.22242332954714
Entomoplasma_freundtii,bacteria,838114,384984,2.17700995366041
Entomoplasma_melaleucae,bacteria,845295,363376,2.32622682840914
Eoetvoesia_caeni,bacteria,4752396,613128,7.75106666144753
Ephemeroptericola_cinctiostellae,bacteria,2723407,1182816,2.30247730838947
Epibacterium_ulvae,bacteria,3994069,468139,8.53180145213281
Epilithonimonas_arachidiradicis,bacteria,3646603,587988,6.20183235032008
Epilithonimonas_bovis,bacteria,3346045,165229,20.2509547355488
Epilithonimonas_hispanica,bacteria,3777625,157969,23.9137109179649
Epilithonimonas_hominis,bacteria,2854662,170029,16.7893147325301
Epilithonimonas_hungarica,bacteria,3960224,1096222,3.61261131413163
Epilithonimonas_lactis,bacteria,4236390,855975,4.94919828266013
Epilithonimonas_mollis,bacteria,3695355,1090992,3.38715132649919
Epilithonimonas_vandammei,bacteria,3321989,1481185,2.2427910760641
Epilithonimonas_xixisoli,bacteria,3389369,1042966,3.24974064351091
Epilithonimonas_zeae,bacteria,4079566,1467294,2.78033304845518
Epsilonproteobacteria_bacterium,bacteria,1718909,102438,16.7800707748627
Eptatretus_burgeri,ensembl,2608383542,5231846,498.558929677976
Epulopiscium_sp,bacteria,2940624,105304,27.9250243936023
Equus_asinus,ensembl,2431907375,34471955,70.5474167333997
Equus_caballus,ensembl,2506966135,54887888,45.6743049577714
Eragrostis_curvula,plants,603072269,25791692,23.3824236502204
Eragrostis_tef,plants,575076302,24298658,23.6669984819738
Ereboglobus_luteus,bacteria,4175033,1876123,2.22535142951715
Eremococcus_coleocola,bacteria,1773745,305822,5.79992610080374
Erinaceus_europaeus,ensembl,3377541562,497415,6790.18839801775
Erpetoichthys_calabaricus,ensembl,3811022027,21967028,173.488285579642
Erwinia_amylovora,bacteria,3833832,1638048,2.34048819082225
Erwinia_aphidicola,bacteria,4947598,2133576,2.3189227850332
Erwinia_billingiae,bacteria,5372268,2314948,2.32068625299575
Erwinia_gerundensis,bacteria,4481256,1809572,2.4764176280358
Erwinia_iniecta,bacteria,4778332,249133,19.1798801842393
Erwinia_mallotivora,bacteria,4640069,348441,13.3166561914356
Erwinia_persicina,bacteria,5136780,1266521,4.05582025715336
Erwinia_piriflorinigrans,bacteria,3930655,626331,6.27568330483403
Erwinia_psidii,bacteria,4503018,471513,9.55014601930382
Erwinia_pyrifoliae,bacteria,4072827,1739431,2.34147086029857
Erwinia_rhapontici,bacteria,5287686,900003,5.87518708270972
Erwinia_sp,bacteria,4627635,629657,7.34945140212361
Erwinia_tasmaniensis,bacteria,4067864,1706846,2.383263633626
Erwinia_tracheiphila,bacteria,5073353,1952012,2.59903755714617
Erwinia_typographi,bacteria,5749517,297159,19.3482849249055
Erwiniaceae_bacterium,bacteria,4851875,853233,5.68645961888488
Erysipelatoclostridium_ramosum,bacteria,3738700,431667,8.66106847711432
Erysipelatoclostridium_sp,bacteria,2703259,169907,15.910256611473
Erysipelothrix_larvae,bacteria,2511486,1109054,2.26452995075082
Erysipelothrix_rhusiopathiae,bacteria,1746468,561234,3.11183570489315
Erysipelotrichaceae_bacterium,bacteria,3389656,506764,6.6888242459369
Erythrobacter_aureus,bacteria,3372129,1451702,2.32287962681046
Erythrobacter_dokdonensis,bacteria,2995154,620493,4.82705526089738
Erythrobacter_litoralis,bacteria,3133135,948807,3.3021831626453
Erythrobacter_longus,bacteria,3602162,829929,4.3403254977233
Erythrobacter_neustonensis,bacteria,3090363,1411663,2.1891648360834
Erythrobacter_sanguineus,bacteria,2978798,254238,11.7165726602632
Erythrobacter_sp,bacteria,3282922,543656,6.03860708014862
Erythrobacteraceae_bacterium,bacteria,2649178,420411,6.30140029637664
Erythrura_gouldiae,ensembl,1070785140,10586116,101.149953391782
Escherichia_albertii,bacteria,4867314,1254644,3.87943882613167
Escherichia_coli,bacteria,5252861,665526,7.89279781243795
Escherichia_fergusonii,bacteria,4859040,1577645,3.07993199147421
Escherichia_marmotae,bacteria,4967385,274140,18.1198840008755
Escherichia_sp,bacteria,4852718,849836,5.71018131360941
Esox_lucius,ensembl,918748614,26914173,34.1362379590857
Estrella_lausannensis,bacteria,2820195,396821,7.10697014522921
Ethanoligenens_harbinense,bacteria,3054350,1319701,2.31442626565649
Eubacteriaceae_bacterium,bacteria,2635273,213176,12.3619707302611
Eubacterium_aggregans,bacteria,2833471,198897,14.2459212557253
Eubacterium_barkeri,bacteria,2954329,253283,11.6641424809403
Eubacterium_brachy,bacteria,1544525,368035,4.19667966361895
Eubacterium_callanderi,bacteria,4368996,597199,7.31581265206405
Eubacterium_coprostanoligenes,bacteria,1823434,170717,10.6810335233164
Eubacterium_dolichum,bacteria,2025104,67528,29.9891008174387
Eubacterium_eligens,bacteria,2585433,188034,13.7498165225438
Eubacterium_hallii,bacteria,2722180,93708,29.0496008878644
Eubacterium_infirmum,bacteria,1910927,764398,2.49991104110686
Eubacterium_limosum,bacteria,4230324,1171040,3.61245222727329
Eubacterium_maltosivorans,bacteria,4337501,1941209,2.23443276844482
Eubacterium_minutum,bacteria,1906764,815023,2.33952170674938
Eubacterium_nodatum,bacteria,1829558,177403,10.3130048533565
Eubacterium_oxidoreducens,bacteria,2912287,318770,9.13601342660853
Eubacterium_plexicaudatum,bacteria,6508819,838952,7.75827341731112
Eubacterium_pyruvativorans,bacteria,2277081,223570,10.1850919175202
Eubacterium_ramulus,bacteria,3349853,199362,16.8028463262227
Eubacterium_rectale,bacteria,2752847,177043,15.5490304615263
Eubacterium_ruminantium,bacteria,3172808,447267,7.09376613968837
Eubacterium_saphenum,bacteria,1084901,496804,2.18376059774076
Eubacterium_siraeum,bacteria,2623534,79533,32.9867350659475
Eubacterium_sp,bacteria,2744559,254995,10.7632069605406
Eubacterium_sulci,bacteria,1728669,274255,6.30314488341142
Eubacterium_uniforme,bacteria,2872342,318492,9.01856875525916
Eubacterium_ventriosum,bacteria,2679775,323861,8.27445556660853
Eucalyptus_grandis,plants,691269672,23388200,29.5563434552467
Euhalothece_sp,bacteria,5113178,25843,197.855434740549
Euryarchaeota_archaeon,bacteria,842351,52392,16.0777851155961
Eutrema_salsugineum,plants,243110105,10557220,23.0278525028369
Euzebya_pacifica,bacteria,6371455,2793947,2.28044948597808
Euzebyella_marina,bacteria,4707469,2155469,2.18396506746328
Evansella_caseinilytica,bacteria,5872627,682373,8.60618312858217
Evansella_cellulosilytica,bacteria,4681672,1919875,2.4385295917703
Evtepia_gabavorous,bacteria,2494407,249385,10.0022334943962
Ewingella_americana,bacteria,5527953,1008362,5.48211306459157
Exiguobacterium_antarcticum,bacteria,2815863,1265521,2.22506224709033
Exiguobacterium_aurantiacum,bacteria,3125661,1360075,2.2981534106575
Exiguobacterium_chiriqhucha,bacteria,3019504,656836,4.597044010986
Exiguobacterium_enclense,bacteria,3252807,801302,4.05940207312599
Exiguobacterium_mexicanum,bacteria,3359295,1097734,3.06020857511929
Exiguobacterium_sibiricum,bacteria,3040786,1365611,2.2266853445088
Exiguobacterium_sp,bacteria,3101091,724978,4.27749796844354
Extensimonas_vulgaris,bacteria,3093613,514944,6.00766879505344
Extibacter_muris,bacteria,3711428,336379,11.0334711738842
Ezakiella_coagulans,bacteria,1806048,274982,6.56787717014205
Facklamia_hominis,bacteria,1897623,829188,2.28853167194894
Facklamia_languida,bacteria,1717767,728345,2.35845238176963
Facklamia_miroungae,bacteria,2028290,352201,5.75889903776537
Faecalibacterium_cf,bacteria,2928734,243968,12.0045825682057
Faecalibacterium_duncaniae,bacteria,3090349,547592,5.64352474104808
Faecalibacterium_prausnitzii,bacteria,3001967,506783,5.92357741269859
Faecalibacterium_sp,bacteria,3037452,311000,9.76672594607964
Faecalibaculum_rodentium,bacteria,2479139,621527,3.98878969762351
Faecalicatena_contorta,bacteria,4988881,447388,11.1511207638405
Faecalicatena_orotica,bacteria,5717637,622924,9.17870719381498
Faecalicoccus_pleomorphus,bacteria,2266834,546898,4.14489643854653
Faecalimonas_umbilicata,bacteria,3080497,168376,18.2953449422721
Faecalitalea_cylindroides,bacteria,1959109,138593,14.1357468838501
Falco_tinnunculus,ensembl,1179901403,12690911,92.9721596030419
Falseniella_ignava,bacteria,1686373,354748,4.75372095121044
Falsibacillus_albus,bacteria,4485249,475414,9.43440664347285
Falsibacillus_pallidus,bacteria,3865655,546239,7.07685646759019
Falsigemmobacter_faecalis,bacteria,4240178,222115,19.0900119307566
Falsihalocynthiibacter_arcticus,bacteria,4376120,1930669,2.26663400096029
Falsiroseomonas_bella,bacteria,5944573,1264445,4.70132983245614
Falsiruegeria_litorea,bacteria,4691634,1501679,3.12425891285688
Falsiruegeria_mediterranea,bacteria,5278962,564620,9.3495837908682
Falsochrobactrum_ovis,bacteria,3271822,526300,6.21664829944898
Falsochrobactrum_shanghaiense,bacteria,3839416,701420,5.47377605428987
Felis_catus,ensembl,2521863845,9128067,276.275781608527
Fermentimonas_caenicola,bacteria,2808926,1285270,2.185475425397
Ferrimonas_aestuarii,bacteria,4753108,518544,9.16625782961523
Ferrimonas_balearica,bacteria,4279159,1922129,2.22626004810291
Ferrimonas_marina,bacteria,4983771,680303,7.32581070493589
Ferrimonas_sediminicola,bacteria,3966543,565019,7.02019401117485
Ferrimonas_sediminum,bacteria,4375383,442852,9.88001183239547
Ferriphaselus_amnicola,bacteria,2717229,1259759,2.15694351062386
Ferroglobus_placidus,bacteria,2196266,1015499,2.16274560585486
Ferroplasma_acidarmanus,bacteria,1935211,851813,2.2718730519492
Ferroplasma_acidiphilum,bacteria,1826943,800469,2.28234072774836
Ferroplasma_sp,bacteria,2487652,103706,23.9875417044337
Ferrovibrio_sp,bacteria,4232879,599335,7.0626260772356
Ferrovum_myxofaciens,bacteria,2473037,133829,18.47908151447
Ferrovum_sp,bacteria,1961549,493552,3.97434854932641
Fervidicella_metallireducens,bacteria,2892465,133104,21.7308645870898
Fervidicoccus_fontis,bacteria,1106276,239731,4.61466061913926
Fervidicoccus_sp,bacteria,1456853,40468,36.0001235544134
Fervidicola_ferrireducens,bacteria,2439065,155262,15.7093493578596
Fervidobacterium_changbaicum,bacteria,2184031,133959,16.3037272598332
Fervidobacterium_gondwanense,bacteria,2146020,336993,6.36814414542735
Fervidobacterium_islandicum,bacteria,2237377,1025530,2.18167874172379
Fervidobacterium_nodosum,bacteria,1948941,897865,2.17063923863833
Fervidobacterium_pennivorans,bacteria,2114117,968601,2.18265063873083
Fervidobacterium_thailandense,bacteria,2040210,243815,8.36786087812481
Fibrella_aestuarina,bacteria,6937263,3076985,2.25456510187732
Fibrella_sp,bacteria,6408035,2873008,2.23042713420916
Fibrisoma_limi,bacteria,7452326,1644425,4.53187345120635
Fibrisoma_montanum,bacteria,7799645,1089189,7.16096563589974
Fibrobacter_intestinalis,bacteria,3292368,124454,26.4544972439616
Fibrobacter_sp,bacteria,3592943,647462,5.54926978739334
Fibrobacter_succinogenes,bacteria,3677391,1408751,2.61039197501616
Ficedula_albicollis,ensembl,1118343587,16748087,66.7744075487547
Fictibacillus_aquaticus,bacteria,3900789,982419,3.97059604913993
Fictibacillus_arsenicus,bacteria,3982512,1357208,2.93434167791525
Fictibacillus_enclensis,bacteria,4500536,1221904,3.6832157027066
Fictibacillus_macauensis,bacteria,3736359,329213,11.3493665195481
Fictibacillus_phosphorivorans,bacteria,4190561,1271190,3.29656632626371
Fictibacillus_solisalsi,bacteria,4797611,1662173,2.88634877356328
Fictibacillus_sp,bacteria,4331130,1787410,2.42313219214735
Ficus_carica,plants,333439967,13446178,24.7981223363249
Filamentous_cyanobacterium,bacteria,6186439,67734,91.3347744351652
Filibacter_tadaridae,bacteria,3123030,394861,7.9091882966411
Filifactor_alocis,bacteria,1931012,804608,2.39994133789373
Filimonas_effusa,bacteria,6004915,1892043,3.17377300621603
Filimonas_lacunae,bacteria,7763674,1228830,6.31793982894298
Filimonas_sp,bacteria,7784966,1223608,6.36230394047767
Filomicrobium_sp,bacteria,4964254,117327,42.311266801333
Fimbriiglobus_ruber,bacteria,12363577,1538641,8.03538772202223
Fimbriimonas_ginsengisoli,bacteria,5231762,2356204,2.22041979387184
Finegoldia_magna,bacteria,1898684,303123,6.26373593142064
Firmicutes_bacterium,bacteria,2753414,186617,14.7543501052089
Fischerella_major,bacteria,5639496,681736,8.27225788281681
Fischerella_muscicola,bacteria,6758464,46346,145.826263323696
Fischerella_sp,bacteria,6538854,2500591,2.61492323214792
Fischerella_thermalis,bacteria,6067164,111941,54.1996576321455
Flammeovirga_pacifica,bacteria,6610326,2550589,2.59168607721589
Flammeovirga_pectinis,bacteria,6680108,2691048,2.48234442492293
Flammeovirga_sp,bacteria,7909628,1711981,4.62016079617706
Flammeovirgaceae_bacterium,bacteria,7155896,1632923,4.38226278344502
Flaviaesturariibacter_aridisoli,bacteria,4374430,298219,14.668515419876
Flaviaesturariibacter_flavus,bacteria,3958893,651035,6.08092191664043
Flaviflexus_ciconiae,bacteria,2830639,1228048,2.30499052154313
Flaviflexus_salsibiostraticola,bacteria,2608471,1183488,2.20405361102098
Flavihumibacter_petaseus,bacteria,5693518,1582442,3.59793155136176
Flavihumibacter_solisilvae,bacteria,5410659,394274,13.7230935846645
Flavihumibacter_sp,bacteria,4527566,413790,10.9416998960826
Flavilitoribacter_nigricans,bacteria,11332409,492384,23.0153883960486
Flavimaricola_marinus,bacteria,4792571,870706,5.50423564325961
Flavimobilis_marinus,bacteria,2899750,799677,3.62615155869182
Flavimobilis_soli,bacteria,2886687,1316960,2.19193217713522
Flavipsychrobacter_stenotrophus,bacteria,5429324,1011719,5.36643475115126
Flaviramulus_basaltis,bacteria,4188560,1122765,3.73057585514333
Flavisolibacter_ginsengisoli,bacteria,4677460,424523,11.0181544933961
Flavisolibacter_tropicus,bacteria,5940863,2534936,2.34359486787832
Flavivirga_eckloniae,bacteria,5665358,2506317,2.26043154158073
Flavivirga_rizhaonensis,bacteria,4911176,350154,14.02576009413
Flavobacteria_bacterium,bacteria,2549864,399878,6.37661346287301
Flavobacteriaceae_bacterium,bacteria,3135522,451502,6.9446535094295
Flavobacteriales_bacterium,bacteria,2549555,206855,12.3253520136634
Flavobacteriia_bacterium,bacteria,3532031,307257,11.4953825224202
Flavobacterium_aciduliphilum,bacteria,2736439,391075,6.997223039059
Flavobacterium_akiainvivens,bacteria,4533022,2037873,2.22438886034606
Flavobacterium_album,bacteria,3983546,1792960,2.22177070319472
Flavobacterium_alvei,bacteria,3823090,608899,6.27869318228475
Flavobacterium_amnicola,bacteria,2663846,785941,3.38937146681494
Flavobacterium_anhuiense,bacteria,5320567,703213,7.56608706472083
Flavobacterium_aquariorum,bacteria,4378418,557914,7.84783676337213
Flavobacterium_aquaticum,bacteria,2821499,473451,5.9594319158688
Flavobacterium_aquatile,bacteria,3490856,707940,4.93100545243947
Flavobacterium_aquicola,bacteria,5124726,570724,8.97934202872141
Flavobacterium_aquidurense,bacteria,5395056,793178,6.80182619905381
Flavobacterium_araucananum,bacteria,5896739,410695,14.3579517646916
Flavobacterium_arcticum,bacteria,2970356,1364092,2.1775334801465
Flavobacterium_aurantiibacter,bacteria,3247176,93735,34.6420867338774
Flavobacterium_beibuense,bacteria,3759273,376762,9.97784543027163
Flavobacterium_bomense,bacteria,3820548,420459,9.08661248778121
Flavobacterium_branchiophilum,bacteria,3535347,605058,5.84299127410996
Flavobacterium_caeni,bacteria,3700245,435825,8.4902082257787
Flavobacterium_caseinilyticum,bacteria,3838245,747033,5.13798587211007
Flavobacterium_cauense,bacteria,3113956,580449,5.36473660907332
Flavobacterium_cellulosilyticum,bacteria,4657187,701073,6.64294160522513
Flavobacterium_cerinum,bacteria,4110170,494751,8.30755268811988
Flavobacterium_cheniae,bacteria,2744241,748930,3.66421561427637
Flavobacterium_cheongpyeongense,bacteria,5223205,481254,10.8533227775769
Flavobacterium_chilense,bacteria,6113833,1216039,5.02766194176338
Flavobacterium_columnare,bacteria,3323598,817136,4.06737699934038
Flavobacterium_commune,bacteria,3851214,1728709,2.22779773808085
Flavobacterium_crassostreae,bacteria,2762845,309003,8.94115914732219
Flavobacterium_croceum,bacteria,2945400,267271,11.0202753010989
Flavobacterium_crocinum,bacteria,5877431,2588960,2.27018996044744
Flavobacterium_cucumis,bacteria,2854482,813608,3.50842420428511
Flavobacterium_cupreum,bacteria,5929114,544605,10.8869988340173
Flavobacterium_cutihirudinis,bacteria,4903770,1082950,4.528159194792
Flavobacterium_cyanobacteriorum,bacteria,3238290,102773,31.5091512362196
Flavobacterium_daejeonense,bacteria,3755556,501859,7.4832891310109
Flavobacterium_dankookense,bacteria,3211787,538315,5.96637099096254
Flavobacterium_dauae,bacteria,2874246,295591,9.72372636514644
Flavobacterium_defluvii,bacteria,4871623,758594,6.42191079813444
Flavobacterium_degerlachei,bacteria,3856409,403393,9.5599303904629
Flavobacterium_endophyticum,bacteria,3745791,1152445,3.25029914659702
Flavobacterium_enshiense,bacteria,3375260,468013,7.21189368671383
Flavobacterium_faecale,bacteria,4621116,2001584,2.30872948624689
Flavobacterium_flevense,bacteria,4230539,629685,6.71850052010132
Flavobacterium_fluviale,bacteria,4839571,2141280,2.26012992228947
Flavobacterium_fluvii,bacteria,4129111,872959,4.73001710275053
Flavobacterium_fontis,bacteria,3084632,375422,8.2164391005322
Flavobacterium_frigidimaris,bacteria,5739183,492469,11.6538969965622
Flavobacterium_frigoris,bacteria,3989904,539818,7.39120906602695
Flavobacterium_fryxellicola,bacteria,3721009,445593,8.35068997942068
Flavobacterium_gillisiae,bacteria,4377959,539874,8.10922363366267
Flavobacterium_gilvum,bacteria,4321991,142496,30.3306127891309
Flavobacterium_glaciei,bacteria,3143612,351756,8.93691081317732
Flavobacterium_glycines,bacteria,3958831,573824,6.89903350156146
Flavobacterium_granuli,bacteria,3798137,542143,7.0057844517037
Flavobacterium_haoranii,bacteria,2846831,849981,3.34928780760982
Flavobacterium_hercynium,bacteria,5260169,334589,15.7212849197075
Flavobacterium_hibernum,bacteria,5283672,492819,10.7213236502651
Flavobacterium_hiemivividum,bacteria,3745432,590584,6.34191241212088
Flavobacterium_hydatis,bacteria,5877671,337940,17.392646623661
Flavobacterium_hydrophilum,bacteria,5571628,1433047,3.88795901320752
Flavobacterium_indicum,bacteria,2993089,1376907,2.17377716868314
Flavobacterium_johnsoniae,bacteria,5047504,1026363,4.91785516778278
Flavobacterium_kingsejongi,bacteria,4224053,1898064,2.2254534093687
Flavobacterium_lacus,bacteria,3525384,337801,10.4362746113836
Flavobacterium_laiguense,bacteria,3966695,439012,9.03550472424444
Flavobacterium_limicola,bacteria,3305187,980435,3.3711434210325
Flavobacterium_limnosediminis,bacteria,3466544,480072,7.22088353413655
Flavobacterium_lindanitolerans,bacteria,3721860,1023062,3.63796133567663
Flavobacterium_magnum,bacteria,3464207,1582541,2.18901564003713
Flavobacterium_micromati,bacteria,3692790,394834,9.35276597253529
Flavobacterium_nackdongense,bacteria,4217227,1885332,2.23686173045384
Flavobacterium_noncentrifugens,bacteria,4032617,868011,4.6458132443022
Flavobacterium_omnivorum,bacteria,3808360,408744,9.31722545162742
Flavobacterium_oncorhynchi,bacteria,4730796,439415,10.7661231409943
Flavobacterium_pallidum,bacteria,3552756,1634821,2.1731773692655
Flavobacterium_pectinovorum,bacteria,5610979,1074024,5.2242584895682
Flavobacterium_petrolei,bacteria,3738413,954581,3.91628683160465
Flavobacterium_phragmitis,bacteria,6041292,593738,10.1750132213198
Flavobacterium_piscinae,bacteria,3374625,341346,9.88622980787822
Flavobacterium_psychrolimnae,bacteria,3652041,403965,9.04048865619546
Flavobacterium_psychrophilum,bacteria,3617358,805269,4.49210947227594
Flavobacterium_psychrotolerans,bacteria,3240564,319211,10.1517930146518
Flavobacterium_reichenbachii,bacteria,5501401,2101640,2.61767048590624
Flavobacterium_rhamnosiphilum,bacteria,3776925,550779,6.85742375798642
Flavobacterium_rivuli,bacteria,4479972,393314,11.3903191851803
Flavobacterium_saccharophilum,bacteria,5209309,1029817,5.05848029310062
Flavobacterium_saliperosum,bacteria,2890139,584191,4.94725012881061
Flavobacterium_sandaracinum,bacteria,4029235,357056,11.2846024153074
Flavobacterium_sangjuense,bacteria,3130338,1460040,2.14400838333196
Flavobacterium_sediminis,bacteria,3441304,1580544,2.17729085681892
Flavobacterium_segetis,bacteria,3463995,463633,7.47141596909625
Flavobacterium_seoulense,bacteria,3792640,350124,10.8322765648742
Flavobacterium_sinopsychrotolerans,bacteria,3520953,698237,5.04263308876499
Flavobacterium_sp,bacteria,4567373,829927,5.50334287709513
Flavobacterium_stagni,bacteria,3179833,647366,4.91195552438651
Flavobacterium_subsaxonicum,bacteria,4637174,565827,8.19539187772941
Flavobacterium_succinicans,bacteria,3489710,550988,6.33355566142608
Flavobacterium_sufflavum,bacteria,4331586,646811,6.69683416021063
Flavobacterium_suncheonense,bacteria,2883777,293335,9.831002096579
Flavobacterium_supellecticarium,bacteria,3856681,757840,5.08904386150111
Flavobacterium_swingsii,bacteria,2573799,502099,5.12607872152703
Flavobacterium_tangerinum,bacteria,3453487,166197,20.779478570612
Flavobacterium_terrae,bacteria,3161259,746509,4.23472322503814
Flavobacterium_terrigena,bacteria,3172415,601232,5.27652387098491
Flavobacterium_tibetense,bacteria,2737708,282445,9.69288888102108
Flavobacterium_tructae,bacteria,5359952,926501,5.78515511586064
Flavobacterium_ummariense,bacteria,3493887,277651,12.5837364173009
Flavobacterium_urocaniciphilum,bacteria,2848114,611271,4.65933113136399
Flavobacterium_urumqiense,bacteria,3439151,487743,7.05115398888349
Flavobacterium_viscosum,bacteria,3006188,200435,14.9983186569212
Flavobacterium_weaverense,bacteria,3397857,689551,4.92763696956425
Flavobacterium_xanthum,bacteria,3755582,189078,19.8626069664371
Flavobacterium_xinjiangense,bacteria,3902806,443547,8.7990810443989
Flavobacterium_xueshanense,bacteria,3471047,409940,8.46720739620432
Flavonifractor_plautii,bacteria,4661512,581764,8.01271354065502
Flavonifractor_sp,bacteria,3434460,267534,12.8374626496351
Flectobacillus_sp,bacteria,6634341,475337,13.9571314667278
Flexibacter_flexilis,bacteria,4249974,658547,6.45356216033176
Flexilinea_flocculi,bacteria,3510630,1232301,2.84884131393223
Flexistipes_sinusarabici,bacteria,2526590,1120947,2.25397810958056
Flexivirga_caeni,bacteria,4144872,394776,10.4993008693538
Floricoccus_penangensis,bacteria,2049722,324805,6.31062329705516
Floricoccus_tropicus,bacteria,2157756,351129,6.14519450116624
Fluoribacter_dumoffii,bacteria,4123357,1722574,2.39371835404459
Fluoribacter_gormanii,bacteria,3872652,1679027,2.3064858397155
Fluviicoccus_keumensis,bacteria,3682372,721064,5.10685875317586
Fluviicola_sp,bacteria,4152766,367548,11.2985678061097
Fluviicola_taffensis,bacteria,4633577,2105642,2.20055308547227
Fluviispira_sanaruensis,bacteria,3668465,1583815,2.31622064445658
Fontibacillus_panacisegetis,bacteria,5264638,359887,14.6285861951112
Fontibacillus_phaseoli,bacteria,5444741,947483,5.74653160003926
Fonticella_tunisiensis,bacteria,3103119,208631,14.8737196293935
Fontimonas_thermophila,bacteria,2733540,339595,8.04941179934922
Formivibrio_citricus,bacteria,3072471,250945,12.2436031799797
Formosa_agariphila,bacteria,4228350,1885396,2.24268535628589
Formosa_algae,bacteria,4531744,294577,15.383903020263
Formosa_sp,bacteria,2404489,935149,2.57123761627164
Fournierella_massiliensis,bacteria,3732710,202918,18.3951645492268
Francisella_adeliensis,bacteria,2054094,950567,2.16091448577533
Francisella_frigiditurris,bacteria,1861609,869716,2.1404791909083
Francisella_halioticida,bacteria,2197430,961489,2.28544476327862
Francisella_hispaniensis,bacteria,1920223,528855,3.63090544667253
Francisella_opportunistica,bacteria,1824967,825375,2.21107617749508
Francisella_orientalis,bacteria,1847202,812346,2.27391037809012
Francisella_persica,bacteria,1540768,571611,2.69548346690319
Francisella_philomiragia,bacteria,2060713,922562,2.23368467376718
Francisella_salina,bacteria,2035931,944926,2.15459305808074
Francisella_sp,bacteria,1990441,683992,2.9100354974912
Francisella_tularensis,bacteria,1915896,710980,2.69472644577616
Francisella_uliginis,bacteria,2237379,1031352,2.16936506643707
Franconibacter_pulveris,bacteria,4856096,456976,10.6265887048773
Frankia_asymbiotica,bacteria,9435764,281606,33.5069707321577
Frankia_canadensis,bacteria,7673585,165242,46.4384660074315
Frankia_casuarinae,bacteria,5210108,1178638,4.42044988387015
Frankia_inefficax,bacteria,8815781,3780299,2.33203273074431
Frankia_irregularis,bacteria,9537992,571530,16.6885237870278
Frankia_sp,bacteria,8196349,781322,10.4903548935227
Frankia_torreyi,bacteria,7624758,265407,28.7285489832597
Frankineae_bacterium,bacteria,4228702,1914164,2.2091638960925
Franklinella_schreckenbergeri,bacteria,2773803,238199,11.6448800584385
Frateuria_aurantia,bacteria,3603458,1579522,2.28135980378874
Frateuria_sp,bacteria,4548162,607299,7.48916431609471
Frateuria_terrea,bacteria,3840840,667655,5.75273157543941
Fraxinus_excelsior,plants,867455155,500764,1732.26341150722
Frederiksenia_canicola,bacteria,2124926,667436,3.1837149928982
Fremyella_diplosiphon,bacteria,10126555,3650597,2.7739449191461
Fretibacterium_sp,bacteria,2864106,172943,16.5609825202523
Friedmanniella_luteola,bacteria,4717614,2116217,2.22926760346411
Frigidibacter_mobilis,bacteria,4987611,2148464,2.3214775765384
Frigoribacterium_sp,bacteria,3433445,935224,3.67125308903706
Frischella_perrara,bacteria,2625438,767705,3.41985490510997
Frisingicoccus_caecimuris,bacteria,2716364,371151,7.31875705575359
Frondihabitans_australicus,bacteria,4036723,1836923,2.19754611380009
Frondihabitans_sp,bacteria,3823343,1354880,2.82190552992229
Fructilactobacillus_florum,bacteria,1315620,140264,9.37963190708916
Fructilactobacillus_fructivorans,bacteria,1379256,287905,4.79065855867512
Fructilactobacillus_lindneri,bacteria,1442612,321677,4.48466007827728
Fructilactobacillus_sanfranciscensis,bacteria,1340170,203827,6.57502745671931
Fructobacillus_durionis,bacteria,1327392,318082,4.17311259360794
Fructobacillus_ficulneus,bacteria,1552198,367260,4.22642814354953
Fructobacillus_fructosus,bacteria,1484857,159238,9.32476544543388
Fructobacillus_pseudoficulneus,bacteria,1413733,316869,4.46156929204182
Fructobacillus_sp,bacteria,1637196,115175,14.2148556544389
Fructobacillus_tropaeoli,bacteria,1686944,247588,6.8135127712167
Fuerstiella_marisgermanici,bacteria,8920478,3908390,2.28239198237638
Fukomys_damarensis,ensembl,2333908851,9013506,258.934631096934
Fulvimarina_endophytica,bacteria,4372088,668262,6.54247585527832
Fulvimarina_manganoxydans,bacteria,4827577,428737,11.2599962214598
Fulvimarina_pelagi,bacteria,3806238,1633785,2.32970556101323
Fulvimarina_sp,bacteria,5621037,268441,20.9395621384215
Fulvimonas_soli,bacteria,3768430,410414,9.1820210811522
Fulvivirga_imtechensis,bacteria,6737864,254849,26.4386519076002
Fundulus_heteroclitus,ensembl,1021898560,3886531,262.933335666176
Furfurilactobacillus_rossiae,bacteria,2865290,325963,8.79023079306547
Furfurilactobacillus_siliginis,bacteria,2070447,248214,8.34137881022021
Fusarium_culmorum,fungi,41928875,6974765,6.0115107820837
Fusarium_fujikuroi,fungi,43847810,4731670,9.26687829032879
Fusarium_graminearum,fungi,38047942,7641407,4.97918014313333
Fusarium_oxysporum,fungi,61470697,4841325,12.6970812742379
Fusarium_pseudograminearum,fungi,36932859,598805,61.6776062324129
Fusarium_solani,fungi,51291997,4464850,11.4879552504563
Fusarium_verticillioides,fungi,41885085,4508821,9.28958701177093
Fuscovulum_blasticum,bacteria,3588034,349959,10.2527267479905
Fusibacter_sp,bacteria,4611180,413406,11.1541184694949
Fusicatenibacter_saccharivorans,bacteria,3777025,351048,10.7592826811908
Fusicatenibacter_sp,bacteria,7927659,547166,14.4885811618412
Fusobacterium_canifelinum,bacteria,2224456,240652,9.24345527982315
Fusobacterium_equinum,bacteria,1793919,145501,12.3292554690346
Fusobacterium_gonidiaformans,bacteria,1930430,590950,3.2666553853964
Fusobacterium_hwasookii,bacteria,2473490,892321,2.77197397647034
Fusobacterium_mortiferum,bacteria,2686688,493098,5.44858729907645
Fusobacterium_naviforme,bacteria,2400574,485853,4.94094715891432
Fusobacterium_necrogenes,bacteria,2015236,898566,2.24272451884447
Fusobacterium_necrophorum,bacteria,2407719,497787,4.83684691603105
Fusobacterium_nucleatum,bacteria,2434713,749668,3.24772147015907
Fusobacterium_periodonticum,bacteria,2443124,916384,2.66604911243061
Fusobacterium_sp,bacteria,2458438,311449,7.89354237758094
Fusobacterium_ulcerans,bacteria,3537675,1586110,2.23040961850061
Fusobacterium_varium,bacteria,3508585,1055194,3.32506234044696
Gadus_morhua,ensembl,677109113,21066596,32.1413631561549
Gaetbulibacter_sp,bacteria,3649835,847331,4.30744832892931
Gaeumannomyces_graminis,fungi,43768664,6004035,7.28987489246815
Galbibacter_marinus,bacteria,3572447,333885,10.6996331072076
Galdieria_sulphuraria,plants,13712004,359971,38.0919685196863
Gallaecimonas_pentaromativorans,bacteria,4190752,534486,7.84071425631354
Gallaecimonas_xiamenensis,bacteria,4062282,232994,17.4351356687297
Gallibacterium_anatis,bacteria,2547468,321030,7.93528602013469
Gallibacterium_genomosp,bacteria,2366108,141063,16.7733911167456
Gallibacterium_salpingitidis,bacteria,2600122,142457,18.2519742799582
Gallionella_capsiferriformans,bacteria,3162471,1447166,2.18528558575865
Gallionella_sp,bacteria,2849160,667867,4.26605896084101
Gallionellales_bacterium,bacteria,3024484,363370,8.32343294949566
Gallus_gallus,ensembl,1055678112,37528008,28.1304060322945
Gambusia_affinis,ensembl,598663367,11180242,53.5465481874185
Gamma_proteobacterium,bacteria,3858985,588058,6.5622489292663
Gammaproteobacteria_bacterium,bacteria,3743593,235362,15.905699743699
Garciella_nitratireducens,bacteria,2163332,306394,7.06062129153965
Gardnerella_sp,bacteria,1655981,529024,3.13025980887428
Gardnerella_vaginalis,bacteria,1634518,354502,4.61073939132711
Gasterosteus_aculeatus,ensembl,444157499,6828030,65.0491405262887
Geitlerinema_sp,bacteria,4681111,1958556,2.39008279569234
Gelidibacter_algens,bacteria,4483204,374662,11.9660106522821
Gelidibacter_gilvus,bacteria,4632641,711757,6.50873964007379
Gelidibacter_sediminis,bacteria,3564323,1115162,3.19623785602451
Geminicoccus_sp,bacteria,2718930,112075,24.2599903635671
Geminocystis_sp,bacteria,4234069,1733734,2.44216731055629
Gemmata_obscuriglobus,bacteria,8998893,3795040,2.37122480922467
Gemmata_sp,bacteria,9045424,3906057,2.31574296022818
Gemmatimonadetes_bacterium,bacteria,3875266,177022,21.8913881935855
Gemmatimonas_aurantiaca,bacteria,4636964,2158872,2.14786425503689
Gemmatimonas_phototrophica,bacteria,4716552,2185145,2.15846179544149
Gemmatirosa_kalamazoonensis,bacteria,7479215,2863226,2.61216369228276
Gemmiger_formicilis,bacteria,3241569,327697,9.8919703262465
Gemmiger_sp,bacteria,3358371,285766,11.7521696073011
Gemmobacter_aestuarii,bacteria,3758696,1086028,3.46095680774345
Gemmobacter_aquarius,bacteria,4206589,1760248,2.38977064595443
Gemmobacter_aquatilis,bacteria,3964038,599897,6.60786435004676
Gemmobacter_caeni,bacteria,5135347,470458,10.9156332765093
Gemmobacter_intermedius,bacteria,4059775,226705,17.9077435433713
Gemmobacter_lutimaris,bacteria,4661677,573166,8.13320573795375
Gemmobacter_megaterium,bacteria,4168088,738162,5.64657622581493
Geoalkalibacter_ferrihydriticus,bacteria,3828989,781384,4.90026856210811
Geoalkalibacter_subterraneus,bacteria,3717645,1599744,2.32389994899184
Geobacillus_genomosp,bacteria,3486308,1513137,2.30402666777694
Geobacillus_kaustophilus,bacteria,3622356,1235147,2.93273229826086
Geobacillus_lituanicus,bacteria,3499511,1497841,2.33637014876746
Geobacillus_proteiniphilus,bacteria,3574950,158333,22.5786791130087
Geobacillus_sp,bacteria,3508857,679126,5.16672437229319
Geobacillus_stearothermophilus,bacteria,3132538,469190,6.67648390558855
Geobacillus_subterraneus,bacteria,3474426,1504225,2.30977812494806
Geobacillus_thermocatenulatus,bacteria,3742258,1606528,2.32940726834515
Geobacillus_thermodenitrificans,bacteria,3682252,1558559,2.36260076217864
Geobacillus_thermoleovorans,bacteria,3508353,881317,3.98080656562849
Geobacillus_zalihae,bacteria,3553583,142428,24.950030892802
Geobacter_metallireducens,bacteria,4011182,1822079,2.20143144177613
Geobacter_pickeringii,bacteria,3618700,1630343,2.2195942816941
Geobacter_soli,bacteria,3657208,1647739,2.21953112719915
Geobacter_sp,bacteria,4429337,1028458,4.30677584956699
Geobacter_sulfurreducens,bacteria,4035561,1834875,2.19936522481273
Geobacteraceae_bacterium,bacteria,5018199,146400,34.2773913419657
Geodermatophilus_africanus,bacteria,5471205,536737,10.1934560129076
Geodermatophilus_amargosae,bacteria,5869713,479441,12.2428265417434
Geodermatophilus_dictyosporus,bacteria,4690050,694565,6.75249976604062
Geodermatophilus_nigrescens,bacteria,4740866,1202422,3.94276385495275
Geodermatophilus_normandii,bacteria,4621196,2083488,2.21800941498103
Geodermatophilus_obscurus,bacteria,5173666,1098405,4.71016246284385
Geodermatophilus_poikilotrophus,bacteria,4828156,741328,6.51284721472816
Geodermatophilus_pulveris,bacteria,4379198,631462,6.93501430014791
Geodermatophilus_ruber,bacteria,4992138,513143,9.72855130051467
Geodermatophilus_sabuli,bacteria,5519188,786383,7.01844775382988
Geodermatophilus_saharensis,bacteria,4892778,756543,6.46728341944873
Geodermatophilus_siccatus,bacteria,5206703,595753,8.73970084917743
Geodermatophilus_sp,bacteria,4979505,676774,7.35770571632311
Geodermatophilus_telluris,bacteria,4806788,907321,5.2977810499261
Geodermatophilus_tzadiensis,bacteria,4869823,488764,9.96354682423419
Geofilum_rubicundum,bacteria,4921400,262394,18.7557642324139
Geoglobus_acetivorans,bacteria,1860815,859105,2.16599251546668
Geomicrobium_sp,bacteria,4058350,317037,12.8008811281342
Geomonas_terrae,bacteria,4696900,1197916,3.92089261684459
Georgenia_muralis,bacteria,4143265,1859117,2.2286198232817
Georgenia_satyanarayanai,bacteria,3906813,576122,6.78122515717157
Georgenia_soli,bacteria,4273660,1843384,2.31837750571775
Georgenia_yuyongxinii,bacteria,4171640,1852409,2.25200806085481
Geospiza_fortis,ensembl,1065292181,7340008,145.135016337857
Geosporobacter_ferrireducens,bacteria,5817221,2516228,2.3118815147117
Geosporobacter_subterraneus,bacteria,3858006,142172,27.1361871535886
Geotalea_daltonii,bacteria,4304501,1949254,2.20828121937931
Geotalea_uraniireducens,bacteria,5136364,2257072,2.27567574273218
Geothermobacter_hydrogeniphilus,bacteria,3786448,250359,15.1240738299801
Geotoga_petraea,bacteria,2166325,381983,5.67126023933002
Geovibrio_thiophilus,bacteria,2997552,1367227,2.19243183465511
Giardia_lamblia,protists,11192215,680899,16.4374084849589
Gibbsiella_quercinecans,bacteria,5548506,2413024,2.29939942578275
Giesbergeria_anulus,bacteria,3420562,620974,5.508381993449
Gilliamella_apicola,bacteria,2679686,285027,9.40153170622439
Gilliamella_apis,bacteria,2593152,345029,7.51575907702355
Gilliamella_bombicola,bacteria,2319664,334164,6.94169330029566
Gilliamella_intestini,bacteria,2521485,111386,22.6373601709371
Gilliamella_sp,bacteria,2709822,168005,16.1294128150948
Gillisia_limnaea,bacteria,3966857,1637753,2.42213386267648
Gillisia_mitskevichiae,bacteria,3586284,966116,3.71206356172551
Gillisia_sp,bacteria,3476061,1578589,2.20200508175339
Gilvibacter_sp,bacteria,3100211,1438461,2.15522770516545
Gimesia_sp,bacteria,7786523,238212,32.6873209755442
Glaciecola_nitratireducens,bacteria,4134229,1842020,2.244399626497
Glaciecola_pallidula,bacteria,4360693,279100,15.6241239699033
Glaciecola_punicea,bacteria,3076861,338325,9.09439444321289
Glaciecola_sp,bacteria,4711047,1176119,4.0055867362628
Glaciibacter_flavus,bacteria,3402707,724400,4.69727636664826
Glaciihabitans_sp,bacteria,3172742,1438880,2.20500806182586
Glaciihabitans_tibetensis,bacteria,3728823,599791,6.21687054323923
Glaciimonas_sp,bacteria,5317254,1726346,3.08006274524342
Glaesserella_australis,bacteria,2301024,238288,9.6564829114349
Glaesserella_parasuis,bacteria,2265649,479444,4.72557627529116
Gleimia_coleocanis,bacteria,1723843,408156,4.2234905281314
Gleimia_europaea,bacteria,1988478,686529,2.89642454756066
Gleimia_hominis,bacteria,2153798,732923,2.93864157626381
Globicatella_sanguinis,bacteria,2411251,95297,25.3024859124631
Globicatella_sp,bacteria,2461756,70025,35.1553873616566
Globicatella_sulfidifaciens,bacteria,2217574,206408,10.7436436572226
Gloeobacter_kilaueensis,bacteria,4724791,2126304,2.22206749364155
Gloeobacter_violaceus,bacteria,4659019,2083991,2.2356233784119
Gloeocapsa_sp,bacteria,4953912,1240551,3.9933174828433
Gloeomargarita_lithophora,bacteria,3049282,1320600,2.30901257004392
Gloeothece_citriformis,bacteria,6554169,2581840,2.53856513184396
Gloeothece_verrucosa,bacteria,7841948,2920753,2.68490625533895
Gluconacetobacter_diazotrophicus,bacteria,3957269,1761563,2.24645392939507
Gluconacetobacter_entanii,bacteria,3604084,202536,17.7947821621835
Gluconacetobacter_liquefaciens,bacteria,4176944,610841,6.83802167830909
Gluconacetobacter_sp,bacteria,4233336,369188,11.4666132160309
Gluconobacter_albidus,bacteria,3515247,913006,3.85019203060661
Gluconobacter_cerinus,bacteria,3661689,579050,6.32361454105863
Gluconobacter_frateurii,bacteria,3267402,777911,4.20022736115372
Gluconobacter_japonicus,bacteria,3397209,234712,14.4739324428103
Gluconobacter_morbifer,bacteria,2887061,668977,4.31563566460431
Gluconobacter_oxydans,bacteria,3142411,753282,4.17162411290624
Gluconobacter_roseus,bacteria,2881212,413247,6.97213046918671
Gluconobacter_sp,bacteria,2834424,304752,9.3007560245708
Gluconobacter_thailandicus,bacteria,3491477,353485,9.87731286661791
Glutamicibacter_arilaitensis,bacteria,3933039,1510855,2.6031875990747
Glutamicibacter_halophytocola,bacteria,3918424,1738910,2.25337941584096
Glutamicibacter_mysorens,bacteria,3459735,1536805,2.25125178535989
Glutamicibacter_soli,bacteria,3840670,630619,6.0903176085719
Glutamicibacter_sp,bacteria,3671779,399635,9.18782579712698
Glycine_max,plants,978491270,32769902,29.8594506019579
Glycine_soja,plants,1013766566,30961524,32.7427863693015
Glycocaulis_alkaliphilus,bacteria,3019659,1368096,2.20719817907515
Glycomyces_artemisiae,bacteria,5787645,789383,7.33185918622519
Glycomyces_buryatensis,bacteria,5820492,323286,18.0041573096268
Glycomyces_fuscus,bacteria,6555505,493984,13.2706828561249
Glycomyces_harbinensis,bacteria,6171523,632269,9.76091347195577
Glycomyces_paridis,bacteria,5399008,436545,12.3675863885739
Glycomyces_sambucus,bacteria,5604480,925283,6.05704416918932
Glycomyces_sp,bacteria,4991871,2189237,2.28018757219981
Glycomyces_terrestris,bacteria,5240684,985865,5.31582316037186
Gopherus_agassizii,ensembl,2184966080,902307,2421.53289290674
Gopherus_evgoodei,ensembl,2298547364,18432196,124.70284951397
Gordonia_aichiensis,bacteria,5092029,558942,9.11012054918042
Gordonia_alkanivorans,bacteria,5025446,1001649,5.01717401910051
Gordonia_amarae,bacteria,5306375,264581,20.055767420941
Gordonia_amicalis,bacteria,4915471,238667,20.5955201179887
Gordonia_araii,bacteria,3906554,211524,18.4686087630718
Gordonia_bronchialis,bacteria,5290012,2378654,2.22395186521453
Gordonia_effusa,bacteria,4703019,148833,31.5993025740259
Gordonia_hirsuta,bacteria,3489460,241661,14.4394834085765
Gordonia_insulae,bacteria,5962176,2751691,2.16673165700655
Gordonia_iterans,bacteria,4006485,1819841,2.20155771850398
Gordonia_lacunae,bacteria,5756417,318975,18.0466086683909
Gordonia_malaquae,bacteria,4465464,279033,16.0033544419477
Gordonia_namibiensis,bacteria,4941607,322803,15.3084295994771
Gordonia_neofelifaecis,bacteria,4257286,394553,10.7901498657975
Gordonia_oryzae,bacteria,4519536,390635,11.569715975271
Gordonia_otitidis,bacteria,5295895,128223,41.3022234700483
Gordonia_paraffinivorans,bacteria,4688373,281822,16.6359646088038
Gordonia_phthalatica,bacteria,4428727,2024936,2.18709480200856
Gordonia_polyisoprenivorans,bacteria,6103430,1864205,3.27401148228307
Gordonia_rhizosphera,bacteria,6434991,146124,44.0378787878788
Gordonia_rubripertincta,bacteria,5268149,1332568,3.95338099068866
Gordonia_sihwensis,bacteria,4140890,261585,15.829997897433
Gordonia_soli,bacteria,5375815,388604,13.8336584286317
Gordonia_sp,bacteria,5624805,606382,9.27600535800644
Gordonia_sputi,bacteria,4952979,230133,21.5222458317582
Gordonia_terrae,bacteria,5514133,370071,14.9001904137401
Gordonia_westfalica,bacteria,6405003,2341807,2.73506868841027
Gorilla_gorilla,ensembl,3063362794,25142797,121.838584386614
Gossypium_raimondii,plants,761405269,27393987,27.7946130659988
Gottfriedia_luciferensis,bacteria,4894118,420582,11.6365369892197
Gottschalkia_acidurici,bacteria,3108248,1305184,2.38146345649349
Gottschalkia_purinilytica,bacteria,3397304,309148,10.9892478683349
Gouania_willdenowi,ensembl,937150793,20609848,45.4710191457987
Gracilibacillus_boraciitolerans,bacteria,3651580,355654,10.267226011798
Gracilibacillus_dipsosauri,bacteria,4186855,681296,6.14542724454569
Gracilibacillus_halophilus,bacteria,3034425,204976,14.8038062992741
Gracilibacillus_kekensis,bacteria,3981756,773511,5.14763978792803
Gracilibacillus_orientalis,bacteria,4611824,582705,7.91450905689843
Gracilibacillus_ureilyticus,bacteria,4071593,388645,10.4763807587902
Gracilibacter_sp,bacteria,4105436,206751,19.8569100028537
Gracilinema_caldarium,bacteria,3239340,1506906,2.14966295177005
Gramella_flava,bacteria,4007868,1862511,2.15186272725369
Gramella_forsetii,bacteria,3798465,1711113,2.2198796923406
Gramella_fulva,bacteria,4380140,1995951,2.19451279114567
Gramella_gaetbulicola,bacteria,3643289,1056121,3.44968900343805
Gramella_salexigens,bacteria,2978889,1373228,2.1692603121987
Gramella_sp,bacteria,3379984,926647,3.64754260455778
Granulibacter_bethesdensis,bacteria,2714966,1240218,2.18910433049042
Granulicatella_adiacens,bacteria,1947166,530290,3.6718889664146
Granulicatella_balaenopterae,bacteria,2135967,109127,19.5732220257132
Granulicatella_sp,bacteria,1914376,124851,15.3332852760491
Granulicella_mallensis,bacteria,6237577,2740484,2.27608590307406
Granulicella_pectinivorans,bacteria,5275857,2207520,2.38994754294412
Granulicella_rosea,bacteria,5293785,986246,5.36761112339112
Granulicella_sibirica,bacteria,6139630,1722151,3.56509388549552
Granulicella_sp,bacteria,6237028,2727192,2.28697796121432
Granulicella_tundricola,bacteria,5503984,2099884,2.62108954589873
Granulosicoccus_antarcticus,bacteria,7783862,3514722,2.21464514120889
Grimontella_sp,bacteria,5790929,666469,8.68896977953963
Grimontia_celer,bacteria,5607486,1556365,3.60293761424859
Grimontia_hollisae,bacteria,4039036,1276814,3.1633703107892
Grimontia_marina,bacteria,5690703,249358,22.8214173998829
Grimontia_sp,bacteria,5509133,243801,22.5968876191804
Gryllotalpicola_protaetiae,bacteria,3677803,1697486,2.16661757446011
Guillardia_theta,protists,87266873,1259742,69.2736076117173
Gulbenkiania_indica,bacteria,2848002,584574,4.87192724958688
Gulosibacter_macacae,bacteria,2821440,281183,10.0341770306171
Gulosibacter_molinativorax,bacteria,3424928,145849,23.4826978587443
Gulosibacter_sp,bacteria,3651988,225497,16.1952841944682
Guyparkeria_sp,bacteria,2385904,286516,8.32729876632835
Gynuella_sunshinyii,bacteria,6475959,2840448,2.2799076061241
Hadesarchaea_archaeon,bacteria,853980,43529,19.6187443715425
Haematobacter_genomosp,bacteria,4202463,320306,13.1201507308636
Haematobacter_massiliensis,bacteria,4180796,902852,4.63065485816058
Haematobacter_missouriensis,bacteria,4323477,372430,11.6088311897538
Haematospirillum_jordaniae,bacteria,2467625,1041809,2.36859635499405
Haemophilus_aegyptius,bacteria,1993241,890827,2.23751749778577
Haemophilus_haemolyticus,bacteria,1950537,306087,6.37249135948558
Haemophilus_influenzae,bacteria,1909155,369227,5.17068319625352
Haemophilus_paracuniculus,bacteria,2047249,289885,7.06227986960346
Haemophilus_parahaemolyticus,bacteria,2137864,590921,3.61785230929867
Haemophilus_parainfluenzae,bacteria,2072519,623200,3.32560616349183
Haemophilus_paraphrohaemolyticus,bacteria,1994604,303780,6.56595820323623
Haemophilus_pittmaniae,bacteria,2213467,524502,4.22013378417412
Haemophilus_sp,bacteria,1999507,234370,8.53140366983568
Haemophilus_sputorum,bacteria,2119328,419879,5.04747320061256
Hafnia_alvei,bacteria,4868808,1361751,3.57540201121266
Hafnia_paralvei,bacteria,4820183,600068,8.03272405087198
Hahella_chejuensis,bacteria,7215267,3175001,2.27252432361439
Hahella_sp,bacteria,6800578,1868213,3.6401522846036
Hahellaceae_bacterium,bacteria,4781580,486283,9.83291622368045
Haladaptatus_litoreus,bacteria,4671707,1184411,3.94432929109912
Haladaptatus_paucihalophilus,bacteria,4284252,652405,6.56685877637357
Haladaptatus_sp,bacteria,5044632,474933,10.6217862538361
Halalkaliarchaeum_desulfuricum,bacteria,3313120,1467310,2.25795503336037
Halalkalibacillus_sediminis,bacteria,2863218,783057,3.65646179013788
Halalkalibacterium_halodurans,bacteria,4202352,1823738,2.30425203620257
Halalkalicoccus_jeotgali,bacteria,3656386,867475,4.21497564771319
Halalkalicoccus_paucihalophilus,bacteria,3980410,644764,6.17343710256776
Halanaeroarchaeum_sulfurireducens,bacteria,2231619,957043,2.33178551015994
Halanaerobium_congolense,bacteria,2802387,203303,13.7843117322613
Halanaerobium_hydrogeniformans,bacteria,2613117,1174301,2.22525315059767
Halanaerobium_kushneri,bacteria,3222148,290631,11.0867319728453
Halanaerobium_praevalens,bacteria,2309262,1041477,2.21729524511823
Halanaerobium_saccharolyticum,bacteria,3188564,319664,9.97472848069944
Halanaerobium_salsuginis,bacteria,2991186,156994,19.0528682624814
Halanaerobium_sp,bacteria,3064829,107840,28.4200410977704
Halapricum_salinum,bacteria,3452056,1546738,2.23182982508996
Halarchaeum_acidiphilum,bacteria,2628974,89757,29.2899049656294
Halarchaeum_sp,bacteria,3216012,1106693,2.90596579177785
Halarcobacter_anaerophilus,bacteria,2975533,408525,7.28360075882749
Halarcobacter_arenosus,bacteria,3134893,636223,4.92734937278281
Halarcobacter_bivalviorum,bacteria,2684688,1266825,2.1192256231129
Halarcobacter_ebronensis,bacteria,3187636,363160,8.77750822985493
Halarcobacter_mediterraneus,bacteria,2828874,651341,4.34315358621674
Halarsenatibacter_silvermanii,bacteria,2718640,182241,14.9178285896149
Haliangium_ochraceum,bacteria,9446314,4182135,2.2587300505603
Haliea_salexigens,bacteria,3456339,57351,60.2664120939478
Haliea_sp,bacteria,4035653,371159,10.8731103112143
Halieaceae_bacterium,bacteria,3134254,110347,28.4036206995508
Halioglobus_japonicus,bacteria,4064193,1024225,3.96806658693158
Halioglobus_sp,bacteria,4894969,437222,11.1956145848105
Haliscomenobacter_hydrossis,bacteria,8771651,3813340,2.30025410794736
Hallerella_succinigenes,bacteria,3127022,1441274,2.16962354139463
Haloactinopolyspora_alba,bacteria,5535374,510550,10.8419821760846
Haloarchaeobius_iranensis,bacteria,3768606,271372,13.8872322863081
Haloarcula_amylolytica,bacteria,4225424,483627,8.73694810256665
Haloarcula_argentinensis,bacteria,4147107,514362,8.06262321089039
Haloarcula_californiae,bacteria,4404932,403670,10.9122104689474
Haloarcula_hispanica,bacteria,3895750,1498959,2.5989712190164
Haloarcula_japonica,bacteria,4280359,475975,8.9928231524765
Haloarcula_mannanilytica,bacteria,4217270,865468,4.87282025447504
Haloarcula_marismortui,bacteria,4229783,1527415,2.7692437121685
Haloarcula_quadrata,bacteria,4459149,1681283,2.65222987444707
Haloarcula_rubripromontorii,bacteria,3970989,800364,4.96147877715639
Haloarcula_sinaiiensis,bacteria,4405164,384295,11.4629750582235
Haloarcula_sp,bacteria,4285173,977446,4.38404908954598
Haloarcula_taiwanensis,bacteria,3721706,1484348,2.5073001748916
Haloarcula_vallismortis,bacteria,3909921,408011,9.58289308731025
Halobacillus_aidingensis,bacteria,4191840,329402,12.7256057947432
Halobacillus_alkaliphilus,bacteria,4092525,231313,17.6925853713367
Halobacillus_dabanensis,bacteria,4137344,526902,7.85220781094017
Halobacillus_fulvus,bacteria,3514261,719698,4.88296618859577
Halobacillus_halophilus,bacteria,4170008,1731815,2.40788305910273
Halobacillus_karajensis,bacteria,4036026,1071347,3.76724441287463
Halobacillus_litoralis,bacteria,4280777,1789674,2.39193115617705
Halobacillus_mangrovi,bacteria,4142697,1789546,2.31494300789139
Halobacillus_sp,bacteria,3886445,99035,39.2433394423156
Halobacillus_trueperi,bacteria,4185521,309616,13.5184260503333
Halobacteriales_archaeon,bacteria,3422886,158718,21.5657863510832
Halobacteriovoraceae_bacterium,bacteria,3358635,407955,8.23285656506232
Halobacteriovorax_marinus,bacteria,3437906,1607888,2.13815016966356
Halobacteriovorax_sp,bacteria,3371242,870367,3.87335909642662
Halobacterium_hubeiense,bacteria,3130345,1232714,2.53939275452376
Halobacterium_jilantaiense,bacteria,2952792,1301281,2.26914248344516
Halobacterium_salinarum,bacteria,2556489,1018156,2.51089993056076
Halobacterium_sp,bacteria,3162560,1340661,2.35895576883343
Halobacteroides_halobius,bacteria,2649255,1184034,2.23748220068005
Halobaculum_gomorrense,bacteria,3208246,541825,5.9211848844184
Halobellus_clavatus,bacteria,3754978,508392,7.38598955136981
Halobellus_limi,bacteria,3742927,1167560,3.20576981301595
Halobellus_sp,bacteria,3709732,537278,6.90467783903305
Halobiforma_haloterrestris,bacteria,4495442,632602,7.10627219009741
Halobiforma_lacisalsi,bacteria,4360060,1053440,4.1388778667983
Halobiforma_nitratireducens,bacteria,3688747,173303,21.2849575598807
Halocella_sp,bacteria,4035760,1773539,2.27554059989659
Halococcoides_cellulosivorans,bacteria,2723120,1217890,2.23593263759453
Halococcus_hamelinensis,bacteria,3419074,210059,16.2767317753584
Halococcus_morrhuae,bacteria,2991556,161991,18.4674210295634
Halococcus_saccharolyticus,bacteria,3449700,349121,9.88110139464541
Halococcus_salifodinae,bacteria,4199784,336697,12.4734820922075
Halococcus_sp,bacteria,3873359,285124,13.5848227437887
Halococcus_thailandensis,bacteria,4052434,254914,15.897259467899
Halodesulfovibrio_marinisediminis,bacteria,3710653,779758,4.75872386047979
Halodesulfovibrio_spirochaetisodalis,bacteria,3614588,231065,15.6431653430853
Halodesulfurarchaeum_formicicum,bacteria,2029115,927239,2.18834033081007
Haloechinothrix_alba,bacteria,4744155,301260,15.7477096195977
Haloferax_alexandrinus,bacteria,3649262,467582,7.80453909688568
Haloferax_denitrificans,bacteria,3825973,440575,8.68404471429382
Haloferax_elongans,bacteria,3952136,555144,7.1191186430908
Haloferax_gibbonsii,bacteria,3987888,998596,3.99349686634879
Haloferax_larsenii,bacteria,3796013,616699,6.15537819534181
Haloferax_lucentense,bacteria,3619064,298145,12.1386036995422
Haloferax_marisrubri,bacteria,3904985,648732,6.01941171392809
Haloferax_massiliensis,bacteria,4015175,1099645,3.65133747709488
Haloferax_mediterranei,bacteria,3903355,1252425,3.1166381453257
Haloferax_mucosum,bacteria,3368982,587427,5.73515006971079
Haloferax_prahovense,bacteria,3998799,464657,8.60591576151871
Haloferax_profundi,bacteria,3830759,64882,59.0419376714651
Haloferax_sp,bacteria,3893270,838811,4.64141317764846
Haloferax_sulfurifontis,bacteria,3812428,319866,11.9188285094383
Haloferax_volcanii,bacteria,3939827,853322,4.61704608576833
Halogeometricum_borinquense,bacteria,3958251,1068340,3.70504770641057
Halogeometricum_limi,bacteria,3616269,748932,4.82856788066206
Halogeometricum_pallidum,bacteria,4384515,305836,14.3361638263645
Halogeometricum_rufum,bacteria,4187125,1167117,3.58757948003499
Halogranum_amylolyticum,bacteria,5185690,538437,9.63100604156104
Halogranum_gelatinilyticum,bacteria,3770187,894877,4.21307844541764
Halogranum_rubrum,bacteria,4566676,1083971,4.21291344510139
Halogranum_salarium,bacteria,4492306,669926,6.7056749551443
Halohasta_litchfieldiae,bacteria,3308306,838388,3.94603450075293
Halolactibacillus_alkaliphilus,bacteria,2871467,202752,14.1624595565025
Halolactibacillus_halophilus,bacteria,2704097,157814,17.1347092146451
Halolactibacillus_miurensis,bacteria,3168606,288969,10.9652108011586
Halolamina_pelagica,bacteria,3066588,817147,3.75279784420673
Halolamina_sp,bacteria,3472516,1376510,2.52269580315435
Halomarina_oriensis,bacteria,3654689,336034,10.8759500526732
Halomicrobium_mukohataei,bacteria,3324203,1407846,2.36119872528626
Halomicrobium_zhouii,bacteria,4250330,1149434,3.69775907098624
Halomicronema_hongdechloris,bacteria,5577845,2332151,2.39171691712929
Halomonadaceae_bacterium,bacteria,3421069,297149,11.512974972152
Halomonas_aestuarii,bacteria,3543891,1593428,2.22406723115196
Halomonas_alkaliantarctica,bacteria,5031827,518812,9.69874829417978
Halomonas_alkaliphila,bacteria,4029514,1814251,2.22103446546261
Halomonas_andesensis,bacteria,3907727,362257,10.7871676737786
Halomonas_anticariensis,bacteria,5070590,1110022,4.56800856199247
Halomonas_aquamarina,bacteria,3497205,115159,30.3684905218003
Halomonas_arcis,bacteria,4142129,380270,10.8925999947406
Halomonas_azerbaijanica,bacteria,4576545,466291,9.81478304320693
Halomonas_beimenensis,bacteria,4053030,1812511,2.23614091169654
Halomonas_boliviensis,bacteria,4133395,467942,8.83313530309312
Halomonas_campaniensis,bacteria,4348188,901505,4.82325586038749
Halomonas_caseinilytica,bacteria,3478746,602680,5.77212782903033
Halomonas_chromatireducens,bacteria,3973651,1770378,2.24452122654032
Halomonas_cupida,bacteria,4957973,673177,7.36503623861184
Halomonas_daqiaonensis,bacteria,3716433,273079,13.6093694498662
Halomonas_desiderata,bacteria,4729927,267156,17.7047361841022
Halomonas_elongata,bacteria,3892570,1151755,3.37968607328237
Halomonas_endophytica,bacteria,4980457,315613,15.7802657051516
Halomonas_gudaonensis,bacteria,4166643,405588,10.2730923991834
Halomonas_heilongjiangensis,bacteria,4816801,206029,23.3792378742798
Halomonas_huangheensis,bacteria,4758798,848725,5.60699637691832
Halomonas_hydrothermalis,bacteria,3933432,1784843,2.20379719672823
Halomonas_ilicicola,bacteria,3960292,444830,8.9029337050109
Halomonas_korlensis,bacteria,4038005,479827,8.41554351880991
Halomonas_meridiana,bacteria,3660855,932638,3.92527053651606
Halomonas_montanilacus,bacteria,4785753,507863,9.42331494911029
Halomonas_muralis,bacteria,4138450,667093,6.20370772890736
Halomonas_nanhaiensis,bacteria,4029604,512936,7.8559586381147
Halomonas_nigrificans,bacteria,4929385,493549,9.9876304075178
Halomonas_nitroreducens,bacteria,4352895,369993,11.7648036584476
Halomonas_olivaria,bacteria,4998083,2112918,2.36548839093614
Halomonas_pantelleriensis,bacteria,4402189,421278,10.4496057235365
Halomonas_populi,bacteria,4044215,788556,5.12863385732909
Halomonas_rituensis,bacteria,4474525,252600,17.7138756927949
Halomonas_saccharevitans,bacteria,3681289,212371,17.3342358419935
Halomonas_salina,bacteria,3358440,217973,15.4075963536768
Halomonas_salipaludis,bacteria,5475884,743124,7.36873523126692
Halomonas_shengliensis,bacteria,3530709,494464,7.14047736538959
Halomonas_songnenensis,bacteria,3686518,654520,5.63239931552894
Halomonas_sp,bacteria,4275952,899673,4.7527865836119
Halomonas_subglaciescola,bacteria,3110197,1393046,2.23265922302638
Halomonas_subterranea,bacteria,3734199,503317,7.41917916541663
Halomonas_sulfidaeris,bacteria,4254519,574365,7.40734376224178
Halomonas_taeanensis,bacteria,3746395,480156,7.80246191077682
Halomonas_urmiana,bacteria,4028094,230434,17.4804672921531
Halomonas_urumqiensis,bacteria,3985154,548852,7.26089000313381
Halomonas_ventosae,bacteria,3637114,322252,11.2865521393195
Halomonas_venusta,bacteria,4446698,2000117,2.22321894169191
Halomonas_xianhensis,bacteria,4487360,379464,11.8255209980393
Halonotius_aquaticus,bacteria,2468392,394010,6.26479530976371
Halonotius_pteroides,bacteria,3009688,238402,12.6244242917425
Halonotius_sp,bacteria,2708830,885609,3.05871948004142
Halopelagius_inordinatus,bacteria,3529311,941465,3.74874371325541
Halopelagius_longus,bacteria,3875374,1162012,3.33505606441933
Halopenitus_malekzadehii,bacteria,3136824,656292,4.77961639026531
Halopenitus_persicus,bacteria,3424491,495174,6.91573265155279
Halophilic_archaeon,bacteria,3384394,1055822,3.20545807807413
Halopiger_aswanensis,bacteria,4865231,1152847,4.22018793473896
Halopiger_salifodinae,bacteria,4272165,934995,4.56918486195113
Halopiger_xanaduensis,bacteria,4355268,1715010,2.53950006122413
Haloplanus_aerogenes,bacteria,3505200,1080520,3.24399316995521
Haloplanus_rubicundus,bacteria,3651484,1551848,2.35299119275573
Haloplanus_salinus,bacteria,3549098,1428445,2.48458848608102
Haloplanus_vescus,bacteria,2776859,832835,3.33422466635048
Haloplasma_contractile,bacteria,3404505,488351,6.97143038511235
Halopolyspora_algeriensis,bacteria,4565527,573973,7.95425394574309
Haloprofundus_marisrubri,bacteria,3929557,708230,5.54841929881536
Haloprofundus_sp,bacteria,3051700,1320065,2.31178010173741
Halopseudomonas_aestusnigri,bacteria,3829769,593015,6.45813175046162
Halopseudomonas_bauzanensis,bacteria,5231044,897908,5.82581468101954
Halopseudomonas_formosensis,bacteria,3443471,524534,6.56481943973127
Halopseudomonas_gallaeciensis,bacteria,4246542,1046070,4.05951991740515
Halopseudomonas_litoralis,bacteria,3987942,1814329,2.19802582662792
Halopseudomonas_oceani,bacteria,4155021,397616,10.4498335077059
Halopseudomonas_pachastrellae,bacteria,3920464,178953,21.9077858432102
Halopseudomonas_pelagia,bacteria,4533304,332399,13.6381397055948
Halopseudomonas_sabulinigri,bacteria,4030203,1831195,2.20085954800008
Halopseudomonas_salegens,bacteria,3796105,1731928,2.19183765144971
Halopseudomonas_xinjiangensis,bacteria,3537092,1619194,2.18447696817058
Haloquadratum_sp,bacteria,3019909,872987,3.45928289882896
Haloquadratum_walsbyi,bacteria,3377469,1274140,2.65078398974681
Halorhabdus_tiamatea,bacteria,3146362,734422,4.28413364523394
Halorhabdus_utahensis,bacteria,3116795,1379392,2.25954261007748
Halorhodospira_halochloris,bacteria,2834560,1259181,2.25111401776234
Halorhodospira_halophila,bacteria,2678452,1238469,2.1627121873862
Halorientalis_pallida,bacteria,4087668,741758,5.51078384055177
Halorientalis_persicus,bacteria,4869758,341307,14.2679698922085
Halorientalis_regularis,bacteria,4032197,364478,11.062936583278
Halorientalis_sp,bacteria,3778989,1581651,2.3892685554525
Halorubrum_aidingense,bacteria,3108525,404108,7.69231245112693
Halorubrum_arcis,bacteria,3382601,206701,16.3647055408537
Halorubrum_californiensis,bacteria,3682872,221366,16.6370264629618
Halorubrum_coriense,bacteria,3645313,289090,12.6096129233111
Halorubrum_distributum,bacteria,2955716,159927,18.4816166508956
Halorubrum_ezzemoulense,bacteria,3497948,361132,9.68607917060683
Halorubrum_halodurans,bacteria,3320122,107631,30.8472651931135
Halorubrum_hochstenium,bacteria,3037532,171331,17.7290274381169
Halorubrum_kocurii,bacteria,3619738,175688,20.6032170666181
Halorubrum_lacusprofundi,bacteria,3692576,1359768,2.71559265992434
Halorubrum_lipolyticum,bacteria,3425042,260595,13.1431608434544
Halorubrum_litoreum,bacteria,3137757,263888,11.8904876311162
Halorubrum_persicum,bacteria,3578349,153126,23.3686571842796
Halorubrum_saccharovorum,bacteria,3353038,210464,15.9316462672951
Halorubrum_salipaludis,bacteria,3506649,535518,6.54814403997625
Halorubrum_sodomense,bacteria,3030553,781921,3.8757790109231
Halorubrum_sp,bacteria,3622067,396247,9.14092095948301
Halorubrum_tebenquichense,bacteria,3328860,188828,17.6290592496875
Halorubrum_terrestre,bacteria,3376225,221322,15.2548097342334
Halorubrum_tropicale,bacteria,3567018,710243,5.02225013129309
Halorubrum_vacuolatum,bacteria,3477860,367689,9.45870015148672
Halosimplex_carlsbadense,bacteria,4694889,333971,14.0577744774247
Halospina_denitrificans,bacteria,3318232,651354,5.09436036318193
Halostagnicola_kamekurae,bacteria,4108147,1025383,4.00645124797271
Halostagnicola_larsenii,bacteria,4131176,1426632,2.89575447627699
Halostagnicola_sp,bacteria,3178490,507653,6.26114688576646
Halotalea_alkalilenta,bacteria,4387428,1927757,2.27592378084997
Haloterrigena_daqingensis,bacteria,3833359,1205582,3.17967636364692
Haloterrigena_hispanica,bacteria,4110013,610023,6.73747137403016
Haloterrigena_limicola,bacteria,3522035,261471,13.4700788997633
Haloterrigena_saccharevitans,bacteria,3980616,1580623,2.51838420673367
Haloterrigena_salina,bacteria,4841607,313853,15.4263524643703
Haloterrigena_sp,bacteria,3794337,586033,6.47461320437586
Haloterrigena_thermotolerans,bacteria,3895275,267254,14.5751794173333
Haloterrigena_turkmenica,bacteria,5440782,1874468,2.90257395698406
Halothece_sp,bacteria,4179170,1812362,2.30592453384037
Halothermothrix_orenii,bacteria,2578146,1139517,2.26249016030476
Halothiobacillus_neapolitanus,bacteria,2582886,1163448,2.22002702312437
Halothiobacillus_sp,bacteria,2410906,332039,7.26090277238183
Halovenus_aranensis,bacteria,3287116,317056,10.367619600323
Halovibrio_salipaludis,bacteria,3495096,718681,4.86320912894594
Halovivax_asiaticus,bacteria,3238452,458773,7.05894200399762
Halovivax_ruber,bacteria,3223876,1382191,2.33243885975238
Halpernia_frigidisoli,bacteria,3021049,760464,3.97263907298702
Halpernia_humi,bacteria,3121186,673351,4.63530313313562
Hanamia_caeni,bacteria,4963791,572032,8.67747084079212
Hansschlegelia_quercus,bacteria,3579806,649672,5.51017436491029
Hansschlegelia_zhihuaiae,bacteria,4621517,380126,12.1578555531587
Hanstruepera_neustonica,bacteria,3049585,662604,4.60242467597539
Hapalosiphon_sp,bacteria,7429720,562416,13.2103638587807
Hapalosiphonaceae_cyanobacterium,bacteria,7145071,361875,19.744583074266
Haplochromis_burtoni,ensembl,831411547,4415011,188.314716996175
Harryflintia_acetispora,bacteria,2978322,407829,7.30286958504667
Hartmannibacter_diazotrophicus,bacteria,5449775,2338800,2.33015862835642
Hasllibacter_halocynthiae,bacteria,2784625,968169,2.87617657661008
Hassallia_byssoidea,bacteria,13096531,1648543,7.94430657859698
Hathewaya_histolytica,bacteria,2740791,1196777,2.29014344359893
Hathewaya_proteolytica,bacteria,2818024,259534,10.8580147495126
Hazenella_coriacea,bacteria,3031320,555593,5.45600826504294
Helcococcus_kunzii,bacteria,2096464,887975,2.36094935105155
Helianthus_annuus,plants,3009595538,42917621,70.1249386120447
Helicobacter_acinonychis,bacteria,1557588,695795,2.23857314295159
Helicobacter_ailurogastricus,bacteria,1580532,188520,8.38390539983211
Helicobacter_anseris,bacteria,1623876,178695,9.08741710736171
Helicobacter_apodemus,bacteria,2067954,930976,2.22127530677483
Helicobacter_aurati,bacteria,1973922,210086,9.39578077549194
Helicobacter_bilis,bacteria,2570193,741849,3.46457546635705
Helicobacter_bizzozeronii,bacteria,1791581,462306,3.87531729559782
Helicobacter_brantae,bacteria,1730760,215054,8.04802514717234
Helicobacter_canadensis,bacteria,1623845,759305,2.13859384568783
Helicobacter_canis,bacteria,2084954,935002,2.22989374883356
Helicobacter_cetorum,bacteria,1903951,853017,2.23202071706702
Helicobacter_cholecystus,bacteria,1393983,470892,2.96030193759928
Helicobacter_cinaedi,bacteria,2063445,903432,2.28400698669075
Helicobacter_didelphidarum,bacteria,2589753,262013,9.88406300450741
Helicobacter_enhydrae,bacteria,1594790,723609,2.20393886753758
Helicobacter_equorum,bacteria,1750486,344551,5.08048445658263
Helicobacter_felis,bacteria,1672681,781191,2.14119338292428
Helicobacter_fennelliae,bacteria,2216247,588196,3.76787394667249
Helicobacter_ganmani,bacteria,1818819,301826,6.02605143360744
Helicobacter_heilmannii,bacteria,1639005,249453,6.57040346999698
Helicobacter_hepaticus,bacteria,1799146,842130,2.13642311757092
Helicobacter_macacae,bacteria,2369528,874120,2.71075824829543
Helicobacter_marmotae,bacteria,1957184,213859,9.15174951720526
Helicobacter_muridarum,bacteria,2263336,963274,2.34962845462454
Helicobacter_mustelae,bacteria,1578097,709283,2.22491868548943
Helicobacter_pametensis,bacteria,1918356,770803,2.4887759907525
Helicobacter_pullorum,bacteria,1898700,454120,4.18105206507
Helicobacter_pylori,bacteria,1637349,279386,5.86053633285002
Helicobacter_saguini,bacteria,2776103,1239432,2.23981872341524
Helicobacter_sp,bacteria,1948645,216025,9.02045247498903
Helicobacter_suis,bacteria,1669960,68826,24.2635050707581
Helicobacter_typhlonius,bacteria,1920832,875218,2.1946897801462
Helicobacter_valdiviensis,bacteria,2181291,148107,14.7278048978104
Helicobacter_winghamensis,bacteria,1647035,169661,9.70779967110886
Helicobacteraceae_bacterium,bacteria,2318166,94396,24.557883808636
Heliomicrobium_modesticaldum,bacteria,3075407,1344068,2.2881334872938
Heliophilum_fasciatum,bacteria,3142229,192428,16.3293751429106
Henriciella_algicola,bacteria,3203764,969035,3.3061385811658
Henriciella_barbarensis,bacteria,3327924,912259,3.64800347269799
Henriciella_mobilis,bacteria,3889725,857723,4.53494309934559
Henriciella_sp,bacteria,3336349,152776,21.8382463156723
Hephaestia_caeni,bacteria,4524961,1282192,3.52908222793466
Herbaspirillum_aquaticum,bacteria,5424987,445046,12.1897219613253
Herbaspirillum_hiltneri,bacteria,4965474,2197363,2.25974224559165
Herbaspirillum_huttiense,bacteria,5747504,1749640,3.28496470272876
Herbaspirillum_robiniae,bacteria,5534556,791316,6.99411613059764
Herbaspirillum_rubrisubalbicans,bacteria,5773877,1435812,4.02133183174399
Herbaspirillum_seropedicae,bacteria,5563319,1899050,2.92952670554107
Herbaspirillum_sp,bacteria,5503098,791833,6.94981851453281
Herbiconiux_ginsengi,bacteria,4853715,1202287,4.03706852024517
Herbidospora_galbida,bacteria,8314612,442131,18.8057657119722
Herbihabitans_rhizosphaerae,bacteria,6627535,875013,7.57421318311842
Herbinix_hemicellulosilytica,bacteria,3284882,956689,3.43359388474206
Herbinix_luporum,bacteria,2609352,1147266,2.27440889906961
Herminiimonas_arsenicoxydans,bacteria,3424307,1517660,2.25630707800166
Herminiimonas_fonticola,bacteria,3114653,947696,3.28655286083301
Herminiimonas_sp,bacteria,3643587,749876,4.8589193413311
Herpetosiphon_aurantiacus,bacteria,6785430,2928931,2.31669165302972
Herpetosiphon_geysericola,bacteria,6140412,567439,10.8212724187093
Hespellia_stercorisuis,bacteria,4402942,172495,25.5250413055451
Heterocephalus_glaber,ensembl,2499804196,34152410,73.1955430231717
Heyndrickxia_sporothermodurans,bacteria,3959929,222191,17.8221592801399
Hippea_maritima,bacteria,1694430,806583,2.10075094565593
Hippocampus_comes,ensembl,493775940,5027494,98.2151226833886
Hirschia_baltica,bacteria,3540114,1575041,2.24763291876211
Hirschia_sp,bacteria,3864107,481188,8.03034780584719
Histidinibacterium_lentulum,bacteria,4353029,567520,7.67026536509727
Histophilus_somni,bacteria,2177672,442027,4.92656258094817
Histoplasma_capsulatum,fungi,39270953,1333799,29.4429318060667
Hoeflea_halophila,bacteria,4192799,1001128,4.18807485156743
Hoeflea_marina,bacteria,5261965,1096019,4.80097972754122
Hoeflea_olei,bacteria,4723612,550303,8.5836566400692
Hoeflea_phototrophica,bacteria,4468465,2000850,2.23328335457431
Hoeflea_sp,bacteria,4947212,967469,5.113560744582
Holdemanella_biformis,bacteria,2549413,219389,11.620539590726
Holdemania_filiformis,bacteria,3838890,458234,8.37757455797693
Holophagae_bacterium,bacteria,4236048,101641,41.6765675268838
Holosporales_bacterium,bacteria,1763749,130114,13.5554129455708
Holzapfelia_floricola,bacteria,1289346,310574,4.15149368588485
Homo_sapiens,ensembl,3099750718,64914352,47.7513927582609
Hordeum_vulgare,plants,4204217866,23140600,181.681454499883
Hornefia_porci,bacteria,2814507,1245648,2.2594721783361
Hoyosella_subflava,bacteria,4863490,2211609,2.1990731634751
Hucho_hucho,ensembl,2487549814,2259268,1101.04237921309
Humibacillus_sp,bacteria,5023713,427098,11.7624362558476
Humibacter_sp,bacteria,3865684,1727291,2.23800390322187
Humidesulfovibrio_mexicanus,bacteria,3535439,641124,5.51443870452518
Humitalea_rosea,bacteria,4974508,336456,14.7850179518273
Hungateiclostridiaceae_bacterium,bacteria,3802844,1680839,2.26246773188866
Hungatella_effluvii,bacteria,6863335,660225,10.3954485213374
Hungatella_hathewayi,bacteria,6514003,609686,10.6841889305087
Hwanghaeella_grinnelliae,bacteria,5323771,1558431,3.41610953580877
Hwanghaeicola_aestuarii,bacteria,4545653,399570,11.3763620892459
Hyalangium_minutum,bacteria,11186183,1059854,10.5544565572239
Hyaloperonospora_arabidopsidis,protists,78897814,926374,85.1684244160566
Hydrobacter_penzbergensis,bacteria,3961509,480486,8.24479589415717
Hydrocarboniclastica_marina,bacteria,4258501,1854972,2.29572252303539
Hydrocarboniphaga_daqingensis,bacteria,3800678,620385,6.12632155838713
Hydrocarboniphaga_effusa,bacteria,5193926,1606022,3.23403166332715
Hydrococcus_rivularis,bacteria,5148315,390752,13.1754028130374
Hydrocoleum_sp,bacteria,8387203,29950,280.040166944908
Hydrogenimonas_thermophila,bacteria,2444910,128684,18.9993316962482
Hydrogenispora_ethanolica,bacteria,5983490,331847,18.0308696477594
Hydrogenivirga_caldilitoris,bacteria,1753429,847632,2.06862058062933
Hydrogenoanaerobacterium_saccharovorans,bacteria,3178920,1120316,2.83752084233377
Hydrogenobacter_hydrogenophilus,bacteria,1601489,321371,4.98330278712143
Hydrogenobacter_thermophilus,bacteria,1743135,836944,2.08273791316982
Hydrogenobaculum_sp,bacteria,1537274,510659,3.01037287113318
Hydrogenophaga_borbori,bacteria,4583034,610470,7.50738611233967
Hydrogenophaga_crassostreae,bacteria,4944132,2223389,2.22369185059385
Hydrogenophaga_intermedia,bacteria,5288135,269324,19.6348450193819
Hydrogenophaga_pseudoflava,bacteria,4905973,2266359,2.16469367827427
Hydrogenophaga_sp,bacteria,4728361,1104917,4.27938041686566
Hydrogenophilaceae_bacterium,bacteria,2267640,176055,12.8802930902275
Hydrogenophilales_bacterium,bacteria,2988210,147066,20.3188252899403
Hydrogenophilus_thermoluteolus,bacteria,2288780,1077369,2.12441605429523
Hydrogenothermus_marinus,bacteria,1604000,380158,4.2192982917629
Hydrogenothermus_sp,bacteria,1492261,27586,54.0948669615022
Hydrogenovibrio_crunogenus,bacteria,2440497,1111153,2.19636404707543
Hydrogenovibrio_marinus,bacteria,2618064,1118797,2.34007062943501
Hydrogenovibrio_sp,bacteria,2452073,223763,10.9583487886737
Hydrogenovibrio_thermophilus,bacteria,2612894,1185548,2.20395462688984
Hydromonas_duriensis,bacteria,2427609,195263,12.4325089750746
Hydrotalea_sandarakina,bacteria,3268305,525325,6.22149145766906
Hydrotalea_sp,bacteria,3931870,313141,12.5562286637649
Hylemonella_gracilis,bacteria,3754223,1216335,3.08650385516052
Hymenobacter_actinosclerus,bacteria,4405206,1091739,4.03503584647979
Hymenobacter_amundsenii,bacteria,4582236,322300,14.2173006515669
Hymenobacter_chitinivorans,bacteria,5870407,1763707,3.32844797917114
Hymenobacter_coccineus,bacteria,5700921,112786,50.546353270796
Hymenobacter_crusticola,bacteria,7293861,729600,9.99706825657895
Hymenobacter_daecheongensis,bacteria,4385746,620953,7.06292746794041
Hymenobacter_edaphi,bacteria,6041327,1165316,5.1842822032822
Hymenobacter_gelipurpurascens,bacteria,5060948,1645443,3.07573583527354
Hymenobacter_glacialis,bacteria,4231675,237038,17.8523063812553
Hymenobacter_gummosus,bacteria,6519694,631736,10.3202825230793
Hymenobacter_jejuensis,bacteria,5086993,2241810,2.26914546727867
Hymenobacter_jeollabukensis,bacteria,6177743,785670,7.86302518869245
Hymenobacter_lapidarius,bacteria,4662079,206043,22.6267284013531
Hymenobacter_metallilatus,bacteria,5206901,607506,8.57094580135834
Hymenobacter_mucosus,bacteria,5534940,787060,7.03242446573324
Hymenobacter_nivis,bacteria,5027597,2125623,2.36523456887698
Hymenobacter_oligotrophus,bacteria,4188814,1794977,2.33363101588488
Hymenobacter_perfusus,bacteria,5113260,995783,5.13491393205146
Hymenobacter_persicinus,bacteria,4817468,200313,24.0497022160319
Hymenobacter_psychrophilus,bacteria,4758215,520734,9.13751550695749
Hymenobacter_psychrotolerans,bacteria,4767747,447640,10.6508511303726
Hymenobacter_rigui,bacteria,5284593,703459,7.51229709194139
Hymenobacter_roseosalivarius,bacteria,4948485,226021,21.8939169369218
Hymenobacter_rubripertinctus,bacteria,5099443,277017,18.4084117581231
Hymenobacter_sedentarius,bacteria,4868852,2106564,2.31127656221221
Hymenobacter_sp,bacteria,4811368,1532602,3.13934637618677
Hymenobacter_swuensis,bacteria,5252070,2224095,2.36144139526414
Hyperthermus_butylicus,bacteria,1667163,682595,2.44238970399725
Hyphomicrobiaceae_bacterium,bacteria,4964254,117327,42.311266801333
Hyphomicrobiales_bacterium,bacteria,5193686,275699,18.8382816736399
Hyphomicrobium_denitrificans,bacteria,3723828,1631252,2.2828036379419
Hyphomicrobium_facile,bacteria,4425354,1150917,3.84506788934389
Hyphomicrobium_nitrativorans,bacteria,3653837,1582606,2.30874709182197
Hyphomicrobium_sp,bacteria,3843133,737480,5.21117298853731
Hyphomicrobium_sulfonivorans,bacteria,3703619,225247,16.4424787011592
Hyphomonadaceae_bacterium,bacteria,3494842,311098,11.2339073011171
Hyphomonas_adhaerens,bacteria,3683338,687330,5.35891082806718
Hyphomonas_atlantica,bacteria,3604440,451600,7.9814880425155
Hyphomonas_beringensis,bacteria,3802763,253175,15.0202942628617
Hyphomonas_chukchiensis,bacteria,3857634,411484,9.37493073849773
Hyphomonas_hirschiana,bacteria,3690521,427198,8.63890046301715
Hyphomonas_jannaschiana,bacteria,3640843,464033,7.84608637747746
Hyphomonas_johnsonii,bacteria,3618770,683853,5.29173667440225
Hyphomonas_neptunium,bacteria,3705021,1686153,2.19732195121083
Hyphomonas_oceanitis,bacteria,4280175,258900,16.5321552723059
Hyphomonas_pacifica,bacteria,3511702,206525,17.0037622563854
Hyphomonas_polymorpha,bacteria,4050957,288907,14.0216644110388
Hyphomonas_sp,bacteria,3784948,519933,7.27968392081287
Hypnocyclicus_thermotrophus,bacteria,2218931,356994,6.21559746102175
Hyunsoonleella_flava,bacteria,3807999,523373,7.27587972631374
Hyunsoonleella_jejuensis,bacteria,3480311,1020363,3.41085574447525
Hyunsoonleella_pacifica,bacteria,4127878,730893,5.64771861271075
Ichthyenterobacterium_magnum,bacteria,3009115,808942,3.71981551211335
Ictalurus_punctatus,ensembl,1036985268,23898737,43.390797932125
Ictidomys_tridecemlineatus,ensembl,2478410228,12599212,196.711526720877
Ideonella_sakaiensis,bacteria,6142063,257538,23.8491523580986
Idiomarina_abyssalis,bacteria,2794880,598396,4.67061945601241
Idiomarina_aquatica,bacteria,2951409,307728,9.59096669786305
Idiomarina_fontislapidosi,bacteria,2869890,443415,6.47224383478231
Idiomarina_loihiensis,bacteria,2839318,1323670,2.14503463854284
Idiomarina_piscisalsi,bacteria,2576487,599260,4.29944765210426
Idiomarina_ramblicola,bacteria,2712360,522240,5.19370404411765
Idiomarina_seosinensis,bacteria,2685339,852159,3.15121825856442
Idiomarina_sp,bacteria,3065133,534058,5.73932627375886
Idiomarina_tyrosinivorans,bacteria,2426240,336277,7.21500429705273
Idiomarina_xiamenensis,bacteria,2899282,257888,11.2424075567688
Idiomarina_zobellii,bacteria,2582063,341094,7.56994552821216
Idiomarinaceae_bacterium,bacteria,2627692,281583,9.33184413569834
Ignatzschineria_cameli,bacteria,2490549,509909,4.88430092428257
Ignatzschineria_indica,bacteria,2503968,709721,3.52810188792497
Ignatzschineria_sp,bacteria,2488993,588705,4.22791211217843
Ignatzschineria_ureiclastica,bacteria,2446067,522612,4.6804646659472
Ignavibacteria_bacterium,bacteria,3577040,97272,36.7737604629789
Ignavibacteriae_bacterium,bacteria,3387021,196935,17.1986513335254
Ignavibacteriales_bacterium,bacteria,3322832,121783,27.2847902791269
Ignavibacterium_album,bacteria,3658997,1690117,2.16493710198761
Ignavigranum_ruoffiae,bacteria,1958489,311637,6.2845201307932
Ignicoccus_hospitalis,bacteria,1297538,604900,2.14504546205984
Ignicoccus_islandicus,bacteria,1394664,636014,2.19281965491326
Ignisphaera_aggregans,bacteria,1875953,820627,2.2859996076171
Ileibacterium_valens,bacteria,2740565,62109,44.125086541403
Ilyobacter_polytropus,bacteria,3132314,1152090,2.71881016240051
Ilyomonas_limi,bacteria,5883685,567255,10.3722047403725
Imhoffiella_purpurea,bacteria,4766665,184081,25.8943888831547
Immundisolibacter_cernigliae,bacteria,3243537,1471061,2.20489632992786
Imtechella_halotolerans,bacteria,3086951,509049,6.06415295973472
Indibacter_alkaliphilus,bacteria,5036047,520817,9.66951347594261
Infirmifilum_uzonense,bacteria,1611988,728498,2.21275556007017
Inhella_crocodyli,bacteria,3760480,1045493,3.5968485680918
Inmirania_thermothiophila,bacteria,2608718,864921,3.0161344215252
Inquilinus_limosus,bacteria,7311437,170119,42.978368083518
Insolitispirillum_peregrinum,bacteria,4638036,787890,5.88665422838214
Intestinibacter_bartlettii,bacteria,2938633,710915,4.13359262359073
Intestinibaculum_porci,bacteria,3212924,1424739,2.255096547508
Intestinimonas_butyriciproducens,bacteria,3288019,992935,3.3114141409055
Intrasporangium_calvum,bacteria,4024382,1823833,2.20655180600417
Intrasporangium_chromatireducens,bacteria,4804251,67911,70.7433405486593
Intrasporangium_oryzae,bacteria,4636528,171636,27.0137267239973
Iodobacter_ciconiae,bacteria,3877377,1661329,2.33390075054369
Iodobacter_fluviatilis,bacteria,5098455,1743345,2.92452440566841
Iodobacter_sp,bacteria,4807169,148795,32.3073288752982
Ipomoea_triloba,plants,461827428,18125356,25.4796335034744
Isobaculum_melis,bacteria,2821134,322018,8.76079598034893
Isoptericola_dokdonensis,bacteria,3826972,1753304,2.1827201671815
Isoptericola_jiangsuensis,bacteria,4041252,1844463,2.19101819879282
Isoptericola_sp,bacteria,3869116,432748,8.94080619667797
Isoptericola_variabilis,bacteria,3307740,1510428,2.18993556793174
Isosphaera_pallida,bacteria,5529304,2331844,2.37121522709066
Izhakiella_australiensis,bacteria,5015434,550052,9.11810883334667
Izhakiella_capsodis,bacteria,3508271,543341,6.45684938187989
Jaculus_jaculus,ensembl,2835250225,11602455,244.366405644323
Janibacter_hoylei,bacteria,3122503,292187,10.6866578595215
Janibacter_indicus,bacteria,3410364,963244,3.54050040306527
Janibacter_limosus,bacteria,3545254,1639524,2.16236785798805
Janibacter_melonis,bacteria,3277465,1141122,2.87214250535876
Janibacter_sp,bacteria,3637840,744799,4.88432449560217
Jannaschia_aquimarina,bacteria,4098947,289281,14.1694304154092
Jannaschia_donghaensis,bacteria,3486999,1103466,3.160042085574
Jannaschia_faecimaris,bacteria,3810757,421921,9.03192066761313
Jannaschia_helgolandensis,bacteria,3562860,837842,4.2524246815032
Jannaschia_pohangensis,bacteria,3733035,933789,3.99772860892557
Jannaschia_rubra,bacteria,3660824,580292,6.30858946875022
Jannaschia_seohaensis,bacteria,4842958,722940,6.69897640191441
Jannaschia_seosinensis,bacteria,3833324,109074,35.1442506921906
Jannaschia_sp,bacteria,4492018,1162987,3.86248298562237
Janthinobacterium_agaricidamnosum,bacteria,6153368,2744771,2.24185155006584
Janthinobacterium_lividum,bacteria,6454261,1596444,4.04289922388749
Janthinobacterium_psychrotolerans,bacteria,5844062,456536,12.8008787915958
Janthinobacterium_sp,bacteria,6181844,1577735,3.91817575323461
Janthinobacterium_svalbardensis,bacteria,6274078,2818029,2.22640647062184
Jatrophihabitans_endophyticus,bacteria,4480046,957922,4.6768379888968
Jatrophihabitans_sp,bacteria,4880021,2202522,2.215651421416
Jejubacter_calystegiae,bacteria,5182800,2298771,2.25459604284202
Jejuia_pallidilutea,bacteria,3896383,460418,8.4627146511175
Jeongeupia_sp,bacteria,3788814,1701674,2.22652164868242
Jeotgalibaca_ciconiae,bacteria,2950593,1279135,2.30670961235522
Jeotgalibaca_dankookensis,bacteria,2116498,954321,2.21780512008014
Jeotgalibaca_sp,bacteria,2300992,1004744,2.29012763450192
Jeotgalibacillus_alimentarius,bacteria,3364745,434145,7.75027928457082
Jeotgalibacillus_campisalis,bacteria,3650490,616627,5.92009431958056
Jeotgalibacillus_malaysiensis,bacteria,4119509,1691774,2.43502323596414
Jeotgalibacillus_marinus,bacteria,4099760,986800,4.15460072963113
Jeotgalibacillus_proteolyticus,bacteria,4233077,581860,7.27507819750456
Jeotgalibacillus_soli,bacteria,3776953,696990,5.41894862193145
Jeotgalibacillus_sp,bacteria,3978119,937957,4.24125946072155
Jeotgalicoccus_aerolatus,bacteria,2277311,279121,8.15886658474282
Jeotgalicoccus_halotolerans,bacteria,2232970,442605,5.04506275347093
Jeotgalicoccus_saudimassiliensis,bacteria,2191063,991210,2.2104932355404
Jeotgalicoccus_sp,bacteria,2144620,401393,5.34294320030494
Jezberella_montanilacus,bacteria,3162714,605414,5.22405164069546
Jhaorihella_thermophila,bacteria,3771953,469114,8.04058928107027
Jiangella_alba,bacteria,7681885,2597769,2.95710858047809
Jiangella_alkaliphila,bacteria,7716600,3517332,2.19387876947641
Jiangella_asiatica,bacteria,7034063,342943,20.5108808169288
Jiangella_aurantiaca,bacteria,6620775,310505,21.3226035007488
Jiangella_rhizosphaerae,bacteria,6500878,107638,60.3957524294394
Jiangella_sp,bacteria,7246015,1805188,4.01399466426766
Jiangella_ureilytica,bacteria,6345964,183456,34.5912044304901
Jinshanibacter_zhutongyuii,bacteria,4631943,2010406,2.30398387191443
Jishengella_sp,bacteria,5963223,449781,13.2580589220087
Jishengella_zingiberis,bacteria,6506033,562522,11.5658285364839
Jiulongibacter_sediminis,bacteria,4474039,1013262,4.41548089240493
Johnsonella_ignava,bacteria,2687075,441040,6.09258797387992
Jonesia_denitrificans,bacteria,2749646,1262933,2.1771907139967
Jonquetella_anthropi,bacteria,1732996,757335,2.28828344674645
Joostella_marina,bacteria,4508243,1867330,2.4142722496827
Juglans_regia,plants,572786133,18029059,31.7701624360983
Junco_hyemalis,ensembl,958315288,14791589,64.7878526100205
Kaistella_antarctica,bacteria,3137220,1401398,2.23863599063221
Kaistella_carnis,bacteria,3230102,1432479,2.25490356228608
Kaistella_chaponensis,bacteria,3043150,356871,8.52731098912492
Kaistella_daneshvariae,bacteria,2642212,701177,3.76825252397041
Kaistella_haifensis,bacteria,2717542,682530,3.98157442279052
Kaistella_jeonii,bacteria,3261282,569830,5.7232543039152
Kaistella_solincola,bacteria,2345236,806841,2.90668917419913
Kaistella_treverensis,bacteria,2379279,732677,3.24737776673759
Kaistia_algarum,bacteria,6214553,748024,8.30795937028758
Kaistia_soli,bacteria,5237791,1251914,4.18382652482519
Kalanchoe_fedtschenkoi,plants,256351415,6126620,41.8422254032403
Kamptonema_sp,bacteria,6676705,95998,69.5504593845705
Kandleria_vitulina,bacteria,2138417,144153,14.8343565517194
Kangiella_geojedonensis,bacteria,2495242,1137165,2.19426556392432
Kangiella_koreensis,bacteria,2852073,1288814,2.21294383828854
Kangiella_profundi,bacteria,2653010,1200818,2.20933563620799
Kangiella_sediminilitoris,bacteria,2496140,1140206,2.18920089878496
Kangiella_spongicola,bacteria,2825399,799035,3.53601406696828
Keratinibaculum_paraultunense,bacteria,2248613,281905,7.97649208066547
Kerstersia_gyiorum,bacteria,3962883,793166,4.99628702963001
Ketobacter_alkanivorans,bacteria,4914503,2256495,2.17793657863191
Ketobacter_sp,bacteria,5354993,569267,9.406829226733
Ketogulonicigenium_robustum,bacteria,2713835,1179951,2.29995567612553
Ketogulonicigenium_vulgare,bacteria,3282753,1384639,2.3708372257452
Kibdelosporangium_aridum,bacteria,12348589,1131860,10.9099963776439
Kibdelosporangium_phytohabitans,bacteria,11759770,5292282,2.22206035128136
Kiloniella_litopenaei,bacteria,4312119,471200,9.15135611205433
Kiloniella_spongiae,bacteria,4475311,611065,7.32378879497271
Kineobactrum_sediminis,bacteria,4060980,654097,6.20852870445821
Kineococcus_radiotolerans,bacteria,4956672,2195471,2.25768047038654
Kineococcus_rhizosphaerae,bacteria,5610032,671846,8.35017548664426
Kineococcus_xinjiangensis,bacteria,4617682,512622,9.00796688398079
Kineosphaera_limosa,bacteria,4847237,168694,28.7339028062646
Kineothrix_alysoides,bacteria,4617194,388107,11.8967037440706
Kingella_denitrificans,bacteria,2220455,941815,2.35763393023046
Kingella_kingae,bacteria,2057709,712961,2.88614726902823
Kingella_negevensis,bacteria,2109050,113253,18.6224647470707
Kingella_oralis,bacteria,2406675,696857,3.45361386912953
Kingella_potus,bacteria,2483983,791170,3.13963244309061
Kinneretia_asaccharophila,bacteria,4358700,770238,5.65890023603094
Kiritimatiella_glycovorans,bacteria,2949723,1317878,2.23823677153727
Kiritimatiellaceae_bacterium,bacteria,1647829,179840,9.16275022241993
Kitasatospora_albolonga,bacteria,8027788,3545522,2.26420481948779
Kitasatospora_aureofaciens,bacteria,8333890,1642360,5.07433784310383
Kitasatospora_cheerisanensis,bacteria,8035179,491888,16.3353832579774
Kitasatospora_cineracea,bacteria,8759731,3127498,2.80087501254997
Kitasatospora_griseola,bacteria,7966157,2458887,3.23974098850415
Kitasatospora_niigatensis,bacteria,8578249,3180109,2.69747011816262
Kitasatospora_setae,bacteria,8783278,3835955,2.28972394097428
Kitasatospora_sp,bacteria,8094830,1741922,4.64706889804651
Klebsiella_aerogenes,bacteria,5507318,1426200,3.8615328531256
Klebsiella_grimontii,bacteria,6063413,950226,6.3810253460889
Klebsiella_huaxiensis,bacteria,6300829,2770878,2.27394674179087
Klebsiella_indica,bacteria,5244638,297272,17.6425563120644
Klebsiella_michiganensis,bacteria,6249483,1031879,6.05641110304677
Klebsiella_oxytoca,bacteria,6222914,1460718,4.26017613740589
Klebsiella_pneumoniae,bacteria,5603088,601983,9.3077174487254
Klebsiella_quasipneumoniae,bacteria,5741554,1159014,4.95382573529896
Klebsiella_quasivariicola,bacteria,5797049,1058118,5.47864285425701
Klebsiella_sp,bacteria,5811941,1845250,3.14967729978015
Klebsiella_variicola,bacteria,5750346,656413,8.76026162117553
Klenkia_brasiliensis,bacteria,4451590,792330,5.61835346383451
Klenkia_marina,bacteria,4219224,863663,4.88526659125145
Klenkia_soli,bacteria,4758105,461915,10.3008237446283
Klenkia_taihuensis,bacteria,4316910,1116584,3.86617576465362
Kluyvera_ascorbata,bacteria,5253197,820902,6.39929817038656
Kluyvera_cryocrescens,bacteria,4816895,270610,17.8001367281327
Kluyvera_georgiana,bacteria,5068984,217418,23.3144633838965
Kluyvera_intermedia,bacteria,5079569,1175060,4.32281812112493
Kluyvera_sp,bacteria,5743888,260002,22.0917069868693
Knoellia_aerolata,bacteria,4087970,196179,20.8379592107208
Knoellia_flava,bacteria,3561699,264161,13.4830614663027
Knoellia_remsis,bacteria,3573222,242436,14.738825916943
Knoellia_sinensis,bacteria,3987063,456742,8.72935486554773
Knoellia_sp,bacteria,3605744,990129,3.64169113317558
Knoellia_subterranea,bacteria,3566056,556226,6.41116380751709
Kocuria_flava,bacteria,3767809,1596709,2.3597339903514
Kocuria_indica,bacteria,2859465,760061,3.76215446007259
Kocuria_kristinae,bacteria,2356130,222399,10.5941573478298
Kocuria_marina,bacteria,3066141,397055,7.72220725088464
Kocuria_palustris,bacteria,2852769,363080,7.8571456113606
Kocuria_polaris,bacteria,3806760,406040,9.37534402441142
Kocuria_rhizophila,bacteria,3140048,549817,5.71108012705323
Kocuria_rosea,bacteria,3845350,1137517,3.38047530072381
Kocuria_soli,bacteria,2952089,289096,10.2114487920967
Kocuria_sp,bacteria,3240910,339623,9.54265942192113
Kocuria_tytonicola,bacteria,2636759,962411,2.73974320742386
Kocuria_tytonis,bacteria,2723281,833231,3.26833855197418
Komagataeibacter_europaeus,bacteria,3872584,253565,15.2725775887397
Komagataeibacter_hansenii,bacteria,3636659,1518697,2.39459154788612
Komagataeibacter_intermedius,bacteria,4465062,280801,15.9011613206506
Komagataeibacter_medellinensis,bacteria,3513191,1450559,2.42195663878546
Komagataeibacter_melaceti,bacteria,3493909,107713,32.4372081364366
Komagataeibacter_nataicola,bacteria,3760301,1564166,2.40402936772695
Komagataeibacter_oboediens,bacteria,3777265,282297,13.3804645462049
Komagataeibacter_rhaeticus,bacteria,2202920,177542,12.4078809521127
Komagataeibacter_saccharivorans,bacteria,3768311,1507628,2.4994965601594
Komagataeibacter_sucrofermentans,bacteria,3363922,286685,11.7338612065507
Komagataeibacter_swingsii,bacteria,3732982,331820,11.2500210957748
Komagataeibacter_xylinus,bacteria,3595248,1093523,3.28776593328779
Komagataella_pastoris,fungi,9216378,2140068,4.30658184693197
Kordia_periserrulae,bacteria,4725576,727693,6.49391432925698
Kordia_sp,bacteria,4602941,1344583,3.42332359672984
Kordiimonas_lacus,bacteria,4000817,618014,6.47366726320116
Kordiimonas_sp,bacteria,2399875,656679,3.65456334068853
Kosakonia_arachidis,bacteria,5135597,1072195,4.78979756480864
Kosakonia_cowanii,bacteria,4685999,2083983,2.24857832333565
Kosakonia_oryzae,bacteria,5532429,2465852,2.24361762181996
Kosakonia_oryzendophytica,bacteria,4841527,581622,8.32418134114597
Kosakonia_oryziphila,bacteria,4814900,205205,23.4638532199508
Kosakonia_quasisacchari,bacteria,5149797,376597,13.6745566215344
Kosakonia_radicincitans,bacteria,6122453,2664495,2.29779113865855
Kosakonia_sp,bacteria,4899920,1407568,3.48112489059143
Kosmotoga_arenicorallina,bacteria,2113627,284920,7.41831742243437
Kosmotoga_olearia,bacteria,2302126,1034850,2.22459873411606
Kosmotoga_pacifica,bacteria,2169170,996856,2.17601137977802
Kosmotogaceae_bacterium,bacteria,1869669,83645,22.3524299121286
Kozakia_baliensis,bacteria,3505604,1414378,2.47854816746301
Krasilnikovia_cinnamomea,bacteria,7616132,3337673,2.28186883496376
Krasilnikoviella_flava,bacteria,4846016,837472,5.78648121967063
Kribbella_albertanoniae,bacteria,9727339,160012,60.7913094017949
Kribbella_antibiotica,bacteria,9279240,156542,59.2763603378007
Kribbella_capetownensis,bacteria,8831527,1386906,6.36779060729422
Kribbella_flavida,bacteria,7579488,3411444,2.22178291655967
Kribbella_jiaozuonensis,bacteria,8659701,1847656,4.68685783500825
Kribbella_pittospori,bacteria,9491812,1031287,9.20385111031168
Kribbella_sindirgiensis,bacteria,8891727,795582,11.1763803102634
Kribbella_soli,bacteria,8711401,1861347,4.68015931473283
Kribbella_sp,bacteria,8606274,1502729,5.72709564542291
Kribbella_speibonae,bacteria,9285392,1933317,4.80282954114612
Kribbella_turkmenica,bacteria,7447142,108854,68.4140408253257
Kriegella_aquimaris,bacteria,6057242,846029,7.15961509593643
Kroppenstedtia_eburnea,bacteria,3532052,540578,6.53384340465206
Kryptolebias_marmoratus,ensembl,680366784,6713077,101.349468209586
Ktedonobacter_racemifer,bacteria,13661586,2970064,4.59976148662116
Ktedonobacter_sp,bacteria,4425780,36774,120.35080038433
Ktedonosporobacter_rubrisoli,bacteria,11340617,4677520,2.42449353503566
Kurthia_sibirica,bacteria,3496665,284573,12.2874095574773
Kurthia_sp,bacteria,3450600,916205,3.76618715243859
Kurthia_zopfii,bacteria,2970084,743370,3.99543363024714
Kushneria_avicenniae,bacteria,3605329,640156,5.63195377376764
Kushneria_indalinina,bacteria,3752699,1005848,3.7308808090288
Kushneria_konosiri,bacteria,3584631,1604880,2.23358195005234
Kushneria_marisflavi,bacteria,3667185,1646527,2.22722433339994
Kushneria_phosphatilytica,bacteria,3604292,547834,6.57916814217446
Kushneria_phyllosphaerae,bacteria,3764595,962900,3.90964274587185
Kushneria_sinocarnis,bacteria,3510707,491097,7.14870382022289
Kutzneria_albida,bacteria,9874926,4454963,2.216612348969
Kutzneria_buriramensis,bacteria,11968322,877582,13.6378389711731
Kutzneria_sp,bacteria,11646492,4999666,2.3294540075277
Kyrpidia_spormannii,bacteria,3352175,1472083,2.27716439901826
Kyrpidia_tusciae,bacteria,3384766,1485078,2.27918398898913
Kytococcus_aerolatus,bacteria,2402416,852898,2.81676824192342
Kytococcus_schroeteri,bacteria,2485236,199201,12.4760217067183
Kytococcus_sedentarius,bacteria,2785024,1263893,2.20352830500683
Kytococcus_sp,bacteria,2321898,40446,57.4073579587598
Labedaea_rhizosphaerae,bacteria,8317180,1551733,5.35992983328962
Labedella_endophytica,bacteria,3665080,1036232,3.53692995390994
Labedella_gwakjiensis,bacteria,3838939,1766989,2.17258794480328
Labedella_phragmitis,bacteria,3524121,756499,4.65846088362311
Labedella_populi,bacteria,3417745,832229,4.10673624687436
Labilibacter_sediminis,bacteria,6372092,495377,12.8631163739939
Labilibaculum_euxinus,bacteria,5055185,497894,10.1531350046395
Labilithrix_luteola,bacteria,12191466,5484578,2.22286308992232
Labrenzia_sp,bacteria,5824246,1092257,5.33230189147723
Labrus_bergylta,ensembl,805480521,3354049,240.151685619381
Labrys_okinawensis,bacteria,6508340,747827,8.70300216493922
Laceyella_sacchari,bacteria,3327364,1177882,2.82486997848681
Laceyella_sediminis,bacteria,3392166,381733,8.88622676058921
Lachnoanaerobaculum_gingivalis,bacteria,3097953,633695,4.88871302440449
Lachnoanaerobaculum_orale,bacteria,2800999,1115517,2.5109424598639
Lachnoanaerobaculum_saburreum,bacteria,3022938,527721,5.72828824321943
Lachnoanaerobaculum_sp,bacteria,2861043,602356,4.74975111631045
Lachnoanaerobaculum_umeaense,bacteria,2810441,1276426,2.20180488332265
Lachnobacterium_bovis,bacteria,2626387,224762,11.6852174415992
Lachnoclostridium_phytofermentans,bacteria,4463030,1029988,4.33309093556961
Lachnoclostridium_sp,bacteria,4063561,552136,7.35971497122249
Lachnospira_eligens,bacteria,3126098,380107,8.22426019702356
Lachnospira_multipara,bacteria,2841494,278126,10.2165709067113
Lachnospira_pectinoschiza,bacteria,2869764,541651,5.2981790857951
Lachnospiraceae_bacterium,bacteria,3561666,442936,8.0410404962636
Lachnospiraceae_oral,bacteria,3288100,476508,6.90040880740722
Lachnotalea_glycerini,bacteria,4882107,550706,8.86517760837906
Lachnotalea_sp,bacteria,5162566,516065,10.0037127106082
Lacibacter_luteus,bacteria,5067509,1176015,4.30905133012759
Lacimicrobium_alkaliphilum,bacteria,4378835,1955601,2.23912495442578
Lacinutrix_sp,bacteria,3332957,1180036,2.82445417610259
Lacinutrix_venerupis,bacteria,3123464,486691,6.41775582453754
Lacrimispora_algidixylanolytica,bacteria,4639933,480946,9.64751344225755
Lacrimispora_celerecrescens,bacteria,5038011,373478,13.4894451614285
Lacrimispora_indolis,bacteria,2886490,1206669,2.39211415889527
Lacrimispora_saccharolytica,bacteria,3491619,279661,12.4851838475869
Lacrimispora_sphenoides,bacteria,5620428,2356885,2.38468465792773
Lacticaseibacillus_brantae,bacteria,1929842,518109,3.72477992082747
Lacticaseibacillus_camelliae,bacteria,2562179,137592,18.6215695679981
Lacticaseibacillus_casei,bacteria,2999848,479164,6.26059298120701
Lacticaseibacillus_chiayiensis,bacteria,2872085,204856,14.0200189401336
Lacticaseibacillus_fabifermentans,bacteria,3429757,127241,26.954912154542
Lacticaseibacillus_manihotivorans,bacteria,3125880,95889,32.5989425272972
Lacticaseibacillus_nasuensis,bacteria,2280237,341678,6.67364302062176
Lacticaseibacillus_pantheris,bacteria,2541966,301560,8.42938718662953
Lacticaseibacillus_paracasei,bacteria,3026431,532207,5.68656711476772
Lacticaseibacillus_rhamnosus,bacteria,3081594,794604,3.8781523002718
Lacticaseibacillus_saniviri,bacteria,2435824,239855,10.1554022221759
Lacticaseibacillus_sharpeae,bacteria,2444304,200247,12.2064450403751
Lacticaseibacillus_thailandensis,bacteria,2060676,515612,3.99656330729308
Lacticaseibacillus_zeae,bacteria,3098489,384486,8.05878936102516
Lactiplantibacillus_argentoratensis,bacteria,3268324,784473,4.16626969077947
Lactiplantibacillus_garii,bacteria,2972201,125888,23.6098833884087
Lactiplantibacillus_mudanjiangensis,bacteria,3673891,356686,10.300070650376
Lactiplantibacillus_paraplantarum,bacteria,3411785,281172,12.1341556058213
Lactiplantibacillus_pentosus,bacteria,3764933,851039,4.42392510399891
Lactiplantibacillus_plantarum,bacteria,3385583,742212,4.56147452750794
Lactiplantibacillus_xiangfangensis,bacteria,2989578,360311,8.29721546108778
Lactobacillus_acetotolerans,bacteria,1644968,422650,3.89203241452739
Lactobacillus_acidophilus,bacteria,2355661,876368,2.6879804630063
Lactobacillus_amylolyticus,bacteria,1588422,412147,3.85401689203124
Lactobacillus_amylovorus,bacteria,2026256,466387,4.34457927653804
Lactobacillus_apis,bacteria,1681884,565715,2.97302585991525
Lactobacillus_bombicola,bacteria,1650748,299409,5.51335966672085
Lactobacillus_crispatus,bacteria,2150908,206138,10.4343154247035
Lactobacillus_delbrueckii,bacteria,1933356,468795,4.12410065694325
Lactobacillus_equicursoris,bacteria,2204196,86387,25.5153611075741
Lactobacillus_gallinarum,bacteria,2070405,291652,7.09889708613586
Lactobacillus_gasseri,bacteria,1983756,483683,4.10135601945765
Lactobacillus_gigeriorum,bacteria,1927182,115417,16.6975575521804
Lactobacillus_hamsteri,bacteria,1837804,132407,13.8799610292507
Lactobacillus_helsingborgensis,bacteria,1929879,577556,3.34145982507309
Lactobacillus_helveticus,bacteria,2080091,468230,4.44245865810174
Lactobacillus_hominis,bacteria,1928135,267886,7.19759524573886
Lactobacillus_iners,bacteria,1321432,221950,5.9537507405964
Lactobacillus_intestinalis,bacteria,2012357,212589,9.46597064281464
Lactobacillus_jensenii,bacteria,1683156,387116,4.34793791352807
Lactobacillus_johnsonii,bacteria,1932297,558340,3.46079235201624
Lactobacillus_kalixensis,bacteria,2078190,129368,16.0641735204997
Lactobacillus_kefiranofaciens,bacteria,2167190,183926,11.7829221481789
Lactobacillus_kimbladii,bacteria,2145544,258802,8.29029141969537
Lactobacillus_kitasatonis,bacteria,1911334,215598,8.8652677668624
Lactobacillus_kullabergensis,bacteria,2048980,558676,3.66756730875079
Lactobacillus_melliventris,bacteria,2068524,571532,3.61926507987749
Lactobacillus_paragasseri,bacteria,2027615,488397,4.15157136509848
Lactobacillus_pasteurii,bacteria,1905398,237962,8.00715240248443
Lactobacillus_plantarum,bacteria,3348624,1420395,2.35753012366278
Lactobacillus_psittaci,bacteria,1541412,244580,6.30228146209829
Lactobacillus_rodentium,bacteria,1521745,224734,6.77131631172853
Lactobacillus_ruminis,bacteria,1953965,87522,22.3254153241471
Lactobacillus_selangorensis,bacteria,2134386,438348,4.86916316392816
Lactobacillus_sp,bacteria,2273379,332233,6.84273014211021
Lactobacillus_taiwanensis,bacteria,2060252,312574,6.59125613655668
Lactobacillus_ultunensis,bacteria,2248406,571754,3.93247095778954
Lactobacillus_xujianguonis,bacteria,2215750,150130,14.758875641111
Lactococcus_allomyrinae,bacteria,2758410,1159913,2.37811801402347
Lactococcus_chungangensis,bacteria,2214941,237340,9.3323544282464
Lactococcus_cremoris,bacteria,2535434,464268,5.46114771254138
Lactococcus_fujiensis,bacteria,2075869,287793,7.21306286115368
Lactococcus_garvieae,bacteria,2099725,448682,4.6797607548997
Lactococcus_lactis,bacteria,2595097,526894,4.92526953066112
Lactococcus_petauri,bacteria,2397176,432479,5.54287260190668
Lactococcus_piscium,bacteria,2316310,425276,5.44659896481441
Lactococcus_plantarum,bacteria,1989201,205328,9.68791884204785
Lactococcus_raffinolactis,bacteria,2283503,356822,6.39955257834958
Lactococcus_reticulitermitis,bacteria,2169598,553358,3.92078545896147
Lactococcus_sp,bacteria,2119621,415539,5.10089466131137
Lactococcus_termiticola,bacteria,1734781,239661,7.23847851757274
Lactonifactor_longoviformis,bacteria,4839287,423837,11.417802126761
Lactuca_sativa,plants,2391062152,23785140,100.527562671483
Lacunisphaera_limnophila,bacteria,4199284,1904324,2.20513105963061
Lampropedia_aestuarii,bacteria,4173824,294260,14.1841364779447
Lampropedia_cohaerens,bacteria,3158922,246623,12.8087080280428
Lampropedia_hyalina,bacteria,3184472,182147,17.4829780342251
Lampropedia_puyangensis,bacteria,3974686,457043,8.69652527223916
Lancefieldella_parvulum,bacteria,1543805,696051,2.21794811012411
Lapidilactobacillus_concavus,bacteria,1898108,142417,13.327819010371
Lapidilactobacillus_dextrinicus,bacteria,1807288,323780,5.58183952066218
Laribacter_hongkongensis,bacteria,3296801,1458894,2.25979440589926
Larimichthys_crocea,ensembl,657939657,20039556,32.8320476262049
Larkinella_arboricola,bacteria,7020148,1314487,5.34059903216997
Larkinella_knui,bacteria,7652494,1565268,4.88893531331376
Larkinella_punicea,bacteria,8006342,435372,18.3896575801843
Larkinella_rosea,bacteria,8176205,1692610,4.8305309551521
Larkinella_sp,bacteria,7274818,1545485,4.70714241807588
Lates_calcarifer,ensembl,668464831,6757295,98.9249146293006
Latescibacteria_bacterium,bacteria,3519707,239676,14.6852709491146
Laticauda_laticaudata,ensembl,1558706106,440080,3541.8699009271
Latilactobacillus_curvatus,bacteria,1977866,609974,3.24254327389975
Latilactobacillus_fuchuensis,bacteria,2081274,148402,14.0245650328163
Latilactobacillus_graminis,bacteria,1834154,267389,6.85949683794023
Latilactobacillus_sakei,bacteria,2014398,681745,2.95476836427879
Latimeria_chalumnae,ensembl,2860591921,3727104,767.510625139519
Lautropia_dentalis,bacteria,3827229,1304953,2.93284815621712
Lautropia_mirabilis,bacteria,3151925,1366744,2.30615609067975
Lautropia_sp,bacteria,3808117,225073,16.919475014773
Lawsonella_clevelandensis,bacteria,1752971,591668,2.9627637144173
Lawsonibacter_asaccharolyticus,bacteria,4282156,1643184,2.60601125619529
Leadbettera_azotonutricia,bacteria,3855671,1805834,2.13511928560432
Leadbetterella_byssophila,bacteria,4059653,1861298,2.18108706934623
Lebetimonas_natsushimae,bacteria,1639064,529984,3.09266694843618
Leclercia_adecarboxylata,bacteria,5209676,1771206,2.94131513757385
Leclercia_sp,bacteria,5267914,1404576,3.75053748436138
Lederbergia_galactosidilytica,bacteria,4841992,377421,12.8291536506978
Lederbergia_lenta,bacteria,4384366,1856449,2.36169482705962
Leersia_perrieri,plants,266687832,16113501,16.5505827690705
Leeuwenhoekiella_aequorea,bacteria,3458071,690226,5.01005612654406
Leeuwenhoekiella_aestuarii,bacteria,4361611,728204,5.98954551197192
Leeuwenhoekiella_blandensis,bacteria,4244565,1918208,2.21277619528226
Leeuwenhoekiella_marinoflava,bacteria,4747764,359293,13.2141845234948
Leeuwenhoekiella_nanhaiensis,bacteria,4370016,673403,6.48945133894562
Leeuwenhoekiella_palythoae,bacteria,4029999,788015,5.1141145790372
Leeuwenhoekiella_polynyae,bacteria,4794008,547974,8.74860486081457
Leeuwenhoekiella_sp,bacteria,4424229,287691,15.3784048394516
Legionella_adelaidensis,bacteria,2367659,804080,2.94455651178987
Legionella_anisa,bacteria,4362280,1867965,2.33531142178788
Legionella_beliardensis,bacteria,3538304,1423147,2.48625335260518
Legionella_birminghamensis,bacteria,3789238,1655251,2.28922260128524
Legionella_bozemanae,bacteria,4124313,566322,7.28262896373441
Legionella_brunensis,bacteria,3750738,494402,7.58641348538234
Legionella_busanensis,bacteria,3934006,1520863,2.58669321299815
Legionella_cherrii,bacteria,3982132,1426864,2.79082799762276
Legionella_cincinnatiensis,bacteria,4098995,1746292,2.34725635804321
Legionella_clemsonensis,bacteria,3272100,1460541,2.24033423231529
Legionella_donaldsonii,bacteria,3606555,1556566,2.31699458937173
Legionella_drancourtii,bacteria,4152613,269208,15.4252956821491
Legionella_drozanskii,bacteria,3558106,753263,4.72359056531384
Legionella_erythra,bacteria,3239140,526454,6.15275028777443
Legionella_fallonii,bacteria,4434890,1870665,2.37075585420158
Legionella_feeleii,bacteria,3621403,822874,4.40092262036173
Legionella_geestiana,bacteria,2619539,688713,3.80352773942121
Legionella_gratiana,bacteria,3976384,1711488,2.32334903896492
Legionella_hackeliae,bacteria,3570857,1577204,2.26404257153799
Legionella_israelensis,bacteria,3014516,752825,4.00427124497725
Legionella_jamestowniensis,bacteria,3341467,1177625,2.8374626897357
Legionella_jordanis,bacteria,3086499,1279984,2.41135748571857
Legionella_lansingensis,bacteria,2908590,217411,13.3783019258455
Legionella_londiniensis,bacteria,2401343,395526,6.07126459448936
Legionella_longbeachae,bacteria,3462633,1502265,2.3049423054329
Legionella_maceachernii,bacteria,3600316,363322,9.90943570716885
Legionella_massiliensis,bacteria,4387007,1168110,3.75564544435028
Legionella_moravica,bacteria,3825910,1667628,2.29422269235105
Legionella_nautarum,bacteria,3649429,843210,4.32801911742033
Legionella_oakridgensis,bacteria,3201411,1163010,2.75269351289799
Legionella_parisiensis,bacteria,4232284,198254,21.3477861732928
Legionella_pneumophila,bacteria,3484287,553634,6.29347973560583
Legionella_qingyii,bacteria,5241559,256772,20.4132810431044
Legionella_quateirensis,bacteria,4281523,1801892,2.37612631611662
Legionella_quinlivanii,bacteria,3615221,599296,6.03245143672863
Legionella_rubrilucens,bacteria,3129674,722891,4.32938575801884
Legionella_sainthelensi,bacteria,4271826,1438802,2.96901520176387
Legionella_santicrucis,bacteria,4820916,556878,8.65704157822719
Legionella_septentrionalis,bacteria,2569255,133174,19.2924669980627
Legionella_shakespearei,bacteria,3507052,282679,12.4064822643352
Legionella_sp,bacteria,3750905,232569,16.1281614318925
Legionella_spiritensis,bacteria,3313534,423399,7.82603171004183
Legionella_steelei,bacteria,4227172,1339066,3.15680631126472
Legionella_steigerwaltii,bacteria,3998094,1703720,2.34668490127486
Legionella_taurinensis,bacteria,3074925,348859,8.81423127833841
Legionella_tucsonensis,bacteria,3356485,1313211,2.55593731700389
Legionella_wadsworthii,bacteria,3602617,1562704,2.30537389038487
Legionella_waltersii,bacteria,3650667,556383,6.56142800912321
Legionella_worsleiensis,bacteria,3067721,411272,7.45910492326246
Legionellales_bacterium,bacteria,1871281,174593,10.7179826185903
Leifsonia_aquatica,bacteria,4226099,60110,70.3060888371319
Leifsonia_rubra,bacteria,2775399,240231,11.5530426964047
Leifsonia_sp,bacteria,3756733,1028935,3.65108821484036
Leifsonia_xyli,bacteria,3115018,866574,3.59463696399787
Leishmania_major,protists,32855089,1860078,17.6632856256566
Leisingera_aquaemixtae,bacteria,4614060,548140,8.41766701937461
Leisingera_methylohalidivorans,bacteria,4650996,1905930,2.4402764004974
Leisingera_sp,bacteria,5008688,896760,5.58531650449555
Lelliottia_amnigena,bacteria,4542865,2032241,2.23539733609285
Lelliottia_nimipressuralis,bacteria,4808044,1353155,3.55320946154002
Lelliottia_sp,bacteria,4773413,464664,10.2728272472152
Leminorella_grimontii,bacteria,4235612,602268,7.03276946475655
Leminorella_richardii,bacteria,3976274,1730350,2.29795937238131
Lentibacillus_amyloliquefaciens,bacteria,3858284,1619478,2.38242446022731
Lentibacillus_cibarius,bacteria,3660127,1514136,2.41730399382882
Lentibacillus_halodurans,bacteria,3670765,374342,9.80591277494911
Lentibacillus_lipolyticus,bacteria,3146740,252815,12.4468089314321
Lentibacillus_persicus,bacteria,3314552,396668,8.35598535803241
Lentibacter_algarum,bacteria,3293487,932621,3.53143131025358
Lentilactobacillus_buchneri,bacteria,2547933,469978,5.4213865963277
Lentilactobacillus_curieae,bacteria,2033790,684407,2.97161043911769
Lentilactobacillus_diolivorans,bacteria,3261379,293126,11.1262017016573
Lentilactobacillus_farraginis,bacteria,2852097,158063,18.0441059707394
Lentilactobacillus_hilgardii,bacteria,2932848,749662,3.91222905271246
Lentilactobacillus_kefiri,bacteria,2587790,134024,19.308407449412
Lentilactobacillus_kisonensis,bacteria,2996637,239060,12.5351094601971
Lentilactobacillus_otakiensis,bacteria,2347132,453322,5.17762649948602
Lentilactobacillus_parabuchneri,bacteria,2721812,272723,9.98012271288363
Lentilactobacillus_parafarraginis,bacteria,2966596,170031,17.447350880426
Lentilactobacillus_parakefiri,bacteria,3337975,121912,27.3801228751808
Lentilactobacillus_rapi,bacteria,2854844,318124,8.9739975606996
Lentilactobacillus_senioris,bacteria,1566789,444168,3.52746933592695
Lentilactobacillus_sunkii,bacteria,2743883,260634,10.5277448984877
Lentimicrobium_saccharophilum,bacteria,4514407,1692795,2.66683620875534
Lentisphaerae_bacterium,bacteria,5377291,159909,33.6271960927778
Lentisphaeria_bacterium,bacteria,5035392,195167,25.800449359138
Lentzea_aerocolonigenes,bacteria,10250719,161539,63.456620382694
Lentzea_albida,bacteria,9441135,854927,11.043206028117
Lentzea_albidocapillata,bacteria,8655281,819921,10.5562435626381
Lentzea_atacamensis,bacteria,9529573,1251165,7.61655976629781
Lentzea_flaviverrucosa,bacteria,9473544,1015209,9.33161940053723
Lentzea_fradiae,bacteria,8508028,720036,11.8161147498181
Lentzea_guizhouensis,bacteria,9997872,4510434,2.2166097541833
Lentzea_jiangxiensis,bacteria,8591279,1091139,7.87367970533543
Lentzea_waywayandensis,bacteria,10153412,1185004,8.5682512464093
Lentzea_xinjiangensis,bacteria,8684108,812576,10.6871332650731
Lepidothrix_coronata,ensembl,1079577334,6300283,171.353784266516
Lepisosteus_oculatus,ensembl,945878036,20289272,46.619614345946
Leptobrachium_leishanense,ensembl,3549060464,29506336,120.281300395956
Leptolinea_tardivitalis,bacteria,3676575,638260,5.76030927835052
Leptolyngbya_boryana,bacteria,7233668,2934120,2.46536201655011
Leptolyngbya_foveolarum,bacteria,4750982,74287,63.9544200196535
Leptolyngbya_sp,bacteria,6510732,1466649,4.43918944969044
Leptolyngbyaceae_cyanobacterium,bacteria,5530491,2377301,2.32637390048631
Leptonema_illini,bacteria,4522760,2019265,2.23980507759011
Leptosphaeria_maculans,fungi,45124619,2704437,16.6854021742788
Leptospira_adleri,bacteria,4388198,391473,11.2094525037487
Leptospira_alexanderi,bacteria,4223825,286789,14.7279881724892
Leptospira_alstonii,bacteria,4436856,275013,16.1332866687878
Leptospira_barantonii,bacteria,4392226,751626,5.84363233842363
Leptospira_borgpetersenii,bacteria,3961851,847669,4.6738195059694
Leptospira_brenneri,bacteria,4113151,633751,6.49016885180457
Leptospira_broomii,bacteria,4395904,1405206,3.12829862667822
Leptospira_ellinghausenii,bacteria,4193578,1017786,4.12029444303616
Leptospira_ellisii,bacteria,4199913,41878,100.290430422064
Leptospira_fainei,bacteria,4287324,1086452,3.9461697341438
Leptospira_haakeii,bacteria,4191261,729447,5.74580606952938
Leptospira_harrisiae,bacteria,3946761,1171487,3.3690181794591
Leptospira_hartskeerlii,bacteria,4048089,572316,7.073171115258
Leptospira_inadai,bacteria,4457871,900345,4.95129200473152
Leptospira_interrogans,bacteria,4777534,495421,9.64337898014224
Leptospira_johnsonii,bacteria,4063992,1046113,3.88484991583127
Leptospira_kirschneri,bacteria,4521485,291686,15.5012167201832
Leptospira_kmetyi,bacteria,4706154,615808,7.64224238723758
Leptospira_kobayashii,bacteria,4294786,703535,6.10458044020553
Leptospira_levettii,bacteria,4264788,100962,42.2415166102098
Leptospira_macculloughii,bacteria,6923300,250297,27.6603395166542
Leptospira_mayottensis,bacteria,4216282,1673182,2.51991833524386
Leptospira_meyeri,bacteria,4237206,1585268,2.6728641466301
Leptospira_neocaledonica,bacteria,4213808,499501,8.43603516309277
Leptospira_noguchii,bacteria,4747309,318296,14.9147442446726
Leptospira_perolatii,bacteria,3985918,581458,6.85504026086149
Leptospira_ryugenii,bacteria,3951395,799648,4.94141797390852
Leptospira_saintgironsiae,bacteria,4083319,755888,5.40201590711852
Leptospira_santarosai,bacteria,4094679,581706,7.0390908367758
Leptospira_sp,bacteria,4013675,237582,16.8938388333019
Leptospira_stimsonii,bacteria,4837465,1004172,4.81736694510502
Leptospira_terpstrae,bacteria,4092188,761837,5.37147447551117
Leptospira_tipperaryensis,bacteria,4591888,1930125,2.37906249595233
Leptospira_vanthielii,bacteria,4232327,344172,12.2971275989912
Leptospira_weilii,bacteria,4247036,266819,15.9172934960904
Leptospira_wolbachii,bacteria,4081981,1367622,2.9847289675071
Leptospira_wolffii,bacteria,4318366,888345,4.86113833090654
Leptospira_yasudae,bacteria,4458090,582867,7.64855447297583
Leptospirillum_ferriphilum,bacteria,2375932,675976,3.51481895423725
Leptospirillum_ferrooxidans,bacteria,2559538,1149403,2.22684123845161
Leptospirillum_sp,bacteria,2657315,689716,3.85276693595625
Leptothrix_cholodnii,bacteria,4909403,2257305,2.17489572742718
Leptothrix_mobilis,bacteria,4651965,919932,5.05685746337773
Leptotrichia_buccalis,bacteria,2465610,1062276,2.32106345243609
Leptotrichia_hofstadii,bacteria,2456453,804296,3.0541653818992
Leptotrichia_sp,bacteria,2347576,529759,4.43140729874255
Leptotrichia_wadei,bacteria,2362822,139859,16.8943149886672
Leucobacter_chromiiresistens,bacteria,3004608,763657,3.93449873437944
Leucobacter_komagatae,bacteria,3669365,308225,11.904826019953
Leucobacter_luti,bacteria,3727706,615763,6.05379910777361
Leucobacter_massiliensis,bacteria,3136406,563290,5.56801292407108
Leucobacter_muris,bacteria,3211982,1437728,2.23406791827105
Leucobacter_sp,bacteria,3014066,325105,9.27105848047267
Leucobacter_triazinivorans,bacteria,3478815,1560463,2.22934795634373
Leuconostoc_carnosum,bacteria,1780167,538367,3.30660404519594
Leuconostoc_citreum,bacteria,1915520,474614,4.03595237392913
Leuconostoc_fallax,bacteria,1660517,351687,4.7215762880061
Leuconostoc_gelidum,bacteria,1975800,548036,3.60524090136497
Leuconostoc_kimchii,bacteria,2101787,909730,2.31034152990448
Leuconostoc_lactis,bacteria,1758052,396828,4.4302656988802
Leuconostoc_mesenteroides,bacteria,1972811,610423,3.2318775424425
Leuconostoc_pseudomesenteroides,bacteria,2036714,206131,9.88066184342021
Leuconostoc_suionicum,bacteria,2069527,683916,3.02599588253528
Leuconostocaceae_bacterium,bacteria,1589448,282623,5.62391595871532
Leucothrix_arctica,bacteria,4752604,520628,9.12859853868789
Leucothrix_pacifica,bacteria,5022804,234728,21.3984015541393
Leucothrix_sargassi,bacteria,6846159,652287,10.4956238588229
Levilactobacillus_acidifarinae,bacteria,2918319,558878,5.22174606980414
Levilactobacillus_bambusae,bacteria,1966274,522001,3.7668012130245
Levilactobacillus_brevis,bacteria,2663461,1012467,2.63066487785606
Levilactobacillus_hammesii,bacteria,2815465,308079,9.13877609314494
Levilactobacillus_koreensis,bacteria,2957112,160916,18.3767431454921
Levilactobacillus_namurensis,bacteria,2476425,142515,17.3765919376908
Levilactobacillus_parabrevis,bacteria,2614213,117222,22.30138540547
Levilactobacillus_paucivorans,bacteria,2362603,122949,19.2161221319409
Levilactobacillus_senmaizukei,bacteria,2222963,178153,12.4778308532553
Levilactobacillus_spicheri,bacteria,2802205,401964,6.97129092566862
Levilactobacillus_suantsaii,bacteria,2430870,182573,13.3145098125134
Levilactobacillus_zymae,bacteria,2719315,697862,3.89663994933092
Levilinea_saccharolytica,bacteria,4230078,269539,15.6937511825747
Lewinella_agarilytica,bacteria,6220808,424107,14.6680153829104
Lewinella_marina,bacteria,4519134,902272,5.00861602709604
Lewinella_sp,bacteria,5270237,1151220,4.57795787657152
Lewinella_xylanilytica,bacteria,5375778,1693476,3.17440459740794
Lewinellaceae_bacterium,bacteria,5481126,309219,17.7257089635501
Liberibacter_crescens,bacteria,1504659,641437,2.34576271714915
Lichenibacterium_minor,bacteria,5916175,375786,15.7434683569904
Lichenibacterium_ramalinae,bacteria,5801291,406386,14.2753219845172
Lichenicoccus_roseus,bacteria,4788108,909194,5.26632159913066
Ligilactobacillus_acidipiscis,bacteria,2506687,401522,6.2429690386156
Ligilactobacillus_agilis,bacteria,2154123,331155,6.50488178110083
Ligilactobacillus_animalis,bacteria,1949041,398668,4.88887657010187
Ligilactobacillus_apodemi,bacteria,2091181,506833,4.12597640642973
Ligilactobacillus_aviarius,bacteria,1601212,194616,8.22756537891381
Ligilactobacillus_ceti,bacteria,1397811,411124,3.39997421702455
Ligilactobacillus_equi,bacteria,2229900,126604,17.613253188103
Ligilactobacillus_hayakitensis,bacteria,1685542,235480,7.15789875997962
Ligilactobacillus_murinus,bacteria,2270262,286462,7.92517127914259
Ligilactobacillus_pobuzihii,bacteria,2340699,209500,11.1727875894988
Ligilactobacillus_ruminis,bacteria,2063324,391564,5.26944327291142
Ligilactobacillus_saerimneri,bacteria,1663474,181593,9.16047468920798
Ligilactobacillus_salitolerans,bacteria,2529335,129488,19.5333544421105
Ligilactobacillus_salivarius,bacteria,2089002,457568,4.56544361557961
Lihuaxuella_thermophila,bacteria,3808945,345263,11.0320103804926
Limihaloglobus_sulfuriphilus,bacteria,3868357,1730022,2.23601607378403
Limimaricola_cinnabarinus,bacteria,3839515,289893,13.2446165388894
Limimaricola_pyoseonensis,bacteria,3911774,662267,5.90664188310757
Limimaricola_soesokkakensis,bacteria,3883839,483778,8.02814204035735
Limimonas_halophila,bacteria,3039361,501100,6.06537816803033
Limnobacter_sp,bacteria,3217513,116040,27.7276197862806
Limnobacter_thiooxidans,bacteria,3533643,1086111,3.25348237887288
Limnobaculum_parvum,bacteria,3841771,1659984,2.31434218643071
Limnochorda_pilosa,bacteria,3817036,1690348,2.25813619444044
Limnohabitans_curvus,bacteria,3029942,1383988,2.18928343309335
Limnohabitans_parvus,bacteria,2972530,747928,3.97435314629216
Limnohabitans_planktonicus,bacteria,4873611,337869,14.4245580387665
Limnohabitans_sp,bacteria,3591673,730032,4.91988270609506
Limnospira_maxima,bacteria,6003314,262373,22.8808375861846
Limnothrix_rosea,bacteria,4065636,153878,26.4211648188825
Limnothrix_sp,bacteria,4577940,275797,16.5989760566215
Limosilactobacillus_antri,bacteria,2302896,616009,3.73841291279835
Limosilactobacillus_coleohominis,bacteria,1725829,438507,3.93569315883213
Limosilactobacillus_equigenerosi,bacteria,1599963,195823,8.17045495166554
Limosilactobacillus_fermentum,bacteria,2078349,516392,4.02474851819758
Limosilactobacillus_frumenti,bacteria,1733578,362548,4.78165098138729
Limosilactobacillus_gastricus,bacteria,1876667,105822,17.7341809831604
Limosilactobacillus_ingluviei,bacteria,2139002,137968,15.5036095326453
Limosilactobacillus_mucosae,bacteria,2143082,429823,4.98596282655884
Limosilactobacillus_oris,bacteria,2461253,569609,4.32094979717093
Limosilactobacillus_panis,bacteria,2006512,103190,19.4448299253804
Limosilactobacillus_pontis,bacteria,1770642,226492,7.81767788707769
Limosilactobacillus_reuteri,bacteria,2195940,379133,5.79199970700087
Limosilactobacillus_secaliphilus,bacteria,1646143,409554,4.01935520102355
Limosilactobacillus_vaginalis,bacteria,1877332,443483,4.23315437119349
Liquorilactobacillus_aquaticus,bacteria,2407726,329316,7.31129371181479
Liquorilactobacillus_cacaonum,bacteria,1919106,420213,4.56698388674315
Liquorilactobacillus_capillatus,bacteria,2232918,242791,9.19687303071366
Liquorilactobacillus_ghanensis,bacteria,2605329,366804,7.10278241240554
Liquorilactobacillus_hordei,bacteria,2444210,615090,3.97374691000253
Liquorilactobacillus_mali,bacteria,2515234,151292,16.6250813826289
Liquorilactobacillus_nagelii,bacteria,2498521,364935,6.84648225026375
Liquorilactobacillus_oeni,bacteria,2117633,535343,3.95565646697538
Liquorilactobacillus_satsumensis,bacteria,2639652,267394,9.8717697480123
Liquorilactobacillus_sucicola,bacteria,2459509,547190,4.49479888155851
Liquorilactobacillus_uvarum,bacteria,2686405,189412,14.1828659219057
Liquorilactobacillus_vini,bacteria,2238031,75897,29.4877399633714
Lishizhenia_tianjinensis,bacteria,3567068,942598,3.78429404687895
Listeria_aquatica,bacteria,2601148,319701,8.13618975229981
Listeria_booriae,bacteria,3436956,448886,7.65663442388491
Listeria_cornellensis,bacteria,3347833,268251,12.480225609597
Listeria_fleischmannii,bacteria,2905157,416973,6.96725507406954
Listeria_floridensis,bacteria,2794388,235736,11.8538873994638
Listeria_grandensis,bacteria,3181727,384393,8.27727612105319
Listeria_grayi,bacteria,2650735,1078018,2.45889648101114
Listeria_innocua,bacteria,2992617,1146244,2.61080389986944
Listeria_ivanovii,bacteria,2938561,1310512,2.24230027203115
Listeria_kieliensis,bacteria,2610016,871358,2.9953429015399
Listeria_marthii,bacteria,2884551,986985,2.92258848918677
Listeria_monocytogenes,bacteria,3031049,1035311,2.92766945689038
Listeria_riparia,bacteria,3291042,402317,8.18022106945518
Listeria_rocourtiae,bacteria,3187944,509618,6.25555612242896
Listeria_seeligeri,bacteria,2971188,955890,3.10829345486285
Listeria_sp,bacteria,3576895,557036,6.42129952103634
Listeria_weihenstephanensis,bacteria,3411322,861203,3.96111253676543
Listeria_welshimeri,bacteria,2814130,1266828,2.22139864290969
Listeriaceae_bacterium,bacteria,3603945,483905,7.4476291834141
Litchfieldia_salsa,bacteria,4789739,614015,7.80068727962672
Litoreibacter_albidus,bacteria,3580729,727866,4.91948930160222
Litoreibacter_ascidiaceicola,bacteria,3743875,571069,6.55590655419923
Litoreibacter_halocynthiae,bacteria,3680113,1049546,3.50638561816252
Litoreibacter_janthinus,bacteria,3754758,1679069,2.23621423538878
Litoreibacter_meonggei,bacteria,3949755,767232,5.14805821446447
Litoreibacter_ponti,bacteria,3885483,1533629,2.53352212301671
Litorilituus_sediminis,bacteria,4275717,1901784,2.24826636463447
Litorimonas_taeanensis,bacteria,2778231,1048001,2.65098124906369
Litorivita_pollutaquae,bacteria,3421523,533400,6.41455380577428
Loigolactobacillus_backii,bacteria,2758012,789797,3.49205175507124
Loigolactobacillus_bifermentans,bacteria,3133992,203809,15.3771030719939
Loigolactobacillus_coryniformis,bacteria,2895564,490101,5.90809179598233
Loigolactobacillus_rennini,bacteria,2269330,108565,20.9029613595542
Loktanella_atrilutea,bacteria,4206024,718677,5.85245388401187
Loktanella_fryxellensis,bacteria,3551153,331499,10.7124093888669
Loktanella_salsilacus,bacteria,4130155,292556,14.1174851994148
Loktanella_sp,bacteria,3649552,705812,5.17071288566095
Lolium_perenne,plants,2276788877,22542330,101.000600958286
Lonchura_striata,ensembl,1060169706,5150330,205.845005271507
Lonepinella_koalarum,bacteria,2486773,455621,5.45798591373093
Longibacter_salinarum,bacteria,4406485,706002,6.24146248877482
Longibaculum_muris,bacteria,3167958,310202,10.2125647158948
Longicatena_caecimuris,bacteria,2945084,241025,12.2189980292501
Longilinea_arvoryzae,bacteria,4438311,1940090,2.2876830456319
Longimonas_halophila,bacteria,3729970,459357,8.11998075570852
Lonsdalea_britannica,bacteria,3923000,172745,22.709774523141
Lonsdalea_iberica,bacteria,3781823,163560,23.1219307899242
Lonsdalea_populi,bacteria,3691993,349398,10.5667261976314
Lonsdalea_quercina,bacteria,3779259,519630,7.27298077478206
Loxodonta_africana,ensembl,3196760833,13148679,243.124106459668
Lucifera_butyrica,bacteria,5281299,253492,20.834184116264
Luminiphilus_syltensis,bacteria,3261541,1470782,2.21755569486165
Lunatimonas_lonarensis,bacteria,5392044,310509,17.3651778209327
Lupinus_angustifolius,plants,609203021,14134309,43.1010119419351
Luteibacter_rhizovicinus,bacteria,4618405,1491883,3.09568813372094
Luteibacter_sp,bacteria,4394223,1015431,4.32744788270119
Luteibacter_yeojuensis,bacteria,4548902,228162,19.9371586854954
Luteimicrobium_subarcticum,bacteria,3632746,783764,4.6349998213748
Luteimonas_aestuarii,bacteria,3727962,465750,8.00421256038647
Luteimonas_chenhongjianii,bacteria,3351776,1481109,2.26301777924515
Luteimonas_gilva,bacteria,3632536,1161172,3.12833585377532
Luteimonas_sp,bacteria,3468763,863552,4.01685480434299
Luteimonas_terrae,bacteria,3569262,1067580,3.34332040690159
Luteimonas_weifangensis,bacteria,2764764,339488,8.14392261287586
Luteipulveratus_halotolerans,bacteria,4464286,1983870,2.25029160176826
Luteipulveratus_mongoliensis,bacteria,5420910,2498104,2.17000973538331
Luteitalea_pratensis,bacteria,7480314,3324667,2.24994382896092
Luteococcus_japonicus,bacteria,3423656,897739,3.81364294076563
Luteovulum_sphaeroides,bacteria,4858213,866484,5.60681212809469
Lutibacter_agarilyticus,bacteria,4101932,578224,7.09401892692106
Lutibacter_flavus,bacteria,3903672,915572,4.26364283748302
Lutibacter_maritimus,bacteria,3484703,568147,6.1334531380083
Lutibacter_oceani,bacteria,3388514,923789,3.66806056361355
Lutibacter_oricola,bacteria,4129954,786620,5.25025298110905
Lutibacter_profundi,bacteria,2966978,1348774,2.19975918871509
Lutibacter_sp,bacteria,3444747,233234,14.7695185297138
Lutibaculum_baratangense,bacteria,4300776,486886,8.83322995526674
Lutimaribacter_saemankumensis,bacteria,3772513,641618,5.87968697885658
Lutispora_thermophila,bacteria,3583033,312809,11.454379509541
Lyngbya_aestuarii,bacteria,6867625,212874,32.2614551330834
Lyngbya_confervoides,bacteria,8799693,2386852,3.68673591827227
Lynx_canadensis,ensembl,2408883772,22037459,109.308599144756
Lysinibacillus_antri,bacteria,4103755,250749,16.3659875014457
Lysinibacillus_boronitolerans,bacteria,4564150,332562,13.7242078168883
Lysinibacillus_composti,bacteria,4259757,442572,9.62500338927903
Lysinibacillus_contaminans,bacteria,4100313,1245585,3.29187731066126
Lysinibacillus_endophyticus,bacteria,3534833,192223,18.3892302169876
Lysinibacillus_fusiformis,bacteria,4724182,835820,5.65215376880003
Lysinibacillus_halotolerans,bacteria,3548511,202756,17.5013859022668
Lysinibacillus_macroides,bacteria,4866035,1068687,4.55328360876477
Lysinibacillus_mangiferihumi,bacteria,5285597,178027,29.6898616501991
Lysinibacillus_odysseyi,bacteria,4512819,561276,8.04028499347914
Lysinibacillus_sp,bacteria,4727561,824329,5.73504387004213
Lysinibacillus_sphaericus,bacteria,4544888,1523962,2.98228361569598
Lysinibacillus_tabacifolii,bacteria,4505022,1333719,3.37778947439453
Lysinibacillus_telephonicus,bacteria,4346674,125833,34.5431961409169
Lysinibacillus_varians,bacteria,4636196,1110860,4.1735214939423
Lysinibacillus_xylanilyticus,bacteria,5360113,632337,8.47667539970796
Lysinibacillus_yapensis,bacteria,3785739,624618,6.06088681402073
Lysobacter_antibioticus,bacteria,5916388,2500259,2.36631005027879
Lysobacter_arseniciresistens,bacteria,3085112,242497,12.7222687290977
Lysobacter_capsici,bacteria,6310810,2591377,2.43531110611448
Lysobacter_concretionis,bacteria,3032117,480597,6.30906351891502
Lysobacter_daejeonensis,bacteria,3275062,229730,14.25613546337
Lysobacter_defluvii,bacteria,2691386,59743,45.0493949081901
Lysobacter_dokdonensis,bacteria,3274406,424728,7.70941873387203
Lysobacter_enzymogenes,bacteria,6147425,1509658,4.0720638775882
Lysobacter_gummosus,bacteria,6056618,2574952,2.35212850569642
Lysobacter_maris,bacteria,4018049,1769150,2.27117485798265
Lysobacter_oculi,bacteria,2592821,1178486,2.20012880933673
Lysobacter_psychrotolerans,bacteria,3910744,695977,5.61907074515394
Lysobacter_pythonis,bacteria,2929486,244308,11.9909540416196
Lysobacter_silvestris,bacteria,2847002,1070807,2.65874429285576
Lysobacter_silvisoli,bacteria,4536546,1453452,3.12122175345316
Lysobacter_soli,bacteria,3953742,556807,7.10074047201274
Lysobacter_sp,bacteria,4612886,936337,4.92652313969541
Lysobacter_spongiicola,bacteria,3099673,555098,5.58401039095799
Lysobacter_tolerans,bacteria,2541122,564408,4.50227849357203
Macaca_fascicularis,ensembl,2906155132,33999919,85.4753545736388
Macaca_mulatta,ensembl,2971331530,12666003,234.591096338758
Macaca_nemestrina,ensembl,2948703511,16500846,178.700141253364
Macellibacteroides_sp,bacteria,4081835,352740,11.5717950898679
Macrococcus_bohemicus,bacteria,2480189,438358,5.65791391729353
Macrococcus_bovicus,bacteria,2095263,342244,6.1221321630182
Macrococcus_brunensis,bacteria,2101371,174393,12.0496292855791
Macrococcus_canis,bacteria,2247138,869577,2.58417368444658
Macrococcus_carouselicus,bacteria,2076527,648758,3.20077286137512
Macrococcus_caseolyticus,bacteria,2273630,493673,4.60553604947941
Macrococcus_epidermidis,bacteria,2493652,658456,3.78712017203883
Macrococcus_goetzii,bacteria,2560158,678194,3.77496409581919
Macrococcus_hajekii,bacteria,2069051,644402,3.21080784975838
Macrococcus_lamae,bacteria,2043275,205668,9.93482214053718
Macrococcus_sp,bacteria,2355925,778372,3.02673594806593
Mageeibacillus_indolicus,bacteria,1793961,678902,2.64244592183108
Magnaporthe_oryzae,fungi,41027733,6156602,6.66402229671497
Magnaporthe_poae,fungi,39503331,4516616,8.74622305726234
Magnetococcales_bacterium,bacteria,2255601,536878,4.20133270625049
Magnetococcus_marinus,bacteria,4719581,2041354,2.3119855742806
Magnetofaba_australis,bacteria,4986701,1019297,4.89229439505856
Magnetospira_sp,bacteria,4052370,1830514,2.21378803986203
Magnetospirillum_caucaseum,bacteria,4870514,173707,28.0386743193999
Magnetospirillum_fulvum,bacteria,3787232,263586,14.368105665703
Magnetospirillum_gryphiswaldense,bacteria,4365796,1993721,2.18977279167948
Magnetospirillum_kuznetsovii,bacteria,4405793,462442,9.52723368552164
Magnetospirillum_magneticum,bacteria,4967148,2241781,2.21571509438255
Magnetospirillum_magnetotacticum,bacteria,4523935,895916,5.04950798958831
Magnetospirillum_marisnigri,bacteria,4619819,290582,15.8985036925894
Magnetospirillum_molischianum,bacteria,3805617,346376,10.9869534840751
Magnetospirillum_moscoviense,bacteria,4164497,190235,21.8913291455305
Magnetospirillum_sp,bacteria,4412700,1253596,3.52003497140824
Magnetovibrio_blakemorei,bacteria,3638804,209474,17.3711486867105
Magnetovibrio_sp,bacteria,3451229,231054,14.9368935400383
Mahella_australiensis,bacteria,3135972,1432336,2.1894108644899
Malaciobacter_canalis,bacteria,2782711,317534,8.76350564034088
Malaciobacter_halophilus,bacteria,2746292,129098,21.2729244449953
Malaciobacter_marinus,bacteria,2867946,766876,3.73977800843943
Malaciobacter_molluscorum,bacteria,2756560,248355,11.0992732177729
Malaciobacter_mytili,bacteria,3037595,1387359,2.18948015618164
Malacoplasma_iowae,bacteria,1195147,65071,18.3668147100859
Malacoplasma_penetrans,bacteria,1358633,603790,2.25017472962454
Maledivibacter_halophilus,bacteria,5802910,640310,9.06265715044276
Malikia_granosa,bacteria,3832968,263366,14.553769279254
Malikia_spinosa,bacteria,3778566,188400,20.0560828025478
Maliponia_aquimaris,bacteria,5313976,549508,9.67042518034314
Malonomonas_rubra,bacteria,3961631,490712,8.07323032654592
Malurus_cyaneus,ensembl,1078874851,11795479,91.4651156599914
Malus_domestica,plants,702961352,22539497,31.1879786847062
Mameliella_alba,bacteria,5837382,391065,14.9268842775498
Mameliella_sp,bacteria,5521072,341455,16.1692521708571
Mammaliicoccus_fleurettii,bacteria,2671140,107017,24.9599596325817
Mammaliicoccus_lentus,bacteria,2644425,159221,16.6085189767681
Mammaliicoccus_sciuri,bacteria,2987182,156189,19.1254023564362
Mammaliicoccus_stepanovicii,bacteria,2439098,1089191,2.23936664919192
Mammaliicoccus_vitulinus,bacteria,2608645,166403,15.6766704927195
Manacus_vitellinus,ensembl,1213150360,11502252,105.47068174128
Mandrillus_leucophaeus,ensembl,3062009387,6349434,482.249187407886
Mangrovibacter_phragmitis,bacteria,4947475,826496,5.98608462714883
Mangrovibacter_plantisponsor,bacteria,5352990,495854,10.795496254946
Mangrovibacter_sp,bacteria,5361575,526766,10.1782859941606
Mangrovibacterium_diazotrophicum,bacteria,5800440,2058446,2.81787328887909
Mangrovibacterium_marinum,bacteria,4598241,373154,12.3226362306179
Mangrovimonas_sp,bacteria,3730281,837859,4.45215841806318
Mangrovimonas_spongiae,bacteria,2776420,692259,4.01066652799025
Mangrovimonas_yunxiaonensis,bacteria,2670033,636120,4.19737313714394
Manihot_esculenta,plants,639586700,20236206,31.6060587544439
Mannheimia_granulomatis,bacteria,2321045,388996,5.96675801293587
Mannheimia_haemolytica,bacteria,2630786,1143493,2.3006582245493
Mannheimia_sp,bacteria,2393449,1078082,2.22009921323239
Mannheimia_varigena,bacteria,2224844,790993,2.81272274217345
Marchantia_polymorpha,plants,225760816,3262444,69.1999053470343
Margalitia_camelliae,bacteria,4956718,479094,10.3460239535457
Margalitia_shackletonii,bacteria,5297592,1882550,2.81405115401981
Maribacter_algarum,bacteria,5110706,1377456,3.71024990997898
Maribacter_algicola,bacteria,4114314,1377135,2.98758945201451
Maribacter_aquivivus,bacteria,4578396,1486364,3.08026566843653
Maribacter_arcticus,bacteria,4211145,536511,7.84913077271482
Maribacter_aurantiacus,bacteria,4158743,755219,5.50667157473528
Maribacter_caenipelagi,bacteria,4281860,742852,5.76408221287686
Maribacter_cobaltidurans,bacteria,4639957,2119763,2.18890366517389
Maribacter_dokdonensis,bacteria,4622542,2118394,2.18209738131811
Maribacter_hydrothermalis,bacteria,4221554,604115,6.98799731839137
Maribacter_orientalis,bacteria,4163533,692912,6.00874714249429
Maribacter_polysiphoniae,bacteria,5129962,775326,6.6165225982361
Maribacter_sedimenticola,bacteria,4269365,922168,4.62970413200198
Maribacter_sp,bacteria,4216116,879538,4.79355729940037
Maribacter_spongiicola,bacteria,4455565,1198410,3.7178970469205
Maribacter_stanieri,bacteria,4460741,1411942,3.15929478689635
Maribacter_ulvicola,bacteria,4511475,1104756,4.08368454210704
Maribacter_vaceletii,bacteria,3889815,1117654,3.48033917473565
Maribius_pelagius,bacteria,3858435,651092,5.92609800151131
Maribius_salinus,bacteria,3574415,480677,7.43620976248084
Maricaulis_maris,bacteria,3468814,1045151,3.31895965272004
Maricaulis_salignorans,bacteria,3117768,332392,9.37979253411634
Maricaulis_sp,bacteria,3790209,437781,8.65777295040214
Marichromatium_gracile,bacteria,3830035,543588,7.0458417036432
Marichromatium_purpuratum,bacteria,3779112,1679821,2.24971112993587
Maridesulfovibrio_ferrireducens,bacteria,3872848,861979,4.49297256661705
Maridesulfovibrio_hydrothermalis,bacteria,3708362,1625975,2.28070050277526
Maridesulfovibrio_salexigens,bacteria,4289847,1921879,2.23211086650096
Marinactinospora_thermotolerans,bacteria,5663707,594418,9.52815527120646
Marinateneraspora_sediminis,bacteria,6015607,69940,86.0109665427509
Marine_actinobacterium,bacteria,2772187,1288956,2.15072275547032
Marine_bacterium,bacteria,11346547,1331385,8.52236355374291
Marine_gamma,bacteria,4326936,498583,8.6784667748399
Marine_group,bacteria,1334933,119636,11.1583365026825
Marinibacterium_profundimaris,bacteria,6152202,804635,7.64595375542948
Marinicauda_algicola,bacteria,3426473,882271,3.88369673263657
Marinicauda_pacifica,bacteria,3050377,897784,3.39767360523244
Marinicauda_salina,bacteria,2887656,729646,3.95761232159157
Marinicaulis_flavus,bacteria,4924481,891934,5.52112712375579
Marinicella_litoralis,bacteria,3343788,676961,4.93941009895696
Marinifilaceae_bacterium,bacteria,5718991,2458900,2.32583309609988
Marinifilum_breve,bacteria,5613963,769746,7.29326686985057
Marinifilum_flexuosum,bacteria,5169742,1423157,3.63258726900827
Marinifilum_sp,bacteria,4610229,404930,11.3852493023486
Mariniflexile_fucanivorans,bacteria,4735576,725872,6.52398218969736
Mariniflexile_sp,bacteria,4858325,2124841,2.28644166787068
Marinilabilia_rubra,bacteria,5377742,527366,10.1973619838973
Marinilabilia_salmonicolor,bacteria,4967898,344661,14.4138869989453
Marinilabiliaceae_bacterium,bacteria,4816829,123789,38.9116036158302
Marinilabiliales_bacterium,bacteria,4236207,156762,27.0232110118664
Marinilactibacillus_piezotolerans,bacteria,2554689,122939,20.7801348636316
Marinilactibacillus_psychrotolerans,bacteria,2593252,143639,18.0539151300247
Marinilactibacillus_sp,bacteria,2767908,1191583,2.32288308913437
Marinimicrobium_koreense,bacteria,3848416,1506751,2.55411544442313
Marinimicrobium_sp,bacteria,3750272,232387,16.138045587748
Marininema_halotolerans,bacteria,3568596,430916,8.28141911648674
Marininema_mesophilum,bacteria,3331831,352532,9.4511448606084
Mariniphaga_anaerophila,bacteria,5048302,711288,7.09740920695977
Mariniphaga_sediminis,bacteria,5826160,516628,11.2772826869624
Mariniradius_saccharolyticus,bacteria,4854424,398260,12.1890825089138
Marinirhabdus_gelatinilytica,bacteria,3293993,856306,3.84674754118271
Marinisporobacter_balticus,bacteria,3865388,281732,13.7200885948348
Marinithermus_hydrothermalis,bacteria,2269167,1056781,2.14724432025178
Marinitoga_hydrogenitolerans,bacteria,2312367,139217,16.6098034004468
Marinitoga_piezophila,bacteria,2244793,1041213,2.15594023509119
Marinitoga_sp,bacteria,2354978,179200,13.1416549711355
Marinobacter_adhaerens,bacteria,4449117,1484880,2.99628117971862
Marinobacter_antarcticus,bacteria,3740786,1315984,2.84257711339956
Marinobacter_daqiaonensis,bacteria,3933786,1451277,2.71056869226206
Marinobacter_excellens,bacteria,4080143,323130,12.6269591603366
Marinobacter_flavimaris,bacteria,4462136,721569,6.1839352854682
Marinobacter_fuscus,bacteria,4125126,370243,11.1416718209392
Marinobacter_gudaonensis,bacteria,3839018,1466890,2.61711375767781
Marinobacter_guineae,bacteria,4458854,1131769,3.93972091478031
Marinobacter_halodurans,bacteria,5266295,246856,21.3334697151376
Marinobacter_halophilus,bacteria,3917476,723589,5.4139518428279
Marinobacter_litoralis,bacteria,3452504,920579,3.75036145730024
Marinobacter_lutaoensis,bacteria,3827309,636574,6.0123552014377
Marinobacter_manganoxydans,bacteria,4549590,361083,12.5998454648931
Marinobacter_maroccanus,bacteria,4340695,452317,9.59657717927913
Marinobacter_mobilis,bacteria,3971609,487968,8.13907674273723
Marinobacter_nanhaiticus,bacteria,5358309,1619194,3.30924459947357
Marinobacter_nauticus,bacteria,4269198,1254610,3.40281032996057
Marinobacter_nitratireducens,bacteria,3890033,721387,5.39243568292747
Marinobacter_orientalis,bacteria,4001490,1016257,3.93747841343282
Marinobacter_pelagius,bacteria,3966119,528749,7.5009546126372
Marinobacter_persicus,bacteria,3369019,293731,11.4697410215469
Marinobacter_psychrophilus,bacteria,3998597,1788790,2.23536412882451
Marinobacter_salarius,bacteria,4630160,2071339,2.23534631463029
Marinobacter_salinus,bacteria,4121005,1892978,2.17699571785832
Marinobacter_santoriniensis,bacteria,4033468,718070,5.6170958263122
Marinobacter_segnicrescens,bacteria,4218891,435073,9.69697269193905
Marinobacter_shengliensis,bacteria,4171270,828134,5.03695054182053
Marinobacter_sp,bacteria,4275992,997918,4.28491249411847
Marinobacter_subterrani,bacteria,4453613,1818864,2.44856844711864
Marinobacter_vinifirmus,bacteria,3836576,454243,8.44608722644047
Marinobacter_zhejiangensis,bacteria,4029256,957299,4.20898381801297
Marinobacterium_aestuarii,bacteria,5191608,2264212,2.292898368174
Marinobacterium_georgiense,bacteria,3925261,440038,8.9202773396843
Marinobacterium_halophilum,bacteria,3653655,250751,14.570849169096
Marinobacterium_lutimaris,bacteria,5568333,1378925,4.03816958862882
Marinobacterium_mangrovicola,bacteria,4979947,1114175,4.46962730271277
Marinobacterium_sp,bacteria,4552885,400651,11.3637180488755
Marinobacterium_stanieri,bacteria,4680330,713823,6.55670943637288
Marinococcus_halophilus,bacteria,3261616,360736,9.04155947839972
Marinococcus_luteus,bacteria,2908575,656915,4.42762762305626
Marinomonas_agarivorans,bacteria,3235607,231807,13.9581936697339
Marinomonas_alcarazii,bacteria,3969578,752817,5.272965408592
Marinomonas_aquimarina,bacteria,3659629,336053,10.8900352027805
Marinomonas_aquiplantarum,bacteria,3765697,570995,6.59497368628447
Marinomonas_balearica,bacteria,3882032,592762,6.54905678839062
Marinomonas_communis,bacteria,3854463,889797,4.33184535349074
Marinomonas_foliarum,bacteria,4161572,197492,21.0721041864987
Marinomonas_fungiae,bacteria,4189249,485431,8.62995770768657
Marinomonas_gallaica,bacteria,3828797,451985,8.47107094261978
Marinomonas_hwangdonensis,bacteria,3456993,559166,6.18240915935518
Marinomonas_mediterranea,bacteria,4684316,2062058,2.27167034098944
Marinomonas_polaris,bacteria,5038537,407331,12.3696379602829
Marinomonas_pollencensis,bacteria,3870684,498233,7.76882302055464
Marinomonas_posidonica,bacteria,3899940,1749115,2.22966471615646
Marinomonas_primoryensis,bacteria,4585666,2015772,2.27489319228564
Marinomonas_profundimaris,bacteria,3833369,374191,10.244417957674
Marinomonas_rhizomae,bacteria,4425672,388928,11.3791550106961
Marinomonas_sp,bacteria,4626057,810419,5.70822754446094
Marinomonas_spartinae,bacteria,4718223,711795,6.62862621962784
Marinomonas_ushuaiensis,bacteria,3342098,463784,7.20615200179394
Marinoscillum_furvescens,bacteria,5966820,458661,13.0092159568832
Marinospirillum_alkaliphilum,bacteria,3137549,498165,6.29821243965353
Marinospirillum_celere,bacteria,3083561,686518,4.4915952677133
Marinovum_algicola,bacteria,5252390,1808330,2.9045528194522
Marinovum_sp,bacteria,2597784,106052,24.4953796250896
Mariprofundus_aestuarium,bacteria,2537610,1164204,2.17969531113104
Mariprofundus_erugo,bacteria,2939825,301790,9.7413080972002
Mariprofundus_ferrinatatus,bacteria,2301665,1066923,2.15729251314294
Mariprofundus_ferrooxydans,bacteria,2992730,1017232,2.9420328892524
Mariprofundus_micogutta,bacteria,2497805,211665,11.8007464625706
Marispirochaeta_aestuarii,bacteria,4216685,297623,14.1678734506406
Maritalea_mobilis,bacteria,3467317,1085839,3.19321464784374
Maritalea_myrionectae,bacteria,3703346,1603971,2.30886094574029
Maritimibacter_sp,bacteria,4247130,694945,6.11146645523492
Marivirga_sericea,bacteria,4741005,835361,5.67539662493221
Marivirga_tractuosa,bacteria,4516490,2028991,2.22597833110152
Marivita_cryptomonadis,bacteria,4610381,358177,12.8717952297328
Marivita_geojedonensis,bacteria,4313167,462234,9.33113314901111
Marivita_hallyeonensis,bacteria,4193223,869857,4.82058890139414
Marivita_sp,bacteria,4431730,222594,19.909476445906
Marivivens_niveibacter,bacteria,3072121,791720,3.88031248421159
Marixanthomonas_ophiurae,bacteria,3303244,1286490,2.56764063459491
Marixanthomonas_spongiae,bacteria,3406541,470056,7.24709609067856
Marmoricola_aurantiacus,bacteria,4060008,1836427,2.21081916133884
Marmoricola_ginsengisoli,bacteria,4457833,1111551,4.01046195811078
Marmoricola_mangrovicus,bacteria,4108260,917808,4.47616494953193
Marmoricola_pocheonensis,bacteria,4923315,705540,6.97808061910026
Marmoricola_scoriae,bacteria,4058582,1865947,2.1750789277509
Marmoricola_solisilvae,bacteria,3828516,1351553,2.83267914761759
Marmoricola_sp,bacteria,3814797,1083746,3.52001022379783
Marmota_marmota,ensembl,2510587379,13676069,183.575220262489
Marortus_luteolus,bacteria,4132473,313914,13.1643475601598
Martelella_endophytica,bacteria,4817335,2152791,2.23771606254393
Martelella_lutilitoris,bacteria,4447501,525664,8.46072966762038
Martelella_mediterranea,bacteria,4877634,987864,4.93755751046619
Martelella_sp,bacteria,5182006,1175887,4.40689113834918
Marvinbryantia_formatexigens,bacteria,4548960,307309,14.8025602894806
Massilia_atriviolacea,bacteria,7355585,628960,11.6948375095396
Massilia_aurea,bacteria,5923330,89615,66.0975283155722
Massilia_cavernae,bacteria,5439412,124981,43.5219113305222
Massilia_eurypsychrophila,bacteria,5949316,554850,10.7223862305128
Massilia_glaciei,bacteria,6288546,125571,50.0796043672504
Massilia_oculi,bacteria,5844653,2610431,2.23896092254497
Massilia_phosphatilytica,bacteria,7183282,701261,10.243378713489
Massilia_psychrophila,bacteria,4730650,304991,15.5107855641642
Massilia_sp,bacteria,6427005,1109880,5.79072175116787
Massilia_timonae,bacteria,6052881,2141249,2.82679898507834
Massilia_violaceinigra,bacteria,7530059,3339800,2.254643691239
Massilia_yuzhufengensis,bacteria,5580237,362134,15.409315336312
Massilimicrobiota_sp,bacteria,2634708,140446,18.7596100273593
Massilimicrobiota_timonensis,bacteria,2784379,129567,21.4898778238286
Mastacembelus_armatus,ensembl,591951587,17237365,34.3411877047333
Mastigocoleus_testarum,bacteria,12700239,294474,43.1285580390799
Maylandia_zebra,ensembl,957485262,21956728,43.6078300009
Medicago_truncatula,plants,429196467,26119233,16.4322002487592
Mediterranea_sp,bacteria,3844582,260604,14.7525824622799
Mediterraneibacter_butyricigenes,bacteria,3034489,1323608,2.29258889338837
Mediterraneibacter_sp,bacteria,3568648,421301,8.47054243877893
Megamonas_funiformis,bacteria,2562512,857106,2.98972589154667
Megamonas_hypermegale,bacteria,2423532,1073663,2.25725681953128
Megamonas_rupellensis,bacteria,2458646,191220,12.8577132562317
Megamonas_sp,bacteria,2215744,123708,17.9110809325185
Megasphaera_cerevisiae,bacteria,3236325,140021,23.1131401718314
Megasphaera_elsdenii,bacteria,2419958,555664,4.35507392956895
Megasphaera_genomosp,bacteria,1661090,199724,8.3169248563017
Megasphaera_hexanoica,bacteria,2877851,1287254,2.23565123899401
Megasphaera_hutchinsoni,bacteria,1564925,167360,9.35065129063097
Megasphaera_micronuciformis,bacteria,1765528,470364,3.75353555969419
Megasphaera_paucivorans,bacteria,2912276,187200,15.5570299145299
Megasphaera_sp,bacteria,2452988,203072,12.0793997941617
Megasphaera_stantonii,bacteria,2652760,1176418,2.25494679612179
Megasphaera_vaginalis,bacteria,2214431,175377,12.6266899308347
Meinhardsimonia_xiamenensis,bacteria,3127641,612313,5.10791212990742
Meiothermus_granaticius,bacteria,3271032,123008,26.5920265348595
Meiothermus_hypogaeus,bacteria,3684677,126996,29.0141185549151
Meiothermus_luteus,bacteria,2874609,70096,41.0096011184661
Meiothermus_ruber,bacteria,3064084,1401159,2.18682105314243
Meiothermus_silvanus,bacteria,3532206,914821,3.86108921854658
Meiothermus_sp,bacteria,2959534,443651,6.67085952697052
Meiothermus_taiwanensis,bacteria,2921326,78867,37.0411705783154
Melaminivora_alkalimesophila,bacteria,2948345,530291,5.5598624151645
Melaminivora_sp,bacteria,3556224,1613894,2.20350568361543
Melampsora_laricipopulina,fungi,101129028,2474967,40.8607581434419
Meleagris_gallopavo,ensembl,1115474681,13811831,80.7622596164115
Melghiribacillus_thermohalophilus,bacteria,3015078,337095,8.94429760156632
Melghirimyces_profundicolus,bacteria,3768904,261283,14.4246047389229
Melghirimyces_thermohalophilus,bacteria,3188902,221776,14.3789318952457
Melioribacter_roseus,bacteria,3300414,1541061,2.14165046029975
Melioribacter_sp,bacteria,4399495,527812,8.33534478185415
Melissococcus_plutonius,bacteria,2068282,799256,2.58775849039607
Melissococcus_sp,bacteria,2039736,517108,3.94450675680902
Melittangium_boletus,bacteria,9910441,4525436,2.18994169843525
Melopsittacus_undulatus,ensembl,1171617451,15773912,74.2756426560513
Meridianimaribacter_sp,bacteria,3332696,791751,4.20927286482745
Meridianimarinicoccus_roseus,bacteria,4294927,263110,16.3236935122192
Meriones_unguiculatus,ensembl,2523124066,2437627,1035.07389194491
Merismopedia_glauca,bacteria,5204926,82038,63.4453058338819
Mesoaciditoga_sp,bacteria,1766325,101920,17.3305043171115
Mesobacillus_boroniphilus,bacteria,4364535,136031,32.0848556579015
Mesobacillus_campisalis,bacteria,5182058,376002,13.7819958404477
Mesobacillus_foraminis,bacteria,5730823,495122,11.5745674803382
Mesobacillus_persicus,bacteria,4643403,433177,10.7194126188602
Mesobacillus_selenatarsenatis,bacteria,4756255,143402,33.167284975105
Mesobacillus_subterraneus,bacteria,4235579,229543,18.4522224594085
Mesobacillus_zeae,bacteria,4242481,348456,12.1750837982414
Mesobaculum_littorinae,bacteria,3969393,822621,4.82529986470076
Mesocricetibacter_intestinalis,bacteria,2214771,436847,5.06990090352
Mesocricetus_auratus,ensembl,2504925039,12317885,203.356748256702
Mesoflavibacter_sp,bacteria,3057059,520735,5.87066166092158
Mesoflavibacter_zeaxanthinifaciens,bacteria,3110697,418607,7.43106780345288
Mesohalobacter_halotolerans,bacteria,2651256,685538,3.86740924646044
Mesomycoplasma_bovoculi,bacteria,760240,353824,2.14863887130325
Mesomycoplasma_conjunctivae,bacteria,1481858,496778,2.98294105510012
Mesomycoplasma_dispar,bacteria,1075130,482991,2.22598247172308
Mesomycoplasma_hyopneumoniae,bacteria,956514,431049,2.21903774280882
Mesomycoplasma_hyorhinis,bacteria,838256,381198,2.19900419204718
Mesomycoplasma_neurolyticum,bacteria,1040908,457312,2.27614407669162
Mesomycoplasma_ovipneumoniae,bacteria,1190886,509573,2.33702727577796
Mesonia_algae,bacteria,3088900,536518,5.75730916763277
Mesonia_phycicola,bacteria,3280715,465669,7.04516512802012
Mesonia_sp,bacteria,3452208,225978,15.2767775552876
Mesoplasma_chauliocola,bacteria,854780,393805,2.17056665100748
Mesoplasma_coleopterae,bacteria,800407,372401,2.14931485146388
Mesoplasma_corruscae,bacteria,839085,331998,2.52737968301014
Mesoplasma_entomophilum,bacteria,847967,396854,2.13672282501877
Mesoplasma_florum,bacteria,800965,375687,2.13200304083082
Mesoplasma_lactucae,bacteria,837471,382377,2.19017095693517
Mesoplasma_syrphidae,bacteria,908214,415412,2.18629697745852
Mesoplasma_tabanidae,bacteria,846907,395044,2.14382954810097
Mesorhizobium_alhagi,bacteria,6968952,132052,52.7743010329264
Mesorhizobium_amorphae,bacteria,5822972,183308,31.7661388650219
Mesorhizobium_atlanticum,bacteria,6536078,905462,7.21850061073794
Mesorhizobium_australicum,bacteria,6029642,2621972,2.29965962635368
Mesorhizobium_ciceri,bacteria,6816828,2889441,2.35922075571378
Mesorhizobium_delmotii,bacteria,7599012,1024374,7.41820077432656
Mesorhizobium_denitrificans,bacteria,4375801,435271,10.0530497092616
Mesorhizobium_ephedrae,bacteria,6112273,324329,18.8459033882262
Mesorhizobium_erdmanii,bacteria,7351627,800235,9.18683511718433
Mesorhizobium_hawassense,bacteria,7338563,727560,10.086539941723
Mesorhizobium_helmanticense,bacteria,6879637,341467,20.1472968105263
Mesorhizobium_huakuii,bacteria,6881675,2902214,2.37118110518384
Mesorhizobium_hungaricum,bacteria,6303257,1085242,5.80815799609672
Mesorhizobium_japonicum,bacteria,7477049,2148248,3.4805342494289
Mesorhizobium_jarvisii,bacteria,6635082,718469,9.23502892957107
Mesorhizobium_kowhaii,bacteria,8062617,946341,8.51977986793344
Mesorhizobium_loti,bacteria,6826615,1266812,5.38881566262706
Mesorhizobium_mediterraneum,bacteria,7196835,679715,10.5880185077569
Mesorhizobium_metallidurans,bacteria,6232533,200813,31.036501620911
Mesorhizobium_muleiense,bacteria,6809960,649712,10.4815056517349
Mesorhizobium_opportunistum,bacteria,6884444,2998161,2.29622225090647
Mesorhizobium_plurifarium,bacteria,6707935,669089,10.0254785313997
Mesorhizobium_prunaredense,bacteria,7013874,618945,11.3319826478928
Mesorhizobium_qingshengii,bacteria,7063626,609311,11.5928089268042
Mesorhizobium_sanjuanii,bacteria,6399702,113737,56.2675470603234
Mesorhizobium_soli,bacteria,6267176,626272,10.0071151193092
Mesorhizobium_sp,bacteria,6836165,525973,12.9971657023736
Mesorhizobium_tamadayense,bacteria,7534097,305417,24.6682306485887
Mesorhizobium_temperatum,bacteria,7165358,481507,14.881108685855
Mesorhizobium_waimense,bacteria,8154593,464740,17.5465701252313
Mesorhizobium_wenxiniae,bacteria,6681850,789564,8.46270853281051
Mesosutterella_multiformis,bacteria,2662067,944599,2.81819745733375
Mesotoga_infera,bacteria,3036964,1095622,2.77190810334221
Mesotoga_prima,bacteria,2975953,1273590,2.33666486074796
Mesotoga_sp,bacteria,3029158,311652,9.71968451974452
Metabacillus_indicus,bacteria,4072175,872770,4.66580542410944
Metabacillus_litoralis,bacteria,5616296,559073,10.0457292697018
Metabacillus_sediminilitoris,bacteria,5494188,380286,14.447515817043
Metakosakonia_sp,bacteria,6191129,2683388,2.30720603952913
Metallibacterium_scheffleri,bacteria,3598362,163184,22.050948622414
Metallosphaera_cuprina,bacteria,1840348,819704,2.24513726906298
Metallosphaera_hakonensis,bacteria,2544108,1056238,2.40865032312793
Metallosphaera_prunae,bacteria,2202576,985114,2.23585899702979
Metallosphaera_sedula,bacteria,2191524,979153,2.23818438918318
Metallosphaera_yellowstonensis,bacteria,2817452,807514,3.48904415279487
Metamycoplasma_alkalescens,bacteria,783239,90746,8.6311132171115
Metamycoplasma_anseris,bacteria,750009,346999,2.16141545076499
Metamycoplasma_auris,bacteria,750874,127208,5.90272624363248
Metamycoplasma_canadense,bacteria,693241,313598,2.21060402170932
Metamycoplasma_cloacale,bacteria,659552,307933,2.14186852334761
Metamycoplasma_hominis,bacteria,758769,349015,2.17402976949415
Metamycoplasma_hyosynoviae,bacteria,875005,163692,5.34542425421915
Metamycoplasma_orale,bacteria,806218,349870,2.30433589619001
Metamycoplasma_phocicerebrale,bacteria,740800,339929,2.17927861406353
Metamycoplasma_salivarium,bacteria,1737288,636465,2.72958921543211
Metamycoplasma_subdolum,bacteria,651570,141719,4.59761923242473
Methanobacterium_bryantii,bacteria,3466370,538686,6.43486186758149
Methanobacterium_congolense,bacteria,2469575,1001047,2.4669920593139
Methanobacterium_formicicum,bacteria,2526710,874260,2.89011303562814
Methanobacterium_lacus,bacteria,2583753,1086261,2.37857476241898
Methanobacterium_paludis,bacteria,2546541,1014011,2.51135441331504
Methanobacterium_sp,bacteria,2444609,445105,5.49220619510953
Methanobacterium_subterraneum,bacteria,2511021,1044913,2.40309212493869
Methanobrevibacter_arboriphilus,bacteria,2445031,282786,8.64622364614939
Methanobrevibacter_curvatus,bacteria,2414608,60644,39.8161071169448
Methanobrevibacter_cuticularis,bacteria,2608702,92255,28.2770798330714
Methanobrevibacter_filiformis,bacteria,2606143,59654,43.6876487746002
Methanobrevibacter_gottschalkii,bacteria,1871253,388348,4.81849526713154
Methanobrevibacter_millerae,bacteria,2543538,1129631,2.25165385864942
Methanobrevibacter_olleyae,bacteria,2161818,486760,4.44124003615745
Methanobrevibacter_oralis,bacteria,2140433,127447,16.7946911265075
Methanobrevibacter_ruminantium,bacteria,2937203,1151045,2.55177078220226
Methanobrevibacter_smithii,bacteria,1766240,670433,2.63447525138217
Methanobrevibacter_sp,bacteria,1938007,358829,5.40091482673286
Methanobrevibacter_thaueri,bacteria,2243115,218137,10.2830560610992
Methanobrevibacter_woesei,bacteria,1543150,429100,3.59624796084829
Methanocalculus_sp,bacteria,1814073,66357,27.3379430557788
Methanocaldococcus_bathoardescens,bacteria,1607556,725707,2.215158459268
Methanocaldococcus_fervens,bacteria,1507251,680633,2.21448416400615
Methanocaldococcus_infernus,bacteria,1328194,619216,2.14496072452908
Methanocaldococcus_jannaschii,bacteria,1739927,747398,2.32797920251325
Methanocaldococcus_sp,bacteria,1773136,790007,2.24445606178173
Methanocaldococcus_villosus,bacteria,1207361,67520,17.8815313981043
Methanocaldococcus_vulcanius,bacteria,1761737,751929,2.3429565823369
Methanocella_arvoryzae,bacteria,3179916,1345664,2.36308320650623
Methanocella_conradii,bacteria,2378438,1067361,2.22833511810906
Methanocella_paludicola,bacteria,2957635,1294057,2.28555233656632
Methanococcoides_burtonii,bacteria,2575032,1102891,2.33480189792101
Methanococcoides_methylutens,bacteria,2451574,837051,2.92882388816445
Methanococcoides_vulcani,bacteria,2314846,468634,4.93956050990752
Methanococcus_aeolicus,bacteria,1569500,671835,2.33613908176859
Methanococcus_maripaludis,bacteria,1738114,775255,2.2419893058889
Methanococcus_vannielii,bacteria,1720048,755756,2.27593032671921
Methanococcus_voltae,bacteria,1936387,778966,2.48584277105804
Methanocorpusculum_labreanum,bacteria,1804962,803915,2.24521497919556
Methanoculleus_bourgensis,bacteria,2670482,1115907,2.39310399522541
Methanoculleus_chikugoensis,bacteria,2649157,144624,18.317547571634
Methanoculleus_marisnigri,bacteria,2478101,1082714,2.28878632769134
Methanoculleus_sediminis,bacteria,2489717,617771,4.03016166184557
Methanoculleus_sp,bacteria,2344912,492224,4.76391304230052
Methanoculleus_taiwanensis,bacteria,2750720,832211,3.3053155990488
Methanofollis_fontis,bacteria,2357249,584607,4.03219427752319
Methanofollis_liminatans,bacteria,2475100,1104340,2.24124816632559
Methanogenic_archaeon,bacteria,1937883,878213,2.20662071729751
Methanohalobium_evestigatum,bacteria,2406232,1011699,2.37840701631612
Methanohalophilus_euhalobius,bacteria,1915199,411167,4.65795893152904
Methanohalophilus_halophilus,bacteria,2023686,588056,3.4413151128464
Methanohalophilus_mahii,bacteria,2012424,904609,2.22463406842072
Methanohalophilus_portucalensis,bacteria,2060863,612035,3.36723159918616
Methanohalophilus_sp,bacteria,1919426,226286,8.48229178750366
Methanolacinia_petrolearia,bacteria,2843290,1256063,2.26365238049365
Methanolobus_profundi,bacteria,3107200,705093,4.40679456468863
Methanolobus_psychrophilus,bacteria,3072769,1327187,2.3152494712501
Methanolobus_sp,bacteria,2654040,72612,36.550983308544
Methanolobus_tindarius,bacteria,3151883,1386285,2.2736183396632
Methanolobus_vulcani,bacteria,2947907,439371,6.70938000004552
Methanomassiliicoccales_archaeon,bacteria,1611959,84461,19.0851869940357
Methanomethylovorans_hollandica,bacteria,2714013,1130024,2.4017304057259
Methanomicrobiales_archaeon,bacteria,2290493,204990,11.1736582823031
Methanonatronarchaeum_thermophilum,bacteria,1513137,465218,3.25253322098457
Methanophagales_archaeon,bacteria,2271572,81028,28.0345839375521
Methanoplanus_limicola,bacteria,3200946,1387516,2.30696150530877
Methanopyrus_kandleri,bacteria,1694969,757010,2.23903118849157
Methanoregula_boonei,bacteria,2542943,1106479,2.29822979017225
Methanoregula_formicica,bacteria,2820858,1231918,2.28980987370913
Methanoregula_sp,bacteria,2689552,285525,9.41968236252793
Methanoregulaceae_archaeon,bacteria,2445953,40922,59.7711011192024
Methanosaeta_harundinacea,bacteria,2571034,1121156,2.2931991622932
Methanosaeta_sp,bacteria,1833265,52131,35.1668445056157
Methanosalsum_zhilinae,bacteria,2138444,939068,2.2771982433647
Methanosarcina_acetivorans,bacteria,5751492,2134526,2.69450547803119
Methanosarcina_barkeri,bacteria,4650840,1674201,2.7779456632456
Methanosarcina_horonobensis,bacteria,5018607,1910888,2.62632189851001
Methanosarcina_lacustris,bacteria,4139808,1527056,2.71097327144519
Methanosarcina_mazei,bacteria,4069438,310219,13.1179359969054
Methanosarcina_siciliae,bacteria,5128854,1975399,2.59636373883622
Methanosarcina_sp,bacteria,4062188,581871,6.98125761168999
Methanosarcina_spelaei,bacteria,5088600,68599,74.1789238910188
Methanosarcina_thermophila,bacteria,3128804,1189580,2.63017493569159
Methanosarcina_vacuolata,bacteria,4563885,1662829,2.74465083300808
Methanosarcinales_archaeon,bacteria,1778423,21707,81.9294919783017
Methanosphaera_cuniculi,bacteria,1904839,182435,10.4412213698615
Methanosphaera_sp,bacteria,1886604,185076,10.1936723292053
Methanosphaera_stadtmanae,bacteria,1734402,422387,4.10619053143208
Methanosphaerula_palustris,bacteria,2922917,1264209,2.31205204202786
Methanospirillum_hungatei,bacteria,3544738,1534553,2.30994823899859
Methanospirillum_lacunae,bacteria,3743701,673976,5.55465031395777
Methanospirillum_stamsii,bacteria,3740742,240943,15.5254230253628
Methanothermobacter_defluvii,bacteria,1709557,604324,2.82887490816185
Methanothermobacter_marburgensis,bacteria,1639135,746796,2.19488990299895
Methanothermobacter_sp,bacteria,1725499,779545,2.21347017392849
Methanothermobacter_thermautotrophicus,bacteria,1751377,795983,2.20026935248617
Methanothermobacter_wolfeii,bacteria,1686891,759200,2.2219322971549
Methanothermococcus_okinawensis,bacteria,1677455,703008,2.38611082661933
Methanothermus_fervidus,bacteria,1243342,587146,2.11760277682212
Methanothrix_harundinacea,bacteria,2321025,119939,19.3517121203278
Methanothrix_soehngenii,bacteria,3026645,1307135,2.3154800384046
Methanothrix_sp,bacteria,3161014,35667,88.62573246979
Methanothrix_thermoacetophila,bacteria,1879471,794092,2.36681769870494
Methanotorris_formicicus,bacteria,1818783,70948,25.6354372216271
Methanotorris_igneus,bacteria,1854197,775051,2.39235482568244
Methylacidiphilum_fumariolicum,bacteria,2365421,142277,16.6254630052644
Methylacidiphilum_infernorum,bacteria,2287145,1020298,2.24164410789789
Methylacidiphilum_kamchatkense,bacteria,2210643,349823,6.31931862684843
Methylarcula_marina,bacteria,4232558,531347,7.96571355441924
Methylibium_petroleiphilum,bacteria,4643639,1981156,2.34390376123839
Methylibium_sp,bacteria,4362493,615730,7.08507297514398
Methylobacillus_flagellatus,bacteria,2971517,1348793,2.2030934324244
Methylobacillus_rhizosphaerae,bacteria,2368811,351122,6.74640438366152
Methylobacillus_sp,bacteria,2955797,618127,4.78186036202916
Methylobacter_sp,bacteria,4467756,106061,42.124400109371
Methylobacter_tundripaludum,bacteria,4545708,898630,5.05848868406674
Methylobacterium_aquaticum,bacteria,7491646,1438984,5.20620667297436
Methylobacterium_brachiatum,bacteria,6073410,1539478,3.94510996584557
Methylobacterium_currus,bacteria,7745135,3041518,2.54647021651688
Methylobacterium_durans,bacteria,6788375,2796968,2.4270477888914
Methylobacterium_frigidaeris,bacteria,6395331,27431,233.142466552441
Methylobacterium_gossipiicola,bacteria,4524655,315316,14.3495889837496
Methylobacterium_indicum,bacteria,6637792,94317,70.3778395084635
Methylobacterium_mesophilicum,bacteria,6214449,836429,7.42973880628242
Methylobacterium_nodulans,bacteria,8839022,3401981,2.59819852021513
Methylobacterium_organophilum,bacteria,6750984,481926,14.0083415296124
Methylobacterium_oryzae,bacteria,6286629,2690450,2.33664591425226
Methylobacterium_oryzihabitans,bacteria,6327435,398327,15.8850266238543
Methylobacterium_phyllostachyos,bacteria,6015046,481074,12.5033695439787
Methylobacterium_platani,bacteria,7023890,301119,23.3259608327605
Methylobacterium_pseudosasicola,bacteria,6845277,367810,18.6109050868655
Methylobacterium_radiodurans,bacteria,5539695,2369710,2.33771009954805
Methylobacterium_radiotolerans,bacteria,7298041,2903793,2.51327892747157
Methylobacterium_sp,bacteria,5818225,836740,6.95344208635964
Methylobacterium_tarhaniae,bacteria,6743422,122643,54.9841572694732
Methylobacterium_terrae,bacteria,6162702,2645863,2.32918408851857
Methylobacterium_terricola,bacteria,7873283,727610,10.8207460040406
Methylobacterium_variabile,bacteria,7433592,99267,74.8848257729155
Methylobrevis_pamukkalensis,bacteria,4380693,103238,42.4329510451578
Methylocaldum_marinum,bacteria,6088916,2599612,2.34224030355299
Methylocaldum_sp,bacteria,5191585,360286,14.4096218004585
Methylocapsa_palsarum,bacteria,4105299,423785,9.68722111448022
Methyloceanibacter_caenitepidi,bacteria,3424964,1527555,2.24212156027115
Methyloceanibacter_methanicus,bacteria,3139022,451018,6.95985969517846
Methyloceanibacter_stevinii,bacteria,3216104,520483,6.17907597366293
Methylocella_silvestris,bacteria,4298401,1156876,3.71552439500863
Methylococcales_bacterium,bacteria,2823854,57382,49.2119237036327
Methylococcus_capsulatus,bacteria,3304561,1506230,2.19392855008863
Methylococcus_sp,bacteria,1979174,77440,25.5575154958678
Methylocystaceae_bacterium,bacteria,4333111,48970,88.4850112313661
Methylocystis_bryophila,bacteria,4707971,1983273,2.37383910334079
Methylocystis_heyeri,bacteria,4690566,1613228,2.90756545262046
Methylocystis_hirsuta,bacteria,4213043,1735639,2.42737285806553
Methylocystis_rosea,bacteria,4209683,1719544,2.44813915782324
Methylocystis_sp,bacteria,4068904,987446,4.12063393846347
Methyloglobulus_morosus,bacteria,4136943,107738,38.3981789155173
Methyloligella_halotolerans,bacteria,3191628,599056,5.32776234609118
Methylomagnum_ishizawai,bacteria,5480099,2188016,2.50459731555894
Methylomicrobium_album,bacteria,4493444,1917510,2.343374480446
Methylomonas_denitrificans,bacteria,5172098,2299228,2.24949330818866
Methylomonas_koyamae,bacteria,5203405,879346,5.9173605222368
Methylomonas_lenta,bacteria,4703858,156226,30.1093159909362
Methylomonas_methanica,bacteria,5239434,778359,6.73138639476976
Methylomonas_sp,bacteria,4911603,880426,5.57866674768805
Methylomusa_anaerophila,bacteria,4781198,2060114,2.32084146799643
Methylophaga_aminisulfidivorans,bacteria,3261960,1271258,2.56593075520469
Methylophaga_frappieri,bacteria,2745290,1265336,2.169613446547
Methylophaga_lonarensis,bacteria,2637625,91527,28.8179990603866
Methylophaga_muralis,bacteria,2846920,237071,12.0087231251397
Methylophaga_nitratireducenticrescens,bacteria,3220828,1447384,2.2252753933994
Methylophaga_sp,bacteria,3207097,380121,8.43703865228958
Methylophaga_sulfidovorans,bacteria,3006884,253231,11.8740754488984
Methylophaga_thiooxydans,bacteria,2818653,486963,5.78823318017301
Methylophilaceae_bacterium,bacteria,2497045,496208,5.03225918592524
Methylophilales_bacterium,bacteria,1797349,364028,4.93739758672078
Methylophilus_rhizosphaerae,bacteria,2761335,621181,4.44529855227381
Methylophilus_sp,bacteria,2935359,776650,3.7795132942767
Methylopila_sp,bacteria,4421505,402918,10.9737092907242
Methyloprofundus_sedimenti,bacteria,4290526,1447327,2.96444825530098
Methylorubrum_extorquens,bacteria,6099507,2138349,2.85243697658641
Methylorubrum_populi,bacteria,6271143,1820445,3.44484005378904
Methylorubrum_salsuginis,bacteria,5323773,482405,11.0358992962345
Methylorubrum_sp,bacteria,5525230,370393,14.917209558496
Methylorubrum_zatmanii,bacteria,5610348,2376305,2.36095450710241
Methylosinus_sp,bacteria,4804577,385456,12.4646682238424
Methylosinus_sporium,bacteria,3785845,307064,12.3291724200818
Methylosinus_trichosporium,bacteria,5183433,2084743,2.48636546567131
Methylotenera_mobilis,bacteria,2547570,1147414,2.2202709745567
Methylotenera_sp,bacteria,2263167,116310,19.4580045911656
Methylotenera_versatilis,bacteria,3059871,1387859,2.20474198027321
Methylothermaceae_bacteria,bacteria,3040136,426073,7.13524677696076
Methylotuvimicrobium_alcaliphilum,bacteria,4796711,1960833,2.44626186931778
Methylotuvimicrobium_buryatense,bacteria,4998879,2080653,2.40255294852145
Methyloversatilis_sp,bacteria,3937190,1787812,2.20223938534924
Methyloversatilis_universalis,bacteria,4234613,506016,8.36853577752482
Methylovirgula_ligni,bacteria,3292724,777832,4.2332071707001
Methylovirgula_sp,bacteria,5003122,1035377,4.83217417423798
Methylovorus_glucosetrophus,bacteria,3082007,1392474,2.21333181086326
Methylovorus_sp,bacteria,2424881,911590,2.66005660439452
Methylovulum_psychrotolerans,bacteria,5056411,1447353,3.49355875641905
Micavibrio_aeruginosavorus,bacteria,2320639,485416,4.78071898683275
Micavibrio_sp,bacteria,2527460,480725,5.25760219335493
Microbacteriaceae_bacterium,bacteria,2461777,295058,8.34337581467126
Microbacterium_agarici,bacteria,3233920,1499452,2.1567345937049
Microbacterium_aurum,bacteria,3424892,1554995,2.20250997591632
Microbacterium_azadirachtae,bacteria,4140383,319433,12.9616617569256
Microbacterium_bovistercoris,bacteria,3743511,307338,12.1804365226558
Microbacterium_chocolatum,bacteria,3324421,742950,4.47462579892711
Microbacterium_enclense,bacteria,3537136,348093,10.1614669068324
Microbacterium_esteraromaticum,bacteria,3499861,411417,8.50685497543244
Microbacterium_foliorum,bacteria,3651187,1103435,3.30892952866708
Microbacterium_ginsengisoli,bacteria,2983728,148690,20.0668372682671
Microbacterium_ginsengiterrae,bacteria,4140872,1923096,2.15323207993777
Microbacterium_hominis,bacteria,3339616,776153,4.30277909004235
Microbacterium_humi,bacteria,3356220,1487920,2.25564546480994
Microbacterium_hydrocarbonoxydans,bacteria,3774186,1244679,3.03225772759793
Microbacterium_ketosireducens,bacteria,3922504,340988,11.5033490914636
Microbacterium_laevaniformans,bacteria,3219102,378341,8.50846634825902
Microbacterium_lemovicicum,bacteria,3555647,1629180,2.18247646055071
Microbacterium_mangrovi,bacteria,4416601,692334,6.37929236466792
Microbacterium_maritypicum,bacteria,3996920,438081,9.1237008681043
Microbacterium_oleivorans,bacteria,2973599,669680,4.4403298740928
Microbacterium_oxydans,bacteria,3888040,1133575,3.42989388875632
Microbacterium_paraoxydans,bacteria,3552313,1637243,2.16969197608419
Microbacterium_protaetiae,bacteria,3790483,1717464,2.20702326220521
Microbacterium_pygmaeum,bacteria,3668670,1697245,2.16154414948932
Microbacterium_sediminis,bacteria,2839913,836676,3.39427986460709
Microbacterium_sorbitolivorans,bacteria,3055665,824764,3.70489618848543
Microbacterium_sp,bacteria,3586587,823366,4.35600514016525
Microbacterium_telephonicum,bacteria,3118122,848220,3.67607696116574
Microbacterium_testaceum,bacteria,3749467,556505,6.73752374640884
Microbacterium_trichothecenolyticum,bacteria,4706537,1290568,3.64687215241661
Microbispora_catharanthi,bacteria,9251614,603830,15.3215540797907
Microbispora_rosea,bacteria,8866369,515848,17.1879487756083
Microbispora_sp,bacteria,8791478,557128,15.7800108592737
Microbispora_triticiradicis,bacteria,8096094,215609,37.5498889192937
Microbotryum_violaceum,fungi,26138885,674200,38.7702239691486
Microbulbifer_agarilyticus,bacteria,4255625,1893488,2.24750566150934
Microbulbifer_aggregans,bacteria,3864326,1711500,2.25785918784692
Microbulbifer_donghaiensis,bacteria,4314257,1253127,3.44279310875913
Microbulbifer_harenosus,bacteria,4667156,415803,11.2244404201028
Microbulbifer_marinus,bacteria,3982390,1168745,3.40740709051162
Microbulbifer_sp,bacteria,4339425,1479512,2.93301068190052
Microbulbifer_thermotolerans,bacteria,3932105,1114518,3.52807671118816
Microbulbifer_yueqingensis,bacteria,3664854,721811,5.07730416965106
Microcebus_murinus,ensembl,2487409138,25536670,97.405383630677
Microcella_alkaliphila,bacteria,2695320,852808,3.1605250891907
Microcella_putealis,bacteria,2544518,694078,3.66604041620682
Microcella_sp,bacteria,2259425,1044219,2.16374630226035
Micrococcaceae_bacterium,bacteria,2589920,1155970,2.24047336868604
Micrococcales_bacterium,bacteria,2959913,609295,4.85793316534832
Micrococcus_luteus,bacteria,2577254,524534,4.9134158446672
Micrococcus_lylae,bacteria,2670883,161437,16.5444290961799
Micrococcus_sp,bacteria,2495713,363084,6.87364972364836
Micrococcus_terreus,bacteria,3087520,439080,7.03179375056937
Microcoleus_vaginatus,bacteria,6698929,757019,8.84908965296776
Microcystis_aeruginosa,bacteria,5007085,629234,7.95742718498825
Microcystis_flos,bacteria,5015707,617146,8.1272682049857
Microcystis_panniformis,bacteria,5686839,2276491,2.49807225242709
Microcystis_sp,bacteria,4605720,788534,5.84086171686458
Microcystis_viridis,bacteria,5874197,2352062,2.4974669035085
Microcystis_wesenbergii,bacteria,4556116,311617,14.6208839697449
Microlunatus_flavus,bacteria,4788555,731222,6.54870203577026
Microlunatus_phosphovorus,bacteria,5683123,2548884,2.22965148668986
Microlunatus_sagamiharensis,bacteria,4405285,1985938,2.21823893797289
Microlunatus_soli,bacteria,6733014,3054421,2.20435034986991
Micromonospora_acroterricola,bacteria,6509818,134284,48.4779869530249
Micromonospora_arborensis,bacteria,7299236,405131,18.0169772246508
Micromonospora_arida,bacteria,7149450,131099,54.5347409209834
Micromonospora_aurantiaca,bacteria,7311265,2322925,3.14743970747222
Micromonospora_auratinigra,bacteria,6758600,3034656,2.22713875971445
Micromonospora_avicenniae,bacteria,6823298,573835,11.890696803088
Micromonospora_carbonacea,bacteria,7941928,726233,10.9357850717332
Micromonospora_chaiyaphumensis,bacteria,6743815,917516,7.35007890870568
Micromonospora_chersina,bacteria,6683691,2982545,2.24093550977437
Micromonospora_chokoriensis,bacteria,6897819,3065262,2.25031954854104
Micromonospora_citrea,bacteria,7208999,3138255,2.29713614731754
Micromonospora_coriariae,bacteria,6929787,3079195,2.25051904799793
Micromonospora_costi,bacteria,7182425,1595235,4.50242440768915
Micromonospora_coxensis,bacteria,6769793,3003808,2.2537369232654
Micromonospora_craniellae,bacteria,6714237,469461,14.3020123077316
Micromonospora_craterilacus,bacteria,7306627,109105,66.9687640346455
Micromonospora_cremea,bacteria,7759667,2849329,2.72333135275007
Micromonospora_eburnea,bacteria,7185375,3190463,2.25214177378017
Micromonospora_echinaurantiaca,bacteria,7203233,3155630,2.28266083159306
Micromonospora_echinofusca,bacteria,7002627,3105530,2.254889503563
Micromonospora_echinospora,bacteria,7775586,3437889,2.26173270864766
Micromonospora_endolithica,bacteria,6971005,901465,7.73297354861254
Micromonospora_endophytica,bacteria,6518152,98363,66.2662993198662
Micromonospora_globbae,bacteria,7087181,471644,15.0265475655367
Micromonospora_globispora,bacteria,6626259,81960,80.8479614931765
Micromonospora_haikouensis,bacteria,7604143,1463644,5.1953518735949
Micromonospora_halophytica,bacteria,6275885,508780,12.3351645111836
Micromonospora_humi,bacteria,6662588,592177,11.2510077223533
Micromonospora_inaquosa,bacteria,7748575,132215,58.6058692281511
Micromonospora_inositola,bacteria,6708094,2919370,2.29778822143134
Micromonospora_inyonensis,bacteria,6923970,2447333,2.82918997945927
Micromonospora_kangleipakensis,bacteria,7267142,3147832,2.30861812193281
Micromonospora_krabiensis,bacteria,7074838,3153765,2.24329904098752
Micromonospora_lupini,bacteria,7325824,3201045,2.2885726379979
Micromonospora_marina,bacteria,6060597,449589,13.4803053455489
Micromonospora_maris,bacteria,6732271,2994799,2.24798759449299
Micromonospora_matsumotoense,bacteria,7755577,737374,10.5178335552922
Micromonospora_mirobrigensis,bacteria,6168719,1090824,5.65510018114746
Micromonospora_narathiwatensis,bacteria,6612057,2957227,2.2358976838775
Micromonospora_nigra,bacteria,6363764,2797354,2.27492265905567
Micromonospora_noduli,bacteria,7254227,533001,13.6101564537402
Micromonospora_pallida,bacteria,7762826,3406970,2.27851316565746
Micromonospora_pattaloongensis,bacteria,5353873,892120,6.00129242702775
Micromonospora_peucetia,bacteria,7365767,3217970,2.28894831213467
Micromonospora_phaseoli,bacteria,6507138,847345,7.67944343803292
Micromonospora_pisi,bacteria,8739867,3835361,2.27875993941639
Micromonospora_purpureochromogenes,bacteria,6674234,2932900,2.27564322002114
Micromonospora_rhizosphaerae,bacteria,7181580,3126914,2.2966989178468
Micromonospora_rifamycinica,bacteria,6929957,1617522,4.28430564910575
Micromonospora_rosaria,bacteria,7383286,150872,48.9374171483112
Micromonospora_saelicesensis,bacteria,7241446,999628,7.24414032019911
Micromonospora_sediminicola,bacteria,6885700,2630970,2.61717161351137
Micromonospora_sediminimaris,bacteria,6407610,503881,12.7165144151099
Micromonospora_siamensis,bacteria,6250219,2786612,2.24294555539128
Micromonospora_sp,bacteria,7043558,1128804,6.23984014629537
Micromonospora_tulbaghiae,bacteria,6858322,2065572,3.32030134994084
Micromonospora_ureilytica,bacteria,7270680,163220,44.5452763141772
Micromonospora_violae,bacteria,7139733,3193192,2.23592348972439
Micromonospora_viridifaciens,bacteria,7073985,3107514,2.27641291398848
Micromonospora_wenchangensis,bacteria,7513761,263014,28.5679127346833
Micromonospora_yangpuensis,bacteria,6524299,2875821,2.26867353705255
Micromonospora_zamorensis,bacteria,7096032,3180634,2.23101180456475
Micromonosporaceae_bacterium,bacteria,7094513,104426,67.9381858924023
Micropruina_glycogenica,bacteria,3844677,1708069,2.25089091834112
Microscillaceae_bacterium,bacteria,7233360,54678,132.290125827572
Microterricola_gilva,bacteria,3666811,1674038,2.19039890372859
Microterricola_pindariensis,bacteria,3679576,141434,26.0162054385791
Microterricola_sp,bacteria,3817043,1188478,3.21170690580726
Microterricola_viridarii,bacteria,3763774,1694190,2.2215769777888
Microtus_ochrogaster,ensembl,2287357235,17567251,130.205758146223
Microvirga_guangxiensis,bacteria,4721732,601126,7.85481246860059
Microvirga_lotononidis,bacteria,7082538,1666787,4.24921600660432
Microvirga_ossetica,bacteria,9631051,3061126,3.14624455184138
Microvirga_sp,bacteria,5640940,873435,6.45834015505829
Microvirga_subterranea,bacteria,5147802,773206,6.65773674803351
Microvirga_vignae,bacteria,6472445,319727,20.2436609982892
Microvirgula_aerodenitrificans,bacteria,4127211,1847190,2.23431861367807
Microvirgula_sp,bacteria,4033129,546578,7.37887181701422
Minicystis_rosea,bacteria,16040666,7001577,2.29100758300594
Miniimonas_arenae,bacteria,3402690,169994,20.0165299951763
Minwuia_thermotolerans,bacteria,4752482,343017,13.8549459647773
Miscellaneous_crenarchaeota,bacteria,1253510,49304,25.4243681145017
Mitsuaria_chitinivorans,bacteria,5738122,179217,32.0177326927691
Mitsuaria_noduli,bacteria,6502356,713409,9.11448551952667
Mitsuaria_sp,bacteria,5968600,2286460,2.61041120562162
Mitsuokella_jalaludinii,bacteria,2395159,315190,7.59909578349567
Mitsuokella_multacida,bacteria,2541327,578838,4.39039333976
Mitsuokella_sp,bacteria,2490425,235734,10.5645543988846
Mixta_gaviniae,bacteria,4527605,1952014,2.31945313916806
Mixta_theicola,bacteria,4291231,452416,9.48514420356486
Mizugakiibacter_sediminis,bacteria,3123558,142734,21.8837698095759
Mobilicoccus_pelagius,bacteria,3544917,244268,14.512408502137
Mobilisporobacter_senegalensis,bacteria,4039008,547096,7.38263120183661
Mobiluncus_curtisii,bacteria,2217488,970713,2.2843916195578
Mobiluncus_holmesii,bacteria,2098776,946083,2.21838464489902
Mobiluncus_mulieris,bacteria,2537348,808283,3.1391807740685
Modestobacter_caceresii,bacteria,4953652,260887,18.9877303200236
Modestobacter_marinus,bacteria,5575517,2513973,2.217811010699
Modestobacter_sp,bacteria,4890348,536420,9.11664751188203
Modestobacter_versicolor,bacteria,4518559,55744,81.0591095005741
Moellerella_wisconsensis,bacteria,3413035,283419,12.0423860827716
Mogibacterium_diversum,bacteria,1815831,820080,2.21421202809482
Mogibacterium_pumilum,bacteria,1862768,804054,2.3167200212921
Mogibacterium_sp,bacteria,1888523,235540,8.01784410291246
Mogibacterium_timidum,bacteria,1806210,174263,10.3648508289195
Moheibacter_sediminis,bacteria,3229237,489424,6.59803565007029
Mola_mola,ensembl,639451992,9738318,65.6634946609877
Monaibacterium_marinum,bacteria,3734267,796006,4.69125483978764
Mongoliibacter_ruber,bacteria,4999712,591851,8.44758562543613
Monodelphis_domestica,ensembl,3600504728,29520918,121.964524544935
Monodon_monoceros,ensembl,2355574979,19535652,120.578262706563
Monoglobus_pectinilyticus,bacteria,2759678,1154941,2.38945366040343
Monopterus_albus,ensembl,684144148,5847688,116.993955217857
Moorella_glycerini,bacteria,3577805,200037,17.8857161425136
Moorella_humiferrea,bacteria,2628568,203530,12.9148921534909
Moorella_mulderi,bacteria,2999839,456554,6.57061158154348
Moorella_thermoacetica,bacteria,2707652,825048,3.28180995089639
Moorena_bouillonii,bacteria,8319104,3162339,2.63068064492769
Moorena_producens,bacteria,9190677,2573793,3.57086875284842
Moraxella_atlantae,bacteria,2333806,449914,5.18722230824683
Moraxella_bovis,bacteria,2875690,1115046,2.57898892915132
Moraxella_bovoculi,bacteria,2198276,775274,2.83548189178626
Moraxella_canis,bacteria,2143754,373542,5.73899052850817
Moraxella_caprae,bacteria,2761843,1155349,2.39048374127645
Moraxella_catarrhalis,bacteria,2006337,397666,5.04527867844941
Moraxella_caviae,bacteria,2617070,493110,5.30727423901361
Moraxella_cuniculi,bacteria,2253118,598475,3.76476775535131
Moraxella_equi,bacteria,2971068,1257248,2.36315190002291
Moraxella_lacunata,bacteria,2880619,595574,4.83671165829589
Moraxella_lincolnii,bacteria,2076923,415110,5.00330755703308
Moraxella_macacae,bacteria,2084664,760387,2.74158290449469
Moraxella_nonliquefaciens,bacteria,2237219,381521,5.86394720080939
Moraxella_osloensis,bacteria,2777850,869886,3.19334997766373
Moraxella_ovis,bacteria,2322490,1013082,2.29249952126284
Moraxella_pluranimalium,bacteria,2288711,273102,8.38042562851975
Moraxella_porci,bacteria,2179000,401502,5.42712116004403
Moraxella_sp,bacteria,2186840,179491,12.1835861474691
Moraxellaceae_bacterium,bacteria,4899069,83557,58.6312272611221
Morganella_morganii,bacteria,4138482,1038741,3.98413182820774
Morganella_psychrotolerans,bacteria,4238113,640936,6.61238439427358
Morganella_sp,bacteria,4148476,458730,9.04339371743727
Moritella_sp,bacteria,4865405,785925,6.19067734877841
Moritella_viscosa,bacteria,5202567,1240043,4.19547265699657
Moritella_yayanosii,bacteria,4433651,1913247,2.31734376167845
Morococcus_cerebrosus,bacteria,2451909,77518,31.6301891173663
Moschus_moschiferus,ensembl,3069608437,13008079,235.977075246852
Motilibacter_peucedani,bacteria,4187555,656278,6.38076394454789
Motilibacter_rhizosphaerae,bacteria,4315149,988516,4.36527987407386
Motilimonas_pumila,bacteria,4542577,409488,11.0933092056422
Motiliproteus_coralliicola,bacteria,4185419,1036518,4.03796074935505
Motiliproteus_sp,bacteria,6003883,535211,11.2177870036303
Mucilaginibacter_auburnensis,bacteria,4037925,1492220,2.70598504242002
Mucilaginibacter_celer,bacteria,7149106,3151895,2.26819294424465
Mucilaginibacter_conchicola,bacteria,5335313,1501160,3.55412680860135
Mucilaginibacter_gilvus,bacteria,5418978,756717,7.16116857424903
Mucilaginibacter_gossypii,bacteria,7109178,708469,10.034564673966
Mucilaginibacter_gossypiicola,bacteria,8225572,1067222,7.70746105308924
Mucilaginibacter_gracilis,bacteria,6660733,2969718,2.2428840044745
Mucilaginibacter_hurinus,bacteria,3881846,590792,6.57057983181898
Mucilaginibacter_kameinonensis,bacteria,7565189,3319038,2.27933184253992
Mucilaginibacter_lappiensis,bacteria,6790845,752943,9.01906917256685
Mucilaginibacter_limnophilus,bacteria,4628845,824371,5.61500222593953
Mucilaginibacter_mallensis,bacteria,6014056,2662472,2.25882413035705
Mucilaginibacter_oryzae,bacteria,5939202,955388,6.21653401549946
Mucilaginibacter_paludis,bacteria,8408322,3638009,2.31124277042745
Mucilaginibacter_pedocola,bacteria,7035113,750086,9.37907519937714
Mucilaginibacter_pineti,bacteria,7206603,848008,8.49827242195828
Mucilaginibacter_polytrichastri,bacteria,5843004,2575612,2.26858859175994
Mucilaginibacter_rubeus,bacteria,7379299,1883358,3.91816131562914
Mucilaginibacter_sp,bacteria,5932869,1253504,4.73302751061558
Mucilaginibacter_terrenus,bacteria,4615028,1418024,3.25454858309873
Mucilaginibacter_terrigena,bacteria,4277082,752523,5.68365618060843
Mucilaginibacter_xinganensis,bacteria,5301339,2370668,2.23622160504972
Mucilaginibacter_yixingensis,bacteria,5315671,921759,5.76687724231605
Mucinivorans_hirudinis,bacteria,3149227,1410719,2.23235598301292
Mucispirillum_schaedleri,bacteria,2332248,605644,3.85085627860591
Mumia_flava,bacteria,4402465,1695147,2.59709924861974
Mumia_zhuanghuii,bacteria,4622342,967442,4.77790089741814
Muribacter_muris,bacteria,2457363,113022,21.7423421988639
Muribaculaceae_bacterium,bacteria,3371669,284167,11.8651119450671
Muribaculum_gordoncarteri,bacteria,3430462,1531714,2.2396230627911
Muribaculum_intestinale,bacteria,3367097,599334,5.61806382862755
Muribaculum_sp,bacteria,2769669,381930,7.25176995784568
Muricauda_aequoris,bacteria,4238297,652796,6.49252905961434
Muricauda_alvinocaridis,bacteria,3747248,753128,4.97557918441487
Muricauda_antarctica,bacteria,4484398,598013,7.49883029298694
Muricauda_aurantiaca,bacteria,3772469,1718716,2.19493447434015
Muricauda_eckloniae,bacteria,4132279,1918208,2.15423926915121
Muricauda_flava,bacteria,3836163,928305,4.13243815340863
Muricauda_hymeniacidonis,bacteria,3566560,1277349,2.79215782061128
Muricauda_koreensis,bacteria,3614652,1086639,3.32645156303059
Muricauda_lutaonensis,bacteria,3274259,1511898,2.16566130783955
Muricauda_lutimaris,bacteria,3721101,736032,5.05562394026347
Muricauda_maritima,bacteria,4331673,521102,8.31252422750249
Muricauda_nanhaiensis,bacteria,4038636,1139784,3.54333452654187
Muricauda_olearia,bacteria,3952792,771159,5.12578080525547
Muricauda_pacifica,bacteria,4376054,1504106,2.90940532116752
Muricauda_parva,bacteria,4444453,992111,4.47979409562035
Muricauda_ruestringensis,bacteria,3842422,1746402,2.20019331173464
Muricauda_sp,bacteria,3859960,721732,5.34818952421011
Muricauda_taeanensis,bacteria,4101660,411119,9.97681936373653
Muricauda_zhangzhouensis,bacteria,3744005,1038799,3.60416692738441
Muricomes_intestini,bacteria,3717384,295405,12.5840253211692
Muriicola_soli,bacteria,3067493,1417257,2.16438726356617
Murimonas_intestini,bacteria,5754343,649578,8.85858665164153
Murinocardiopsis_flavida,bacteria,7376154,510550,14.4474664577417
Mus_caroli,ensembl,2553112587,40781677,62.6044041053045
Mus_musculus,ensembl,2710681531,43508004,62.3030535626827
Mus_pahari,ensembl,2475012951,39056838,63.3695167796226
Mus_spicilegus,ensembl,2496083520,5011686,498.052655333954
Mus_spretus,ensembl,2625571169,41719517,62.9338822163258
Musa_acuminata,plants,450848473,19956906,22.5911006946668
Musicola_paradisiaca,bacteria,4679450,2018202,2.3186232101643
Mustela_putorius,ensembl,2410758013,13382619,180.140973377483
Myceligenerans_xiligouense,bacteria,4723192,2128958,2.21854634990451
Mycetocola_lacteus,bacteria,3835470,635162,6.03856968773321
Mycetocola_manganoxydans,bacteria,3060410,317570,9.63696192965331
Mycetocola_miduiensis,bacteria,3303539,539921,6.11855993747233
Mycetocola_reblochoni,bacteria,2977946,311226,9.56844956470469
Mycetocola_tolaasinivorans,bacteria,3438211,391824,8.77488617338397
Mycetocola_zhadangensis,bacteria,3322056,928405,3.57824009995638
Mycetocola_zhujimingii,bacteria,3168545,613426,5.16532556494182
Mycetohabitans_endofungorum,bacteria,3288408,326772,10.0633101979362
Mycetohabitans_rhizoxinica,bacteria,3750138,1401232,2.67631484293821
Mycoavidus_cysteinexigens,bacteria,2795004,1239026,2.25580738418726
Mycobacteriaceae_bacterium,bacteria,5314035,54946,96.7137735230954
Mycobacterium_ahvazicum,bacteria,6120821,1692676,3.61606178618944
Mycobacterium_alsense,bacteria,5583202,233198,23.9418927263527
Mycobacterium_angelicum,bacteria,6662911,296463,22.4746798082729
Mycobacterium_aquaticum,bacteria,7927592,386693,20.5009969148653
Mycobacterium_aromaticivorans,bacteria,6297623,2698437,2.3338039761536
Mycobacterium_arosiense,bacteria,5980206,205090,29.1589351016627
Mycobacterium_arupense,bacteria,4441410,191612,23.1791850197274
Mycobacterium_asiaticum,bacteria,5894813,208774,28.2354349400499
Mycobacterium_attenuatum,bacteria,6344986,186445,34.0314087264341
Mycobacterium_avium,bacteria,5221461,1096783,4.76070617873408
Mycobacterium_bohemicum,bacteria,5258853,886018,5.93538276614175
Mycobacterium_bouchedurhonense,bacteria,5897311,292435,20.1662283926343
Mycobacterium_bovis,bacteria,4349904,1962487,2.21652627507851
Mycobacterium_branderi,bacteria,5903509,728929,8.09888068659636
Mycobacterium_canettii,bacteria,4482059,2026793,2.21140442067838
Mycobacterium_celatum,bacteria,4747103,336691,14.099307821278
Mycobacterium_colombiense,bacteria,5638943,328657,17.1575588798639
Mycobacterium_conspicuum,bacteria,6200614,356277,17.4039132472767
Mycobacterium_decipiens,bacteria,5225940,395678,13.2075576605219
Mycobacterium_diernhoferi,bacteria,5959842,316564,18.8266564317695
Mycobacterium_dioxanotrophicus,bacteria,8080416,3553177,2.27413832747426
Mycobacterium_doricum,bacteria,3952103,228349,17.3072927842907
Mycobacterium_eburneum,bacteria,5682864,198572,28.6186572124972
Mycobacterium_europaeum,bacteria,5891599,1240898,4.74785266309264
Mycobacterium_florentinum,bacteria,6178353,833524,7.41232765943152
Mycobacterium_fragae,bacteria,4731047,550680,8.59128168809472
Mycobacterium_gastri,bacteria,5910726,129907,45.4998479675767
Mycobacterium_goodii,bacteria,6863721,1814211,3.78330987501175
Mycobacterium_gordonae,bacteria,7461258,224425,33.2460719103577
Mycobacterium_grossiae,bacteria,6145628,165555,37.1213675213675
Mycobacterium_haemophilum,bacteria,4363991,447246,9.75747351569383
Mycobacterium_heckeshornense,bacteria,4917440,372596,13.1977799010188
Mycobacterium_heidelbergense,bacteria,4999105,257878,19.3855427760414
Mycobacterium_heraklionense,bacteria,4720929,245740,19.2110405940578
Mycobacterium_holsaticum,bacteria,5748336,85823,66.9789683418198
Mycobacterium_innocens,bacteria,6187059,138058,44.8149256109751
Mycobacterium_interjectum,bacteria,5903836,288031,20.4972242571112
Mycobacterium_intermedium,bacteria,6849571,182124,37.6094485249034
Mycobacterium_intracellulare,bacteria,5715555,2015875,2.83527262195989
Mycobacterium_kansasii,bacteria,6519076,1115368,5.84477731671908
Mycobacterium_koreense,bacteria,4078902,189049,21.5758983120778
Mycobacterium_kubicae,bacteria,5832568,262063,22.2563582039433
Mycobacterium_kyorinense,bacteria,5218822,182713,28.5629457126751
Mycobacterium_lacus,bacteria,4905288,140933,34.805815529365
Mycobacterium_lehmannii,bacteria,5130549,476556,10.7658890036008
Mycobacterium_lentiflavum,bacteria,6818507,2955324,2.3071944057572
Mycobacterium_leprae,bacteria,3267565,804405,4.06209063928852
Mycobacterium_lepraemurium,bacteria,4050523,1742516,2.3245255710708
Mycobacterium_lepromatosis,bacteria,3206741,125578,25.5358502285432
Mycobacterium_liflandii,bacteria,6399543,2826114,2.26443200805063
Mycobacterium_malmoense,bacteria,5512095,256320,21.5047694350414
Mycobacterium_mantenii,bacteria,5979226,274362,21.7932399407351
Mycobacterium_marinum,bacteria,6555078,2058363,3.1846072178069
Mycobacterium_marseillense,bacteria,5255222,167448,31.3842028570064
Mycobacterium_montefiorense,bacteria,5744567,837208,6.86157681245282
Mycobacterium_nebraskense,bacteria,6727177,244117,27.557183645547
Mycobacterium_noviomagense,bacteria,4739740,260971,18.1619413651325
Mycobacterium_numidiamassiliense,bacteria,6248949,2479121,2.52063090103307
Mycobacterium_palustre,bacteria,6037522,221618,27.2429225062946
Mycobacterium_paraense,bacteria,5765665,428052,13.4695434199583
Mycobacterium_paraffinicum,bacteria,6475312,430475,15.0422486787851
Mycobacterium_paragordonae,bacteria,6960981,1824219,3.81587019318135
Mycobacterium_paraintracellulare,bacteria,5474110,266830,20.5153468500543
Mycobacterium_parascrofulaceum,bacteria,6564171,1421792,4.61682932524589
Mycobacterium_paraseoulense,bacteria,6078492,272674,22.2921584016078
Mycobacterium_parmense,bacteria,5891740,449405,13.1100900078993
Mycobacterium_persicum,bacteria,6232979,1502857,4.14741988093345
Mycobacterium_porcinum,bacteria,6509205,323168,20.1418611991286
Mycobacterium_pseudokansasii,bacteria,6425786,2812975,2.28433811178557
Mycobacterium_pseudoshottsii,bacteria,6001250,1428968,4.19970881083411
Mycobacterium_rhizamassiliense,bacteria,6014565,1592463,3.77689465940496
Mycobacterium_rhodesiae,bacteria,6415739,2978133,2.15428222983997
Mycobacterium_riyadhense,bacteria,6269850,201982,31.0416274717549
Mycobacterium_rufum,bacteria,6176413,2774116,2.22644366709972
Mycobacterium_saskatchewanense,bacteria,5930935,282357,21.005092843457
Mycobacterium_scrofulaceum,bacteria,5910592,205952,28.6988812927284
Mycobacterium_senegalense,bacteria,6075887,2194972,2.76809316929783
Mycobacterium_sherrisii,bacteria,5624493,266465,21.1078511396452
Mycobacterium_shigaense,bacteria,5215793,1527282,3.41508182509844
Mycobacterium_shimoidei,bacteria,4842631,2251611,2.15074051423625
Mycobacterium_shinjukuense,bacteria,4409896,169102,26.0783195940911
Mycobacterium_simiae,bacteria,6686819,529066,12.6389127254445
Mycobacterium_sp,bacteria,5875496,575038,10.21758169959
Mycobacterium_syngnathidarum,bacteria,6434367,415713,15.4779066327009
Mycobacterium_szulgai,bacteria,6672659,279242,23.8956138403249
Mycobacterium_talmoniae,bacteria,5622166,109151,51.5081492611153
Mycobacterium_terramassiliense,bacteria,6028540,1163240,5.18254186582305
Mycobacterium_triplex,bacteria,6382840,2837329,2.24959460111957
Mycobacterium_tuberculosis,bacteria,4911824,523570,9.38141572955693
Mycobacterium_uberis,bacteria,3122721,336110,9.29077087858142
Mycobacterium_ulcerans,bacteria,6039830,1812713,3.33192825707471
Mycobacterium_virginiense,bacteria,4849424,174561,27.7806841161542
Mycobacterium_xenopi,bacteria,4991483,820835,6.08098504611566
Mycobacteroides_abscessus,bacteria,7372366,844169,8.73327938314531
Mycobacteroides_chelonae,bacteria,5425006,1910451,2.83964718624443
Mycobacteroides_franklinii,bacteria,5147011,1279013,4.02420433459125
Mycobacteroides_immunogenum,bacteria,5667933,607835,9.32478879959199
Mycobacteroides_salmoniphilum,bacteria,5037237,1032376,4.87926621050212
Mycobacteroides_saopaulense,bacteria,5200319,291345,17.8493504264703
Mycobacteroides_sp,bacteria,5491888,423668,12.9627104418033
Mycolicibacillus_trivialis,bacteria,3591083,280562,12.7996057912333
Mycolicibacter_algericus,bacteria,4619277,357368,12.9258271585592
Mycolicibacter_engbaekii,bacteria,4521435,292758,15.4442747935155
Mycolicibacter_hiberniae,bacteria,4342192,355623,12.2100988968655
Mycolicibacter_kumamotonensis,bacteria,5073152,312976,16.2094205456977
Mycolicibacter_longobardus,bacteria,4812247,333428,14.4326421296352
Mycolicibacter_minnesotensis,bacteria,4187822,354927,11.7991079855858
Mycolicibacter_nonchromogenicus,bacteria,4465329,230288,19.3901940179254
Mycolicibacter_senuensis,bacteria,4663800,310277,15.0310835156973
Mycolicibacter_sinensis,bacteria,4664515,679385,6.86579254244373
Mycolicibacter_terrae,bacteria,4532317,2100571,2.15765951258015
Mycolicibacterium_agri,bacteria,6987256,215692,32.3945997069896
Mycolicibacterium_aichiense,bacteria,5924247,1970096,3.00708544152163
Mycolicibacterium_aubagnense,bacteria,6191633,420711,14.7170694372146
Mycolicibacterium_aurum,bacteria,6035584,2816596,2.14286464938529
Mycolicibacterium_austroafricanum,bacteria,6499695,92465,70.2935705402044
Mycolicibacterium_bacteremicum,bacteria,5952041,417490,14.2567271072361
Mycolicibacterium_boenickei,bacteria,6544811,453033,14.446653996508
Mycolicibacterium_brumae,bacteria,3878367,315601,12.288829883302
Mycolicibacterium_celeriflavum,bacteria,4949446,327708,15.1032199397024
Mycolicibacterium_chitae,bacteria,5461769,2530680,2.15822190083298
Mycolicibacterium_chlorophenolicum,bacteria,7379520,934453,7.89715480607371
Mycolicibacterium_chubuense,bacteria,6143817,1536113,3.99958629345628
Mycolicibacterium_conceptionense,bacteria,6587148,727189,9.05837168879067
Mycolicibacterium_confluentis,bacteria,5841691,634561,9.20587776431265
Mycolicibacterium_cosmeticum,bacteria,6454149,1448347,4.45621732913452
Mycolicibacterium_duvalii,bacteria,5603691,242075,23.1485737891149
Mycolicibacterium_elephantis,bacteria,5391745,354166,15.2237792447609
Mycolicibacterium_fallax,bacteria,4232450,259243,16.3261881709439
Mycolicibacterium_flavescens,bacteria,5684489,1475559,3.85243084146415
Mycolicibacterium_fortuitum,bacteria,6628192,1144659,5.79053681820112
Mycolicibacterium_gilvum,bacteria,6066371,2717983,2.23193838569037
Mycolicibacterium_hassiacum,bacteria,5134631,1296389,3.96071742355111
Mycolicibacterium_insubricum,bacteria,4553680,174028,26.1663640333739
Mycolicibacterium_iranicum,bacteria,6410220,448767,14.2840876045783
Mycolicibacterium_litorale,bacteria,5826450,2123525,2.74376396410778
Mycolicibacterium_llatzerense,bacteria,6091591,241360,25.2386103745442
Mycolicibacterium_mageritense,bacteria,7966608,2639131,3.01864818381505
Mycolicibacterium_monacense,bacteria,6001708,349571,17.1687811631972
Mycolicibacterium_moriokaense,bacteria,6587271,410774,16.0362543525591
Mycolicibacterium_mucogenicum,bacteria,5466279,833301,6.55978665102447
Mycolicibacterium_neoaurum,bacteria,5484049,1526856,3.59172661556383
Mycolicibacterium_neworleansense,bacteria,6287317,2128459,2.95392911021542
Mycolicibacterium_novocastrense,bacteria,5936570,512276,11.5886266276642
Mycolicibacterium_obuense,bacteria,5897205,603255,9.77563673977741
Mycolicibacterium_parafortuitum,bacteria,6175772,2879011,2.14510191173288
Mycolicibacterium_peregrinum,bacteria,6882098,332568,20.6938225369117
Mycolicibacterium_phlei,bacteria,5176314,1437626,3.60059813887618
Mycolicibacterium_phocaicum,bacteria,5771543,345611,16.6995350263736
Mycolicibacterium_rhodesiae,bacteria,6645301,1124761,5.90818938423363
Mycolicibacterium_rutilum,bacteria,5987931,2788003,2.14774912365589
Mycolicibacterium_setense,bacteria,6219220,803445,7.74069527293728
Mycolicibacterium_smegmatis,bacteria,7019713,3245323,2.16302436128666
Mycolicibacterium_sp,bacteria,5874501,374729,15.6766817371292
Mycolicibacterium_sphagni,bacteria,6066978,369367,16.4253384844883
Mycolicibacterium_thermoresistibile,bacteria,4870742,1028625,4.73519698626808
Mycolicibacterium_tokaiense,bacteria,6428810,2958814,2.17276584469318
Mycolicibacterium_tusciae,bacteria,6162880,580826,10.610544293816
Mycolicibacterium_vaccae,bacteria,6245372,494154,12.6385134998401
Mycolicibacterium_vanbaalenii,bacteria,6491865,2989459,2.17158522662462
Mycolicibacterium_vulneris,bacteria,6778379,1059450,6.39801859393037
Mycolicibacterium_wolinskyi,bacteria,7483299,632880,11.8242082418533
Mycoplana_dimorpha,bacteria,4592697,672790,6.82634551643158
Mycoplasma_alkalescens,bacteria,771940,148927,5.18334486023354
Mycoplasma_arthritidis,bacteria,820453,370003,2.21742256143869
Mycoplasma_auris,bacteria,767867,153332,5.00787180758094
Mycoplasma_capricolum,bacteria,1021008,384485,2.65551799451344
Mycoplasma_crocodyli,bacteria,934379,431802,2.16390614216701
Mycoplasma_feriruminatoris,bacteria,1017512,108603,9.36909661795715
Mycoplasma_flocculare,bacteria,778866,352033,2.2124800799925
Mycoplasma_gallisepticum,bacteria,962639,433554,2.22034279466918
Mycoplasma_genitalium,bacteria,580076,277602,2.08959589628317
Mycoplasma_hominis,bacteria,665445,306805,2.16895096233764
Mycoplasma_hyopneumoniae,bacteria,906863,407848,2.22353300595615
Mycoplasma_leachii,bacteria,1008697,339127,2.97439745935514
Mycoplasma_marinum,bacteria,1171149,98108,11.9373445590574
Mycoplasma_mobile,bacteria,777079,360109,2.1578994137886
Mycoplasma_mycoides,bacteria,1143499,460504,2.4831441612254
Mycoplasma_ovipneumoniae,bacteria,1071502,74814,14.3222124201353
Mycoplasma_phocidae,bacteria,814478,352719,2.30914127109682
Mycoplasma_pneumoniae,bacteria,813741,367289,2.21553327216443
Mycoplasma_putrefaciens,bacteria,859996,377404,2.27871458702081
Mycoplasma_sp,bacteria,1084927,52187,20.7892195374327
Mycoplasma_struthionis,bacteria,737591,340978,2.16316301931503
Mycoplasma_testudineum,bacteria,954967,162370,5.88142514011209
Mycoplasma_yeatsii,bacteria,895832,246500,3.63420486815416
Mycoplasmopsis_agalactiae,bacteria,934578,371337,2.51679338605578
Mycoplasmopsis_agassizii,bacteria,1243707,131034,9.49151934428982
Mycoplasmopsis_alligatoris,bacteria,973030,212014,4.58946107332535
Mycoplasmopsis_anatis,bacteria,928687,76122,12.1999816084706
Mycoplasmopsis_arginini,bacteria,710133,321098,2.21158059467919
Mycoplasmopsis_bovigenitalium,bacteria,852590,299325,2.84837122595704
Mycoplasmopsis_bovirhinis,bacteria,906012,403693,2.24431126649151
Mycoplasmopsis_bovis,bacteria,974062,388744,2.50566600749208
Mycoplasmopsis_californica,bacteria,799439,364612,2.19257566269136
Mycoplasmopsis_canis,bacteria,944341,362464,2.60533643800948
Mycoplasmopsis_caviae,bacteria,1291245,533206,2.42166254693308
Mycoplasmopsis_citelli,bacteria,1242365,566132,2.19447937936736
Mycoplasmopsis_columbina,bacteria,776661,360388,2.15506898120914
Mycoplasmopsis_columbinasalis,bacteria,849456,383272,2.21632678619884
Mycoplasmopsis_columbinum,bacteria,748210,188467,3.96997882918495
Mycoplasmopsis_columboralis,bacteria,966675,446089,2.1670003071136
Mycoplasmopsis_cynos,bacteria,998123,445051,2.24271600333445
Mycoplasmopsis_fermentans,bacteria,1756125,611537,2.87166015438163
Mycoplasmopsis_gallinacea,bacteria,1074838,490510,2.19126623310432
Mycoplasmopsis_gallinarum,bacteria,797712,95302,8.37035948878303
Mycoplasmopsis_gallopavonis,bacteria,1028044,381989,2.69129215762758
Mycoplasmopsis_glycophila,bacteria,973410,444365,2.19056406332632
Mycoplasmopsis_maculosa,bacteria,919297,416908,2.20503564335537
Mycoplasmopsis_meleagridis,bacteria,634182,141732,4.4745152823639
Mycoplasmopsis_mustelae,bacteria,836283,288372,2.90001456452083
Mycoplasmopsis_phocirhinis,bacteria,865472,400361,2.16172903954181
Mycoplasmopsis_pullorum,bacteria,1007172,463018,2.17523292830948
Mycoplasmopsis_pulmonis,bacteria,963879,433719,2.2223582549992
Mycoplasmopsis_synoviae,bacteria,811085,369491,2.19514052214172
Mycoplasmopsis_verecunda,bacteria,872997,90245,9.67363288824866
Myotis_lucifugus,ensembl,2034575300,6563922,309.963357273289
Myripristis_murdjan,ensembl,835254674,18551907,45.0225776789416
Myroides_aquimaris,bacteria,2977689,146141,20.3754524739806
Myroides_guanonis,bacteria,3140132,356589,8.80602598509769
Myroides_indicus,bacteria,3064923,167941,18.249998511382
Myroides_marinus,bacteria,4158373,337438,12.3233872939433
Myroides_odoratimimus,bacteria,4207673,1535796,2.73973431367187
Myroides_odoratus,bacteria,4242688,1754207,2.41857822963534
Myroides_phaeus,bacteria,2967042,222137,13.3568113371478
Myroides_profundi,bacteria,4064534,1762650,2.3059223328511
Myxococcaceae_bacterium,bacteria,7984297,103873,76.8659468774369
Myxococcales_bacterium,bacteria,10276647,538068,19.0991593999271
Myxococcus_fulvus,bacteria,10936751,3202758,3.41479209712256
Myxococcus_sp,bacteria,9490432,4292362,2.21100457044397
Myxococcus_stipitatus,bacteria,10350586,4705220,2.1998091481376
Myxococcus_virescens,bacteria,9240716,1119653,8.25319630278309
Myxococcus_xanthus,bacteria,9139763,4182423,2.18527944208417
Naasia_lichenicola,bacteria,4004069,867898,4.61352486121641
Naja_naja,ensembl,1768535092,17771536,99.5150386550718
Nakamurella_antarctica,bacteria,3377955,1509550,2.23772316253188
Nakamurella_flava,bacteria,4843278,1405806,3.44519656339495
Nakamurella_multipartita,bacteria,6060298,2708744,2.2373092473855
Nakamurella_panacisegetis,bacteria,5013970,2245130,2.23326488889285
Nakamurella_silvestris,bacteria,5430123,285353,19.0294932942706
Nannocystis_exedens,bacteria,11612870,734251,15.8159403255835
Nannospalax_galili,ensembl,3061408210,6366444,480.866274799558
Nanoarchaeota_archaeon,bacteria,664868,50611,13.1369302394507
Nanoarchaeum_equitans,bacteria,490885,227945,2.15352387637369
Natranaerobius_thermophilus,bacteria,3191453,1402166,2.27608785265083
Natranaerobius_trueperi,bacteria,2633330,192523,13.6780021088389
Natranaerovirga_hydrolytica,bacteria,2984055,674832,4.4219227896721
Natranaerovirga_pectinivora,bacteria,3061098,472922,6.47273334714816
Natrarchaeobaculum_aegyptiacum,bacteria,3930546,1681786,2.33712612662967
Natrarchaeobaculum_sulfurireducens,bacteria,3821374,1578014,2.42163580983306
Natrarchaeobius_chitinivorans,bacteria,4590483,438935,10.4582295784114
Natrarchaeobius_halalkaliphilus,bacteria,3511219,634582,5.5331210150934
Natrialba_aegyptia,bacteria,4618362,484748,9.52734616749321
Natrialba_asiatica,bacteria,4404175,375227,11.7373616504143
Natrialba_chahannaoensis,bacteria,4309274,269388,15.9965328819398
Natrialba_hulunbeirensis,bacteria,4159606,332928,12.4940107170319
Natrialba_magadii,bacteria,4429971,985847,4.49356847462132
Natrialba_sp,bacteria,4580837,465164,9.84778916683148
Natrialba_taiwanensis,bacteria,4635192,315143,14.7082181739718
Natribacillus_halophilus,bacteria,3302411,366990,8.99864028992616
Natrinema_altunense,bacteria,3774970,388222,9.72374054020638
Natrinema_ejinorense,bacteria,4476324,1807797,2.47612093614493
Natrinema_gari,bacteria,4023692,246174,16.344910510452
Natrinema_pallidum,bacteria,3846954,860712,4.46950141278384
Natrinema_pellirubrum,bacteria,4309278,971273,4.43673376935927
Natrinema_salaciae,bacteria,4857017,890606,5.45360911559096
Natrinema_sp,bacteria,4425837,1728409,2.56064263743207
Natrinema_thermotolerans,bacteria,4904985,1820078,2.69493120624501
Natrinema_versiforme,bacteria,4432636,989308,4.48054421906232
Natronincola_ferrireducens,bacteria,3107081,681963,4.55608442100231
Natronincola_peptidivorans,bacteria,3768981,427788,8.81039440096496
Natronoarchaeum_philippinense,bacteria,3164179,847152,3.73507823861597
Natronobacterium_gregoryi,bacteria,3725291,522592,7.12849520131881
Natronobacterium_texcoconense,bacteria,4009868,1048654,3.82382368254925
Natronococcus_amylolyticus,bacteria,4416525,407078,10.8493335429574
Natronococcus_jeotgali,bacteria,4496185,175895,25.5617555928253
Natronococcus_occultus,bacteria,4314118,1782258,2.42059118264584
Natronoflexus_pectinivorans,bacteria,4472281,651808,6.86134720653935
Natronolimnobius_baerhuensis,bacteria,3914301,1015834,3.85328803721868
Natronolimnohabitans_innermongolicus,bacteria,4588634,201406,22.7830054715351
Natronomonas_moolapensis,bacteria,2912573,1255878,2.31915281579899
Natronomonas_pharaonis,bacteria,2749696,1221928,2.25029297961909
Natronomonas_salsuginis,bacteria,2904418,646624,4.49166439847578
Natronorubrum_bangense,bacteria,4246844,918288,4.62474027755998
Natronorubrum_sediminis,bacteria,3782545,1062201,3.56104447275045
Natronorubrum_sulfidifaciens,bacteria,3460288,389124,8.89250727274596
Natronorubrum_texcoconense,bacteria,4641793,902567,5.1428791435982
Natronorubrum_thiooxidans,bacteria,4209793,453916,9.27438777218693
Natronorubrum_tibetense,bacteria,4926841,331976,14.8409553702677
Naumannella_halotolerans,bacteria,3473971,1271955,2.73120589957978
Nautilia_profundicola,bacteria,1676444,792751,2.11471697922803
Nautilia_sp,bacteria,1791100,852731,2.10042791923831
Negativibacillus_sp,bacteria,4536229,238964,18.9828970054067
Negativicoccus_succinicivorans,bacteria,1505448,104466,14.4108896674516
Neisseria_animalis,bacteria,2183966,243966,8.95192772763418
Neisseria_animaloris,bacteria,2304739,691004,3.33534827584211
Neisseria_arctica,bacteria,2397977,218361,10.981709187996
Neisseria_bacilliformis,bacteria,2470575,984715,2.50892390183962
Neisseria_canis,bacteria,2569389,1103391,2.32862965168286
Neisseria_cinerea,bacteria,1852839,504914,3.66961205274562
Neisseria_dentiae,bacteria,2758789,199014,13.8622860703267
Neisseria_dumasiana,bacteria,2691661,156651,17.1825331469317
Neisseria_elongata,bacteria,2313037,702803,3.29116186240993
Neisseria_flavescens,bacteria,2276382,221859,10.2604967272733
Neisseria_gonorrhoeae,bacteria,2165534,188230,11.5047426806978
Neisseria_iguanae,bacteria,2610244,66911,39.0106858364096
Neisseria_lactamica,bacteria,2166255,755294,2.86809328918631
Neisseria_macacae,bacteria,2748368,540043,5.08916512203658
Neisseria_meningitidis,bacteria,2169774,360806,6.01368626865713
Neisseria_mucosa,bacteria,2478864,671445,3.69183527069728
Neisseria_perflava,bacteria,2315090,398270,5.81286564390991
Neisseria_polysaccharea,bacteria,2030958,106242,19.1163381713447
Neisseria_shayeganii,bacteria,2354550,953391,2.46965830388581
Neisseria_sicca,bacteria,2679814,423610,6.32613921185714
Neisseria_sp,bacteria,2643001,188147,14.0475475904057
Neisseria_subflava,bacteria,2244323,635147,3.53355092092927
Neisseria_wadsworthii,bacteria,2467075,1020893,2.41658528366832
Neisseria_weaveri,bacteria,2238481,968211,2.31197641836335
Neisseria_zoodegmatis,bacteria,2563064,546340,4.69133844431896
Neoasaia_chiangmaiensis,bacteria,3407860,1552198,2.19550598570543
Neobacillus_bataviensis,bacteria,5371144,221767,24.2197621828315
Neobacillus_cucumis,bacteria,5707899,303605,18.8004117191746
Neobacillus_massiliamazoniensis,bacteria,5600061,1181572,4.73950042824305
Neobacillus_mesonae,bacteria,5839313,2491277,2.34390354826059
Neobacillus_notoginsengisoli,bacteria,4787403,453182,10.5639742973022
Neobacillus_piezotolerans,bacteria,4528037,744590,6.08124874091782
Neobacillus_thermocopriae,bacteria,2843874,1273611,2.23292198324292
Neobacillus_vireti,bacteria,5283728,207753,25.4327398400986
Neochlamydia_sp,bacteria,2631658,424507,6.19932769070946
Neogobius_melanostomus,ensembl,1003738541,7951568,126.231523266858
Neolamprologus_brichardi,ensembl,847910432,8920652,95.0502756973369
Neomicrococcus_aestuarii,bacteria,2667837,1206053,2.21203960356634
Neorhizobium_galegae,bacteria,6402763,1204519,5.31562016966392
Neorhizobium_lilium,bacteria,5222315,1121209,4.65775337158371
Neorhizobium_sp,bacteria,5730132,1411411,4.05986192535765
Neorickettsia_risticii,bacteria,879977,376159,2.33937510467648
Neorickettsia_sennetsu,bacteria,859006,367831,2.3353279087407
Neosartorya_fischeri,fungi,31770017,3941510,8.06036696595975
Neovison_vison,ensembl,2447205843,8938378,273.786345016959
Neptunomonas_antarctica,bacteria,4569005,801188,5.70278761039856
Neptunomonas_marina,bacteria,3681520,696206,5.2879751108149
Neptunomonas_qingdaonensis,bacteria,4449795,521917,8.52586713979426
Nereida_ignava,bacteria,2888349,396293,7.28841791300881
Nesterenkonia_aurantiaca,bacteria,2948026,471799,6.24847869537663
Nesterenkonia_jeotgali,bacteria,2925195,700218,4.17754899188538
Nesterenkonia_natronophila,bacteria,2524489,794885,3.17591727105179
Nesterenkonia_salmonea,bacteria,3283708,144431,22.7354792253741
Nesterenkonia_sandarakina,bacteria,3224976,287596,11.2135634709801
Nesterenkonia_sp,bacteria,3696919,129631,28.5187879442417
Nesterenkonia_sphaerica,bacteria,2791466,289571,9.6400053872798
Neurospora_crassa,fungi,41102378,6134128,6.70060650837413
Nevskiales_bacterium,bacteria,3622316,206443,17.5463251357518
Niabella_drilacis,bacteria,6099002,649947,9.38384514429638
Niabella_ginsenosidivorans,bacteria,5627734,2455118,2.29224583095395
Niabella_soli,bacteria,4697343,2086411,2.25139869373772
Niallia_circulans,bacteria,6752972,1533501,4.40363182104909
Niallia_nealsonii,bacteria,4834942,174634,27.6861407286095
Niallia_taxi,bacteria,5801713,811748,7.14718484061556
Niastella_koreensis,bacteria,9033684,3988988,2.26465559685815
Niastella_populi,bacteria,8612932,486564,17.7015397768844
Niastella_sp,bacteria,6486508,903256,7.1812543626914
Niastella_vici,bacteria,10058349,719861,13.9726266598691
Niastella_yeongjuensis,bacteria,8532384,874197,9.76025312372383
Nibricoccus_aquaticus,bacteria,4730447,2123935,2.22720893059345
Nicoletella_semolina,bacteria,1945534,240514,8.0890675802656
Nicotiana_attenuata,plants,2365682703,10428412,226.849754593509
Nisaea_sp,bacteria,2975145,119517,24.8930696051608
Nissabacter_sp,bacteria,5030936,1887483,2.66542056272825
Nitratifractor_salsuginis,bacteria,2101285,953234,2.20437479149925
Nitratireductor_aquibiodomus,bacteria,4592790,218663,21.0039650055108
Nitratireductor_basaltis,bacteria,3551806,1388702,2.55764447664078
Nitratireductor_indicus,bacteria,4992479,453855,11.0001630476694
Nitratireductor_pacificus,bacteria,4466205,302852,14.7471537252519
Nitratireductor_sp,bacteria,4535118,947465,4.78658138647162
Nitratiruptor_sp,bacteria,1877931,902921,2.07983976449767
Nitratiruptor_tergarcus,bacteria,1929433,904242,2.13375733487274
Nitrincola_lacisaponensis,bacteria,3412133,622357,5.48259760876796
Nitrincola_nitratireducens,bacteria,4027646,387390,10.3968765326932
Nitrincola_tibetensis,bacteria,4001852,445851,8.97576096050026
Nitrobacter_hamburgensis,bacteria,5011522,1945795,2.57556525738837
Nitrobacter_sp,bacteria,3794033,142564,26.6128405488062
Nitrobacter_vulgaris,bacteria,3900573,261978,14.8889334218904
Nitrobacter_winogradskyi,bacteria,3402093,1439123,2.36400432763565
Nitrolancea_hollandica,bacteria,3888104,37662,103.23679039881
Nitrosarchaeum_koreense,bacteria,1607695,726425,2.21316034002134
Nitrosococcus_halophilus,bacteria,4145260,1811443,2.28837451689068
Nitrosococcus_oceani,bacteria,3551015,841831,4.21820604028958
Nitrosococcus_wardiae,bacteria,4022640,1746262,2.30357185806025
Nitrosococcus_watsonii,bacteria,3373286,1471595,2.29226519524733
Nitrosomonas_aestuarii,bacteria,3994034,230752,17.3087730550548
Nitrosomonas_communis,bacteria,4049941,672598,6.02133914562141
Nitrosomonas_cryotolerans,bacteria,2928185,1211704,2.41658441335508
Nitrosomonas_europaea,bacteria,2756528,707171,3.89796456585465
Nitrosomonas_eutropha,bacteria,2598095,583227,4.45468719458736
Nitrosomonas_halophila,bacteria,3211662,109122,29.4318469236268
Nitrosomonas_marina,bacteria,3493407,234366,14.9058073820592
Nitrosomonas_mobilis,bacteria,3082864,189252,16.2897300953226
Nitrosomonas_nitrosa,bacteria,3154865,178532,17.6711457889902
Nitrosomonas_oligotropha,bacteria,3370911,239433,14.0787507961534
Nitrosomonas_sp,bacteria,3391396,495138,6.84939261707222
Nitrosomonas_supralitoralis,bacteria,3751701,146638,25.5847802070405
Nitrosomonas_ureae,bacteria,3307994,580109,5.70236791774417
Nitrosopumilaceae_archaeon,bacteria,1996680,113155,17.6455304670585
Nitrosopumilales_archaeon,bacteria,1663435,30220,55.0447831985793
Nitrosopumilus_adriaticus,bacteria,1803090,814316,2.21423869849051
Nitrosopumilus_maritimus,bacteria,1645259,746161,2.20496514827229
Nitrosopumilus_piranensis,bacteria,1713078,771651,2.22001656189132
Nitrosopumilus_zosterae,bacteria,1757809,291211,6.0362039895471
Nitrososphaera_viennensis,bacteria,2527938,1089436,2.32040982673604
Nitrosospira_briensis,bacteria,3233677,756992,4.27174527603991
Nitrosospira_lacus,bacteria,3261430,1409677,2.31360091708952
Nitrosospira_multiformis,bacteria,3296584,461367,7.1452597880427
Nitrosospira_sp,bacteria,3309380,469644,7.04657094660719
Nitrosovibrio_sp,bacteria,3124594,731484,4.27158020700375
Nitrosovibrio_tenuis,bacteria,3098034,461111,6.71862957075411
Nitrospina_gracilis,bacteria,3077713,1359009,2.26467447971279
Nitrospina_sp,bacteria,1970835,36335,54.240683913582
Nitrospinae_bacterium,bacteria,3323084,99480,33.4045901611094
Nitrospira_bacterium,bacteria,1664412,51534,32.2973570846431
Nitrospira_defluvii,bacteria,4317083,1913674,2.25591349414791
Nitrospira_japonica,bacteria,4084817,1823148,2.24052956753922
Nitrospira_lenta,bacteria,3756190,777416,4.83163454315322
Nitrospira_moscoviensis,bacteria,4589485,2053281,2.23519576716485
Nitrospira_sp,bacteria,3738991,412689,9.06007204134704
Nitrospiraceae_bacterium,bacteria,2557404,115049,22.2289165004324
Nitrospirae_bacterium,bacteria,2494845,130701,19.088132760672
Nitrospirillum_amazonense,bacteria,7382386,2075731,3.55652346089161
Niveispirillum_cyanobacteriorum,bacteria,6048780,2001909,3.0215059725492
Niveispirillum_lacus,bacteria,4973235,645523,7.70419489313317
Nocardia_africana,bacteria,7750586,3415056,2.26953408670312
Nocardia_alba,bacteria,7289173,1771676,4.11428105364638
Nocardia_amikacinitolerans,bacteria,7379133,1386109,5.32363111414759
Nocardia_asteroides,bacteria,6954782,863534,8.05386006804596
Nocardia_brasiliensis,bacteria,9178900,3105212,2.95596548641445
Nocardia_cerradoensis,bacteria,9191636,838069,10.9676363163415
Nocardia_cyriacigeorgica,bacteria,6457867,1669516,3.86810776976758
Nocardia_donostiensis,bacteria,5790100,481821,12.0171183904396
Nocardia_farcinica,bacteria,5994046,1728315,3.46814421368018
Nocardia_fluminea,bacteria,8057701,3109496,2.59132058700188
Nocardia_ignorata,bacteria,7022989,1543070,4.55130940268426
Nocardia_mangyaensis,bacteria,7310115,3254983,2.24582278924345
Nocardia_mexicana,bacteria,8981212,964227,9.31441662596049
Nocardia_neocaledoniensis,bacteria,7323073,850505,8.6102644899207
Nocardia_nova,bacteria,7841134,1360642,5.76282161759729
Nocardia_otitidiscaviarum,bacteria,7536042,2563396,2.93986648960988
Nocardia_panacis,bacteria,7362956,856079,8.60079034761979
Nocardia_pseudobrasiliensis,bacteria,8407941,892996,9.41542963238357
Nocardia_puris,bacteria,7694151,925886,8.31004140898556
Nocardia_seriolae,bacteria,7941666,1302894,6.09540479373866
Nocardia_sp,bacteria,7972206,1678305,4.75015223689929
Nocardia_stercoris,bacteria,7545798,856544,8.80958596406022
Nocardia_tenerifensis,bacteria,9840405,1187087,8.28953985680915
Nocardia_terpenica,bacteria,9097698,2745582,3.31357704850921
Nocardia_vulneris,bacteria,9337635,305051,30.6100783147736
Nocardia_yunnanensis,bacteria,7931441,3523609,2.25094242862928
Nocardioidaceae_bacterium,bacteria,5932109,926213,6.40469200928944
Nocardioides_albidus,bacteria,4483902,546814,8.2000497426913
Nocardioides_alpinus,bacteria,4596761,738616,6.22347877652258
Nocardioides_baekrokdamisoli,bacteria,2965302,1376616,2.15405167454105
Nocardioides_caeni,bacteria,4075875,572301,7.12190787714856
Nocardioides_cavernaquae,bacteria,3466964,1612561,2.14997386145392
Nocardioides_currus,bacteria,4533856,784915,5.77623819139652
Nocardioides_daphniae,bacteria,3558816,1574018,2.26097541451241
Nocardioides_dokdonensis,bacteria,4376707,2027258,2.15892945051888
Nocardioides_euryhalodurans,bacteria,4017744,1875184,2.14258654084079
Nocardioides_exalbidus,bacteria,4599849,2112515,2.1774278525833
Nocardioides_ganghwensis,bacteria,4494174,280535,16.0200117632381
Nocardioides_gansuensis,bacteria,4766031,695082,6.856789558642
Nocardioides_glacieisoli,bacteria,4577250,671118,6.82033561907146
Nocardioides_guangzhouensis,bacteria,5266113,258172,20.3976922361836
Nocardioides_immobilis,bacteria,6518718,473851,13.7568940447525
Nocardioides_iriomotensis,bacteria,4713567,472675,9.97210980060295
Nocardioides_jejuensis,bacteria,3246243,239930,13.5299587379652
Nocardioides_jishulii,bacteria,3531098,1303811,2.70828977512845
Nocardioides_lianchengensis,bacteria,5295570,565099,9.37104825880067
Nocardioides_luteus,bacteria,5761811,231917,24.8442804969019
Nocardioides_oleivorans,bacteria,4476421,1749275,2.5590150205085
Nocardioides_psychrotolerans,bacteria,4518250,414680,10.8957509404842
Nocardioides_seonyuensis,bacteria,3974362,1852730,2.14513825543927
Nocardioides_silvaticus,bacteria,4510621,749269,6.02002885479047
Nocardioides_sp,bacteria,4796561,1010475,4.74683639007936
Nocardioides_szechwanensis,bacteria,4224028,786122,5.37324740943518
Nocardioides_terrae,bacteria,3921832,462491,8.47980176911551
Nocardioides_zhouii,bacteria,4604445,323823,14.2190177967593
Nocardiopsaceae_bacterium,bacteria,5266132,407866,12.9114267921327
Nocardiopsis_alba,bacteria,5848211,2526891,2.3143898965171
Nocardiopsis_dassonvillei,bacteria,6592479,2738513,2.4073205056905
Nocardiopsis_flavescens,bacteria,7172933,686387,10.4502751363298
Nocardiopsis_gilva,bacteria,6142152,2584542,2.37649533263534
Nocardiopsis_sinuspersici,bacteria,6119496,2596101,2.35718718185464
Nocardiopsis_sp,bacteria,6707672,1318844,5.08602574907485
Nodularia_sp,bacteria,5773538,2289602,2.52163389095572
Nodularia_spumigena,bacteria,5327475,1157618,4.60210103851184
Nomascus_leucogenys,ensembl,2962060179,21606813,137.089175483677
Nonlabens_agnitus,bacteria,3215882,1461728,2.20005500339324
Nonlabens_arenilitoris,bacteria,3323003,1524942,2.17910123794872
Nonlabens_dokdonensis,bacteria,3476389,924725,3.75937752271082
Nonlabens_marinus,bacteria,2915920,1329727,2.19287116829244
Nonlabens_ponticola,bacteria,2872100,1327456,2.16361220258901
Nonlabens_sp,bacteria,3233137,1458233,2.21716099781951
Nonlabens_spongiae,bacteria,3393335,1526613,2.2227866525439
Nonlabens_tegetincola,bacteria,2982028,586644,5.08319781673383
Nonlabens_ulvanivorans,bacteria,3203700,703632,4.55309313184529
Nonlabens_xylanidelens,bacteria,3276842,737350,4.44407947379128
Nonomuraea_aridisoli,bacteria,9868672,114461,86.2186421575908
Nonomuraea_deserti,bacteria,10694046,168506,63.4638885262246
Nonomuraea_diastatica,bacteria,10861993,133546,81.335217827565
Nonomuraea_fuscirosea,bacteria,12180574,749076,16.2607986372544
Nonomuraea_jiangxiensis,bacteria,11811824,702218,16.8207365803782
Nonomuraea_longispora,bacteria,9164341,122405,74.869008618929
Nonomuraea_maritima,bacteria,8267594,646908,12.7801696686391
Nonomuraea_mesophila,bacteria,10138478,165745,61.1691333071888
Nonomuraea_phyllanthi,bacteria,11027144,899459,12.2597516951857
Nonomuraea_polychroma,bacteria,11519774,5109141,2.25473792952671
Nonomuraea_pusilla,bacteria,9204326,639047,14.4032066499021
Nonomuraea_solani,bacteria,13236837,1148049,11.5298536909139
Nonomuraea_sp,bacteria,11400485,2290465,4.97736689565947
Nonomuraea_terrae,bacteria,9687995,159490,60.7435889397454
Nonomuraea_turkmeniaca,bacteria,11350886,126654,89.6212200167385
Nonomuraea_wenchangensis,bacteria,10051191,839051,11.97923725733
Nonomuraea_zeae,bacteria,13613686,144813,94.0087284981321
Nostoc_calcicola,bacteria,9049214,144188,62.7598274474991
Nostoc_carneum,bacteria,9359223,3526873,2.65368869250466
Nostoc_commune,bacteria,8198700,3054337,2.68428140051343
Nostoc_cycadae,bacteria,6773844,296985,22.8087075104803
Nostoc_flagelliforme,bacteria,10231233,3570443,2.86553601331824
Nostoc_linckia,bacteria,9263077,1589796,5.82658215267871
Nostoc_minutum,bacteria,9839803,334323,29.4320253168343
Nostoc_punctiforme,bacteria,9131661,1909433,4.78239377867671
Nostoc_sp,bacteria,8101594,1459003,5.55282853922819
Nostocales_cyanobacterium,bacteria,7899568,3205605,2.46429862693626
Notamacropus_eugenii,ensembl,2955773937,292157,10117.073823321
Notechis_scutatus,ensembl,1665525958,7383113,225.585868454133
Nothobranchius_furzeri,ensembl,1242518059,19664731,63.1851032694014
Nothoprocta_perdicaria,ensembl,965904370,5044530,191.475592374314
Notoacmeibacter_marinus,bacteria,3292184,1057265,3.11386833007808
Novacetimonas_cocois,bacteria,3406946,296880,11.4758353543519
Novacetimonas_hansenii,bacteria,3483869,326874,10.6581404455539
Novacetimonas_maltaceti,bacteria,3629663,196477,18.4737297495381
Novacetimonas_pomaceti,bacteria,3449370,418755,8.23720313787298
Novibacillus_thermophilus,bacteria,3629225,1607840,2.25720531893721
Noviherbaspirillum_autotrophicum,bacteria,5384605,2290604,2.35073587577774
Noviherbaspirillum_cavernae,bacteria,4664753,1906826,2.44634434395168
Noviherbaspirillum_denitrificans,bacteria,5798956,2294030,2.52784662798656
Noviherbaspirillum_humi,bacteria,5381115,588026,9.15115147969648
Noviherbaspirillum_saxi,bacteria,6495402,2085987,3.11382669211265
Noviherbaspirillum_sedimenti,bacteria,5038077,2241761,2.24737472014189
Noviherbaspirillum_sp,bacteria,6147767,365474,16.8213525449143
Novimethylophilus_kurashikiensis,bacteria,3688755,555982,6.6346662302017
Novosphingobium_aromaticivorans,bacteria,4233314,1767688,2.39483098827395
Novosphingobium_barchaimii,bacteria,4430041,545475,8.12143636280306
Novosphingobium_fuchskuhlense,bacteria,3963850,892030,4.44362857751421
Novosphingobium_guangzhouense,bacteria,5966702,361596,16.5010177103729
Novosphingobium_kunmingense,bacteria,3495912,871643,4.0107153960968
Novosphingobium_lindaniclasticum,bacteria,4857928,237321,20.4698614956114
Novosphingobium_malaysiense,bacteria,5027021,1025457,4.9022250567308
Novosphingobium_mathurense,bacteria,4843551,995087,4.86746485483179
Novosphingobium_nitrogenifigens,bacteria,4182647,1019816,4.10137416945802
Novosphingobium_pentaromativorans,bacteria,5315896,351223,15.1354070425443
Novosphingobium_resinovorum,bacteria,6611307,1432743,4.6144418833112
Novosphingobium_sp,bacteria,4871556,719745,6.76844604640028
Novosphingobium_subterraneum,bacteria,4885942,343376,14.2291307488001
Novosphingobium_umbonatum,bacteria,4088502,472032,8.6614932885906
Numida_meleagris,ensembl,1043264150,17125422,60.9190331193007
Nymphaea_colorata,plants,408396728,16785839,24.329837072785
Obesumbacterium_proteus,bacteria,5111980,423866,12.0603681352125
Oceanibacterium_hippocampi,bacteria,4833437,1417635,3.4095073837765
Oceanibaculum_indicum,bacteria,3903309,757363,5.15381801977257
Oceanibaculum_pacificum,bacteria,3891434,140191,27.7580871810601
Oceanicaulis_sp,bacteria,3064203,723923,4.23277326788748
Oceanicella_actignis,bacteria,3344933,477916,6.99899773181898
Oceanicoccus_sagamiensis,bacteria,4472079,2000362,2.23563485009213
Oceanicola_sp,bacteria,4584086,1392355,3.29232523314816
Oceanihabitans_sediminis,bacteria,2908142,798275,3.64303278945226
Oceanimonas_baumannii,bacteria,3809332,369945,10.2970225303761
Oceanimonas_doudoroffii,bacteria,3832938,1059740,3.61686640119275
Oceanimonas_sp,bacteria,3527244,1591947,2.21567929083066
Oceaniovalibus_guishaninsula,bacteria,2897133,322304,8.9888211129865
Oceaniradius_stylonematis,bacteria,3581627,771916,4.63991807398733
Oceanisphaera_arctica,bacteria,3541369,202642,17.4759872089695
Oceanisphaera_avium,bacteria,2902896,1269475,2.2866901671951
Oceanisphaera_profunda,bacteria,3508860,1471469,2.38459661739391
Oceanisphaera_psychrotolerans,bacteria,3819538,291613,13.0979688834174
Oceanispirochaeta_sp,bacteria,5884319,256235,22.9645403633383
Oceanithermus_profundus,bacteria,2439291,1105478,2.20654866039849
Oceanobacillus_arenosus,bacteria,4051086,426287,9.50318916598442
Oceanobacillus_bengalensis,bacteria,4041242,259276,15.5866412625928
Oceanobacillus_caeni,bacteria,3579090,128840,27.7793387146849
Oceanobacillus_chungangensis,bacteria,4010023,437178,9.17251783026593
Oceanobacillus_halophilus,bacteria,4081470,550055,7.42011253420113
Oceanobacillus_iheyensis,bacteria,3745576,1610180,2.32618506197601
Oceanobacillus_limi,bacteria,3913837,363131,10.7780305179123
Oceanobacillus_oncorhynchi,bacteria,4608004,1930408,2.38706221689923
Oceanobacillus_picturae,bacteria,3787950,712444,5.31684196711739
Oceanobacillus_piezotolerans,bacteria,3987417,707214,5.63820427763025
Oceanobacillus_profundus,bacteria,4778684,497778,9.60003053570065
Oceanobacillus_sp,bacteria,3840143,703062,5.46202610865045
Oceanobacillus_zhaokaii,bacteria,4103611,1681529,2.44040453658545
Oceanobacter_sp,bacteria,3879609,202543,19.1544955885911
Oceanococcus_atlanticus,bacteria,3652004,1073475,3.40203917184844
Oceanospirillaceae_bacterium,bacteria,3927595,292477,13.4287493601441
Oceanospirillales_bacterium,bacteria,3301303,46523,70.960664617501
Oceanospirillum_linum,bacteria,3782189,764521,4.94713552668926
Oceanospirillum_multiglobuliferum,bacteria,3728987,290073,12.8553398627242
Oceanospirillum_sp,bacteria,4047420,67639,59.8385546799923
Oceanotoga_teriensis,bacteria,2793031,248365,11.2456706862883
Ochotona_princeps,ensembl,4781903803,1012954,4720.75119205808
Ochrobactrum_quorumnocens,bacteria,5645291,1753851,3.21879737788444
Ochrobactrum_soli,bacteria,5024120,685207,7.33226601596306
Ochrobactrum_sp,bacteria,4969555,826096,6.01570814707134
Ochrobactrum_teleogrylli,bacteria,4760804,632804,7.52334688149885
Ocs116_cluster,bacteria,3601390,275565,13.0691125505779
Octadecabacter_antarcticus,bacteria,4875481,2083462,2.34008635626664
Octadecabacter_arcticus,bacteria,5478249,2322310,2.35896542666569
Octadecabacter_ascidiaceicola,bacteria,3233060,766557,4.21763808823088
Octadecabacter_temperatus,bacteria,3264628,1493148,2.18640617005146
Octodon_degus,ensembl,2995872505,10538368,284.282396002873
Odoribacter_laneus,bacteria,3625347,869734,4.16833997521081
Odoribacter_sp,bacteria,4661865,455815,10.2275436457464
Odoribacter_splanchnicus,bacteria,4508070,571698,7.8854065906848
Oenococcus_kitaharae,bacteria,1842238,837470,2.19976596176579
Oenococcus_oeni,bacteria,1857576,398660,4.65954559478788
Oenococcus_sicerae,bacteria,1684519,771190,2.18431125922276
Oenococcus_sp,bacteria,1835830,493482,3.72015493979517
Oerskovia_enterophila,bacteria,4535074,259143,17.50027590944
Oerskovia_sp,bacteria,4486924,787207,5.69980195806186
Oerskovia_turbata,bacteria,4022330,261553,15.3786421872431
Oharaeibacter_diazotrophicus,bacteria,4991892,1157617,4.31221379782778
Ohtaekwangia_koreensis,bacteria,7241272,2045468,3.54015413587502
Okeania_hirsuta,bacteria,8786841,103191,85.1512341192546
Okibacterium_fritillariae,bacteria,3138231,1157404,2.71143956647808
Olavius_algarvensis,bacteria,2121330,118044,17.9706719528311
Olea_europaea,plants,1228377430,16042753,76.5689945974047
Oleiagrimonas_soli,bacteria,3377518,585689,5.7667431008607
Oleiagrimonas_sp,bacteria,3401750,639087,5.32282772142134
Oleibacter_marinus,bacteria,3859465,526902,7.32482510979271
Oleibacter_sp,bacteria,6118559,91364,66.9690359441355
Oleidesulfovibrio_alaskensis,bacteria,3730232,1649223,2.26181177439315
Oleiharenicola_lentus,bacteria,4713391,1823050,2.58544252763226
Oleiphilus_messinensis,bacteria,5012889,1690952,2.96453654509412
Oleiphilus_sp,bacteria,6205735,193234,32.1150744432925
Oleispira_antarctica,bacteria,4406383,1979006,2.22656373957431
Oleomonas_cavernae,bacteria,5643452,2192000,2.57456751824818
Oligella_ureolytica,bacteria,2838494,1266954,2.24040809690012
Oligella_urethralis,bacteria,2639798,715538,3.68924850951312
Olivibacter_domesticus,bacteria,6780495,1442603,4.70018085363749
Olleya_aquimaris,bacteria,3213223,1035422,3.10329749609338
Olleya_namhaensis,bacteria,3522968,539336,6.53204681311835
Olleya_sp,bacteria,4314320,1915106,2.25278391901023
Olsenella_uli,bacteria,2051896,899932,2.28005671539627
Om182_bacterium,bacteria,2635084,144373,18.2519567415808
Omnitrophica_bacterium,bacteria,2116744,103170,20.5171347587259
Omnitrophica_wor,bacteria,2001877,99335,20.1527903414852
Oncorhynchus_kisutch,ensembl,2375894934,41225285,57.6319832355313
Oncorhynchus_mykiss,ensembl,2341671972,43163758,54.2508826965437
Oncorhynchus_tshawytscha,ensembl,2294859190,46601617,49.2441966123193
Onion_yellows,bacteria,853092,342810,2.48852717248622
Opitutaceae_bacterium,bacteria,5968193,1451087,4.11291282611277
Opitutus_sp,bacteria,4932626,1310740,3.76323756046203
Opitutus_terrae,bacteria,5957605,2642180,2.25480663694374
Orbus_hercynius,bacteria,2357783,709273,3.32422494582481
Orenia_marismortui,bacteria,3358867,223032,15.0600227770006
Orenia_metallireducens,bacteria,4216724,220225,19.1473447610398
Oreochromis_aureus,ensembl,1005575223,28694664,35.0439797099558
Oreochromis_niloticus,ensembl,1005681550,24775135,40.5923741686978
Oribacterium_asaccharolyticum,bacteria,2520584,748473,3.36763517187661
Oribacterium_parvum,bacteria,2470863,1076524,2.29522332990254
Oribacterium_sinus,bacteria,2706954,653341,4.14324831902483
Oribacterium_sp,bacteria,3211683,489424,6.5621641888123
Oricola_cellulosilytica,bacteria,3705661,755096,4.90753626029008
Oricola_sp,bacteria,3632106,741334,4.8994191551986
Orientia_tsutsugamushi,bacteria,2068019,789350,2.61990118451891
Ornatilinea_apprima,bacteria,4338330,361762,11.9922214052333
Ornithinibacillus_halophilus,bacteria,3463618,272543,12.7085193896009
Ornithinimicrobium_avium,bacteria,3918911,1779799,2.20188403297226
Ornithinimicrobium_pekingense,bacteria,3778350,610784,6.18606577775449
Ornithinimicrobium_sp,bacteria,3445055,318184,10.8272414703442
Ornithobacterium_rhinotracheale,bacteria,2326383,1057801,2.19926290483749
Ornithorhynchus_anatinus,ensembl,1858552590,20893044,88.9555676999484
Orrella_dioscoreae,bacteria,4848101,2210388,2.19332578714687
Orrella_marina,bacteria,4227194,1845755,2.29022486733071
Oryctolagus_cuniculus,ensembl,2737490501,19633526,139.429387314332
Oryza_barthii,plants,308272304,16632796,18.5340037838497
Oryza_brachyantha,plants,260838168,14465439,18.0318183222784
Oryza_glaberrima,plants,316419574,13139872,24.0808718684626
Oryza_glumipatula,plants,372860283,19273928,19.3453188680584
Oryza_indica,plants,427004890,16821882,25.3838952145783
Oryza_longistaminata,plants,326442508,656854,496.978792851988
Oryza_meridionalis,plants,335668232,20749612,16.1770847570547
Oryza_nivara,plants,337950324,19301442,17.5090712911502
Oryza_punctata,plants,393816603,18113057,21.7421389995074
Oryza_rufipogon,plants,338040714,18554653,18.2186491981284
Oryza_sativa,plants,395217916,19867045,19.8931404116717
Oryzias_javanicus,ensembl,809679899,19706399,41.0871564612084
Oryzias_latipes,ensembl,718701630,21458002,33.4934081235614
Oryzias_melastigma,ensembl,779452910,18937379,41.1594925570218
Oryzias_sinensis,ensembl,813986518,4290999,189.696273059024
Oryzisolibacter_propanilivorax,bacteria,3715915,557906,6.66046789244066
Oscillatoria_acuminata,bacteria,7804270,3136743,2.48801702912862
Oscillatoria_nigro,bacteria,8272254,3159530,2.61819131326495
Oscillatoriales_cyanobacterium,bacteria,4728968,150021,31.5220424696098
Oscillibacter_sp,bacteria,2425943,246199,9.8535894000328
Oscillibacter_valericigenes,bacteria,4470622,1872120,2.38799970087388
Oscillochloris_trichoides,bacteria,4373075,1536934,2.84532387207258
Oscillospiraceae_bacterium,bacteria,2307547,284494,8.11105365586556
Osedax_symbiont,bacteria,4577548,101027,45.3103690615829
Ostreococcus_lucimarinus,plants,13204888,1000606,13.1968906842453
Otariodibacter_oris,bacteria,1997501,504840,3.95670113303225
Otolemur_garnettii,ensembl,2519404493,11270868,223.532428292124
Ottowia_oryzae,bacteria,3901011,1706493,2.28598124926384
Ottowia_sp,bacteria,2925783,1211736,2.4145383152766
Otus_sunia,ensembl,1231433939,11006177,111.885710996652
Ovis_aries,ensembl,2623600647,30804117,85.1704559194223
Owenweeksia_hongkongensis,bacteria,4000057,1836760,2.17777880615867
Owenweeksia_sp,bacteria,3090475,364438,8.48011047146565
Oxalobacter_formigenes,bacteria,2462576,999798,2.46307354085525
Oxalobacter_sp,bacteria,2320689,341947,6.78669208970981
Oxalobacteraceae_bacterium,bacteria,4159669,340046,12.2326705958756
Oxobacter_pfennigii,bacteria,4510552,482364,9.35093000306822
Pacificibacter_marinus,bacteria,3914648,525087,7.45523694168776
Pacificibacter_maritimus,bacteria,3084248,861808,3.57881105768338
Pacificimonas_flava,bacteria,3303180,986256,3.34921275470707
Pacificitalea_manganoxidans,bacteria,3956796,1547701,2.55656357397198
Paenarthrobacter_aurescens,bacteria,5226648,2217844,2.35663464157082
Paenarthrobacter_nicotinovorans,bacteria,4409458,696516,6.33073468520465
Paenarthrobacter_ureafaciens,bacteria,4401812,1607231,2.73875503894586
Paenibacillaceae_bacterium,bacteria,5661919,982211,5.76446498918087
Paenibacillus_agaridevorans,bacteria,8694911,477159,18.2222508639678
Paenibacillus_albiflavus,bacteria,5070245,471708,10.7486941073715
Paenibacillus_albus,bacteria,6632345,2953106,2.24588788888716
Paenibacillus_algicola,bacteria,4475055,1961914,2.28096389546127
Paenibacillus_algorifonticola,bacteria,7468281,786283,9.49820993204737
Paenibacillus_alvei,bacteria,6746382,1411508,4.77955769752579
Paenibacillus_amylolyticus,bacteria,6874714,1488525,4.6184741606624
Paenibacillus_anaericanus,bacteria,6069163,385087,15.7604982770127
Paenibacillus_antarcticus,bacteria,5372668,460077,11.6777582882865
Paenibacillus_antri,bacteria,7182231,598682,11.9967378341089
Paenibacillus_aquistagni,bacteria,5386342,1121300,4.80365825381254
Paenibacillus_baekrokdamisoli,bacteria,7261317,3157938,2.29938554841799
Paenibacillus_barcinonensis,bacteria,6261136,519998,12.0406924642018
Paenibacillus_barengoltzii,bacteria,4781233,1351722,3.53714225262295
Paenibacillus_beijingensis,bacteria,5749967,2472453,2.32561225633005
Paenibacillus_borealis,bacteria,7920638,1922871,4.11917365209982
Paenibacillus_bovis,bacteria,5517199,2269809,2.43068866146887
Paenibacillus_catalpae,bacteria,6620053,1326110,4.99208436705854
Paenibacillus_cellulosilyticus,bacteria,6962125,556276,12.5155947766936
Paenibacillus_chitinolyticus,bacteria,6509090,2804554,2.32090022156821
Paenibacillus_contaminans,bacteria,10232629,729914,14.0189515477166
Paenibacillus_crassostreae,bacteria,4645560,755803,6.14652230806176
Paenibacillus_curdlanolyticus,bacteria,5452778,602436,9.05121539881415
Paenibacillus_darwinianus,bacteria,3004450,134960,22.261781268524
Paenibacillus_dendritiformis,bacteria,6632431,501786,13.2176478950522
Paenibacillus_donghaensis,bacteria,8542333,3608037,2.36758464505769
Paenibacillus_durus,bacteria,5814491,2517572,2.30956340266801
Paenibacillus_elgii,bacteria,7791721,487385,15.9868050789469
Paenibacillus_etheri,bacteria,6634505,748749,8.86078645847941
Paenibacillus_ferrarius,bacteria,9184342,444756,20.6502936441554
Paenibacillus_flagellatus,bacteria,7244097,759758,9.53474264173592
Paenibacillus_ginsengarvi,bacteria,8283483,515193,16.0784075094188
Paenibacillus_glacialis,bacteria,5709291,512146,11.1477801251987
Paenibacillus_glucanolyticus,bacteria,7039886,2600035,2.70761201291521
Paenibacillus_graminis,bacteria,7166464,3088970,2.32001735206234
Paenibacillus_hemerocallicola,bacteria,9652120,279618,34.5189508543799
Paenibacillus_herberti,bacteria,5414232,1719897,3.14799781614829
Paenibacillus_ihbetae,bacteria,6593819,2813090,2.34397726343629
Paenibacillus_illinoisensis,bacteria,7109109,875506,8.12000031981506
Paenibacillus_jamilae,bacteria,5505364,421496,13.0614857554995
Paenibacillus_jilunlii,bacteria,7032114,705176,9.97214028838191
Paenibacillus_kribbensis,bacteria,5778702,2505666,2.30625390614711
Paenibacillus_lactis,bacteria,6805951,751333,9.05850135692163
Paenibacillus_larvae,bacteria,4488171,1565929,2.86613900692613
Paenibacillus_lautus,bacteria,7167238,1428399,5.01767223303853
Paenibacillus_lentus,bacteria,5288676,2280921,2.31865812099586
Paenibacillus_lutimineralis,bacteria,6497679,2802093,2.31886629030514
Paenibacillus_macerans,bacteria,7604551,1405004,5.41247512166629
Paenibacillus_macquariensis,bacteria,6184383,494868,12.4970271553713
Paenibacillus_montanisoli,bacteria,6172437,1526078,4.04464057538343
Paenibacillus_mucilaginosus,bacteria,8740690,3733056,2.34143030459319
Paenibacillus_nanensis,bacteria,6118890,666467,9.1810847348781
Paenibacillus_naphthalenovorans,bacteria,5079531,1404094,3.61765700871879
Paenibacillus_odorifer,bacteria,7117858,429521,16.5716189274409
Paenibacillus_oralis,bacteria,8108289,3335520,2.43089203482516
Paenibacillus_oryzae,bacteria,5905968,428867,13.7710945351356
Paenibacillus_pabuli,bacteria,7114510,849846,8.37152848869089
Paenibacillus_paeoniae,bacteria,5788211,1588122,3.64468913597318
Paenibacillus_pasadenensis,bacteria,5753219,2013785,2.85691819136601
Paenibacillus_pectinilyticus,bacteria,7877932,1106472,7.11986566311665
Paenibacillus_peoriae,bacteria,6041199,1644522,3.67352965589079
Paenibacillus_pini,bacteria,4961801,526030,9.4325437712678
Paenibacillus_pinisoli,bacteria,5962315,1210685,4.92474508232943
Paenibacillus_piri,bacteria,7972962,801600,9.94630988023952
Paenibacillus_polymyxa,bacteria,5589347,1677494,3.33196171692868
Paenibacillus_polysaccharolyticus,bacteria,6495147,506416,12.8257144324034
Paenibacillus_popilliae,bacteria,3833720,123287,31.095898188779
Paenibacillus_prosopidis,bacteria,6635990,492875,13.4638397159523
Paenibacillus_protaetiae,bacteria,4228822,1869851,2.26158233998324
Paenibacillus_rhizophilus,bacteria,5205297,723402,7.19558005092604
Paenibacillus_rhizosphaerae,bacteria,7772540,1388821,5.59650235703521
Paenibacillus_rigui,bacteria,7172832,509721,14.0720747232309
Paenibacillus_riograndensis,bacteria,7650537,1856102,4.12183116063427
Paenibacillus_sabinae,bacteria,5270569,2289777,2.30178266267851
Paenibacillus_sambharensis,bacteria,5661449,500681,11.3074971888288
Paenibacillus_selenitireducens,bacteria,6890642,711926,9.67887392790824
Paenibacillus_silvae,bacteria,6796208,230109,29.5347335393227
Paenibacillus_solani,bacteria,6198757,1894880,3.27131902811788
Paenibacillus_sophorae,bacteria,5807033,560748,10.3558693031451
Paenibacillus_sp,bacteria,6814072,1077023,6.32676444209416
Paenibacillus_stellifer,bacteria,5658798,2435157,2.32379185407758
Paenibacillus_swuensis,bacteria,5012599,2255269,2.22261690290604
Paenibacillus_taichungensis,bacteria,7037254,791781,8.88787871898922
Paenibacillus_taihuensis,bacteria,6788771,330002,20.5719086550991
Paenibacillus_terrae,bacteria,5952677,1262790,4.71390763998563
Paenibacillus_thalictri,bacteria,9419252,508807,18.5124261262129
Paenibacillus_thiaminolyticus,bacteria,6534867,1234864,5.29197478101831
Paenibacillus_tianmuensis,bacteria,6029601,270086,22.3247447109439
Paenibacillus_typhae,bacteria,6740451,389269,17.3156634615138
Paenibacillus_tyrfis,bacteria,8033195,549043,14.6312674963527
Paenibacillus_uliginis,bacteria,6452185,2712407,2.37876727202076
Paenibacillus_vortex,bacteria,6385945,532453,11.9934435527643
Paenibacillus_whitsoniae,bacteria,7421650,347626,21.3495250642932
Paenibacillus_wynnii,bacteria,5988861,1962549,3.05157272506317
Paenibacillus_xylanexedens,bacteria,7226346,2364838,3.05574673614007
Paenibacillus_xylanivorans,bacteria,7087286,547749,12.9389300573803
Paenibacillus_yonginensis,bacteria,4985901,2156779,2.3117347674472
Paenibacillus_zeisoli,bacteria,4401636,856355,5.13996648586159
Paeniclostridium_sordellii,bacteria,3544830,817339,4.33703999786625
Paeniglutamicibacter_gangotriensis,bacteria,4319900,530510,8.14291907786847
Paenirhodobacter_enshiensis,bacteria,3439591,369111,9.3185816732636
Paenisporosarcina_antarctica,bacteria,3972524,1616530,2.45743908247914
Paenisporosarcina_cavernae,bacteria,2537131,1124718,2.25579300766948
Paenisporosarcina_quisquiliarum,bacteria,4033490,651558,6.19053100414698
Paenisporosarcina_sp,bacteria,3771515,803804,4.69208289583033
Palaeococcus_pacificus,bacteria,1859370,856387,2.1711796185603
Palleronia_abyssalis,bacteria,4404602,643341,6.84645001639877
Palleronia_marisminoris,bacteria,3750464,557029,6.73297799575965
Palleronia_sediminis,bacteria,3397122,340739,9.96986549822591
Paludibacter_jiangxiensis,bacteria,3664884,1030770,3.5554818242673
Paludibacter_propionicigenes,bacteria,3685504,1619353,2.27591142882373
Paludibacter_sp,bacteria,4182621,466726,8.96161987975814
Paludibacterium_purpuratum,bacteria,4036026,378442,10.6648469250242
Paludifilum_halophilum,bacteria,3789765,486983,7.78212997168279
Paludisphaera_borealis,bacteria,7651896,3264177,2.34420376100928
Pan_paniscus,ensembl,3286643896,26129673,125.782052305056
Pan_troglodytes,ensembl,3231170666,30200052,106.992221933923
Panacagrimonas_perspica,bacteria,5394127,1040665,5.18334871613282
Pandoraea_apista,bacteria,5609125,525813,10.6675383335314
Pandoraea_faecigallinarum,bacteria,5732664,2404660,2.38398110335765
Pandoraea_fibrosis,bacteria,5574850,349430,15.9541252897576
Pandoraea_norimbergensis,bacteria,6167370,2738401,2.2521792827274
Pandoraea_oxalativorans,bacteria,6500731,2631572,2.47028430155056
Pandoraea_pnomenusa,bacteria,5473255,2393701,2.28652408968372
Pandoraea_pulmonicola,bacteria,5867459,2525171,2.32358877874013
Pandoraea_sp,bacteria,5517969,981881,5.61979287210139
Pandoraea_sputorum,bacteria,5743123,2534154,2.2662880787829
Pandoraea_thiooxydans,bacteria,4464186,2007834,2.22338400485299
Pandoraea_vervacti,bacteria,5736282,2484235,2.3090738195058
Panicum_hallii,plants,511681392,25053969,20.4231669441277
Pannonibacter_indicus,bacteria,4170676,551090,7.56804877606199
Pannonibacter_phragmitetus,bacteria,5253594,2253032,2.33178845218355
Panthera_leo,ensembl,2406807619,17580757,136.900112947355
Panthera_pardus,ensembl,2578019207,14877837,173.279167327885
Panthera_tigris,ensembl,2391065193,9368388,255.226960390624
Pantoea_agglomerans,bacteria,4853779,1072926,4.5238703918205
Pantoea_alhagi,bacteria,4316301,1865206,2.31411490205371
Pantoea_allii,bacteria,4785276,394918,12.1171369752708
Pantoea_ananatis,bacteria,4820718,1452832,3.31815297951741
Pantoea_anthophila,bacteria,4600679,859389,5.35343016957397
Pantoea_beijingensis,bacteria,4058613,445596,9.10827969730429
Pantoea_coffeiphila,bacteria,5876876,493665,11.9045830674648
Pantoea_conspicua,bacteria,4308858,201720,21.3605889351576
Pantoea_cypripedii,bacteria,6553825,2443976,2.68162412396848
Pantoea_deleyi,bacteria,4613848,79608,57.9570897397247
Pantoea_dispersa,bacteria,5132108,1618021,3.17184263986685
Pantoea_latae,bacteria,4960415,351133,14.1268835455511
Pantoea_rodasii,bacteria,5714175,498853,11.454626914141
Pantoea_rwandensis,bacteria,5775402,503098,11.4796759279504
Pantoea_sesami,bacteria,4911511,653030,7.52111082186117
Pantoea_sp,bacteria,5006374,790117,6.33624678694225
Pantoea_stewartii,bacteria,5233214,438013,11.9476225591478
Pantoea_vagans,bacteria,4747671,1934581,2.45410865559743
Pantoea_wallisii,bacteria,4653282,147730,31.4985581804644
Papaver_somniferum,plants,2715377404,39206642,69.2580967275902
Papillibacter_cinnamivorans,bacteria,2890610,467972,6.17688665133812
Papio_anubis,ensembl,2869821163,23607052,121.566266003904
Parabacteroides_acidifaciens,bacteria,5101196,199634,25.5527415169761
Parabacteroides_chartae,bacteria,3915786,310368,12.6165906278998
Parabacteroides_chinchillae,bacteria,3571001,332110,10.7524645448797
Parabacteroides_distasonis,bacteria,5125412,626055,8.18684134270264
Parabacteroides_goldsteinii,bacteria,6783395,1397025,4.85560029348079
Parabacteroides_gordonii,bacteria,6793348,2518019,2.69789386021313
Parabacteroides_johnsonii,bacteria,4621700,884109,5.2275212567978
Parabacteroides_merdae,bacteria,4640867,438828,10.5755949654534
Parabacteroides_sp,bacteria,5407741,631390,8.56482190943168
Paraburkholderia_acidicola,bacteria,7170935,1938569,3.69908680062458
Paraburkholderia_aromaticivorans,bacteria,8907716,2766096,3.22032062516991
Paraburkholderia_aspalathi,bacteria,9892286,547830,18.0572184801855
Paraburkholderia_atlantica,bacteria,7884858,2372703,3.32315422537081
Paraburkholderia_bryophila,bacteria,8014697,642080,12.4823962746075
Paraburkholderia_caballeronis,bacteria,7066941,707882,9.98321895457153
Paraburkholderia_caffeinilytica,bacteria,8324638,2862757,2.90790940341775
Paraburkholderia_caledonica,bacteria,7211159,2446410,2.94764941281306
Paraburkholderia_caribensis,bacteria,9336123,1866732,5.00131959667126
Paraburkholderia_diazotrophica,bacteria,8688577,476362,18.2394418530445
Paraburkholderia_dinghuensis,bacteria,6096551,495820,12.2958956879513
Paraburkholderia_eburnea,bacteria,6947977,755088,9.2015460449643
Paraburkholderia_fungorum,bacteria,8824719,2018754,4.37136989307429
Paraburkholderia_ginsengiterrae,bacteria,8533041,414961,20.5634770496504
Paraburkholderia_graminis,bacteria,7477263,591296,12.6455497754086
Paraburkholderia_guartelaensis,bacteria,9532701,465464,20.4799963047626
Paraburkholderia_hospita,bacteria,11249078,323398,34.7840583183234
Paraburkholderia_humi,bacteria,7619203,449606,16.9463997366583
Paraburkholderia_insulsa,bacteria,9620907,607840,15.8280254672282
Paraburkholderia_lacunae,bacteria,8405011,484138,17.3607752335078
Paraburkholderia_lycopersici,bacteria,7151601,472348,15.1405340977415
Paraburkholderia_megapolitana,bacteria,7607319,1074921,7.07709589821019
Paraburkholderia_monticola,bacteria,7845380,805660,9.73782985378448
Paraburkholderia_pallida,bacteria,10394431,2544046,4.08578736390773
Paraburkholderia_phenazinium,bacteria,8758709,2420261,3.61891035523541
Paraburkholderia_phenoliruptrix,bacteria,7651131,2570062,2.97702195511237
Paraburkholderia_phymatum,bacteria,8676562,2468868,3.51438878060714
Paraburkholderia_phytofirmans,bacteria,8394774,2815203,2.98194268761436
Paraburkholderia_piptadeniae,bacteria,9710046,331944,29.252060588533
Paraburkholderia_rhizosphaerae,bacteria,7502960,443239,16.9275718066325
Paraburkholderia_rhynchosiae,bacteria,8029899,469658,17.0973325270729
Paraburkholderia_ribeironis,bacteria,7279154,267265,27.2357173591754
Paraburkholderia_sacchari,bacteria,7263741,500731,14.506273827664
Paraburkholderia_sartisoli,bacteria,5930529,1066447,5.5610161592653
Paraburkholderia_sediminicola,bacteria,10935592,3420793,3.19680027408849
Paraburkholderia_silvatlantica,bacteria,8087491,433572,18.6531671786924
Paraburkholderia_silviterrae,bacteria,9169988,744463,12.3175873078984
Paraburkholderia_soli,bacteria,6096209,423590,14.3917679831913
Paraburkholderia_sordidicola,bacteria,6874511,643060,10.6903103909433
Paraburkholderia_sp,bacteria,8573411,1961414,4.37103618377978
Paraburkholderia_sprentiae,bacteria,7829542,2400955,3.26101155581841
Paraburkholderia_susongensis,bacteria,7718996,930916,8.29182869345892
Paraburkholderia_symbiotica,bacteria,6878409,596901,11.5235332157259
Paraburkholderia_terrae,bacteria,10062489,2697550,3.73023261848715
Paraburkholderia_terricola,bacteria,7321401,325851,22.468554646142
Paraburkholderia_tropica,bacteria,9230704,475186,19.4254415285513
Paraburkholderia_tuberum,bacteria,8977308,2582199,3.47661353753138
Paraburkholderia_unamae,bacteria,9831033,550605,17.8549649930531
Paraburkholderia_xenovorans,bacteria,9731138,3133620,3.10539822952368
Paracandidimonas_soli,bacteria,3892807,647501,6.01204785784115
Parachlamydia_acanthamoebae,bacteria,3040634,727356,4.18039309499062
Parachlamydia_sp,bacteria,3042961,247104,12.3144951113701
Paracidobacterium_acidisoli,bacteria,5004050,822235,6.08591217839182
Paraclostridium_benzoelyticum,bacteria,3555957,76428,46.5268880514995
Paraclostridium_bifermentans,bacteria,3554110,736823,4.82355788587947
Paracoccus_aestuarii,bacteria,3747355,108491,34.5406992285074
Paracoccus_alcaliphilus,bacteria,4610056,221828,20.7821194799574
Paracoccus_alkanivorans,bacteria,4662693,748730,6.22746918114674
Paracoccus_alkenifer,bacteria,3191900,714766,4.46565729203683
Paracoccus_aminophilus,bacteria,4873118,1803256,2.70239943746201
Paracoccus_aminovorans,bacteria,3946204,236238,16.7043574700091
Paracoccus_chinensis,bacteria,3632870,358121,10.1442529201024
Paracoccus_contaminans,bacteria,3033494,1341523,2.26123145111936
Paracoccus_denitrificans,bacteria,4166172,1034865,4.02581206244293
Paracoccus_gahaiensis,bacteria,4182080,453252,9.22683187277717
Paracoccus_haematequi,bacteria,4103082,251450,16.3176854245377
Paracoccus_haeundaensis,bacteria,4104828,215944,19.0087615307672
Paracoccus_halophilus,bacteria,4010780,295951,13.5521987629688
Paracoccus_hibiscisoli,bacteria,3958688,224748,17.6138964529162
Paracoccus_homiensis,bacteria,3868263,427561,9.04727746450214
Paracoccus_isoporae,bacteria,3523473,566964,6.21463267509048
Paracoccus_jeotgali,bacteria,3299166,1460863,2.25836782778399
Paracoccus_liaowanqingii,bacteria,4925228,1616787,3.04630603783925
Paracoccus_lutimaris,bacteria,4206165,395491,10.6352989069284
Paracoccus_marcusii,bacteria,3673154,82542,44.5004240265562
Paracoccus_onubensis,bacteria,4764139,446045,10.6808483448979
Paracoccus_pantotrophus,bacteria,4696656,760523,6.17555762041051
Paracoccus_salipaludis,bacteria,3674522,446874,8.22272497393001
Paracoccus_saliphilus,bacteria,4570660,517064,8.83964074079804
Paracoccus_sanguinis,bacteria,3620650,511413,7.07970473932491
Paracoccus_sediminis,bacteria,3645751,489263,7.45151585139281
Paracoccus_seriniphilus,bacteria,4195486,445887,9.40930325396345
Paracoccus_siganidrum,bacteria,4906790,76740,63.9404482668752
Paracoccus_solventivorans,bacteria,3377602,533376,6.33249715022798
Paracoccus_sp,bacteria,4010651,512840,7.82047948286187
Paracoccus_sphaerophysae,bacteria,3358707,157343,21.3464024456125
Paracoccus_subflavus,bacteria,3183584,467442,6.81065030527852
Paracoccus_suum,bacteria,3250998,1492135,2.17875594366461
Paracoccus_tegillarcae,bacteria,3954736,1753543,2.25528316100603
Paracoccus_thiocyanatus,bacteria,3530182,75063,47.029588479011
Paracoccus_tibetensis,bacteria,3911405,448162,8.72765874839902
Paracoccus_versutus,bacteria,5348232,668637,7.99870433000052
Paracoccus_yeei,bacteria,4706228,1749984,2.68929721847034
Paracoccus_zhejiangensis,bacteria,4637247,1935746,2.39558650773397
Paracraurococcus_sp,bacteria,5942589,363791,16.3351732175892
Paradesulfovibrio_bizertensis,bacteria,3266412,505424,6.46271645192947
Parafilimonas_terrae,bacteria,4985410,710833,7.01347573902731
Paraflavitalea_soli,bacteria,8443189,3784696,2.23087640328312
Parageobacillus_caldoxylosilyticus,bacteria,3874173,205470,18.8552193877924
Parageobacillus_galactosidasius,bacteria,3794830,1358202,2.7940100220733
Parageobacillus_genomosp,bacteria,3622385,1570653,2.30629235101579
Parageobacillus_thermantarcticus,bacteria,3448881,256818,13.4292806578978
Parageobacillus_thermoglucosidasius,bacteria,3980223,688501,5.7809974132209
Parageobacillus_toebii,bacteria,3363166,575340,5.84552389571158
Paraglaciecola_agarilytica,bacteria,5654924,267801,21.1161422100739
Paraglaciecola_arctica,bacteria,5964456,369711,16.1327523389891
Paraglaciecola_hydrolytica,bacteria,5221450,932801,5.59760334733775
Paraglaciecola_mesophila,bacteria,5055761,302168,16.7316228058563
Paraglaciecola_polaris,bacteria,5239503,301092,17.4016679287394
Paraglaciecola_psychrophila,bacteria,5413691,2252565,2.40334507550282
Paraglaciecola_sp,bacteria,6478889,839821,7.71460704126236
Paralcaligenes_ureilyticus,bacteria,4367788,466078,9.37136702440364
Paraliobacillus_ryukyuensis,bacteria,3095919,517218,5.98571395427073
Paraliobacillus_sp,bacteria,2925430,1074297,2.72311102050923
Paramaledivibacter_caminithermalis,bacteria,4060624,175663,23.1159891382932
Parambassis_ranga,ensembl,551012959,17305945,31.8395186740741
Paramecium_tetraurelia,protists,72094543,915357,78.7611205245604
Paramesorhizobium_deserti,bacteria,5482214,998143,5.49241341170554
Paramormyrops_kingsleyae,ensembl,799421083,4887739,163.556418008408
Paramuribaculum_intestinale,bacteria,2929043,207203,14.1361032417484
Paraoerskovia_marina,bacteria,2986943,1377679,2.16809793863447
Parapedobacter_composti,bacteria,4622024,526137,8.78482980668533
Parapedobacter_indicus,bacteria,6155226,750484,8.20167518561355
Parapedobacter_koreensis,bacteria,5547756,833933,6.65252004657449
Parapedobacter_luteus,bacteria,4829924,705071,6.85026614340967
Parapedobacter_sp,bacteria,5478545,29448,186.041327085031
Paraperlucidibaca_baekdonensis,bacteria,2295583,608707,3.77124462179669
Paraphotobacterium_marinum,bacteria,2593992,905317,2.86528586119558
Paraprevotella_clara,bacteria,4174996,310044,13.4658043527109
Paraprevotella_xylaniphila,bacteria,3789812,247183,15.3320090782942
Pararcticibacter_amylolyticus,bacteria,6314794,481451,13.1161717391801
Pararheinheimera_mesophila,bacteria,3817161,1094888,3.48634837535894
Pararhizobium_polonicum,bacteria,6265340,641957,9.75975026364694
Pararhodobacter_aggregans,bacteria,5079942,635278,7.99640787182934
Pararhodobacter_marinus,bacteria,4486134,480634,9.33378412679919
Pararhodobacter_oceanensis,bacteria,4085976,726081,5.62743826102046
Pararhodospirillum_photometricum,bacteria,3876289,1695752,2.28588201576646
Pararobbsia_silviterrae,bacteria,6642683,823284,8.06851949023666
Parasaccharibacter_apium,bacteria,1931164,329024,5.86936971163198
Parascardovia_denticolens,bacteria,1908496,646327,2.95283143422683
Parasedimentitalea_marina,bacteria,5080916,2042236,2.48791814462188
Parashewanella_curva,bacteria,4777953,179073,26.6815935400647
Parashewanella_spongiae,bacteria,4967072,83329,59.6079636141079
Parasphingopyxis_lamellibrachiae,bacteria,2947125,1334374,2.20861992215076
Parasphingorhabdus_marina,bacteria,3547928,1302552,2.72382830013696
Parasporobacterium_paucivorans,bacteria,2443757,187493,13.0338572640045
Parasulfuritortus_cantonensis,bacteria,3221998,230751,13.9630944177923
Parasutterella_excrementihominis,bacteria,2831696,147413,19.2092691960682
Parasynechococcus_marenigrum,bacteria,2434428,1105294,2.20251625359407
Paraurantiacibacter_namhicola,bacteria,2591679,1203671,2.15314566854232
Parcubacteria_group,bacteria,1288393,76404,16.8628998481755
Paremcibacter_congregatus,bacteria,4148618,655392,6.32997961525316
Parendozoicomonas_haliclonae,bacteria,5467208,639868,8.54427475666856
Parenemella_sanctibonifatiensis,bacteria,3037313,530914,5.7209133682668
Paroceanicella_profunda,bacteria,5468583,1929831,2.83371082752842
Parus_major,ensembl,1020310768,16214406,62.9261884770864
Parvibacter_caecicola,bacteria,2412878,519510,4.64452657311698
Parvibaculum_lavamentivorans,bacteria,3914745,1767474,2.21488123729119
Parvibaculum_sp,bacteria,4032584,459264,8.78052944092473
Parvibium_lacunae,bacteria,2634037,661980,3.97902806731321
Parvimonas_micra,bacteria,1664248,650180,2.55967270601987
Parvimonas_sp,bacteria,1526414,408722,3.73460423352485
Parvularcula_bermudensis,bacteria,2902643,1323229,2.19360594424699
Parvularcula_marina,bacteria,3400641,1462281,2.32557285501214
Parvularcula_sp,bacteria,3476485,120997,28.7321120858868
Pasteurella_bettyae,bacteria,2253160,232384,9.69584825117048
Pasteurella_caecimuris,bacteria,2582460,316272,8.16531340112308
Pasteurella_canis,bacteria,2344458,988680,2.37130112877776
Pasteurella_dagmatis,bacteria,2263252,586598,3.85826750176441
Pasteurella_langaaensis,bacteria,1989693,253049,7.86287635991448
Pasteurella_multocida,bacteria,2365625,936737,2.52538812018453
Pasteurella_skyensis,bacteria,2191244,160651,13.6397781526414
Pasteurella_testudinis,bacteria,2918733,292066,9.99340217622044
Pasteurellaceae_bacterium,bacteria,2620829,261420,10.0253481828338
Paucibacter_aquatile,bacteria,5523543,2053420,2.68992363958664
Paucibacter_sp,bacteria,5383881,1461406,3.6840432036146
Paucibacter_toxinivorans,bacteria,6368575,1088150,5.85266277627165
Paucidesulfovibrio_gracilis,bacteria,3179481,424232,7.49467508344491
Paucilactobacillus_hokkaidonensis,bacteria,2400586,1020926,2.35138100116953
Paucilactobacillus_oligofermentans,bacteria,1832229,491346,3.72899952375719
Paucilactobacillus_suebicus,bacteria,2651315,165246,16.0446546361183
Paucilactobacillus_vaccinostercus,bacteria,2559201,313302,8.16847961391884
Paucilactobacillus_wasatchensis,bacteria,1904253,93656,20.3324186384215
Paucimonas_lemoignei,bacteria,5069796,1568308,3.23265431045889
Pavo_cristatus,ensembl,1027510962,1223952,839.502661869093
Pectinatus_cerevisiiphilus,bacteria,2637495,231239,11.4059263359554
Pectobacterium_aquaticum,bacteria,4395676,201670,21.7963802251202
Pectobacterium_atrosepticum,bacteria,5064019,2202411,2.29930698675225
Pectobacterium_betavasculorum,bacteria,4685213,972010,4.82012839374081
Pectobacterium_brasiliense,bacteria,4926602,1246861,3.95120386314112
Pectobacterium_carotovorum,bacteria,4873456,893469,5.45453159132225
Pectobacterium_fontis,bacteria,4151564,215337,19.27938069166
Pectobacterium_odoriferum,bacteria,5472601,449689,12.1697462023754
Pectobacterium_parmentieri,bacteria,5195857,2225543,2.33464717029668
Pectobacterium_peruviense,bacteria,4797741,507389,9.45574500038432
Pectobacterium_polaris,bacteria,4764932,423376,11.2546202072706
Pectobacterium_polonicum,bacteria,4836128,447903,10.7972663724065
Pectobacterium_punjabense,bacteria,4732531,284486,16.6353739727087
Pectobacterium_wasabiae,bacteria,5043228,2179576,2.31385737409478
Pediococcus_acidilactici,bacteria,2038077,649927,3.13585641824785
Pediococcus_argentinicus,bacteria,1764961,118111,14.9432398337157
Pediococcus_cellicola,bacteria,2038400,288975,7.05389739596851
Pediococcus_claussenii,bacteria,1978793,825460,2.39720034889637
Pediococcus_damnosus,bacteria,2300167,665483,3.45638681478966
Pediococcus_ethanolidurans,bacteria,2260906,162175,13.9411499922923
Pediococcus_inopinatus,bacteria,2114096,120644,17.5234242896456
Pediococcus_parvulus,bacteria,2236754,131149,17.0550595124629
Pediococcus_pentosaceus,bacteria,1896012,629316,3.01281231507712
Pediococcus_stilesii,bacteria,1967952,175604,11.2067897279952
Pedobacter_africanus,bacteria,5722867,1920707,2.97956273393079
Pedobacter_alluvionis,bacteria,6037645,1304402,4.62866892261741
Pedobacter_antarcticus,bacteria,4568219,506437,9.02031052233545
Pedobacter_borealis,bacteria,5790549,2487782,2.32759502239344
Pedobacter_caeni,bacteria,7828785,1470825,5.32271684258834
Pedobacter_changchengzhani,bacteria,3903523,533550,7.31613344578765
Pedobacter_chinensis,bacteria,5448160,912785,5.96872209775577
Pedobacter_chitinilyticus,bacteria,5052099,1085714,4.65325030348692
Pedobacter_cryoconitis,bacteria,6015395,1593601,3.77471838935844
Pedobacter_cryophilus,bacteria,3991797,902033,4.42533366295912
Pedobacter_cryotolerans,bacteria,4246102,583394,7.27827505939382
Pedobacter_duraquae,bacteria,5288263,1173389,4.50682851126097
Pedobacter_frigidisoli,bacteria,5273566,477635,11.0409957394245
Pedobacter_frigiditerrae,bacteria,5810223,1239331,4.68819306545225
Pedobacter_frigoris,bacteria,4686568,1081671,4.3327111478444
Pedobacter_ginsengisoli,bacteria,5373360,2472609,2.17315394387062
Pedobacter_ginsenosidimutans,bacteria,6517553,563801,11.5600238381982
Pedobacter_glucosidilyticus,bacteria,3872381,257566,15.0345193076726
Pedobacter_hartonius,bacteria,5188723,618604,8.38779413000886
Pedobacter_heparinus,bacteria,5167383,2409279,2.14478397894142
Pedobacter_hiemivivus,bacteria,6511170,796194,8.17787321800542
Pedobacter_insulae,bacteria,4388005,561706,7.81192474354912
Pedobacter_jejuensis,bacteria,4795808,523436,9.16216691247832
Pedobacter_kyonggii,bacteria,6186183,461669,13.3996066445874
Pedobacter_kyungheensis,bacteria,6358642,411528,15.4512985750666
Pedobacter_lusitanus,bacteria,5988187,158675,37.7386922955727
Pedobacter_metabolipauper,bacteria,5251143,1213245,4.32818021092195
Pedobacter_miscanthi,bacteria,6696979,414732,16.1477267247283
Pedobacter_nutrimenti,bacteria,5716991,885760,6.45433413114162
Pedobacter_nyackensis,bacteria,6077111,794360,7.65032353089279
Pedobacter_paludis,bacteria,5018229,836170,6.0014458782305
Pedobacter_polaris,bacteria,4574302,1145440,3.99348896493924
Pedobacter_psychrodurus,bacteria,6094659,414808,14.6927228983048
Pedobacter_psychrophilus,bacteria,3999136,794794,5.03166355055524
Pedobacter_psychroterrae,bacteria,5112203,1278233,3.99942968144305
Pedobacter_psychrotolerans,bacteria,5193952,794672,6.53596955725129
Pedobacter_rhizosphaerae,bacteria,5789302,329440,17.573160514813
Pedobacter_soli,bacteria,6006420,762880,7.87334836409396
Pedobacter_sp,bacteria,5802270,991128,5.85420723490986
Pedobacter_steynii,bacteria,7321180,1991981,3.67532622048102
Pedobacter_suwonensis,bacteria,5803831,493587,11.7584762159457
Pedobacter_terrae,bacteria,5755101,522065,11.0237250150843
Pedobacter_xixiisoli,bacteria,4974702,1221202,4.07361108154097
Pedobacter_yonginense,bacteria,4372417,1128337,3.87509848564746
Pedobacter_yulinensis,bacteria,4310741,1100437,3.91729921840142
Pedococcus_cremeus,bacteria,4330933,603419,7.17732288840756
Pedococcus_dokdonensis,bacteria,3942164,1798922,2.19140351832931
Pedosphaera_parvula,bacteria,7414222,323932,22.8882049318993
Pedosphaera_sp,bacteria,4521817,158044,28.6110836047499
Pelagerythrobacter_aerophilus,bacteria,3653105,666499,5.48103598054911
Pelagerythrobacter_rhizovicinus,bacteria,3007728,1090230,2.75880135384277
Pelagibaca_sp,bacteria,5608188,86010,65.2039065224974
Pelagibacteraceae_bacterium,bacteria,1347427,129454,10.4085370092852
Pelagibacterales_bacterium,bacteria,1450038,53493,27.1070607369189
Pelagibacterium_halotolerans,bacteria,3948887,1781227,2.21694764339413
Pelagibacterium_lacus,bacteria,3272393,265549,12.323123039439
Pelagibacterium_luteolum,bacteria,4296818,598128,7.18377671668941
Pelagibacterium_sp,bacteria,5558666,629549,8.82959944341108
Pelagibaculum_spongiae,bacteria,4985720,865369,5.76138040535309
Pelagicola_litoralis,bacteria,3570835,326229,10.9457926793755
Pelagicola_sp,bacteria,3103730,1398704,2.21900416385454
Pelagimonas_phthalicica,bacteria,4814893,1459480,3.29904692082111
Pelagimonas_varians,bacteria,4897107,407883,12.006156177139
Pelagirhabdus_alkalitolerans,bacteria,2527601,408015,6.19487273752191
Pelagivirga_sediminicola,bacteria,3981807,567887,7.01161850861175
Pelagovum_pacificum,bacteria,4108753,1502021,2.73548305915829
Pelobacter_propionicus,bacteria,4241119,1826720,2.32171268722081
Pelobium_manganitolerans,bacteria,3932770,443524,8.86709625634689
Pelodictyon_luteolum,bacteria,2259535,634388,3.56175558175754
Pelodictyon_phaeoclathratiforme,bacteria,3018238,1334658,2.26143176753895
Pelodiscus_sinensis,ensembl,2202483752,6207881,354.788333088215
Pelolinea_submarina,bacteria,3519570,1093622,3.21826920087562
Pelomonas_puraquae,bacteria,6057990,1006947,6.01619548993145
Pelomonas_saccharophila,bacteria,5771016,342425,16.8533722713003
Pelomonas_sp,bacteria,6129420,1192654,5.13931029182111
Pelosinus_fermentans,bacteria,5210462,1412447,3.68896237839805
Pelosinus_propionicus,bacteria,5413664,187277,28.9072550286474
Pelosinus_sp,bacteria,5115410,2183549,2.34270446873416
Pelotomaculum_sp,bacteria,3462229,164079,21.1009527408249
Pelotomaculum_thermopropionicum,bacteria,3025375,1311357,2.30705673588504
Pelusios_castaneus,ensembl,2044278682,11517750,177.489412602288
Peptacetobacter_hiranonis,bacteria,2479772,563142,4.40345774245217
Peptidiphaga_gingivicola,bacteria,2524828,945020,2.67171911705572
Peptoanaerobacter_stomatis,bacteria,2501555,308092,8.11950732248809
Peptoclostridium_acidaminophilum,bacteria,3055036,1175029,2.59996646891268
Peptoclostridium_litorale,bacteria,3404633,531891,6.40099757281097
Peptoclostridium_sp,bacteria,2460978,228575,10.7666105217106
Peptococcaceae_bacterium,bacteria,3984503,302950,13.1523675288016
Peptococcus_niger,bacteria,1968473,268109,7.34206237015542
Peptoniphilus_asaccharolyticus,bacteria,2232586,706713,3.15911268081951
Peptoniphilus_coxii,bacteria,1835250,205293,8.93966184916193
Peptoniphilus_duerdenii,bacteria,2124844,915200,2.3217263986014
Peptoniphilus_grossensis,bacteria,2143413,927687,2.31049157743937
Peptoniphilus_harei,bacteria,1958843,410485,4.77201702699894
Peptoniphilus_indolicus,bacteria,2242916,817292,2.74432638518424
Peptoniphilus_ivorii,bacteria,1587771,718913,2.20857182997108
Peptoniphilus_lacrimalis,bacteria,2362006,394879,5.98159520595761
Peptoniphilus_sp,bacteria,1801685,351392,5.12727499818184
Peptostreptococcaceae_bacterium,bacteria,2042881,332556,6.14297151680583
Peptostreptococcus_anaerobius,bacteria,2065043,340343,6.06753334136445
Peptostreptococcus_russellii,bacteria,2104587,355365,5.92232493351906
Peptostreptococcus_sp,bacteria,2129548,224688,9.477821418637
Peptostreptococcus_stomatis,bacteria,1988044,140066,14.193623006297
Peribacillus_asahii,bacteria,4614388,1188187,3.88355489647459
Peribacillus_butanolivorans,bacteria,5713358,1549708,3.68673274507902
Peribacillus_cavernae,bacteria,4547591,508895,8.93620687961171
Peribacillus_deserti,bacteria,4915484,183505,26.7866488651535
Peribacillus_frigoritolerans,bacteria,5022151,1686615,2.97765109405525
Peribacillus_glennii,bacteria,4469041,809761,5.51896300266375
Peribacillus_loiseleuriae,bacteria,5428425,2065515,2.62812180013217
Peribacillus_muralis,bacteria,5007018,2077254,2.41040238699745
Peribacillus_saganii,bacteria,4356520,244837,17.7935524450961
Peribacillus_simplex,bacteria,5611392,996508,5.6310537503802
Periophthalmus_magnuspinnatus,ensembl,701696780,17468699,40.1688059311114
Periweissella_cryptocerci,bacteria,3020651,1231053,2.45371320324958
Permianibacter_aggregans,bacteria,4196277,365179,11.491013995876
Peromyscus_maniculatus,ensembl,2512423440,16251347,154.597858257534
Persephonella_hydrogeniphila,bacteria,1998302,405068,4.93325071346046
Persephonella_marina,bacteria,1983966,934613,2.12276739142297
Petrimonas_mucosa,bacteria,3717632,1699320,2.18771743991714
Petrimonas_sp,bacteria,3693233,1700174,2.17226766201577
Petrocella_atlantisensis,bacteria,3518882,1556462,2.26082101586804
Petromyzon_marinus,ensembl,885550958,810961,1091.97724428178
Petrotoga_halophila,bacteria,2820836,64682,43.6108345443864
Petrotoga_mexicana,bacteria,2128686,236014,9.01932088774395
Petrotoga_miotherma,bacteria,2107090,111811,18.8451046855855
Petrotoga_mobilis,bacteria,1858382,343895,5.40391747101347
Petrotoga_olearia,bacteria,2031766,296566,6.85097415077925
Petrotoga_sibirica,bacteria,2065517,192528,10.7283979473116
Petrotoga_sp,bacteria,2120479,201955,10.4997850175823
Phaeobacter_gallaeciensis,bacteria,4416177,1437264,3.07262704126955
Phaeobacter_inhibens,bacteria,4624019,1063530,4.3478026007729
Phaeobacter_italicus,bacteria,4055188,462743,8.76336973222718
Phaeobacter_piscinae,bacteria,4310931,1685826,2.55716218637036
Phaeobacter_porticola,bacteria,4207221,1705773,2.46646007411303
Phaeobacter_sp,bacteria,4654953,405171,11.4888716012465
Phaeodactylibacter_xiamenensis,bacteria,7868778,447477,17.5847652505045
Phaeodactylum_tricornutum,protists,27568093,1774150,15.5387610968633
Phaeosphaeria_nodorum,fungi,37285498,1762893,21.1501764429265
Phaeovulum_veldkampii,bacteria,3264455,164452,19.8505034903802
Phaeovulum_vinaykumarii,bacteria,3481684,694360,5.01423469093842
Phanerochaete_chrysosporium,fungi,35149519,2615039,13.441298198612
Phascolarctobacterium_faecium,bacteria,2454371,1111129,2.20889833673678
Phascolarctobacterium_sp,bacteria,2193621,310358,7.06803433454269
Phascolarctobacterium_succinatutens,bacteria,2287032,157855,14.4881790250546
Phascolarctos_cinereus,ensembl,3192581492,12746627,250.464808611721
Phaseolus_vulgaris,plants,521076696,20011620,26.0387063116329
Phasianus_colchicus,ensembl,1017507340,10321228,98.5839417557678
Phenylobacterium_deserti,bacteria,3878658,1141494,3.39787856966397
Phenylobacterium_hankyongense,bacteria,3841079,1738564,2.20934000704029
Phenylobacterium_kunshanense,bacteria,4184663,680996,6.14491568232413
Phenylobacterium_parvum,bacteria,2828535,1308959,2.16090419944399
Phenylobacterium_soli,bacteria,4024128,1714968,2.34647410330688
Phenylobacterium_sp,bacteria,4471362,675735,6.61703834684033
Phenylobacterium_zucineum,bacteria,4379231,1933229,2.26524172770013
Phocaeicola_coprocola,bacteria,3926951,176893,22.1996438514917
Phocaeicola_coprophilus,bacteria,3767408,375693,10.027888462122
Phocaeicola_dorei,bacteria,5878567,1294509,4.54115668705694
Phocaeicola_massiliensis,bacteria,4564584,371998,12.270453066952
Phocaeicola_plebeius,bacteria,3899967,278302,14.0134569533309
Phocaeicola_salanitronis,bacteria,4308663,1885928,2.28463811980097
Phocaeicola_sartorii,bacteria,5320143,567851,9.36891488164579
Phocaeicola_vulgatus,bacteria,5121430,433237,11.821320543437
Phocoena_sinus,ensembl,2371524154,23976642,98.9097703506605
Phocoenobacter_uteri,bacteria,2181724,956605,2.2806947486162
Phorcysia_thermohydrogeniphila,bacteria,1621410,389849,4.15907184576593
Phormidesmis_priestleyi,bacteria,5821319,357459,16.2852774723815
Phormidium_ambiguum,bacteria,7410502,339670,21.8167692171814
Phormidium_sp,bacteria,4694862,127199,36.9095826225049
Phormidium_tenue,bacteria,5821893,565113,10.3021749632374
Photobacterium_andalusiense,bacteria,4455676,824083,5.40682916647959
Photobacterium_angustum,bacteria,4869099,877788,5.54701231846882
Photobacterium_aphoticum,bacteria,5339240,526820,10.1348458676588
Photobacterium_aquae,bacteria,5078735,482510,10.5256574993264
Photobacterium_aquimaris,bacteria,4481332,440728,10.1680304466174
Photobacterium_carnosum,bacteria,4559543,383931,11.8759438544947
Photobacterium_chitinilyticum,bacteria,5923999,934124,6.34176940106453
Photobacterium_damselae,bacteria,4621677,790434,5.84701173659028
Photobacterium_frigidiphilum,bacteria,6446463,372675,17.2978144495874
Photobacterium_gaetbulicola,bacteria,5929766,1206495,4.91486993315347
Photobacterium_galatheae,bacteria,4533138,295632,15.3337189478811
Photobacterium_ganghwense,bacteria,5536932,632026,8.76060794967296
Photobacterium_halotolerans,bacteria,4758027,504001,9.44051103073208
Photobacterium_iliopiscarium,bacteria,4530314,290217,15.6101169299471
Photobacterium_indicum,bacteria,5905913,955255,6.18255125594737
Photobacterium_jeanii,bacteria,5047042,998324,5.05551504321242
Photobacterium_kishitanii,bacteria,5439245,540216,10.0686475409836
Photobacterium_leiognathi,bacteria,4856993,669106,7.25893375558862
Photobacterium_lipolyticum,bacteria,4943313,528179,9.35916232943756
Photobacterium_lutimaris,bacteria,5967087,842025,7.08659125322882
Photobacterium_malacitanum,bacteria,4380538,810117,5.40729055185856
Photobacterium_marinum,bacteria,5536962,516345,10.7233768120152
Photobacterium_phosphoreum,bacteria,4769438,648682,7.3525078089134
Photobacterium_piscicola,bacteria,4525300,879595,5.14475411979377
Photobacterium_profundum,bacteria,6403280,2267592,2.82382368609521
Photobacterium_proteolyticum,bacteria,6484429,341091,19.0108475450833
Photobacterium_rosenbergii,bacteria,6354436,930780,6.82700100990567
Photobacterium_sanctipauli,bacteria,5840212,626460,9.32256169587843
Photobacterium_sanguinicancri,bacteria,5475421,107924,50.7340443274897
Photobacterium_sp,bacteria,4649797,451776,10.2922620944893
Photobacterium_swingsii,bacteria,5548397,666317,8.32696299208935
Photobacterium_toruni,bacteria,4420947,407336,10.8533176542216
Photorhabdus_aegyptia,bacteria,5004588,141084,35.4723994216212
Photorhabdus_asymbiotica,bacteria,5094138,2125657,2.39650047020756
Photorhabdus_australis,bacteria,4912527,287100,17.1108568443051
Photorhabdus_bodei,bacteria,5059726,326046,15.5184421830049
Photorhabdus_heterorhabditis,bacteria,4878919,189414,25.7579640364493
Photorhabdus_khanii,bacteria,5372433,552631,9.72156350400494
Photorhabdus_laumondii,bacteria,5399192,1359336,3.97193335569719
Photorhabdus_luminescens,bacteria,5502484,332395,16.5540298817931
Photorhabdus_namnaonensis,bacteria,5420031,426018,12.7225398926806
Photorhabdus_sp,bacteria,5274798,236003,22.3505764233679
Photorhabdus_temperata,bacteria,5405464,439209,12.3072770066625
Photorhabdus_thracensis,bacteria,5147098,2169922,2.37201982375403
Phototrophicales_bacterium,bacteria,4058551,36698,110.593247588424
Phragmitibacter_flavus,bacteria,5910933,436582,13.5391129272393
Phreatobacter_cathodiphilus,bacteria,4494445,2017823,2.2273732631653
Phreatobacter_oligotrophus,bacteria,4880542,670775,7.27597480526257
Phreatobacter_sp,bacteria,4975052,2236031,2.22494768632456
Phreatobacter_stygius,bacteria,7354671,3271970,2.24778069481077
Phycicoccus_duodecadis,bacteria,3500352,1615209,2.16712016834973
Phycicoccus_elongatus,bacteria,3174691,1429263,2.22120841300726
Phycicoccus_flavus,bacteria,4431056,70598,62.7646108954928
Phycicoccus_sp,bacteria,4225642,1313579,3.21689155793227
Phycisphaera_mikurensis,bacteria,3884382,1698206,2.2873444093355
Phycisphaera_sp,bacteria,3288628,825604,3.98329949951793
Phycisphaeraceae_bacterium,bacteria,5857862,101069,57.9590378850093
Phycisphaerae_bacterium,bacteria,3378008,239908,14.0804308318189
Phycisphaerales_bacterium,bacteria,3072153,123537,24.8683789811108
Phyllobacteriaceae_bacterium,bacteria,4884171,316094,15.4516409675603
Phyllobacterium_bourgognense,bacteria,5618596,581915,9.65535516355481
Phyllobacterium_brassicacearum,bacteria,5793994,460561,12.5802966382303
Phyllobacterium_endophyticum,bacteria,5512535,1251803,4.40367613753921
Phyllobacterium_leguminum,bacteria,3737298,280792,13.3098450098293
Phyllobacterium_myrsinacearum,bacteria,5437700,1000441,5.43530303136317
Phyllobacterium_salinisoli,bacteria,5058279,659223,7.67309241334116
Phyllobacterium_sophorae,bacteria,6358399,696229,9.13262590325884
Phyllobacterium_sp,bacteria,4976127,857430,5.80353918241691
Phyllobacterium_zundukense,bacteria,5954060,646014,9.2166114047064
Physcomitrium_patens,plants,471852792,17307010,27.2636805548734
Physeter_catodon,ensembl,2512132974,16799572,149.53553423861
Phytoactinopolyspora_halophila,bacteria,5046265,464953,10.8532797938716
Phytobacter_diazotrophicus,bacteria,5544270,535046,10.3622305371875
Phytobacter_palmae,bacteria,5284330,530024,9.96998249135888
Phytobacter_ursingii,bacteria,6166452,2544179,2.42374927235859
Phytophthora_infestans,protists,228543505,4146713,55.1143773393529
Phytophthora_kernoviae,protists,43208681,265571,162.701051696157
Phytophthora_lateralis,protists,43981379,160737,273.623241692952
Phytophthora_parasitica,protists,55229644,230851,239.243685320835
Phytophthora_ramorum,protists,66652401,935446,71.2520027879749
Phytophthora_sojae,protists,82597641,8288388,9.96546505786167
Picrophilus_oshimae,bacteria,1534155,426720,3.59522637795276
Picrophilus_torridus,bacteria,1545895,712839,2.16864537434119
Pigmentiphaga_humi,bacteria,5118913,406753,12.5848192883642
Pigmentiphaga_kullae,bacteria,6220214,1964675,3.16602695102243
Pigmentiphaga_sp,bacteria,5863409,1213088,4.83345753427067
Pilibacter_termitis,bacteria,2794241,155733,17.9425105790038
Piliocolobus_tephrosceles,ensembl,3038007327,12188020,249.261760893074
Pimelobacter_simplex,bacteria,5634598,1912049,2.94688969791046
Pirellula_sp,bacteria,6534136,2926542,2.23271560770356
Pirellula_staleyi,bacteria,6196199,2671129,2.31969290887861
Piscibacillus_halophilus,bacteria,2992995,208133,14.3802040041704
Pisciglobus_halotolerans,bacteria,2437433,156074,15.6171623716955
Piscirickettsia_salmonis,bacteria,3377674,1357390,2.48835927773153
Piscirickettsiaceae_bacterium,bacteria,2719380,100431,27.0770303068019
Pistacia_vera,plants,671152441,2358705,284.542764355865
Pisum_sativum,plants,3920131294,27377252,143.189363709696
Planctomicrobium_piriforme,bacteria,6317004,508076,12.4331871609759
Planctomyces_sp,bacteria,7613716,3171375,2.40076181467029
Planctomycetaceae_bacterium,bacteria,7195294,162051,44.4013097079075
Planctomycetales_bacterium,bacteria,4772914,144822,32.9571059645634
Planctomycetota_bacterium,bacteria,6195979,253956,24.3978460835735
Planctopirus_hydrillae,bacteria,5750243,490312,11.7277223482191
Planctopirus_limnophila,bacteria,5460085,2311613,2.36202383357422
Planifilum_fimeticola,bacteria,3587211,246626,14.5451452807084
Planifilum_fulgidum,bacteria,3382342,196685,17.1967460660447
Planktomarina_temperata,bacteria,3288122,1491731,2.20423253254105
Planktotalea_frisia,bacteria,4106736,132931,30.8937418660809
Planktothricoides_sp,bacteria,7066705,269048,26.265592013321
Planktothrix_agardhii,bacteria,5214152,1468902,3.54969380757418
Planktothrix_paucivesiculata,bacteria,6072646,327133,18.5632326912907
Planktothrix_rubescens,bacteria,5601286,1124240,4.98228670034868
Planktothrix_serta,bacteria,6250344,387543,16.1281302977992
Planktothrix_sp,bacteria,5965039,472430,12.6262917257583
Planktothrix_tepida,bacteria,6725987,1130486,5.94964201237344
Planococcus_antarcticus,bacteria,3804624,1590359,2.39230513362077
Planococcus_citreus,bacteria,3429284,931220,3.68257125061747
Planococcus_donghaensis,bacteria,3311398,835613,3.96283863632964
Planococcus_glaciei,bacteria,3917616,465577,8.4145393780191
Planococcus_halocryophilus,bacteria,3424893,1493073,2.29385502249388
Planococcus_halotolerans,bacteria,3622698,697923,5.19068435916283
Planococcus_kocurii,bacteria,3485580,1500157,2.32347680942728
Planococcus_lenghuensis,bacteria,4149733,1681165,2.46836747136658
Planococcus_maitriensis,bacteria,3145619,769072,4.09014890673435
Planococcus_maritimus,bacteria,3266183,1155184,2.8274132086317
Planococcus_massiliensis,bacteria,3357017,1493202,2.24820017653338
Planococcus_plakortidis,bacteria,3261818,1429574,2.28167132306547
Planococcus_rifietoensis,bacteria,3505011,1537519,2.27965377988825
Planococcus_salinus,bacteria,3335228,444272,7.50717578420427
Planococcus_sp,bacteria,3391685,1157261,2.93078628474187
Planomicrobium_soli,bacteria,3592970,385558,9.31888328085528
Planomicrobium_sp,bacteria,3584898,800323,4.47931625910883
Planomonospora_sphaerica,bacteria,8132638,678005,11.9949528395808
Plantactinospora_sp,bacteria,7692587,3386288,2.27168735672916
Plantibacter_cousiniae,bacteria,4023303,1495287,2.69065604128171
Plantibacter_flavus,bacteria,4253801,1783399,2.38522050959609
Plantibacter_sp,bacteria,4100073,1233997,3.32259539528864
Plasmodium_berghei,protists,18560668,1934311,9.5954931756062
Plasmodium_chabaudi,protists,18867626,1990111,9.48069027305512
Plasmodium_falciparum,protists,23292622,2386495,9.76018051577732
Plasmodium_knowlesi,protists,23462187,2381469,9.85198085719361
Plasmodium_vivax,protists,27007701,2373706,11.3778627176238
Plasticicumulans_acidivorans,bacteria,4296265,544481,7.89056918423232
Plasticicumulans_lactativorans,bacteria,4397582,253696,17.3340612386478
Plautia_stali,bacteria,4092852,1716659,2.38419627893484
Pleionea_mediterranea,bacteria,4039882,438607,9.2107102713819
Pleomorphomonas_carboxyditropha,bacteria,5888031,673393,8.74382567089352
Pleomorphomonas_diazotrophica,bacteria,4526482,738757,6.12715953960504
Pleomorphomonas_sp,bacteria,5386914,1337023,4.02903765643435
Plesiomonas_shigelloides,bacteria,3904728,1583350,2.46611772507658
Pleurocapsa_sp,bacteria,5176323,1114565,4.64425567116125
Pluralibacter_gergoviae,bacteria,5665708,1329808,4.26054588331549
Podarcis_muralis,ensembl,1511002858,21451670,70.4375397346687
Poecilia_formosa,ensembl,748923461,4988352,150.134445404013
Poecilia_latipinna,ensembl,815144743,1057404,770.892433733937
Poecilia_mexicana,ensembl,801711499,1084881,738.985657413117
Poecilia_reticulata,ensembl,731622281,17533187,41.7278547819059
Pogona_vitticeps,ensembl,1816116151,5392266,336.800178440752
Pokkaliibacter_plantistimulans,bacteria,5791196,125851,46.0162891037815
Polaribacter_aestuariivivens,bacteria,3178572,605434,5.25007184928498
Polaribacter_aquimarinus,bacteria,3371861,729934,4.61940531609707
Polaribacter_atrinae,bacteria,3942702,329310,11.9726154687073
Polaribacter_butkevichii,bacteria,4085573,1450185,2.8172771060244
Polaribacter_dokdonensis,bacteria,3087076,1437389,2.14769696999212
Polaribacter_filamentus,bacteria,4281931,1578849,2.71205859458378
Polaribacter_gangjinensis,bacteria,2943061,1332867,2.20806802179062
Polaribacter_glomeratus,bacteria,4064562,1451054,2.8011100896314
Polaribacter_porphyrae,bacteria,3904103,1788400,2.18301442630284
Polaribacter_reichenbachii,bacteria,4104437,632676,6.48742326245977
Polaribacter_sejongensis,bacteria,4526271,1950084,2.32106463106205
Polaribacter_sp,bacteria,3326280,1320141,2.5196389780571
Polaribacter_vadi,bacteria,3798883,710425,5.34733856494352
Polaromonas_naphthalenivorans,bacteria,5366143,2110809,2.54222101573378
Polaromonas_sp,bacteria,4782706,896378,5.33559012587931
Pollutimonas_nitritireducens,bacteria,4310404,455228,9.46867064416073
Pollutimonas_subterranea,bacteria,4544755,429503,10.5814278363597
Polyangium_aurulentum,bacteria,12310099,1544299,7.97131837811201
Polyangium_fumosum,bacteria,12981589,437122,29.6978623816692
Polycyclovorans_sp,bacteria,3200985,260104,12.3065581459724
Polymorphum_gilvum,bacteria,4718963,2085648,2.26258841376877
Polynucleobacter_aenigmaticus,bacteria,2135084,280596,7.60910347973599
Polynucleobacter_asymbioticus,bacteria,2257441,1051050,2.14779703524905
Polynucleobacter_brandtiae,bacteria,2002342,508956,3.9342143525177
Polynucleobacter_cosmopolitanus,bacteria,1775978,641862,2.76691562983944
Polynucleobacter_duraquae,bacteria,2026292,947331,2.13894826623429
Polynucleobacter_kasalickyi,bacteria,2911239,333920,8.71837266411117
Polynucleobacter_meluiroseus,bacteria,1885561,457277,4.12345471125817
Polynucleobacter_necessarius,bacteria,1560469,701240,2.22529946951115
Polynucleobacter_paneuropaeus,bacteria,1832148,856228,2.13978986905357
Polynucleobacter_sp,bacteria,2112926,474604,4.45197680592663
Polynucleobacter_victoriensis,bacteria,1626636,670774,2.42501349187655
Polynucleobacter_wuianus,bacteria,2232205,1040893,2.14450957014794
Pongo_abelii,ensembl,3065052215,23679399,129.439611833054
Pontibaca_methylaminivorans,bacteria,2650984,1109539,2.38926617270776
Pontibacillus_chungwhensis,bacteria,3872934,438806,8.82607348121949
Pontibacillus_halophilus,bacteria,3532243,377465,9.35780271018505
Pontibacillus_litoralis,bacteria,3204236,291584,10.9890666154522
Pontibacillus_marinus,bacteria,4222198,161314,26.1737852883197
Pontibacillus_yanchengensis,bacteria,4281464,174299,24.5639045548167
Pontibacter_actiniarum,bacteria,4974797,2113081,2.3542859928228
Pontibacter_akesuensis,bacteria,4816279,1131703,4.25578000588494
Pontibacter_arcticus,bacteria,3773432,924814,4.08020639825954
Pontibacter_chinhatensis,bacteria,5072663,949386,5.34309859214271
Pontibacter_diazotrophicus,bacteria,6396889,390069,16.3993780587537
Pontibacter_flavimaris,bacteria,4623791,788332,5.8652839159136
Pontibacter_indicus,bacteria,4566239,1330660,3.43155952685134
Pontibacter_korlensis,bacteria,5462537,2365842,2.30891876972342
Pontibacter_lucknowensis,bacteria,4474059,1013475,4.41457263376008
Pontibacter_mucosus,bacteria,5231950,665659,7.8598050954017
Pontibacter_oryzae,bacteria,4227908,912283,4.63442594019619
Pontibacter_ramchanderi,bacteria,4430618,1211222,3.65797351765407
Pontibacter_sp,bacteria,4960372,1209429,4.10141604013134
Pontibacter_ummariensis,bacteria,5973733,410759,14.5431579101127
Pontibacter_virosus,bacteria,4884877,539643,9.05205293128976
Ponticaulis_sp,bacteria,3683565,495363,7.43609312766597
Ponticoccus_marisrubri,bacteria,4562553,565328,8.0706297936773
Pontimicrobium_aquaticum,bacteria,3313614,555087,5.96953990996006
Pontimonas_salivibrio,bacteria,1760810,815893,2.15813838334193
Pontivivens_insulae,bacteria,3547102,903801,3.92464934205649
Populus_trichocarpa,plants,392162179,19438213,20.1748061408731
Porphyrobacter_sp,bacteria,3335929,1066444,3.12808562411065
Porphyromonadaceae_bacterium,bacteria,3368002,166995,20.1683413012319
Porphyromonas_asaccharolytica,bacteria,2186370,962080,2.27254490271079
Porphyromonas_cangingivalis,bacteria,2404994,260177,9.24369994984174
Porphyromonas_catoniae,bacteria,2040170,239725,8.51045990197101
Porphyromonas_circumdentaria,bacteria,2033794,172047,11.8211535220027
Porphyromonas_crevioricanis,bacteria,2094484,504266,4.15353216591519
Porphyromonas_endodontalis,bacteria,2064508,254600,8.10882953652789
Porphyromonas_gingivalis,bacteria,2345552,508253,4.61492898221949
Porphyromonas_gingivicanis,bacteria,1983480,401960,4.93452084784556
Porphyromonas_gulae,bacteria,2526046,126919,19.9028983166363
Porphyromonas_loveana,bacteria,2275291,202913,11.2131356788377
Porphyromonas_macacae,bacteria,2380644,799450,2.97785103181311
Porphyromonas_somerae,bacteria,2345883,77970,30.0869949980762
Porphyromonas_sp,bacteria,2453927,312778,7.84558696583519
Porphyromonas_uenonis,bacteria,2242885,134217,16.7108861023566
Porticoccaceae_bacterium,bacteria,2499013,161050,15.5169996895374
Porticoccus_sp,bacteria,2500759,222942,11.2170811242386
Poseidonibacter_parvus,bacteria,2866429,1345427,2.13049760410635
Poseidonocella_pacifica,bacteria,3622008,825091,4.38982851588492
Poseidonocella_sedimentorum,bacteria,3555572,492163,7.22437891511552
Pradoshia_eiseniae,bacteria,3821617,635988,6.00894513732964
Pragia_fontium,bacteria,4084359,1749680,2.33434599469617
Prauserella_endophytica,bacteria,7908520,651281,12.1430227505485
Prauserella_flavalba,bacteria,8097838,1206491,6.71189258767782
Prauserella_marina,bacteria,6975062,1178694,5.91761899186727
Prauserella_muralis,bacteria,7467757,1647626,4.53243454521839
Prauserella_shujinwangii,bacteria,6105433,671829,9.08777828882052
Prauserella_sp,bacteria,6547575,404475,16.18785609476
Prescottella_agglutinans,bacteria,5425108,654606,8.28759284210655
Prescottella_equi,bacteria,5438826,2437298,2.23149815902692
Prevotella_aff,bacteria,2917108,681152,4.28260946161797
Prevotella_amnii,bacteria,2413358,159679,15.1137759426183
Prevotella_baroniae,bacteria,3024338,345454,8.7546764547523
Prevotella_bergensis,bacteria,3273670,808410,4.04951695303126
Prevotella_bivia,bacteria,2560645,410549,6.23712313674291
Prevotella_bryantii,bacteria,3531717,288527,12.2405219621525
Prevotella_buccae,bacteria,3321028,871176,3.81212224172971
Prevotella_buccalis,bacteria,3073203,282343,10.8846567055635
Prevotella_colorans,bacteria,2936680,212208,13.8386865716655
Prevotella_copri,bacteria,3738071,209028,17.88309682879
Prevotella_corporis,bacteria,2848409,160813,17.712554333294
Prevotella_dentalis,bacteria,3318338,1163632,2.85170698296369
Prevotella_denticola,bacteria,3046226,765828,3.97769132373918
Prevotella_disiens,bacteria,2896481,448479,6.45845761922945
Prevotella_enoeca,bacteria,2861432,1263678,2.26436797981764
Prevotella_fusca,bacteria,3261806,1103081,2.95699590510579
Prevotella_histicola,bacteria,3026192,457568,6.61365153775126
Prevotella_intermedia,bacteria,2829793,861052,3.28643637841077
Prevotella_jejuni,bacteria,3913006,1293733,3.02458544382805
Prevotella_koreensis,bacteria,2691540,1188856,2.26397477911539
Prevotella_loescheii,bacteria,3465552,124581,27.8176607989982
Prevotella_maculosa,bacteria,3151214,474402,6.64249729132677
Prevotella_marshii,bacteria,2559358,1084034,2.360957313147
Prevotella_melaninogenica,bacteria,3131801,642641,4.87333236856376
Prevotella_micans,bacteria,2487950,772117,3.22224481522878
Prevotella_multiformis,bacteria,3057407,995406,3.0715175516322
Prevotella_multisaccharivorax,bacteria,3388644,1506585,2.24922191578968
Prevotella_nigrescens,bacteria,2878906,630642,4.56503865701989
Prevotella_oralis,bacteria,2914850,960598,3.03441137707969
Prevotella_oris,bacteria,3255359,845780,3.84894259342461
Prevotella_oulorum,bacteria,2823418,536296,5.26466845237374
Prevotella_pallens,bacteria,3118157,1099708,2.83544215166306
Prevotella_pectinovora,bacteria,3319373,196093,16.9275445834375
Prevotella_pleuritidis,bacteria,2709958,264101,10.2610667888421
Prevotella_rara,bacteria,3788330,295939,12.8010502164297
Prevotella_ruminicola,bacteria,3636216,842061,4.31823584330738
Prevotella_salivae,bacteria,3187245,839552,3.79636567857958
Prevotella_scopos,bacteria,3303745,1120128,2.94943524311507
Prevotella_shahii,bacteria,3511526,179457,19.5675064221513
Prevotella_sp,bacteria,3109618,289771,10.7313099377489
Prevotella_stercorea,bacteria,2887702,113564,25.4280447678395
Prevotella_timonensis,bacteria,3027587,243891,12.4136772024417
Prevotella_veroralis,bacteria,2993935,674002,4.44202687825852
Prevotellaceae_bacterium,bacteria,2887337,303448,9.51508947571785
Pricia_antarctica,bacteria,4851997,603389,8.04124205114777
Priestia_aryabhattai,bacteria,5302465,978505,5.4189474856784
Priestia_endophytica,bacteria,5342872,660374,8.09068125840907
Priestia_filamentosa,bacteria,5195798,1551471,3.34894910234398
Priestia_flexa,bacteria,4018990,1688466,2.38026113643982
Priestia_koreensis,bacteria,4603584,661934,6.95474775430783
Priestia_megaterium,bacteria,5804961,1336776,4.34250670019786
Priestia_veravalensis,bacteria,4112864,152037,27.0517308286799
Primorskyibacter_flagellatus,bacteria,4414152,518604,8.51160422981697
Primorskyibacter_sedentarius,bacteria,5069498,587967,8.62207913029133
Procavia_capensis,ensembl,2993339806,443624,6747.47039384704
Prochlorococcus_marinus,bacteria,1918762,595850,3.22021107550303
Prochlorococcus_sp,bacteria,2059611,576486,3.57270062616465
Prochlorothrix_hollandica,bacteria,5525469,1123192,4.91943407716579
Profundibacter_amoris,bacteria,3558757,1629145,2.18443232493118
Prolemur_simus,ensembl,2411593676,4764696,506.137994113371
Prolinoborus_fasciculus,bacteria,3450331,79957,43.1523318783846
Prolixibacter_denitrificans,bacteria,4727966,695641,6.79656029474973
Prolixibacteraceae_bacterium,bacteria,5405446,312489,17.2980152286766
Promicromonospora_sp,bacteria,6435680,1043889,6.16510024852579
Promicromonospora_sukumoe,bacteria,5967089,2708772,2.20287606339699
Promicromonospora_thailandica,bacteria,5953541,2714098,2.19356154420364
Propionibacteriaceae_bacterium,bacteria,3958662,1084424,3.65047603634558
Propionibacterium_acidifaciens,bacteria,3045187,687641,4.42845394617249
Propionibacterium_australiense,bacteria,2980895,819045,3.63947646344218
Propionibacterium_cyclohexanicum,bacteria,2808950,216718,12.9613137810426
Propionibacterium_freudenreichii,bacteria,4029785,1202517,3.35112678287574
Propionibacterium_ruminifibrarum,bacteria,2777320,392361,7.07848129656108
Propionibacterium_sp,bacteria,2536766,887796,2.85737429264316
Propioniciclava_flava,bacteria,3007896,474739,6.33589403861912
Propioniciclava_sinopodophylli,bacteria,3074508,356921,8.61397340027625
Propioniciclava_tarda,bacteria,2984445,339373,8.79399657603875
Propionicimonas_paludicola,bacteria,3262476,1492221,2.1863222672781
Propionimicrobium_lymphophilum,bacteria,2266775,1030464,2.19976146667909
Propionispira_arboris,bacteria,4261607,337805,12.6155829546632
Propionispora_sp,bacteria,4121509,328175,12.5588755999086
Propionispora_vibrioides,bacteria,4433598,274419,16.1563084188777
Propionivibrio_dicarboxylicus,bacteria,4534676,499407,9.08012102353391
Propithecus_coquereli,ensembl,2798152141,8252502,339.067126672614
Prosthecobacter_debontii,bacteria,6292356,556174,11.3136464487732
Prosthecobacter_fusiformis,bacteria,5828112,1063782,5.47867138191848
Prosthecochloris_aestuarii,bacteria,2579695,1130824,2.281252431855
Prosthecochloris_marina,bacteria,2718726,409275,6.64278541323071
Prosthecochloris_sp,bacteria,2483218,1093301,2.27130320728308
Prosthecochloris_vibrioformis,bacteria,2305678,423312,5.44675794685716
Prosthecomicrobium_hirschii,bacteria,6484983,2741992,2.36506269894296
Protaetiibacter_intestinalis,bacteria,3097107,1442890,2.14646092217702
Proteiniborus_ethanoligenes,bacteria,3161504,170927,18.4962235340233
Proteiniborus_sp,bacteria,3120648,241285,12.9334521416582
Proteiniclasticum_ruminis,bacteria,3146225,623748,5.04406751129263
Proteiniclasticum_sp,bacteria,2511863,227886,11.0224542095609
Proteiniphilum_saccharofermentans,bacteria,4414963,1998871,2.20872832714067
Proteiniphilum_sp,bacteria,4429412,425742,10.4039817542079
Proteobacteria_bacterium,bacteria,3530502,142674,24.745272095924
Proteus_hauseri,bacteria,3903331,1223468,3.19038258458742
Proteus_mirabilis,bacteria,4156306,1255900,3.30942418451575
Proteus_myxofaciens,bacteria,3695744,106542,34.6881417656887
Proteus_penneri,bacteria,3828304,1316702,2.90749535866709
Proteus_sp,bacteria,5931069,222585,26.6463103982748
Proteus_vulgaris,bacteria,4123121,1151230,3.58149175229971
Providencia_alcalifaciens,bacteria,4175528,792291,5.27019441089196
Providencia_burhodogranariea,bacteria,4579454,1324259,3.45812563856466
Providencia_heimbachae,bacteria,4350391,1067606,4.07490500938783
Providencia_huaxiensis,bacteria,4800413,2027673,2.36744928792759
Providencia_rettgeri,bacteria,4699177,884917,5.31030054784778
Providencia_rustigianii,bacteria,4007103,1296123,3.09160823919035
Providencia_sneebia,bacteria,3896123,1481186,2.63040765980775
Providencia_sp,bacteria,4556110,287025,15.8735632784601
Providencia_stuartii,bacteria,4555986,1317947,3.45688224393917
Prunus_avium,plants,272361615,1084680,251.098586679942
Prunus_dulcis,plants,227498357,2644815,86.0167372765203
Prunus_persica,plants,227411381,20224499,11.2443517636704
Ps1_clade,bacteria,1271772,128004,9.93540826849161
Pseudacidovorax_intermedius,bacteria,5760683,562358,10.2437993235626
Pseudacidovorax_sp,bacteria,5685444,566131,10.0426297093782
Pseudaestuariivita_atlantica,bacteria,4342642,625360,6.94422732506077
Pseudalkalibacillus_caeni,bacteria,4703601,496581,9.47197134002308
Pseudalkalibacillus_hwajinpoensis,bacteria,4091520,964744,4.2410421832113
Pseudaminobacter_arsenicus,bacteria,5213835,486059,10.7267533365291
Pseudaminobacter_manganicus,bacteria,4842937,340300,14.2313752571261
Pseudaminobacter_salicylatoxidans,bacteria,4836797,483326,10.0073180420668
Pseudanabaena_biceps,bacteria,5476421,62850,87.1347812251392
Pseudanabaena_frigida,bacteria,5386752,305595,17.6270946841408
Pseudanabaena_sp,bacteria,4879409,812739,6.00365861536143
Pseudarcicella_hirudinis,bacteria,6168047,620041,9.9478050645038
Pseudarthrobacter_chlorophenolicus,bacteria,4980870,2099403,2.37251732992665
Pseudarthrobacter_enclensis,bacteria,4225531,780853,5.41142955204117
Pseudarthrobacter_equi,bacteria,4459178,2007789,2.22093955091895
Pseudarthrobacter_phenanthrenivorans,bacteria,4440896,882081,5.03456902278779
Pseudarthrobacter_siccitolerans,bacteria,4765168,495772,9.61161178929024
Pseudarthrobacter_sp,bacteria,4618494,453495,10.184222538286
Pseudarthrobacter_sulfonivorans,bacteria,5056151,2245544,2.25163746513094
Pseudescherichia_vulneris,bacteria,4374581,470387,9.29996152104544
Pseudidiomarina_aestuarii,bacteria,2640771,1006959,2.62252087721546
Pseudidiomarina_aquimaris,bacteria,2799086,434311,6.44488857063257
Pseudidiomarina_atlantica,bacteria,2703110,411924,6.56215709694021
Pseudidiomarina_donghaiensis,bacteria,2573352,696292,3.69579429319883
Pseudidiomarina_gelatinasegens,bacteria,2472972,390957,6.32543220865722
Pseudidiomarina_halophila,bacteria,2617409,817175,3.20299691008658
Pseudidiomarina_homiensis,bacteria,2612526,1024267,2.55062986506448
Pseudidiomarina_indica,bacteria,2206361,310300,7.11041250402836
Pseudidiomarina_insulisalsae,bacteria,2560959,303244,8.44520913851552
Pseudidiomarina_marina,bacteria,2411077,751159,3.2098091083246
Pseudidiomarina_maritima,bacteria,2605660,551152,4.72766471650717
Pseudidiomarina_planktonica,bacteria,2574939,974379,2.64264623929703
Pseudidiomarina_salinarum,bacteria,2480276,692185,3.58325592146608
Pseudidiomarina_sediminum,bacteria,2622760,882947,2.97046142067417
Pseudidiomarina_tainanensis,bacteria,2782892,284716,9.77427331094845
Pseudidiomarina_taiwanensis,bacteria,2195789,609639,3.60178564691563
Pseudidiomarina_woesei,bacteria,2437751,559694,4.35550675905048
Pseudoalteromonas_agarivorans,bacteria,4484608,1070303,4.19003786312748
Pseudoalteromonas_aliena,bacteria,4594697,1991017,2.3077135956147
Pseudoalteromonas_amylolytica,bacteria,4856394,682022,7.12058262050198
Pseudoalteromonas_arctica,bacteria,4721971,1887770,2.50134868124825
Pseudoalteromonas_atlantica,bacteria,5187005,2268889,2.28614312996361
Pseudoalteromonas_aurantia,bacteria,4814771,163756,29.4021621643628
Pseudoalteromonas_byunsanensis,bacteria,4743224,499597,9.49410024479731
Pseudoalteromonas_carrageenovora,bacteria,4584980,1829543,2.50607938703818
Pseudoalteromonas_citrea,bacteria,5326386,234990,22.6664704405442
Pseudoalteromonas_denitrificans,bacteria,6094166,299021,20.3803946879985
Pseudoalteromonas_distincta,bacteria,4513078,1005496,4.4884092030202
Pseudoalteromonas_espejiana,bacteria,4500451,1859892,2.41973781273321
Pseudoalteromonas_flavipulchra,bacteria,5426994,305042,17.7909730463346
Pseudoalteromonas_fuliginea,bacteria,4766895,178336,26.7298526377176
Pseudoalteromonas_galatheae,bacteria,5325197,129206,41.2147810473198
Pseudoalteromonas_issachenkonii,bacteria,4132618,1682177,2.45670818231375
Pseudoalteromonas_lipolytica,bacteria,4619969,674409,6.85039931278068
Pseudoalteromonas_luteoviolacea,bacteria,5801604,509718,11.3819889393722
Pseudoalteromonas_marina,bacteria,4174593,422242,9.88673083208208
Pseudoalteromonas_nigrifaciens,bacteria,4275429,1727005,2.47563209139522
Pseudoalteromonas_phenolica,bacteria,4746305,572392,8.29205547132486
Pseudoalteromonas_piratica,bacteria,4815987,1853739,2.59798547691989
Pseudoalteromonas_piscicida,bacteria,5349016,560617,9.54129412973108
Pseudoalteromonas_porphyrae,bacteria,4811718,385613,12.4781011013633
Pseudoalteromonas_profundi,bacteria,4586663,1227911,3.73533831034985
Pseudoalteromonas_rubra,bacteria,5780200,577484,10.0092883586093
Pseudoalteromonas_ruthenica,bacteria,4124118,378391,10.8991054456483
Pseudoalteromonas_shioyasakiensis,bacteria,6718721,36570,183.722203992343
Pseudoalteromonas_sp,bacteria,4531621,473562,9.56921919612378
Pseudoalteromonas_spongiae,bacteria,4804570,1045853,4.59392476762987
Pseudoalteromonas_tetraodonis,bacteria,3901896,1090412,3.57836854326622
Pseudoalteromonas_translucida,bacteria,3998933,1619149,2.46977500828368
Pseudoalteromonas_ulvae,bacteria,4586484,963162,4.76190298205286
Pseudobacter_ginsenosidimutans,bacteria,7771874,2332383,3.33216028413858
Pseudobacteriovorax_antillogorgiicola,bacteria,7275418,452055,16.0940991693489
Pseudobacteroides_cellulosolvens,bacteria,6878816,2980682,2.30779935598631
Pseudobutyrivibrio_ruminis,bacteria,2966147,382633,7.7519372348961
Pseudobutyrivibrio_sp,bacteria,3245659,482001,6.73371436817472
Pseudobutyrivibrio_xylanivorans,bacteria,3317434,327999,10.1141588846307
Pseudochrobactrum_asaccharolyticum,bacteria,4649592,797106,5.83309120744293
Pseudochryseolinea_flava,bacteria,6542746,803318,8.14465255353422
Pseudocitrobacter_faecalis,bacteria,5155726,692389,7.44628525294307
Pseudoclavibacter_sp,bacteria,4005147,598747,6.689212408843
Pseudoclostridium_thermosuccinogenes,bacteria,4515818,209700,21.5346590367191
Pseudodesulfovibrio_hydrargyri,bacteria,4081579,1530261,2.66724369241587
Pseudodesulfovibrio_indicus,bacteria,3966573,1748629,2.26839026460158
Pseudodesulfovibrio_mercurii,bacteria,3858580,1710051,2.25641223565847
Pseudodesulfovibrio_piezophilus,bacteria,3646098,1632265,2.23376596324739
Pseudodesulfovibrio_profundus,bacteria,4217908,1881709,2.24153043855346
Pseudodesulfovibrio_sp,bacteria,3678351,374024,9.83453200864116
Pseudoduganella_albidiflava,bacteria,7437157,3304058,2.25091599481607
Pseudoduganella_armeniaca,bacteria,6337491,2863305,2.2133482112454
Pseudoduganella_lutea,bacteria,7504949,3338849,2.24776532272049
Pseudoduganella_namucuonensis,bacteria,8489111,433765,19.5707606653372
Pseudoduganella_plicata,bacteria,5887622,2639637,2.23046653763377
Pseudoduganella_umbonata,bacteria,7426165,3312979,2.24153699736702
Pseudoflavonifractor_capillosus,bacteria,4241076,321824,13.1782464949786
Pseudoflavonifractor_sp,bacteria,2936876,263267,11.1555184856926
Pseudofulvimonas_gallinarii,bacteria,3467925,269156,12.8844406217955
Pseudoglutamicibacter_albus,bacteria,2130249,379564,5.61235786323255
Pseudoglutamicibacter_cumminsii,bacteria,2092019,308033,6.79154181532498
Pseudogracilibacillus_auburnensis,bacteria,4779970,455310,10.4982758999363
Pseudogulbenkiania_ferrooxidans,bacteria,4515097,340087,13.2763194069744
Pseudogulbenkiania_sp,bacteria,4332995,1910854,2.26756989283326
Pseudogulbenkiania_subflava,bacteria,4367405,322483,13.5430549827433
Pseudohaliea_rubra,bacteria,3212303,199104,16.1337943989071
Pseudohalioglobus_lutimaris,bacteria,4664827,467904,9.96962411092874
Pseudohoeflea_suaedae,bacteria,3772164,1230599,3.06530722030491
Pseudohongiella_acticola,bacteria,3612481,1443126,2.50323325891156
Pseudohongiella_sp,bacteria,3745012,637722,5.87248362138988
Pseudohongiella_spirulinae,bacteria,3345119,1568776,2.13231143260733
Pseudokineococcus_lusitanus,bacteria,3839029,592686,6.47734044671209
Pseudolabrys_sp,bacteria,4741043,1810771,2.61824548769557
Pseudolabrys_taiwanensis,bacteria,5593741,2468327,2.26620743523852
Pseudoleptotrichia_goodfellowii,bacteria,2287284,110674,20.6668594249779
Pseudolysobacter_antarcticus,bacteria,4728975,2113286,2.2377354508571
Pseudomonadaceae_bacterium,bacteria,4669160,1190877,3.92077558000347
Pseudomonadales_bacterium,bacteria,4339620,187078,23.196805705275
Pseudomonas_abietaniphila,bacteria,7222451,684252,10.5552501125316
Pseudomonas_abyssi,bacteria,4322744,417025,10.3656711228344
Pseudomonas_aeruginosa,bacteria,7087558,777767,9.11270100023863
Pseudomonas_aestus,bacteria,6658235,149997,44.3891211157557
Pseudomonas_agarici,bacteria,5502003,2405531,2.28723013754552
Pseudomonas_alcaligenes,bacteria,4980241,764521,6.51419830194331
Pseudomonas_alcaliphila,bacteria,5312004,1754139,3.0282691475046
Pseudomonas_alkylphenolica,bacteria,5966776,1777552,3.3567375244156
Pseudomonas_amygdali,bacteria,6089588,260108,23.4117999168643
Pseudomonas_anguilliseptica,bacteria,5229617,2291242,2.28243764735458
Pseudomonas_antarctica,bacteria,6492107,2873091,2.25962495786332
Pseudomonas_argentinensis,bacteria,5108022,1328429,3.84515995962148
Pseudomonas_arsenicoxydans,bacteria,6561957,2893815,2.26757982110121
Pseudomonas_asplenii,bacteria,7304947,2867384,2.54759965878306
Pseudomonas_asturiensis,bacteria,6174096,581576,10.6161464709685
Pseudomonas_atacamensis,bacteria,6170633,984620,6.26701976396986
Pseudomonas_avellanae,bacteria,6454108,193663,33.3265745820693
Pseudomonas_aylmerensis,bacteria,6988603,502657,13.903322742944
Pseudomonas_azotoformans,bacteria,6616805,1608032,4.11484569589518
Pseudomonas_baetica,bacteria,6838024,2106901,3.24553698667782
Pseudomonas_batumici,bacteria,6606796,358952,18.4057924179277
Pseudomonas_benzenivorans,bacteria,5743144,567962,10.1118455107912
Pseudomonas_bharatica,bacteria,6469780,164602,39.3055977448634
Pseudomonas_borbori,bacteria,5270473,266905,19.7466252037242
Pseudomonas_brassicacearum,bacteria,6578748,1245519,5.28193178448147
Pseudomonas_brenneri,bacteria,5930819,621470,9.54321045263649
Pseudomonas_canadensis,bacteria,6745893,716501,9.4150503628048
Pseudomonas_cannabina,bacteria,5993746,112894,53.0918044064934
Pseudomonas_capeferrum,bacteria,5940443,1744343,3.40554753279602
Pseudomonas_caricapapayae,bacteria,6317204,200182,31.5573045195539
Pseudomonas_caspiana,bacteria,6103762,465843,13.1026161174473
Pseudomonas_cavernae,bacteria,4949615,2158857,2.29270164721424
Pseudomonas_cavernicola,bacteria,5626424,1727179,3.25758013500627
Pseudomonas_cedrina,bacteria,6311003,445648,14.161407658062
Pseudomonas_cerasi,bacteria,6362309,2661988,2.39005904609638
Pseudomonas_chengduensis,bacteria,5413065,659397,8.20911378122739
Pseudomonas_chlororaphis,bacteria,6852873,2553200,2.68403271502034
Pseudomonas_cichorii,bacteria,5963082,843797,7.06696069464554
Pseudomonas_citronellolis,bacteria,7315602,3134296,2.33404933675696
Pseudomonas_coleopterorum,bacteria,4922895,2204018,2.23360017930888
Pseudomonas_composti,bacteria,5392494,645107,8.35906911566608
Pseudomonas_congelans,bacteria,5630650,319195,17.6401572706339
Pseudomonas_coronafaciens,bacteria,5848418,300506,19.4618910515364
Pseudomonas_corrugata,bacteria,6046578,301167,20.0771598481905
Pseudomonas_costantinii,bacteria,7247216,544201,13.3171677376558
Pseudomonas_cremoricolorata,bacteria,4780403,2148722,2.2247656979358
Pseudomonas_cuatrocienegasensis,bacteria,5358739,494509,10.836484270256
Pseudomonas_daroniae,bacteria,5403650,365339,14.7907833546377
Pseudomonas_deceptionensis,bacteria,5096762,2277690,2.23768906216386
Pseudomonas_delhiensis,bacteria,6710571,271176,24.7461832905567
Pseudomonas_donghuensis,bacteria,5701342,728159,7.82980365552029
Pseudomonas_dryadis,bacteria,5888253,290897,20.2417109836128
Pseudomonas_edaphica,bacteria,6734981,41052,164.059753483387
Pseudomonas_endophytica,bacteria,4973838,175260,28.3797672030127
Pseudomonas_entomophila,bacteria,5969192,2651980,2.25084394506066
Pseudomonas_extremaustralis,bacteria,6586244,411806,15.993560074404
Pseudomonas_extremorientalis,bacteria,6345609,578695,10.9653772712742
Pseudomonas_ficuserectae,bacteria,5668735,95276,59.4980320332508
Pseudomonas_fildesensis,bacteria,6313355,637825,9.89825579116529
Pseudomonas_flavescens,bacteria,5855660,419559,13.9567021563117
Pseudomonas_flexibilis,bacteria,3754629,540784,6.94293562679369
Pseudomonas_floridensis,bacteria,6103707,212784,28.684990412813
Pseudomonas_fluorescens,bacteria,6443960,1415628,4.55201549742051
Pseudomonas_fragi,bacteria,5132874,590560,8.69154123129229
Pseudomonas_frederiksbergensis,bacteria,6643257,1499919,4.42907713210361
Pseudomonas_fulva,bacteria,5226678,987773,5.2913759875329
Pseudomonas_furukawaii,bacteria,6678055,459982,14.5180789683075
Pseudomonas_fuscovaginae,bacteria,6866566,1775750,3.86685481257351
Pseudomonas_gessardii,bacteria,6508266,379208,17.1627866500707
Pseudomonas_gingeri,bacteria,7643846,207301,36.8731747555487
Pseudomonas_graminis,bacteria,5881206,479229,12.2722183589587
Pseudomonas_grimontii,bacteria,7107743,3134100,2.26787371175138
Pseudomonas_guangdongensis,bacteria,3191154,1436120,2.2220664011364
Pseudomonas_guariconensis,bacteria,5345468,518332,10.3128255635384
Pseudomonas_guguanensis,bacteria,5084171,479435,10.6045053031172
Pseudomonas_guineae,bacteria,4149587,1157371,3.58535594895673
Pseudomonas_helleri,bacteria,5676287,564074,10.0630183273826
Pseudomonas_helmanticensis,bacteria,6628093,489556,13.5389883894794
Pseudomonas_hunanensis,bacteria,6644424,287728,23.0927264638826
Pseudomonas_indica,bacteria,5786922,514500,11.2476618075802
Pseudomonas_indoloxydans,bacteria,5199651,164948,31.5229708756699
Pseudomonas_izuensis,bacteria,6733957,2970617,2.26685466352613
Pseudomonas_japonica,bacteria,6718608,473136,14.2001623211931
Pseudomonas_jessenii,bacteria,6542068,915254,7.14781979551897
Pseudomonas_jilinensis,bacteria,3989683,368787,10.8183938154002
Pseudomonas_jinjuensis,bacteria,5868669,473172,12.4028239202658
Pseudomonas_kilonensis,bacteria,6700361,2038581,3.28677746706777
Pseudomonas_knackmussii,bacteria,6162905,2744949,2.24518014724499
Pseudomonas_koreensis,bacteria,6358253,1501129,4.23564800035813
Pseudomonas_kribbensis,bacteria,6324282,2858826,2.21219549563352
Pseudomonas_kuykendallii,bacteria,4700590,618026,7.6058188537528
Pseudomonas_lactis,bacteria,6354161,1189333,5.34262593683462
Pseudomonas_laurylsulfatiphila,bacteria,6684644,1069897,6.24793227759308
Pseudomonas_laurylsulfativorans,bacteria,6686052,1013960,6.59399976330427
Pseudomonas_libanensis,bacteria,6214234,568816,10.9248579505499
Pseudomonas_lini,bacteria,6549342,1813569,3.61130114467692
Pseudomonas_linyingensis,bacteria,4721122,415410,11.3649695481572
Pseudomonas_lundensis,bacteria,4876360,934837,5.21626800536707
Pseudomonas_lurida,bacteria,6158029,2104331,2.9263591886829
Pseudomonas_lutea,bacteria,5647497,1797439,3.1419686565163
Pseudomonas_luteola,bacteria,5782163,754598,7.66257331718345
Pseudomonas_mandelii,bacteria,6886673,1516165,4.54216506222409
Pseudomonas_mangrovi,bacteria,4054280,600285,6.75392521885438
Pseudomonas_marginalis,bacteria,6445605,839484,7.67805529519154
Pseudomonas_marincola,bacteria,5020984,642750,7.81172150914041
Pseudomonas_mediterranea,bacteria,6319692,1239098,5.10023581669892
Pseudomonas_meliae,bacteria,5097969,63693,80.0397060901512
Pseudomonas_mendocina,bacteria,5360125,2402869,2.23071903435415
Pseudomonas_migulae,bacteria,6782308,2857121,2.37382595976859
Pseudomonas_mohnii,bacteria,6592588,2888413,2.28242567804535
Pseudomonas_monteilii,bacteria,5799425,1553301,3.73361374385571
Pseudomonas_moorei,bacteria,6672347,1390139,4.79977103000888
Pseudomonas_moraviensis,bacteria,6114969,1523440,4.01392151971853
Pseudomonas_mosselii,bacteria,5687038,1084405,5.2443869355044
Pseudomonas_mucidolens,bacteria,5853167,2585026,2.26425846393808
Pseudomonas_nicosulfuronedens,bacteria,6677205,368695,18.1103757848628
Pseudomonas_nitroreducens,bacteria,6442731,999349,6.44692976692152
Pseudomonas_ogarae,bacteria,7083943,1550748,4.56808248925115
Pseudomonas_oleovorans,bacteria,5308174,1149917,4.6161373406127
Pseudomonas_orientalis,bacteria,6038298,1804707,3.34586068541874
Pseudomonas_oryzae,bacteria,4642193,2065355,2.24764895139092
Pseudomonas_oryzihabitans,bacteria,5198220,1637523,3.17444175836345
Pseudomonas_otitidis,bacteria,6344741,427562,14.8393472759506
Pseudomonas_palleroniana,bacteria,6203873,1572338,3.94563714851296
Pseudomonas_panipatensis,bacteria,5775530,727509,7.93877464058864
Pseudomonas_parafulva,bacteria,5345051,1790768,2.98478138988412
Pseudomonas_paralactis,bacteria,6015212,800030,7.51873304751072
Pseudomonas_peli,bacteria,4487120,1234676,3.63424898515886
Pseudomonas_pharmacofabricae,bacteria,3438790,360446,9.54037497988603
Pseudomonas_phragmitis,bacteria,4035153,1853161,2.17744329823475
Pseudomonas_plecoglossicida,bacteria,5931003,1282395,4.6249407943915
Pseudomonas_poae,bacteria,6296599,1554650,4.05017142122021
Pseudomonas_pohangensis,bacteria,3769689,1692422,2.22739304972401
Pseudomonas_prosekii,bacteria,6018949,1033055,5.82635681876647
Pseudomonas_protegens,bacteria,7056899,1757477,4.01535789251134
Pseudomonas_pseudoalcaligenes,bacteria,4686340,2046873,2.2895118554009
Pseudomonas_psychrophila,bacteria,5518678,909348,6.06883232207709
Pseudomonas_psychrotolerans,bacteria,5538505,445675,12.4272283614742
Pseudomonas_punonensis,bacteria,4809638,956664,5.02751018121305
Pseudomonas_putida,bacteria,6240935,1684210,3.70555703016741
Pseudomonas_reidholzensis,bacteria,6162601,659090,9.35016613816019
Pseudomonas_reinekei,bacteria,6281129,1661173,3.78114079629274
Pseudomonas_resinovorans,bacteria,6484828,2823059,2.29709262186869
Pseudomonas_rhizosphaerae,bacteria,4688635,2101051,2.23156648743891
Pseudomonas_rhodesiae,bacteria,6417799,2860980,2.24321700955617
Pseudomonas_sagittaria,bacteria,4607575,427220,10.785017087215
Pseudomonas_salomonii,bacteria,6716503,402177,16.7003865218381
Pseudomonas_saponiphila,bacteria,7375852,2660376,2.77248479162344
Pseudomonas_saudiphocaensis,bacteria,3687092,1052901,3.50184276671917
Pseudomonas_savastanoi,bacteria,5908457,176490,33.4776390627649
Pseudomonas_sediminis,bacteria,4884839,841486,5.80501517553471
Pseudomonas_segetis,bacteria,4725422,1011556,4.67143885261913
Pseudomonas_seleniipraecipitans,bacteria,4546163,740240,6.14147168485896
Pseudomonas_sessilinigenes,bacteria,6896611,3078700,2.24010491441193
Pseudomonas_sihuiensis,bacteria,5476367,2441374,2.24314955430835
Pseudomonas_silesiensis,bacteria,6823539,2993370,2.2795508072841
Pseudomonas_simiae,bacteria,6299889,1225757,5.13959216206481
Pseudomonas_soli,bacteria,5707924,674499,8.46246399179243
Pseudomonas_songnenensis,bacteria,4785340,696614,6.86942840654939
Pseudomonas_sp,bacteria,6142652,853828,7.19425376710557
Pseudomonas_straminea,bacteria,4992198,768534,6.49574124241738
Pseudomonas_stutzeri,bacteria,4715026,1109472,4.24979131007826
Pseudomonas_synxantha,bacteria,6472040,2261237,2.86216756665851
Pseudomonas_syringae,bacteria,6173305,469982,13.1351964057262
Pseudomonas_taeanensis,bacteria,5454863,1249082,4.36709759647485
Pseudomonas_taetrolens,bacteria,4921904,684533,7.19016322076511
Pseudomonas_taiwanensis,bacteria,6253055,143451,43.5901806191661
Pseudomonas_thivervalensis,bacteria,6584749,2357022,2.79367330827558
Pseudomonas_tolaasii,bacteria,6792797,3048449,2.2282796923944
Pseudomonas_toyotomiensis,bacteria,5481964,570731,9.60517091692138
Pseudomonas_tremae,bacteria,5929145,331696,17.8752381698905
Pseudomonas_trivialis,bacteria,6020355,1711982,3.5165994735926
Pseudomonas_tructae,bacteria,5685196,2590245,2.19484874982868
Pseudomonas_umsongensis,bacteria,6749275,2974468,2.26906962858568
Pseudomonas_vancouverensis,bacteria,6405269,1718909,3.7263580347645
Pseudomonas_veronii,bacteria,7178792,1171708,6.12677670690494
Pseudomonas_versuta,bacteria,5184833,1483394,3.49525126003316
Pseudomonas_viciae,bacteria,6704877,2981846,2.24856582130667
Pseudomonas_viridiflava,bacteria,5837048,647831,9.01013651317376
Pseudomonas_vranovensis,bacteria,5726905,500619,11.4396477161274
Pseudomonas_wadenswilerensis,bacteria,5966738,803612,7.42489908065086
Pseudomonas_weihenstephanensis,bacteria,4792107,729376,6.57014626201027
Pseudomonas_xanthomarina,bacteria,4308853,782090,5.50940812438466
Pseudomonas_yamanorum,bacteria,6972180,3122719,2.23272731231981
Pseudomonas_yangmingensis,bacteria,3141501,380125,8.26438934561
Pseudomonas_zeshuii,bacteria,5339831,609143,8.76613701544629
Pseudomonas_zhaodongensis,bacteria,4828824,866217,5.57461178896281
Pseudonaja_textilis,ensembl,1590035073,11235385,141.520301529498
Pseudonitzschia_multistriata,protists,56765209,515767,110.059792503204
Pseudonocardia_alni,bacteria,5994807,2648536,2.26344176556407
Pseudonocardia_ammonioxydans,bacteria,7361511,425686,17.2932889500712
Pseudonocardia_autotrophica,bacteria,7351656,347754,21.1403923463138
Pseudonocardia_dioxanivorans,bacteria,7303989,3218389,2.26945499751584
Pseudonocardia_endophytica,bacteria,7567994,2717974,2.78442472223796
Pseudonocardia_oroxyli,bacteria,6111570,471714,12.9560920388201
Pseudonocardia_sediminis,bacteria,6612042,2956702,2.23628962269448
Pseudonocardia_sp,bacteria,7130043,2016645,3.53559677182979
Pseudonocardia_thermophila,bacteria,6098214,436649,13.9659406067574
Pseudonocardiaceae_bacterium,bacteria,7040723,372671,18.8926138538763
Pseudonocardiales_bacterium,bacteria,5004434,68461,73.0995829712024
Pseudooceanicola_algae,bacteria,4067555,372618,10.9161527355093
Pseudooceanicola_antarcticus,bacteria,4232532,737185,5.74147873328947
Pseudooceanicola_atlanticus,bacteria,4938305,723525,6.82534121143015
Pseudooceanicola_lipolyticus,bacteria,5235224,212756,24.6067043937656
Pseudooceanicola_marinus,bacteria,4533138,691944,6.55130762026985
Pseudooceanicola_nitratireducens,bacteria,4068972,1600615,2.54213036863955
Pseudooceanicola_sp,bacteria,4779610,322391,14.8255069155156
Pseudooctadecabacter_jejudonensis,bacteria,3412627,799544,4.26821663348108
Pseudopedobacter_saltans,bacteria,4429835,1063625,4.16484663297685
Pseudoprevotella_muciniphila,bacteria,2920169,1315406,2.21997542963921
Pseudoprimorskyibacter_insulae,bacteria,4006290,783168,5.1154924613876
Pseudopuniceibacterium_sediminis,bacteria,4445201,376069,11.8201739574387
Pseudoramibacter_alactolyticus,bacteria,2362882,1011431,2.33617715889665
Pseudorhizobium_banfieldiae,bacteria,4577425,1990883,2.29919337299078
Pseudorhizobium_pelagicum,bacteria,5134606,325446,15.7771366063802
Pseudorhodobacter_antarcticus,bacteria,3796802,173451,21.8897671388461
Pseudorhodobacter_sp,bacteria,4030871,627573,6.42295447326684
Pseudorhodobacter_turbinis,bacteria,4246983,1547787,2.7439066228105
Pseudorhodoferax_soli,bacteria,8162227,1113209,7.3321604478584
Pseudorhodoferax_sp,bacteria,6914093,907813,7.6162056076139
Pseudorhodoplanes_sinuspersici,bacteria,5971615,2634352,2.26682501047696
Pseudoroseicyclus_aestuarii,bacteria,3444313,794627,4.33450285479854
Pseudoruegeria_aquimaris,bacteria,3691014,256152,14.4094678159843
Pseudoruegeria_sp,bacteria,3966811,342952,11.566665305932
Pseudoscardovia_radai,bacteria,2436770,271758,8.96669095298022
Pseudoscardovia_suis,bacteria,2270618,349664,6.49371396540679
Pseudospirillum_japonicum,bacteria,2744234,373727,7.3428839768066
Pseudosporangium_ferrugineum,bacteria,8653585,759087,11.39999104187
Pseudosulfitobacter_pseudonitzschiae,bacteria,5033449,1238936,4.06272037567735
Pseudothermotoga_hypogea,bacteria,2165416,1020313,2.12230560622084
Pseudothermotoga_lettingae,bacteria,2135342,1011126,2.11184560578998
Pseudothermotoga_sp,bacteria,1907267,224259,8.50475120285028
Pseudothermotoga_thermarum,bacteria,2039943,957023,2.13155065238766
Pseudothioclava_arenosa,bacteria,2793629,400183,6.9808787479728
Pseudovibrio_axinellae,bacteria,5126200,402241,12.7441011731773
Pseudovibrio_denitrificans,bacteria,6080381,902517,6.7371373614015
Pseudovibrio_exalbescens,bacteria,4172554,522724,7.98232719370069
Pseudovibrio_sp,bacteria,6051833,1169692,5.17386986971355
Pseudoxanthobacter_soli,bacteria,5165242,804887,6.4173505100716
Pseudoxanthomonas_dokdonensis,bacteria,3553658,470359,7.5552035785432
Pseudoxanthomonas_indica,bacteria,3960916,1448522,2.73445346359945
Pseudoxanthomonas_sp,bacteria,4356270,1012110,4.30414547469737
Pseudoxanthomonas_spadix,bacteria,3413484,1012637,3.37088611220013
Pseudoxanthomonas_suwonensis,bacteria,3575736,1150020,3.1092821890872
Pseudoxanthomonas_winnipegensis,bacteria,4527729,729529,6.20637573359016
Pseudoxanthomonas_wuyuanensis,bacteria,4669744,776089,6.01702124369757
Pseudozobellia_sp,bacteria,5403965,931340,5.8023541349024
Pseudozobellia_thermophila,bacteria,5036817,977115,5.15478423726992
Psychrilyobacter_sp,bacteria,3358809,236513,14.2013715947961
Psychrobacillus_insolitus,bacteria,3288307,776918,4.2325020143696
Psychrobacillus_psychrodurans,bacteria,4016876,444290,9.04111278669338
Psychrobacillus_psychrotolerans,bacteria,3607666,641873,5.62052929473587
Psychrobacillus_sp,bacteria,4081968,653909,6.24240987660363
Psychrobacter_alimentarius,bacteria,3349444,1406782,2.38092611364092
Psychrobacter_aquaticus,bacteria,3216409,405638,7.92925958613345
Psychrobacter_arcticus,bacteria,2650701,1090182,2.43142979796034
Psychrobacter_cryohalolentis,bacteria,3101097,1296391,2.39210006857499
Psychrobacter_fozii,bacteria,3499844,489522,7.14951319858965
Psychrobacter_immobilis,bacteria,3243066,366150,8.8572060630889
Psychrobacter_pacificensis,bacteria,3062581,253845,12.064767870157
Psychrobacter_pasteurii,bacteria,2941644,100495,29.2715458480521
Psychrobacter_phenylpyruvicus,bacteria,3452703,1378158,2.50530273016592
Psychrobacter_piechaudii,bacteria,2820896,49877,56.5570503438459
Psychrobacter_piscatorii,bacteria,3089314,123728,24.968592396224
Psychrobacter_sp,bacteria,3234223,598625,5.40274848536347
Psychrobacter_urativorans,bacteria,2931580,1185751,2.47234031428183
Psychroflexus_halocasei,bacteria,2671918,403825,6.61652448461586
Psychroflexus_salarius,bacteria,2534569,471405,5.3766273162143
Psychroflexus_sediminis,bacteria,2973500,301341,9.86755867936988
Psychroflexus_sp,bacteria,3241975,269626,12.0239683858382
Psychroflexus_torquis,bacteria,4321832,1808923,2.38917411078305
Psychromicrobium_lacuslunae,bacteria,3599434,1653265,2.17716699984576
Psychromonas_ingrahamii,bacteria,4559598,1829607,2.49211879928312
Psychromonas_sp,bacteria,3950907,477905,8.26713928500434
Psychroserpens_sp,bacteria,4319537,1901501,2.27164592603422
Psychrosphaera_saromensis,bacteria,3635560,1589521,2.28720476168607
Pteropus_vampyrus,ensembl,1999614463,869750,2299.0680804829
Puccinia_graminis,fungi,88724376,2055627,43.1617097848977
Puccinia_graminisug99,fungi,118341764,441657,267.949481158456
Puccinia_striiformis,fungi,64782816,36063,1796.3790034107
Puccinia_triticina,fungi,162948716,1405704,115.919650225083
Pueribacillus_theae,bacteria,3753578,218932,17.1449491166207
Pukyongia_salina,bacteria,3182272,1472083,2.16174767319506
Pukyongiella_litopenaei,bacteria,4262966,1843419,2.31253231088537
Pundamilia_nyererei,ensembl,830133247,6029706,137.673917600626
Puniceibacterium_antarcticum,bacteria,5546835,292787,18.944949741621
Puniceibacterium_sediminis,bacteria,4642053,429938,10.7970288739307
Puniceibacterium_sp,bacteria,5563485,2044294,2.72147010165857
Puniceicoccaceae_bacterium,bacteria,2618901,115114,22.7505510853395
Pusillimonas_ginsengisoli,bacteria,4761124,527673,9.02286832943888
Pusillimonas_maritima,bacteria,3414730,504923,6.76287275485569
Pusillimonas_noertemannii,bacteria,4203487,989992,4.24598077560223
Pusillimonas_sp,bacteria,3537292,678604,5.21260356875652
Pusillimonas_thiosulfatoxidans,bacteria,3548703,1650328,2.15030163700792
Pustulibacterium_marinum,bacteria,4209902,622180,6.76637307531583
Puteibacter_caeruleilacunae,bacteria,8075071,762164,10.5949257640088
Putridiphycobacter_roseus,bacteria,4042952,636502,6.35182921656177
Pvc_group,bacteria,1907665,88001,21.6777650253974
Pygocentrus_nattereri,ensembl,1222050449,24593094,49.6907973026899
Pyramidobacter_piscolens,bacteria,2562014,108189,23.6809102588988
Pyramidobacter_sp,bacteria,2618152,122103,21.4421553933974
Pyrenophora_teres,fungi,33583335,205259,163.614433471858
Pyrenophora_triticirepentis,fungi,37997465,3568760,10.6472458220783
Pyricularia_oryzae,fungi,41858488,3496449,11.9717141591369
Pyrinomonas_methylaliphatogenes,bacteria,3788560,730178,5.18854306758078
Pyrobaculum_aerophilum,bacteria,2440126,408200,5.97777151723012
Pyrobaculum_arsenaticum,bacteria,2121076,946788,2.24028610417538
Pyrobaculum_calidifontis,bacteria,2009313,928462,2.16413057292598
Pyrobaculum_ferrireducens,bacteria,2467972,1118982,2.20555111699741
Pyrobaculum_islandicum,bacteria,1826402,817214,2.23491276458798
Pyrobaculum_neutrophilum,bacteria,1769823,807946,2.19052139623193
Pyrobaculum_oguniense,bacteria,2452920,1087276,2.25602330962883
Pyrobaculum_sp,bacteria,1993257,891811,2.23506662286067
Pyrococcus_abyssi,bacteria,1768562,825316,2.1428907230685
Pyrococcus_furiosus,bacteria,1909042,876657,2.17763789030373
Pyrococcus_horikoshii,bacteria,1738505,854262,2.03509579028448
Pyrococcus_kukulkanii,bacteria,1977126,910440,2.17161592197179
Pyrococcus_sp,bacteria,1799103,833815,2.15767586335098
Pyrococcus_yayanosii,bacteria,1716818,790195,2.17265105448655
Pyrodictium_delaneyi,bacteria,2033319,667198,3.04754885356371
Pyrodictium_occultum,bacteria,1621727,693981,2.33684639781204
Pyrolobus_fumarii,bacteria,1843267,813693,2.26531013539504
Pythium_aphanidermatum,protists,35876849,172381,208.125309633892
Pythium_arrhenomanes,protists,44672625,86574,516.005093908102
Pythium_irregulare,protists,42968084,146693,292.911618141288
Pythium_iwayamai,protists,43199174,85349,506.147394814233
Pythium_ultimum,protists,44913582,1535428,29.2515064203597
Pythium_vexans,protists,33844883,150782,224.46235624942
Qipengyuania_citrea,bacteria,3094736,405740,7.62738699659881
Qipengyuania_flava,bacteria,3001755,1382965,2.17052094593862
Qipengyuania_marisflavi,bacteria,2669685,643959,4.14573753919116
Qipengyuania_nanhaisediminis,bacteria,2899438,789761,3.67128536354669
Quadrisphaera_granulorum,bacteria,4884413,361942,13.4950157760083
Quadrisphaera_sp,bacteria,3195637,926654,3.44857627550305
Quercus_lobata,plants,846677899,35431669,23.8960772353117
Quercus_suber,plants,953298670,1575655,605.017386420251
Rahnella_aceris,bacteria,5614252,2306026,2.43460047718456
Rahnella_aquatilis,bacteria,5552850,2299053,2.41527685529651
Rahnella_inusitata,bacteria,4910561,742881,6.61015828914725
Rahnella_sp,bacteria,5606314,1114948,5.02832061599313
Rahnella_woolbedingensis,bacteria,5457431,256169,21.3040258579297
Raineya_orbicola,bacteria,3070213,112059,27.3981830999741
Raineyella_antarctica,bacteria,3760249,486990,7.72140906384115
Ralstonia_insidiosa,bacteria,6177004,2258157,2.73541830793873
Ralstonia_mannitolilytica,bacteria,4963696,1746078,2.84276929288648
Ralstonia_pickettii,bacteria,5706290,1693855,3.36881938501802
Ralstonia_pseudosolanacearum,bacteria,5869117,1193695,4.91676597320336
Ralstonia_solanacearum,bacteria,5521560,1450374,3.80699007685925
Ralstonia_sp,bacteria,5723055,538030,10.6370587228079
Ramlibacter_sp,bacteria,4585682,558309,8.21351975339821
Ramlibacter_tataouinensis,bacteria,4493412,2066172,2.17475190836
Raoultella_ornithinolytica,bacteria,6027429,1152482,5.22995727046378
Raoultella_planticola,bacteria,6193672,1442662,4.29322460839753
Raoultella_sp,bacteria,5403151,790660,6.8337224597172
Raoultella_terrigena,bacteria,5822520,1842094,3.16081546858962
Raphidiopsis_brookii,bacteria,3186511,363489,8.76645785704657
Raphidiopsis_curvata,bacteria,3431981,1476218,2.32484700769128
Rathayibacter_caricis,bacteria,4119949,1780786,2.31355648573158
Rathayibacter_festucae,bacteria,4359758,1918190,2.27284992623254
Rathayibacter_iranicus,bacteria,3380746,411326,8.21914004949845
Rathayibacter_oskolensis,bacteria,3946460,1263872,3.12251557119708
Rathayibacter_rathayi,bacteria,3276397,318411,10.2898360923461
Rathayibacter_sp,bacteria,4032290,722859,5.57825331862876
Rathayibacter_tanaceti,bacteria,3181179,311974,10.1969526257839
Rathayibacter_toxicus,bacteria,2315720,434082,5.33475126819357
Rathayibacter_tritici,bacteria,3274274,858216,3.81521133095359
Rattus_norvegicus,ensembl,2833142966,32663833,86.7363895739334
Reichenbachiella_agariperforans,bacteria,5034103,1025757,4.90769548733277
Reichenbachiella_faecimaris,bacteria,4711560,1315909,3.58046035098172
Reichenbachiella_sp,bacteria,4636242,2117411,2.1895805774127
Reinekea_forsetii,bacteria,3660060,1633626,2.24045160887498
Reinekea_marinisedimentorum,bacteria,4230836,425045,9.95385429778024
Renibacterium_salmoninarum,bacteria,3155250,1429813,2.20675710739796
Rheinheimera_nanhaiensis,bacteria,3987205,289505,13.7724909759762
Rheinheimera_pacifica,bacteria,4457865,469862,9.48760487121751
Rheinheimera_riviphila,bacteria,4745991,414535,11.4489512345158
Rheinheimera_salexigens,bacteria,3441881,1547655,2.22393298247995
Rheinheimera_sp,bacteria,4237991,646913,6.55109701739981
Rhinolophus_ferrumequinum,ensembl,2075768562,20546708,101.026819576158
Rhinopithecus_bieti,ensembl,2977074946,5559500,535.493290044069
Rhinopithecus_roxellana,ensembl,2899552139,4610485,628.903930714448
Rhizobacter_gummiphilus,bacteria,6398096,2958993,2.16225452375183
Rhizobacter_sp,bacteria,6388588,753882,8.47425773339121
Rhizobiaceae_bacterium,bacteria,5822494,235328,24.7420366467229
Rhizobiales_bacterium,bacteria,6162456,1553175,3.96764966007272
Rhizobium_acidisoli,bacteria,7361743,647158,11.3754956285791
Rhizobium_aethiopicum,bacteria,6557588,663193,9.88790291815505
Rhizobium_album,bacteria,6868712,706588,9.7209576160365
Rhizobium_altiplani,bacteria,8099863,333153,24.3127421935267
Rhizobium_anhuiense,bacteria,7122173,882698,8.0686406902474
Rhizobium_azibense,bacteria,7061324,659845,10.7014889860498
Rhizobium_chutanense,bacteria,6945089,417985,16.6156405134156
Rhizobium_deserti,bacteria,4747674,1032842,4.59670888674163
Rhizobium_esperanzae,bacteria,6294057,434262,14.4936858394241
Rhizobium_etli,bacteria,6832554,1777979,3.8428759615149
Rhizobium_favelukesii,bacteria,7569648,2420420,3.12741094520786
Rhizobium_freirei,bacteria,7083871,544185,13.0173948197764
Rhizobium_gallicum,bacteria,7392696,2498736,2.95857484715769
Rhizobium_grahamii,bacteria,7111777,509464,13.9593444868965
Rhizobium_hainanense,bacteria,7252624,979883,7.40152038559706
Rhizobium_hidalgonense,bacteria,6993638,570067,12.2680983112511
Rhizobium_indicum,bacteria,7530580,959560,7.8479506232023
Rhizobium_jaguaris,bacteria,8025568,2732944,2.9366017013155
Rhizobium_laguerreae,bacteria,7307168,731695,9.98662649208277
Rhizobium_leguminosarum,bacteria,7567785,1714065,4.41510921236636
Rhizobium_lusitanum,bacteria,7921970,642553,12.328897382784
Rhizobium_mesoamericanum,bacteria,6461927,2273726,2.84199899196297
Rhizobium_miluonense,bacteria,6808054,377085,18.0544280467269
Rhizobium_mongolense,bacteria,6728492,1038576,6.4785745097133
Rhizobium_multihospitium,bacteria,7319877,1156090,6.33158058628654
Rhizobium_nepotum,bacteria,5328872,364013,14.6392354119221
Rhizobium_oryzae,bacteria,5728361,928819,6.16735930251212
Rhizobium_oryziradicis,bacteria,5156254,759318,6.79063844133815
Rhizobium_phaseoli,bacteria,6833307,1541975,4.43152888341251
Rhizobium_pisi,bacteria,6899217,436994,15.7879156097288
Rhizobium_pusense,bacteria,5506514,800918,6.87525028560964
Rhizobium_rhizophilum,bacteria,5248183,1024384,5.12325748937898
Rhizobium_rhizosphaerae,bacteria,5537226,447530,12.3728599200054
Rhizobium_rosettiformans,bacteria,4977406,564429,8.81848026944044
Rhizobium_smilacinae,bacteria,6006051,1341957,4.47559124472692
Rhizobium_sophoriradicis,bacteria,6774648,408984,16.5645997943682
Rhizobium_sp,bacteria,6067137,936539,6.47825461839665
Rhizobium_subbaraonis,bacteria,6576489,466994,14.0825984916294
Rhizobium_sullae,bacteria,7310498,652559,11.2028239613766
Rhizobium_taibaishanense,bacteria,5418020,927863,5.83924566450004
Rhizobium_tibeticum,bacteria,6912941,372315,18.5674522917422
Rhizobium_tropici,bacteria,7056434,1219238,5.78757901453723
Rhizobium_tubonense,bacteria,6540512,592205,11.0443376871185
Rhizobium_tumorigenes,bacteria,5899412,636965,9.26175221558484
Rhizobium_vallis,bacteria,7115083,874690,8.13440533217483
Rhizorhabdus_dicambivorans,bacteria,5247494,351417,14.9323851720321
Rhizorhabdus_histidinilytica,bacteria,5473339,654476,8.36293309456726
Rhizorhabdus_wittichii,bacteria,6244299,2671115,2.33771252828875
Rhodanobacter_denitrificans,bacteria,4081992,995693,4.09965056151865
Rhodanobacter_fulvus,bacteria,3879600,272502,14.2369597287359
Rhodanobacter_glycinis,bacteria,3865941,428733,9.01712954216261
Rhodanobacter_lindaniclasticus,bacteria,4060504,209911,19.3439314757207
Rhodanobacter_sp,bacteria,4354389,513494,8.47992207360389
Rhodanobacter_spathiphylli,bacteria,3910579,415418,9.41360027731105
Rhodanobacter_thiooxydans,bacteria,4131704,170512,24.2311626161209
Rhodobaca_barguzinensis,bacteria,3899419,1761979,2.21309050788914
Rhodobacter_aestuarii,bacteria,3841151,506344,7.58605019512426
Rhodobacter_capsulatus,bacteria,3952172,669260,5.90528606221797
Rhodobacter_maris,bacteria,3833743,585229,6.55084249071731
Rhodobacter_sp,bacteria,4076668,797242,5.11346391685335
Rhodobacter_sphaeroides,bacteria,4602977,1659001,2.77454745355789
Rhodobacter_viridis,bacteria,3868365,504856,7.66231361021757
Rhodobacteraceae_bacterium,bacteria,3910271,414750,9.42800937699208
Rhodobacterales_bacterium,bacteria,3547095,551907,6.42697881626321
Rhodobiaceae_bacterium,bacteria,3619717,697960,5.18613745773397
Rhodobium_orientis,bacteria,5189386,239063,21.7071901548964
Rhodoblastus_acidophilus,bacteria,4711496,805856,5.84657308501767
Rhodoblastus_sphagnicola,bacteria,5092596,183311,27.7811806165478
Rhodococcus_aetherivorans,bacteria,6231823,2746821,2.268740118122
Rhodococcus_coprophilus,bacteria,4579834,2076108,2.20597098031509
Rhodococcus_erythropolis,bacteria,6918960,1805641,3.83185785325974
Rhodococcus_fascians,bacteria,5584200,1847032,3.02333671894513
Rhodococcus_gordoniae,bacteria,4871915,2137778,2.27896208118897
Rhodococcus_hoagii,bacteria,5151114,2352558,2.18957981057215
Rhodococcus_imtechensis,bacteria,8231340,423937,19.4164227231876
Rhodococcus_jostii,bacteria,9807859,3891784,2.52014506973474
Rhodococcus_koreensis,bacteria,10311574,4251811,2.42521927715037
Rhodococcus_kroppenstedtii,bacteria,4082826,404237,10.1000799036209
Rhodococcus_kyotonensis,bacteria,5891041,604108,9.75163464148795
Rhodococcus_maanshanensis,bacteria,5667919,437287,12.9615538536476
Rhodococcus_opacus,bacteria,9244924,2974139,3.10843736310375
Rhodococcus_oryzae,bacteria,5365841,653613,8.20950776682838
Rhodococcus_oxybenzonivorans,bacteria,8014224,3255665,2.46162427645351
Rhodococcus_pyridinivorans,bacteria,5636486,1828615,3.08238029714477
Rhodococcus_qingshengii,bacteria,7084410,748462,9.46529015501121
Rhodococcus_rhodnii,bacteria,4383575,184184,23.7999771967163
Rhodococcus_rhodochrous,bacteria,6583258,1128370,5.83431048074235
Rhodococcus_ruber,bacteria,5901973,1663577,3.54775966540541
Rhodococcus_sp,bacteria,6247243,1101248,5.67287609188464
Rhodococcus_spongiicola,bacteria,3967637,796888,4.97891422634046
Rhodococcus_triatomae,bacteria,5279424,524350,10.0685201378088
Rhodococcus_tukisamuensis,bacteria,5489009,706465,7.76968285760795
Rhodococcus_wratislaviensis,bacteria,9365871,1127172,8.30917825965741
Rhodococcus_xishaensis,bacteria,3709357,745034,4.97877546528078
Rhodocyclaceae_bacterium,bacteria,3987088,562024,7.09415487941507
Rhodocyclales_bacterium,bacteria,3876102,241781,16.0314416440481
Rhodoferax_antarcticus,bacteria,4007233,661901,6.05412742993288
Rhodoferax_fermentans,bacteria,4467741,2023024,2.20844685975055
Rhodoferax_ferrireducens,bacteria,4721145,1381691,3.41693222290657
Rhodoferax_koreense,bacteria,5895641,2679872,2.19997111802355
Rhodoferax_lacus,bacteria,4900405,597413,8.20270901369739
Rhodoferax_saidenbachensis,bacteria,4264855,1950983,2.18600315840784
Rhodoferax_sp,bacteria,4679667,786405,5.95070506891229
Rhodohalobacter_barkolensis,bacteria,3597295,1053590,3.4143215102649
Rhodohalobacter_mucosus,bacteria,3908029,480651,8.13069982170015
Rhodohalobacter_sp,bacteria,5083342,750924,6.76944937170739
Rhodoluna_lacicola,bacteria,1430433,680213,2.10291923265213
Rhodomicrobium_udaipurense,bacteria,3631113,86932,41.769578521143
Rhodomicrobium_vannielii,bacteria,4014469,1731038,2.31911084563135
Rhodonellum_psychrophilum,bacteria,5137147,170031,30.2130023348683
Rhodophyticola_porphyridii,bacteria,3837315,624352,6.14607625185793
Rhodopila_globiformis,bacteria,7248147,134803,53.7684398715162
Rhodopirellula_bahusiensis,bacteria,7784569,609237,12.7775709617111
Rhodopirellula_baltica,bacteria,7204379,1041455,6.9176073575893
Rhodopirellula_europaea,bacteria,7318751,272256,26.8818703720028
Rhodopirellula_islandica,bacteria,7433200,496852,14.9605918865175
Rhodopirellula_maiorica,bacteria,8874084,57136,155.315107812938
Rhodopirellula_sallentina,bacteria,8186686,114599,71.4376739762127
Rhodopirellula_sp,bacteria,8578906,342490,25.0486076979302
Rhodoplanes_elegans,bacteria,6502640,58480,111.194254445964
Rhodoplanes_piscinae,bacteria,5480503,125869,43.5414937017602
Rhodoplanes_roseus,bacteria,6879536,74016,92.9466061392132
Rhodoplanes_sp,bacteria,8193889,3578425,2.28980319553994
Rhodopseudomonas_faecalis,bacteria,4068611,317966,12.7957423120711
Rhodopseudomonas_palustris,bacteria,5506724,1830031,3.00908837198859
Rhodopseudomonas_pentothenatexigens,bacteria,5383361,302462,17.7984705516726
Rhodopseudomonas_pseudopalustris,bacteria,5272456,629725,8.37263249831276
Rhodopseudomonas_sp,bacteria,6161026,181260,33.9899922762882
Rhodosalinus_halophilus,bacteria,3872454,467943,8.27548227027651
Rhodosalinus_sediminis,bacteria,3156146,324073,9.73899707781889
Rhodospira_trueperi,bacteria,4211331,537430,7.83605492808366
Rhodospirillaceae_bacterium,bacteria,3322168,272547,12.1893556372454
Rhodospirillales_bacterium,bacteria,4966584,283759,17.5028078379824
Rhodospirillum_centenum,bacteria,4355543,1921516,2.26672221308592
Rhodospirillum_rubrum,bacteria,4406557,1947136,2.26309667121352
Rhodothalassium_salexigens,bacteria,3358756,478455,7.02000397111536
Rhodothermaceae_bacterium,bacteria,4653222,2079021,2.23817941232917
Rhodothermaeota_bacterium,bacteria,1317603,159814,8.24460310110504
Rhodothermus_marinus,bacteria,3360430,1518498,2.21299639940138
Rhodothermus_profundi,bacteria,3139689,559949,5.60709814643834
Rhodovarius_crocodyli,bacteria,5275777,886770,5.94943108134015
Rhodovulum_adriaticum,bacteria,3350627,540845,6.1951705202045
Rhodovulum_bhavnagarense,bacteria,3155944,466952,6.75860473881684
Rhodovulum_euryhalinum,bacteria,3789126,393698,9.62444818109312
Rhodovulum_imhoffii,bacteria,2909339,286629,10.1501906645873
Rhodovulum_kholense,bacteria,4458411,483952,9.21250661222601
Rhodovulum_marinum,bacteria,3948575,514191,7.67919897470006
Rhodovulum_robiginosum,bacteria,3712677,425237,8.73084185995104
Rhodovulum_sp,bacteria,4204981,855489,4.91529408464221
Rhodovulum_steppense,bacteria,3665949,218982,16.7408691125298
Rhodovulum_sulfidophilum,bacteria,4640475,1422377,3.26247817034955
Rhodovulum_visakhapatnamense,bacteria,4429538,326227,13.5780851983435
Richelia_intracellularis,bacteria,4366068,152153,28.695341844531
Rickettsia_africae,bacteria,1290917,521403,2.475852651404
Rickettsia_akari,bacteria,1231060,485160,2.53743095061423
Rickettsia_amblyommatis,bacteria,1453030,414293,3.50725130925858
Rickettsia_argasii,bacteria,1437875,286539,5.01807781837725
Rickettsia_asembonensis,bacteria,1355051,71666,18.9078642592024
Rickettsia_australis,bacteria,1323280,526740,2.51220716102821
Rickettsia_bellii,bacteria,1561342,667573,2.33883502320347
Rickettsia_canadensis,bacteria,1159772,437469,2.65109527760824
Rickettsia_conorii,bacteria,1343503,541715,2.48009101951455
Rickettsia_endosymbiont,bacteria,1593636,458416,3.47639942563055
Rickettsia_felis,bacteria,1536217,642488,2.39104496196424
Rickettsia_hoogstraalii,bacteria,2303093,575676,4.00067572731884
Rickettsia_japonica,bacteria,1283171,522082,2.45779729793145
Rickettsia_massiliae,bacteria,1327452,535552,2.4786603355043
Rickettsia_monacensis,bacteria,1353450,555177,2.43787116541211
Rickettsia_montanensis,bacteria,1279798,533050,2.40089672638589
Rickettsia_parkeri,bacteria,1309691,531900,2.46228802406467
Rickettsia_peacockii,bacteria,1314898,531973,2.47173822731605
Rickettsia_philipii,bacteria,1287740,517673,2.4875548850336
Rickettsia_prowazekii,bacteria,1111568,426814,2.60434006890597
Rickettsia_rhipicephali,bacteria,1357776,548083,2.47731730413094
Rickettsia_rickettsii,bacteria,1262956,504660,2.5025893696641
Rickettsia_sibirica,bacteria,1250021,509113,2.45529185072862
Rickettsia_slovaca,bacteria,1275720,522309,2.44246222063951
Rickettsia_sp,bacteria,1287652,309634,4.15863109127404
Rickettsia_tamurae,bacteria,1657692,52242,31.7310210175721
Rickettsia_typhi,bacteria,1111496,424376,2.61913020528965
Rickettsiaceae_bacterium,bacteria,2253768,510016,4.41901430543356
Rickettsiales_bacterium,bacteria,1950429,271153,7.19309288219461
Rickettsiales_endosymbiont,bacteria,1738386,760140,2.28692872365617
Rickettsiella_grylli,bacteria,1581239,709724,2.227963264593
Riemerella_anatipestifer,bacteria,2307074,931815,2.47589200090318
Riemerella_columbipharyngis,bacteria,2136954,247439,8.63628611496167
Riemerella_sp,bacteria,1754497,14097,124.458891962829
Rikenella_microfusus,bacteria,2945869,1217904,2.41880230297298
Rippkaea_orientalis,bacteria,4787694,2040718,2.34608309428348
Rivibacter_subsaxonicus,bacteria,3942086,945009,4.17147984834007
Rivicola_pingtungensis,bacteria,3709303,316603,11.7159439424137
Rivularia_sp,bacteria,8728773,3462729,2.52077855356281
Robbsia_andropogonis,bacteria,6203810,386776,16.039800814942
Robertkochia_marina,bacteria,3581539,1056753,3.38919217641209
Robertmurraya_kyonggiensis,bacteria,4820420,1207418,3.99233736783782
Robiginitalea_biformata,bacteria,3530383,1621363,2.17741677835253
Robiginitalea_myxolifaciens,bacteria,3206962,1190779,2.69316304704735
Robiginitomaculum_sp,bacteria,3209347,180626,17.7679140876729
Robinsoniella_peoriensis,bacteria,7093522,230071,30.8318823319758
Robinsoniella_sp,bacteria,7237586,320359,22.5921107257795
Rodentibacter_genomosp,bacteria,2466265,181560,13.5837445839759
Rodentibacter_heidelbergensis,bacteria,2033092,203407,9.99519190588328
Rodentibacter_heylii,bacteria,2391677,121163,19.739336678689
Rodentibacter_mrazii,bacteria,2484705,100982,24.6054247291597
Rodentibacter_myodis,bacteria,2466277,208690,11.8178973597202
Rodentibacter_pneumotropicus,bacteria,2343594,191791,12.2195229092792
Rodentibacter_rarus,bacteria,2445671,89208,27.4153775446148
Rodentibacter_ratti,bacteria,2218574,155318,14.2840773981981
Rodentibacter_sp,bacteria,2451779,95931,25.557734204793
Rodentibacter_trehalosifermentans,bacteria,2581848,135039,19.1193474453582
Romboutsia_hominis,bacteria,3039773,1311541,2.31771099797871
Romboutsia_ilealis,bacteria,2588193,1091953,2.37024212580578
Romboutsia_lituseburensis,bacteria,3782458,566598,6.67573482433754
Romboutsia_maritimum,bacteria,2828385,290248,9.74471830985915
Romboutsia_weinsteinii,bacteria,4177877,206832,20.1993743714706
Rosa_chinensis,plants,515588973,31318022,16.4630120318582
Roseateles_aquatilis,bacteria,6385736,871329,7.32873116813511
Roseateles_depolymerans,bacteria,5418205,1460606,3.70955959375766
Roseateles_sp,bacteria,5976631,722258,8.27492530370034
Roseateles_terrae,bacteria,5519783,957727,5.76342005602849
Roseburia_faecis,bacteria,3451256,364568,9.46670031379606
Roseburia_hominis,bacteria,4399486,868756,5.06412351459003
Roseburia_intestinalis,bacteria,4160794,586224,7.09761468434522
Roseburia_inulinivorans,bacteria,3729863,236855,15.7474523794445
Roseburia_sp,bacteria,3102574,313920,9.88332642103848
Roseiarcus_fermentans,bacteria,6792213,326193,20.8226816639229
Roseibaca_calidilacus,bacteria,3044387,423074,7.19587353512624
Roseibaca_ekhonensis,bacteria,3901528,184013,21.2024585219523
Roseibacillus_sp,bacteria,4003043,175246,22.8424866829676
Roseibacterium_elongatum,bacteria,3555109,1596165,2.22728164068251
Roseibium_aggregatum,bacteria,6696127,1851078,3.61742022756469
Roseibium_album,bacteria,6430293,765205,8.40336537487691
Roseibium_alexandrii,bacteria,5351857,394252,13.5747110984852
Roseibium_marinum,bacteria,6057182,895629,6.76304809245793
Roseibium_sp,bacteria,5696886,894017,6.37223453245296
Roseibium_suaedae,bacteria,5142828,1212964,4.23988510788449
Roseicella_frigidaeris,bacteria,5823079,532822,10.9287510650836
Roseicitreum_antarcticum,bacteria,4250016,548863,7.74330935042078
Roseicyclus_mahoneyensis,bacteria,4030284,674728,5.9731980887113
Roseiflexus_castenholzii,bacteria,5723298,2461023,2.32557680281737
Roseiflexus_sp,bacteria,5801598,2535784,2.28789123994788
Roseimicrobium_gellanilyticum,bacteria,7930206,1030078,7.69864612194416
Roseinatronobacter_thiooxidans,bacteria,3685266,340810,10.8132566532672
Roseisalinus_antarcticus,bacteria,5003117,381406,13.117562387587
Roseitalea_porphyridii,bacteria,3539672,1612914,2.19458198019237
Roseivirga_echinicomitans,bacteria,4189908,658209,6.36561943091024
Roseivirga_ehrenbergii,bacteria,4243716,661131,6.41887311289291
Roseivirga_misakiensis,bacteria,4452385,1601841,2.77954241400988
Roseivirga_pacifica,bacteria,4661336,1734528,2.68738085732282
Roseivirga_seohaensis,bacteria,4121872,494710,8.33190387490032
Roseivirga_sp,bacteria,4498852,1452539,3.09723391152799
Roseivirga_spongicola,bacteria,4481099,1176479,3.80890691631555
Roseivivax_halodurans,bacteria,4492810,379487,11.8391670860925
Roseivivax_halotolerans,bacteria,3771129,459198,8.21242470568252
Roseivivax_isoporae,bacteria,4898228,221816,22.0823926136978
Roseivivax_jejudonensis,bacteria,4312868,772011,5.58653697939537
Roseivivax_lentus,bacteria,4439333,608078,7.30059794960515
Roseivivax_marinus,bacteria,4638882,537649,8.62808635373636
Rosenbergiella_nectarea,bacteria,3294717,429388,7.67305327582513
Roseobacter_denitrificans,bacteria,4331234,1914225,2.26265668873826
Roseobacter_litoralis,bacteria,4745450,2053893,2.31046602719811
Roseobacter_sp,bacteria,4100522,937437,4.37418598945351
Roseococcus_sp,bacteria,4709178,936941,5.02612010788299
Roseofilum_reptotaenium,bacteria,5826181,271097,21.4911304809718
Roseomonas_aestuarii,bacteria,5195849,544543,9.54166888565274
Roseomonas_cervicalis,bacteria,5100977,1007777,5.06161283696691
Roseomonas_deserti,bacteria,6249862,92972,67.2230564040787
Roseomonas_gilardii,bacteria,4770303,1825658,2.61292257366933
Roseomonas_mucosa,bacteria,4870909,1117563,4.35851104524356
Roseomonas_rhizosphaerae,bacteria,4653735,317486,14.6580794113756
Roseomonas_rosea,bacteria,5342582,364002,14.6773424321844
Roseomonas_sp,bacteria,5126575,1026337,4.9950211285377
Roseomonas_stagni,bacteria,6384459,974238,6.55328472098194
Roseomonas_wenyumeiae,bacteria,5817219,82385,70.610171754567
Roseospirillum_parvum,bacteria,3497210,554096,6.31155972972193
Roseovarius_aestuarii,bacteria,4810238,487991,9.85722687508581
Roseovarius_albus,bacteria,4287842,483685,8.86494722805131
Roseovarius_atlanticus,bacteria,4578348,487712,9.38740076110491
Roseovarius_azorensis,bacteria,3857113,492236,7.83590188446193
Roseovarius_gaetbuli,bacteria,4130403,209208,19.7430451990364
Roseovarius_halotolerans,bacteria,3725543,997890,3.73342051729149
Roseovarius_indicus,bacteria,6081479,699921,8.68881394386934
Roseovarius_litorisediminis,bacteria,3998736,589550,6.78269188364006
Roseovarius_lutimaris,bacteria,4283675,290510,14.7453616054525
Roseovarius_marisflavi,bacteria,4080216,353963,11.5272387226914
Roseovarius_mucosus,bacteria,4310947,1282698,3.36084292639421
Roseovarius_nanhaiticus,bacteria,3698163,1197391,3.08851745169289
Roseovarius_pacificus,bacteria,4547027,701813,6.47897231883707
Roseovarius_sp,bacteria,4342418,242947,17.8739092799138
Roseovarius_spongiae,bacteria,4053554,980026,4.13616985671809
Roseovarius_tolerans,bacteria,3762046,239575,15.7029990608369
Rossellomorea_aquimaris,bacteria,4333724,564132,7.68211578328812
Rossellomorea_marisflavi,bacteria,4312371,902273,4.77945465477447
Rossellomorea_vietnamensis,bacteria,4316249,437525,9.8651482772413
Rothia_aeria,bacteria,2592054,612266,4.23353943463602
Rothia_dentocariosa,bacteria,2527507,870424,2.90376621193281
Rothia_kristinae,bacteria,2558831,402276,6.36087962751972
Rothia_mucilaginosa,bacteria,2298779,776481,2.9605104914633
Rothia_nasimurium,bacteria,2678677,331310,8.08510760315113
Rothia_sp,bacteria,2353521,224630,10.4773372842804
Rouxiella_badensis,bacteria,4777790,239931,19.9131833735532
Rouxiella_silvae,bacteria,5281376,187567,28.1572771329712
Ruania_alba,bacteria,4830506,1734492,2.78496874012679
Ruaniaceae_bacterium,bacteria,2724385,170185,16.0083732408849
Rubellimicrobium_roseum,bacteria,4851245,401614,12.0793722330397
Rubellimicrobium_rubrum,bacteria,4615821,321942,14.3374303445962
Rubellimicrobium_thermophilum,bacteria,3163144,825490,3.83183805981902
Rubidibacter_lacunae,bacteria,4153658,216462,19.1888553187165
Rubinisphaera_brasiliensis,bacteria,6006602,2584103,2.32444372379894
Rubricoccus_marinus,bacteria,4430441,1840646,2.40700330210154
Rubrimonas_cliftonensis,bacteria,4864068,539483,9.01616547694737
Rubritalea_profundi,bacteria,4167407,1746132,2.38665060831598
Rubritalea_squalenifaciens,bacteria,4322488,968242,4.46426409926444
Rubrivirga_marina,bacteria,4981075,2190067,2.27439388840615
Rubrivirga_sp,bacteria,3222971,735567,4.38161675388969
Rubrivivax_albus,bacteria,5310361,982978,5.40231927876311
Rubrivivax_benzoatilyticus,bacteria,4129939,147818,27.9393510939128
Rubrivivax_gelatinosus,bacteria,5059306,1426025,3.54783822163006
Rubrivivax_sp,bacteria,3916131,308814,12.6811964483476
Rubrobacter_xylanophilus,bacteria,3225748,1493530,2.1598146672648
Ruegeria_arenilitoris,bacteria,3871907,1025583,3.77532291389385
Ruegeria_atlantica,bacteria,4821041,548051,8.79670140187683
Ruegeria_conchae,bacteria,4504665,976584,4.61267540733823
Ruegeria_denitrificans,bacteria,4620120,471473,9.79933103274207
Ruegeria_halocynthiae,bacteria,4243668,994770,4.26597907053892
Ruegeria_lacuscaerulensis,bacteria,3523710,1529571,2.30372437761961
Ruegeria_marina,bacteria,4995422,439246,11.372720525628
Ruegeria_marisrubri,bacteria,4012034,675064,5.94319057156062
Ruegeria_meonggei,bacteria,4543068,491313,9.24678972467653
Ruegeria_pomeroyi,bacteria,4601048,1979249,2.32464333694245
Ruegeria_profundi,bacteria,4258055,593603,7.17323699509605
Ruegeria_sp,bacteria,4560863,1084555,4.20528382446139
Rufibacter_immobilis,bacteria,4772155,1213817,3.93152756964188
Rufibacter_latericius,bacteria,5671207,843645,6.72226706730912
Rufibacter_radiotolerans,bacteria,4820793,2055657,2.34513491307159
Rufibacter_sp,bacteria,4143738,1803094,2.29812644265912
Rufibacter_tibetensis,bacteria,5413467,2264920,2.39013607544637
Rugamonas_rubra,bacteria,6830503,477383,14.3082242141006
Rugosibacter_aromaticivorans,bacteria,2934611,1344436,2.18278222243379
Ruminiclostridium_cellobioparum,bacteria,6415858,353555,18.1467041902957
Ruminiclostridium_cellulolyticum,bacteria,4068724,1804959,2.25419192347305
Ruminiclostridium_herbifermentans,bacteria,4726956,694098,6.81021411962
Ruminiclostridium_hungatei,bacteria,4901053,258058,18.9920599245131
Ruminiclostridium_papyrosolvens,bacteria,4400934,388191,11.3370325432583
Ruminiclostridium_sufflavum,bacteria,4401411,314085,14.0134390372033
Ruminococcaceae_bacterium,bacteria,2976144,481341,6.18302119632361
Ruminococcus_albus,bacteria,4188499,754324,5.55265391334597
Ruminococcus_bicirculans,bacteria,2968500,1162583,2.55336608224961
Ruminococcus_bovis,bacteria,2440231,1050259,2.32345640456307
Ruminococcus_bromii,bacteria,2243960,346305,6.47972922421694
Ruminococcus_callidus,bacteria,3070687,106075,28.9482630214471
Ruminococcus_champanellensis,bacteria,2573208,1121111,2.29523035631619
Ruminococcus_flavefaciens,bacteria,3627722,428541,8.46529383448942
Ruminococcus_lactaris,bacteria,2893928,268091,10.7945734843766
Ruminococcus_obeum,bacteria,2607950,163761,15.9253424197459
Ruminococcus_sp,bacteria,3367762,287557,11.7116170523151
Rummeliibacillus_sp,bacteria,3702192,201311,18.3904108568335
Rummeliibacillus_stabekisii,bacteria,3420739,1466319,2.33287504287948
Runella_aurantiaca,bacteria,7211915,579481,12.4454727592449
Runella_rosea,bacteria,7162093,3121321,2.29457111267954
Runella_slithyformis,bacteria,6919729,2964399,2.33427720087613
Runella_sp,bacteria,7047068,1746387,4.03522788340382
Ruoffia_tabacinasalis,bacteria,2518736,150025,16.7887752041326
Ruthenibacterium_lactatiformans,bacteria,4031302,287280,14.0326807168628
Saccharibacillus_sp,bacteria,5878125,822909,7.14310391549977
Saccharibacter_sp,bacteria,1978091,577071,3.42781217562484
Saccharicrinis_fermentans,bacteria,5649521,190795,29.6104248014885
Saccharobesus_litoralis,bacteria,5871129,2520917,2.32896561052982
Saccharolobus_solfataricus,bacteria,2711084,1170073,2.31701999326111
Saccharomonospora_azurea,bacteria,4868790,1139853,4.27141877066604
Saccharomonospora_cyanea,bacteria,5408301,2444613,2.21233422222659
Saccharomonospora_glauca,bacteria,4564108,2047585,2.22902004068207
Saccharomonospora_marina,bacteria,5965593,2702310,2.20759017285212
Saccharomonospora_piscinae,bacteria,4878861,1029217,4.74036415078849
Saccharomonospora_viridis,bacteria,4308282,1426004,3.02122679880281
Saccharomonospora_xinjiangensis,bacteria,4744829,2130803,2.22678028583128
Saccharomyces_cerevisiae,ensembl,12157105,1223104,9.93955133823453
Saccharophagus_degradans,bacteria,5057531,2213560,2.28479508122662
Saccharopolyspora_antimicrobica,bacteria,8219321,1140744,7.20522834220474
Saccharopolyspora_aridisoli,bacteria,6008184,286812,20.9481611648048
Saccharopolyspora_elongata,bacteria,10298286,307312,33.5108489092518
Saccharopolyspora_erythraea,bacteria,8221454,3552443,2.31431022458492
Saccharopolyspora_flava,bacteria,6291299,1015642,6.19440609978713
Saccharopolyspora_hirsuta,bacteria,7744048,1305442,5.93212720289373
Saccharopolyspora_karakumensis,bacteria,6670713,252201,26.4499863204349
Saccharopolyspora_kobensis,bacteria,7777251,1175886,6.61394982166639
Saccharopolyspora_rectivirgula,bacteria,3961468,321664,12.3155466573816
Saccharopolyspora_rhizosphaerae,bacteria,5824618,614790,9.47415865580117
Saccharopolyspora_shandongensis,bacteria,10151409,355999,28.5152739193088
Saccharopolyspora_spinosa,bacteria,9020646,3821873,2.36026838149776
Saccharopolyspora_terrae,bacteria,6653094,287746,23.1214126347543
Saccharospirillum_sp,bacteria,3750085,1115205,3.36268668092414
Saccharothrix_australiensis,bacteria,7861373,3424931,2.29533762869967
Saccharothrix_carnea,bacteria,8918169,854965,10.4310340189364
Saccharothrix_espanaensis,bacteria,9360653,4122395,2.27068318295554
Saccharothrix_sp,bacteria,9593896,566925,16.9227048751642
Saccharothrix_texasensis,bacteria,9178199,4105104,2.23580182134241
Saccharothrix_variisporea,bacteria,9408895,4240039,2.21905859828176
Saccharum_spontaneum,plants,2900240836,43825183,66.177495162998
Saezia_sanguinis,bacteria,3349558,637336,5.25556064618977
Sagittula_sp,bacteria,5576178,2214021,2.51857502706614
Saimiri_boliviensis,ensembl,2608588537,16585160,157.284496320807
Sala_cibi,bacteria,2661022,1126045,2.36315777788632
Salana_multivorans,bacteria,3892849,1527639,2.54827809449746
Salarias_fasciatus,ensembl,797490645,19076674,41.8044909191193
Salegentibacter_agarivorans,bacteria,4298571,353899,12.1463214080854
Salegentibacter_echinorum,bacteria,3967303,597993,6.63436361295199
Salegentibacter_flavus,bacteria,3688496,333337,11.0653662809709
Salegentibacter_holothuriorum,bacteria,3591995,784238,4.58023584677101
Salegentibacter_mishustinae,bacteria,3775942,566835,6.66144821685323
Salegentibacter_salarius,bacteria,3315810,254257,13.0411748742414
Salegentibacter_salegens,bacteria,4010099,1791415,2.238509223156
Salegentibacter_salinarum,bacteria,4312781,453428,9.51150127473381
Salegentibacter_sp,bacteria,4119285,1058849,3.89034224898923
Salibacterium_halotolerans,bacteria,3614063,252340,14.322196243164
Salibacterium_qingdaonense,bacteria,3516738,290572,12.1028110072547
Salibacterium_salarium,bacteria,6960367,380120,18.3109728506787
Salibaculum_griseiflavum,bacteria,3272033,309989,10.5553197048928
Salicibibacter_kimchii,bacteria,3641602,1535781,2.37117271277611
Salimicrobium_flavidum,bacteria,2900825,464095,6.25049828160183
Salimicrobium_halophilum,bacteria,3155619,475818,6.63198744057602
Salimicrobium_humidisoli,bacteria,2622223,215188,12.1857306169489
Salimicrobium_jeotgali,bacteria,2712396,253451,10.7018555854978
Salimicrobium_salexigens,bacteria,2584100,345451,7.4803662458641
Salinarchaeum_sp,bacteria,3255260,1401603,2.32252642153306
Salinibacillus_kushneri,bacteria,3488694,451077,7.73414295120345
Salinibacter_ruber,bacteria,3710123,1547775,2.39706869538531
Salinibacter_sp,bacteria,4752427,1923922,2.47017654561879
Salinibacterium_amurskyense,bacteria,2776536,1048695,2.64761060174789
Salinibacterium_hongtaonis,bacteria,2817140,1200960,2.34574007460698
Salinibacterium_sp,bacteria,2995446,1376701,2.17581450147853
Salinibacterium_xinjiangense,bacteria,3026577,612728,4.93951149612879
Salinicoccus_alkaliphilus,bacteria,2516660,527231,4.77335361539818
Salinicoccus_halodurans,bacteria,2778379,1250926,2.22105784035187
Salinicoccus_kekensis,bacteria,2610395,601598,4.33910185871629
Salinicoccus_qingdaonensis,bacteria,2633620,237704,11.079409685996
Salinicoccus_roseus,bacteria,2528154,606734,4.1668220522656
Salinicoccus_sediminis,bacteria,2591284,553859,4.67859870472449
Salinicola_socius,bacteria,4174124,320840,13.0099862859993
Salinicola_sp,bacteria,4269407,252992,16.875639182742
Salinigranum_rubrum,bacteria,4973118,1923594,2.58532621748664
Salinihabitans_flavidus,bacteria,4088599,328616,12.4418744066022
Salinimicrobium_catena,bacteria,3263166,737615,4.42394202937847
Salinimicrobium_sediminis,bacteria,3482289,1038057,3.35462214502672
Salinimonas_iocasae,bacteria,4159483,1786488,2.32830167345093
Salinimonas_sediminis,bacteria,4440293,1914275,2.31956902743859
Salinimonas_sp,bacteria,3214946,1472642,2.18311442971204
Saliniramus_fredricksonii,bacteria,3796549,275825,13.7643397081483
Salinisphaera_halophila,bacteria,3791007,208940,18.1439982770173
Salinisphaera_hydrothermalis,bacteria,4282309,312480,13.7042658730159
Salinisphaera_japonica,bacteria,3262569,207967,15.6879168329591
Salinisphaera_orenii,bacteria,3668802,313325,11.7092539695205
Salinisphaera_shabanensis,bacteria,3760335,261464,14.3818460667625
Salinisphaera_sp,bacteria,3848365,627328,6.13453368891553
Salinisphaeraceae_bacterium,bacteria,3724617,217307,17.1398850474214
Salinispira_pacifica,bacteria,3782798,1720576,2.19856489919655
Salinispora_arenicola,bacteria,5786361,2523932,2.2925978195926
Salinispora_sp,bacteria,6720287,86928,77.3086577397386
Salinispora_tropica,bacteria,5183331,2277947,2.27543968318841
Salinivibrio_kushneri,bacteria,3526101,794833,4.43628122906399
Salinivibrio_sharmensis,bacteria,3326895,352171,9.44681702922728
Salinivibrio_sp,bacteria,3542299,702479,5.04256853229776
Salinivirga_cyanobacteriivorans,bacteria,4812386,2132706,2.25646948055663
Salinivirgaceae_bacterium,bacteria,4319286,53975,80.0238258452988
Salipaludibacillus_aurantiacus,bacteria,4435185,356095,12.4550611494124
Salipaludibacillus_keqinensis,bacteria,4150426,1039954,3.99097075447568
Salipaludibacillus_neizhouensis,bacteria,5397042,741182,7.28166900977088
Salipiger_abyssi,bacteria,5259072,2016894,2.60751035998917
Salipiger_aestuarii,bacteria,4658697,218636,21.3080050860791
Salipiger_bermudensis,bacteria,5482983,2064519,2.6558161973806
Salipiger_marinus,bacteria,5611602,349120,16.0735620989918
Salipiger_mucosus,bacteria,5689389,841168,6.76367741045784
Salipiger_profundus,bacteria,5424264,2162094,2.50880118995751
Salipiger_sp,bacteria,4986628,945639,5.2732914897727
Salipiger_thiooxidans,bacteria,5871369,430842,13.6276616485858
Salisediminibacterium_beveridgei,bacteria,3582268,1590929,2.25168313607961
Salisediminibacterium_haloalkalitolerans,bacteria,2937914,189679,15.4888733070082
Saliterribacillus_persicus,bacteria,3763507,384277,9.79373472781353
Salmo_salar,ensembl,2708160305,53385160,50.7287098524725
Salmo_trutta,ensembl,2371880186,39645154,59.8277455549801
Salmonella_bongori,bacteria,4537585,1667791,2.7207158450909
Salmonella_enterica,bacteria,4873111,914575,5.32828242966874
Salmonella_sp,bacteria,4812160,187948,25.6036776129568
Salsuginibacillus_halophilus,bacteria,3019496,270203,11.1749166367509
Salvator_merianae,ensembl,2026218827,15389654,131.661103427017
Samsonia_erythrinae,bacteria,3879021,641897,6.04305830997808
Sandaracinomonas_limnophila,bacteria,2691519,628837,4.28015368052452
Sandaracinus_amylolyticus,bacteria,10327335,4738625,2.17939486665436
Sandaracinus_sp,bacteria,8725152,249676,34.9458958810619
Sandarakinorhabdus_cyanobacteriorum,bacteria,3532745,164415,21.4867560745674
Sander_lucioperca,ensembl,900477767,9623286,93.5727948852398
Sanguibacter_antarcticus,bacteria,3521501,1606358,2.19222676389696
Sanguibacter_gelidistatuariae,bacteria,4040166,754779,5.35278008529649
Sanguibacter_keddieii,bacteria,4253413,1925960,2.20846383102453
Sanguibacter_sp,bacteria,4392999,1250619,3.51265973090126
Sanguibacteroides_justesenii,bacteria,3409943,547395,6.22940584898095
Saprospira_grandis,bacteria,4447718,1838676,2.4189783844462
Saprospirales_bacterium,bacteria,5075146,106361,47.7164548869176
Sar116_cluster,bacteria,1836204,136732,13.4292542525239
Sar202_cluster,bacteria,2987759,127700,23.3966395284794
Sar86_cluster,bacteria,3495881,304921,11.4648916684841
Sar92_bacterium,bacteria,2527476,88802,28.4619265331862
Sarcina_sp,bacteria,4151587,245978,16.877879322541
Sarcina_ventriculi,bacteria,2457263,407066,6.03652233298777
Sarcophilus_harrisii,ensembl,3086674442,40745451,75.7550687560189
Scandinavium_goeteborgense,bacteria,4598067,461985,9.95284121573845
Scardovia_inopinata,bacteria,1804013,684017,2.63738035750573
Scardovia_wiggsiae,bacteria,1555498,625181,2.4880762531171
Schaalia_canis,bacteria,2578157,418698,6.15755747579401
Schaalia_cardiffensis,bacteria,2188900,288349,7.59114822662815
Schaalia_georgiae,bacteria,2564710,270421,9.48413584743788
Schaalia_meyeri,bacteria,2026407,366644,5.52690620874745
Schaalia_odontolytica,bacteria,2391603,646364,3.70008632906536
Schaalia_radingae,bacteria,2430293,1101638,2.20607223062385
Schaalia_turicensis,bacteria,1988762,491547,4.0459243978704
Schinkia_azotoformans,bacteria,4463567,324671,13.7479891151183
Schizosaccharomyces_cryophilus,fungi,11554764,2094814,5.51589019359237
Schizosaccharomyces_japonicus,fungi,11733154,3175022,3.69545596849408
Schizosaccharomyces_octosporus,fungi,11634473,3291716,3.53447047072105
Schizosaccharomyces_pombe,fungi,12631379,4216463,2.99572864744692
Schlegelella_brevitalea,bacteria,6476147,2863184,2.26186895428306
Schlegelella_thermodepolymerans,bacteria,3932435,464105,8.47316714231385
Schleiferia_thermophila,bacteria,2608354,571612,4.56315385261331
Schleiferilactobacillus_collinoides,bacteria,3616190,282323,12.808697839
Schleiferilactobacillus_harbinensis,bacteria,3136715,214989,14.5901185642056
Schleiferilactobacillus_kimchicus,bacteria,2593269,412503,6.28666700605814
Schleiferilactobacillus_odoratitofui,bacteria,2751938,542873,5.06921139935123
Schleiferilactobacillus_oryzae,bacteria,1860394,120784,15.4026526692277
Schleiferilactobacillus_paracollinoides,bacteria,3476642,225489,15.418233261933
Schleiferilactobacillus_perolens,bacteria,3309179,411684,8.03815304942626
Schleiferilactobacillus_shenzhenensis,bacteria,3271684,313698,10.4294066267557
Schleiferilactobacillus_silagei,bacteria,2672040,308580,8.65914835699008
Schleiferilactobacillus_similis,bacteria,3476170,141014,24.6512403023813
Schwartzia_succinivorans,bacteria,2659575,481308,5.52572365304545
Sciurus_vulgaris,ensembl,2878591032,19749273,145.756809984854
Scleropages_formosus,ensembl,784546363,22375518,35.0627128721668
Sclerotinia_sclerotiorum,fungi,27274596,2241927,12.1656931737742
Scophthalmus_maximus,ensembl,556696898,17664653,31.5147372552407
Scopulibacillus_darangshiensis,bacteria,4660335,287714,16.1978040693188
Scytonema_hofmannii,bacteria,12288939,1392718,8.82370946595075
Scytonema_millei,bacteria,5969679,1106943,5.39294164198157
Scytonema_sp,bacteria,9805494,3769539,2.60124508610272
Sebaldella_termitidis,bacteria,4486650,1933345,2.32066703045758
Secale_cereale,plants,6735227109,21839853,308.391595355518
Secundilactobacillus_collinoides,bacteria,3707616,208124,17.8144567661586
Secundilactobacillus_malefermentans,bacteria,2217937,91588,24.2164584880115
Secundilactobacillus_mixtipabuli,bacteria,2511119,289755,8.666352608238
Secundilactobacillus_paracollinoides,bacteria,3748510,1419814,2.64014159601187
Secundilactobacillus_pentosiphilus,bacteria,2636222,247517,10.6506684389355
Secundilactobacillus_silagincola,bacteria,2617693,392712,6.66568121167675
Sedimentibacter_sp,bacteria,3131702,546362,5.73191766630915
Sedimenticola_selenatireducens,bacteria,4278355,438554,9.75559452199729
Sedimenticola_sp,bacteria,3934398,264725,14.8622079516479
Sedimenticola_thiotaurini,bacteria,3962284,1750241,2.2638505211568
Sedimentisphaera_cyanobacteriorum,bacteria,2951611,1322803,2.23133074237056
Sedimentisphaera_salicampi,bacteria,3192293,1432437,2.22857479945017
Sedimentitalea_nanhaiensis,bacteria,4890154,294568,16.6011039895712
Sediminibacillus_albus,bacteria,3565081,792840,4.49659578225115
Sediminibacillus_halophilus,bacteria,4149758,913865,4.54088733018553
Sediminibacterium_ginsengisoli,bacteria,4089980,582307,7.02375207579507
Sediminibacterium_goheungense,bacteria,3857482,1143848,3.37237290269337
Sediminibacterium_magnilacihabitans,bacteria,4040222,492238,8.20786286308656
Sediminibacterium_sp,bacteria,3223743,564105,5.71479245885075
Sediminicola_luteus,bacteria,4565563,920093,4.96206687802211
Sediminicola_sp,bacteria,3569807,1615990,2.20905265502881
Sediminihabitans_luteus,bacteria,3421787,897291,3.81346408244371
Sediminispirochaeta_smaragdinae,bacteria,4653970,2170936,2.14376195336942
Sediminitomix_flava,bacteria,6603976,1340731,4.92565324438683
Segniliparus_rotundus,bacteria,3157527,1436581,2.19794567796734
Segniliparus_rugosus,bacteria,3587629,1301449,2.75664201977949
Seinonella_peptonophila,bacteria,3844441,590896,6.50612121253148
Selaginella_moellendorffii,plants,212645483,4172446,50.9642264992764
Selenihalanaerobacter_shriftii,bacteria,2840584,235264,12.0740274755169
Seleniivibrio_woodruffii,bacteria,2906047,861678,3.37254403617128
Selenomonas_artemidis,bacteria,2210307,499594,4.42420645564198
Selenomonas_flueggei,bacteria,2166063,676680,3.20101525093102
Selenomonas_infelix,bacteria,2413634,582983,4.14014473835429
Selenomonas_noxia,bacteria,2084198,483301,4.31242570616004
Selenomonas_ruminantium,bacteria,3139967,459001,6.84087031599707
Selenomonas_sp,bacteria,2423576,705595,3.4347982824036
Selenomonas_sputigena,bacteria,2563907,987843,2.59546132101018
Sellimonas_intestinalis,bacteria,3262745,564372,5.78119573614566
Seonamhaeicola_aphaedonensis,bacteria,3508581,609464,5.75683059212685
Seonamhaeicola_sp,bacteria,3644992,1174951,3.10225111611085
Seongchinamella_sediminis,bacteria,4307356,334688,12.8697652739268
Seongchinamella_unica,bacteria,4193411,1152821,3.63752134980192
Serinibacter_arcticus,bacteria,4057797,1844822,2.19956017436913
Serinibacter_salmoneus,bacteria,3268715,1491822,2.19108915138669
Serinicoccus_chungangensis,bacteria,3556988,492601,7.22082983997191
Serinicoccus_hydrothermalis,bacteria,3597394,1660196,2.16684897445844
Serinicoccus_sp,bacteria,3479543,367557,9.46667591693261
Serinus_canaria,ensembl,1152083301,12148853,94.830623187226
Seriola_dumerili,ensembl,677686174,11293326,60.0076694854997
Seriola_lalandi,ensembl,732509836,4599492,159.258856412839
Serpentinicella_alkaliphila,bacteria,3017800,178710,16.8865760170108
Serpentinimonas_maccroryi,bacteria,2623236,1199238,2.18741901107203
Serpentinimonas_raichei,bacteria,2574013,1187253,2.16804084723307
Serratia_ficaria,bacteria,5209973,2292840,2.27227935660578
Serratia_fonticola,bacteria,5878596,2024007,2.90443509541378
Serratia_inhibens,bacteria,5474685,2394641,2.28622369699675
Serratia_liquefaciens,bacteria,5284740,2327103,2.27095233859438
Serratia_marcescens,bacteria,5380870,1157500,4.64870153936785
Serratia_nematodiphila,bacteria,5214448,1391976,3.74607608177152
Serratia_odorifera,bacteria,5269973,2234730,2.35821441516425
Serratia_oryzae,bacteria,5012778,581238,8.62431224386568
Serratia_plymuthica,bacteria,5376444,2025521,2.65435156050013
Serratia_proteamaculans,bacteria,5431227,1500689,3.61915603751944
Serratia_quinivorans,bacteria,5390940,1805272,2.98621999229295
Serratia_rubidaea,bacteria,5052316,2166742,2.33175684968492
Serratia_sp,bacteria,5475063,1273653,4.29870735187662
Serratia_surfactantfaciens,bacteria,5117644,2262720,2.26172217508132
Serratia_symbiotica,bacteria,3185483,369377,8.62394467433635
Sesamum_indicum,plants,274906174,10956883,25.089815598104
Setaria_italica,plants,405732883,20778810,19.5262810045426
Setaria_viridis,plants,395731502,26894108,14.7144312055265
Shackletoniella_antarctica,bacteria,4711992,68730,68.5580096027936
Shewanella_algae,bacteria,4875280,1261730,3.86396608781835
Shewanella_amazonensis,bacteria,4306142,1922504,2.23986113943066
Shewanella_atlantica,bacteria,5392127,842412,6.40081931406485
Shewanella_baltica,bacteria,5319524,1928241,2.7587442165559
Shewanella_benthica,bacteria,4353505,1796072,2.42390338471954
Shewanella_bicestrii,bacteria,5004414,2141955,2.33637681463896
Shewanella_canadensis,bacteria,5676915,647140,8.7723135642983
Shewanella_chilikensis,bacteria,4441258,213202,20.8312210954869
Shewanella_colwelliana,bacteria,4642543,474826,9.7773563368476
Shewanella_decolorationis,bacteria,4843966,566623,8.54883405721265
Shewanella_denitrificans,bacteria,4545906,1955334,2.3248744204315
Shewanella_fodinae,bacteria,4034972,270132,14.9370381887374
Shewanella_frigidimarina,bacteria,4820943,1319781,3.65283558408554
Shewanella_halifaxensis,bacteria,5226917,2215374,2.35938356232401
Shewanella_khirikhana,bacteria,4858998,2148245,2.26184536679941
Shewanella_livingstonensis,bacteria,4839879,2047831,2.36341719604792
Shewanella_loihica,bacteria,4602594,1992595,2.30984921672492
Shewanella_mangrovi,bacteria,4215794,539566,7.81330550850128
Shewanella_marisflavi,bacteria,4321452,1887126,2.28996474003326
Shewanella_maritima,bacteria,4718011,2008980,2.3484609105118
Shewanella_morhuae,bacteria,4190369,445190,9.41254071295402
Shewanella_oneidensis,bacteria,4801024,190424,25.2122841658614
Shewanella_pealeana,bacteria,5174581,2197205,2.35507428756079
Shewanella_piezotolerans,bacteria,5396476,2290328,2.35620225574678
Shewanella_psychromarinicola,bacteria,5094248,854709,5.96021335916669
Shewanella_psychrophila,bacteria,6353406,2701171,2.35209322179159
Shewanella_putrefaciens,bacteria,4904618,1608557,3.04907979226407
Shewanella_sediminis,bacteria,5517674,2338195,2.35980061543199
Shewanella_sp,bacteria,4836822,978088,4.945182558947
Shewanella_violacea,bacteria,4962103,2060669,2.40800584664495
Shewanella_woodyi,bacteria,5935403,2562271,2.31646184185826
Shewanella_xiamenensis,bacteria,5368190,2281810,2.35260166271513
Shigella_boydii,bacteria,4977471,569308,8.74301774597811
Shigella_dysenteriae,bacteria,4804915,832442,5.77207389259504
Shigella_flexneri,bacteria,4746463,1044168,4.54568793406426
Shigella_sonnei,bacteria,5023121,807339,6.22182518162036
Shigella_sp,bacteria,4698294,246925,19.027183656058
Shimia_abyssi,bacteria,4732601,590139,8.01946829475768
Shimia_aestuarii,bacteria,4226671,893340,4.73131282602369
Shimia_gijangensis,bacteria,4094570,296315,13.8183014697197
Shimia_haliotis,bacteria,3995969,761917,5.2446250707098
Shimia_isoporae,bacteria,4232765,1345307,3.14631901863292
Shimia_marina,bacteria,4001860,617405,6.48174213036824
Shimia_sp,bacteria,4049808,693561,5.8391518554244
Shimia_thalassica,bacteria,4358316,1259730,3.45972232144983
Shimwellia_blattae,bacteria,4158725,1844537,2.25461728336162
Shinella_granuli,bacteria,6590828,552913,11.9201899756381
Shinella_sp,bacteria,6325815,728856,8.67909748103078
Shuttleworthia_satelles,bacteria,2169477,821425,2.6411139178866
Shuttleworthia_sp,bacteria,2102620,162648,12.9274260980768
Siansivirga_zeaxanthinifaciens,bacteria,3303986,1503780,2.19712058944792
Siccationidurans_arizonensis,bacteria,6017345,1163581,5.17140190498126
Siccibacter_turicensis,bacteria,4224698,673621,6.27162454852209
Siculibacillus_lacustris,bacteria,5020870,267666,18.7579670185978
Sideroxydans_lithotrophicus,bacteria,3003656,1376703,2.18177486356898
Silicimonas_algicola,bacteria,4337735,674137,6.43450070237949
Silvanigrella_aquatica,bacteria,3506707,1524297,2.30054051146201
Silvibacterium_dinghuense,bacteria,5116187,1486249,3.44234848938502
Simiduia_agarivorans,bacteria,4300227,1958162,2.19605272699603
Siminovitchia_acidinfaciens,bacteria,4311621,686955,6.27642421992707
Siminovitchia_fortis,bacteria,3607409,221637,16.2762038829257
Siminovitchia_terrae,bacteria,5302661,414007,12.8081433405715
Simkania_negevensis,bacteria,2628375,1171078,2.24440643577968
Simonsiella_muelleri,bacteria,2343541,137942,16.9893215989329
Simplicispira_hankyongi,bacteria,3709074,954760,3.88482341111902
Simplicispira_metamorpha,bacteria,3778861,222624,16.9741851732068
Simplicispira_sp,bacteria,3966897,1796458,2.20817686803699
Simplicispira_suum,bacteria,4154448,1823389,2.27842111584528
Singulisphaera_acidiphila,bacteria,9755686,4045345,2.41158319006166
Singulisphaera_sp,bacteria,10689158,3509028,3.04618771922025
Sinimarinibacterium_flocculans,bacteria,4401070,625529,7.03575693532994
Sinimarinibacterium_sp,bacteria,4544824,624619,7.27615394344392
Sinirhodobacter_ferrireducens,bacteria,4066781,259662,15.6618257581009
Sinirhodobacter_hankyongi,bacteria,3801301,352072,10.7969421027517
Sinirhodobacter_huangdaonensis,bacteria,4146544,530687,7.813539807834
Sinirhodobacter_populi,bacteria,4634853,353095,13.1263711794072
Sinobaca_qinghaiensis,bacteria,3403958,632819,5.37903887209455
Sinobacteraceae_bacterium,bacteria,3798671,746623,5.08780334921373
Sinobacterium_caligoides,bacteria,4398449,1061743,4.14266823515672
Sinocyclocheilus_anshuiensis,ensembl,1632718266,4205240,388.258046151944
Sinocyclocheilus_grahami,ensembl,1750287761,4779614,366.198559339729
Sinocyclocheilus_rhinocerous,ensembl,1655786410,3512192,471.439605237982
Sinomicrobium_oceani,bacteria,5026272,318697,15.7713188388971
Sinomicrobium_pectinilyticum,bacteria,5648340,249218,22.6642537858421
Sinomicrobium_sp,bacteria,4611183,444116,10.3828346648173
Sinomonas_atrocyanea,bacteria,4492204,2006670,2.23863614844494
Sinomonas_humi,bacteria,4416081,249424,17.7051165886202
Sinomonas_sp,bacteria,3939870,1792087,2.1984814353321
Sinorhizobium_americanum,bacteria,6631837,1389481,4.77288854127702
Sinorhizobium_fredii,bacteria,6854259,1924924,3.5607952731628
Sinorhizobium_medicae,bacteria,6817576,2218339,3.07327960244129
Sinorhizobium_meliloti,bacteria,6870718,1065381,6.44907161253708
Sinorhizobium_saheli,bacteria,5994348,491326,12.2003476306973
Sinorhizobium_sp,bacteria,7109515,892989,7.96148253440273
Sinosporangium_album,bacteria,7057140,382813,18.4349538808766
Siphonobacter_aquaeclarae,bacteria,6189941,869092,7.1223081100735
Siphonobacter_curvatus,bacteria,6392615,1855613,3.4450152052179
Siphonobacter_sp,bacteria,6510407,335816,19.3868567710543
Skermanella_aerolata,bacteria,8525315,502694,16.9592535419162
Skermanella_stibiiresistens,bacteria,7868338,500617,15.7172808753998
Slackia_exigua,bacteria,2096289,774251,2.7075057055141
Slackia_heliotrinireducens,bacteria,3165038,1376640,2.29910361459786
Smithella_sp,bacteria,3397618,105877,32.090236784193
Sneathia_vaginalis,bacteria,1330224,624644,2.12957140387165
Sneathiella_sp,bacteria,3461625,320801,10.7905679845138
Snodgrassella_alvi,bacteria,2549252,320893,7.94423823679662
Snodgrassella_sp,bacteria,2296297,323863,7.09033449328883
Snowella_sp,bacteria,4608211,104126,44.2561031826825
Sodalis_glossinidius,bacteria,4292502,1667197,2.5746819362079
Sodalis_ligni,bacteria,6384591,2756049,2.31657383450004
Sodalis_praecaptivus,bacteria,5159425,2070592,2.49176322520323
Soehngenia_saccharolytica,bacteria,6146237,165708,37.0907680981003
Solanum_lycopersicum,plants,827747456,21788337,37.9903916485228
Solanum_tuberosum,plants,810388474,20505423,39.5206904046798
Solemya_elarraichensis,bacteria,2047614,33529,61.0699394553968
Solemya_pervernicosa,bacteria,3563444,123750,28.7955070707071
Solemya_velesiana,bacteria,2552746,73701,34.6365178220106
Solemya_velum,bacteria,2764753,566897,4.87699782940978
Solibacillus_isronensis,bacteria,4019895,341201,11.7816038053816
Solibacillus_silvestris,bacteria,4081834,1238154,3.29671038364791
Solibacillus_sp,bacteria,4283411,1747042,2.451807684074
Solidesulfovibrio_carbinolicus,bacteria,4688868,2010914,2.33170985929781
Solidesulfovibrio_fructosivorans,bacteria,4673595,278772,16.7649369377125
Solidesulfovibrio_magneticus,bacteria,4853569,1158607,4.18914178837173
Solimicrobium_silvestre,bacteria,5243257,420733,12.4621957393406
Solimonas_aquatica,bacteria,4427055,452652,9.78026165796241
Solimonas_fluminis,bacteria,4668848,623722,7.48546307489555
Solimonas_sp,bacteria,5373342,2430270,2.21100618449802
Solirubrum_puertoriconensis,bacteria,4804721,1181323,4.06723732628587
Solitalea_canadensis,bacteria,5202069,2304625,2.25723013505451
Solitalea_longa,bacteria,4517600,468360,9.64557178238962
Solobacterium_moorei,bacteria,1999221,385156,5.19067858218488
Soonwooa_buanensis,bacteria,3329778,513902,6.47940268767197
Sorangium_cellulosum,bacteria,13154773,2979750,4.41472393371001
Sorex_araneus,ensembl,2944193050,546855,5383.86418703313
Sorghum_bicolor,plants,708735318,27478156,25.7926812119416
Spartobacteria_bacterium,bacteria,4745694,1050660,4.51686939637942
Sparus_aurata,ensembl,833578411,21994164,37.899981604211
Spermophilus_dauricus,ensembl,3106271744,4114630,754.933431195515
Sphaeramia_orbicularis,ensembl,1342662642,21229636,63.2447321282381
Sphaerisporangium_album,bacteria,9305065,583626,15.9435408977667
Sphaerisporangium_cinnabarinum,bacteria,4387525,185944,23.5959482424816
Sphaerobacter_thermophilus,bacteria,3993764,1488364,2.68332477807848
Sphaerochaeta_globosa,bacteria,3316466,1531037,2.16615666375143
Sphaerochaeta_halotolerans,bacteria,2927075,300138,9.75243054861431
Sphaerochaeta_pleomorpha,bacteria,3590853,1627737,2.20604004209525
Sphaerospermopsis_kisseleviana,bacteria,5609991,2161891,2.59494627619986
Sphaerospermopsis_reniformis,bacteria,6025023,79330,75.9488591957645
Sphaerotilus_hippei,bacteria,4429270,377263,11.7405364427468
Sphaerotilus_natans,bacteria,4592824,131988,34.7972846016305
Sphenodon_punctatus,ensembl,4272214985,5935996,719.713251996801
Sphingobacteriaceae_bacterium,bacteria,5720957,1347254,4.2463830131512
Sphingobacteriales_bacterium,bacteria,5602355,512996,10.9208570730641
Sphingobacteriia_bacterium,bacteria,3184101,340963,9.33856297072602
Sphingobacterium_alimentarium,bacteria,3576798,175565,20.3730698032068
Sphingobacterium_alkalisoli,bacteria,5780041,1109166,5.21115955591859
Sphingobacterium_athyrii,bacteria,6853865,1122995,6.10320170615185
Sphingobacterium_cellulitidis,bacteria,4605546,652901,7.05397296067857
Sphingobacterium_corticibacter,bacteria,3907883,906064,4.31303197125148
Sphingobacterium_corticibacterium,bacteria,5119506,1447850,3.53593673377767
Sphingobacterium_daejeonense,bacteria,4732363,2034417,2.3261519147746
Sphingobacterium_deserti,bacteria,4595883,263298,17.4550623248183
Sphingobacterium_detergens,bacteria,6733110,1668590,4.03520936838888
Sphingobacterium_faecium,bacteria,6670393,706686,9.438983819535
Sphingobacterium_gobiense,bacteria,4598820,1409365,3.26304399499065
Sphingobacterium_haloxyli,bacteria,4694399,484261,9.69394396823201
Sphingobacterium_lactis,bacteria,3998564,410986,9.72919758823902
Sphingobacterium_mizutaii,bacteria,4629350,1023934,4.52114101104173
Sphingobacterium_multivorum,bacteria,5997282,1927222,3.11187891171853
Sphingobacterium_nematocida,bacteria,5050264,480912,10.5014306151645
Sphingobacterium_olei,bacteria,5406411,826627,6.54032713666503
Sphingobacterium_paludis,bacteria,4781820,637328,7.50291843446389
Sphingobacterium_paucimobilis,bacteria,5126359,740202,6.92562165462941
Sphingobacterium_psychroaquaticum,bacteria,4506111,909328,4.955429723928
Sphingobacterium_puteale,bacteria,6719458,610223,11.0114794099862
Sphingobacterium_siyangense,bacteria,6747805,755338,8.93349070217571
Sphingobacterium_sp,bacteria,5469647,875809,6.2452534790201
Sphingobacterium_spiritivorum,bacteria,5228611,1573729,3.32243367559182
Sphingobacterium_thalpophilum,bacteria,5962893,2680203,2.22479155496804
Sphingobacterium_wenxiniae,bacteria,3844399,464652,8.27371667398397
Sphingobacterium_yanglingense,bacteria,5485389,980369,5.59522893930755
Sphingobium_amiense,bacteria,4773922,2015158,2.36900630124288
Sphingobium_baderi,bacteria,4715854,1127374,4.18304492699181
Sphingobium_chinhatense,bacteria,5847843,338503,17.275601693338
Sphingobium_chlorophenolicum,bacteria,4684672,992144,4.72176807084862
Sphingobium_chungbukense,bacteria,5516495,819720,6.72973088371639
Sphingobium_cloacae,bacteria,4547566,1815845,2.504380054465
Sphingobium_cupriresistens,bacteria,4382818,231832,18.9051468304634
Sphingobium_czechense,bacteria,4655494,1255789,3.70722629358913
Sphingobium_faniae,bacteria,4840393,485875,9.96221867764343
Sphingobium_fluviale,bacteria,3068982,375474,8.17362054363285
Sphingobium_fuliginis,bacteria,5019338,1250854,4.01273030774587
Sphingobium_herbicidovorans,bacteria,4032326,371884,10.8429671618031
Sphingobium_indicum,bacteria,4055724,1331600,3.04575247822169
Sphingobium_japonicum,bacteria,4606434,941101,4.89473069029291
Sphingobium_lactosutens,bacteria,5360246,300875,17.8155247195679
Sphingobium_lucknowense,bacteria,4442759,227341,19.5422691023617
Sphingobium_quisquiliarum,bacteria,4170546,118057,35.3265456516767
Sphingobium_sp,bacteria,4985902,942070,5.29249662357019
Sphingobium_terrigena,bacteria,5043023,377338,13.3647366552004
Sphingobium_ummariense,bacteria,4754053,230233,20.6488774415483
Sphingobium_xenophagum,bacteria,4623896,1231987,3.75320305863741
Sphingobium_yanoikuyae,bacteria,5604022,1408648,3.97829992954234
Sphingomonadaceae_bacterium,bacteria,2854487,206539,13.8205789017909
Sphingomonadales_bacterium,bacteria,3618422,316418,11.4355748830134
Sphingomonas_adhaesiva,bacteria,3760237,691251,5.4397563258498
Sphingomonas_aerolata,bacteria,3827482,1121742,3.41208762799289
Sphingomonas_aracearum,bacteria,3642894,1077145,3.3819903541306
Sphingomonas_aurantiaca,bacteria,4411230,864792,5.10091443954153
Sphingomonas_baiyangensis,bacteria,3268803,1370454,2.38519716823768
Sphingomonas_cavernae,bacteria,4244097,1263743,3.35835450720598
Sphingomonas_changbaiensis,bacteria,3217375,206147,15.6071880745293
Sphingomonas_crocodyli,bacteria,4883533,1627361,3.00089101311879
Sphingomonas_deserti,bacteria,6091880,838883,7.26189468614813
Sphingomonas_desiccabilis,bacteria,3607011,1173027,3.07495991140869
Sphingomonas_dokdonensis,bacteria,3452664,762388,4.52874914085741
Sphingomonas_elodea,bacteria,4653764,2000530,2.326265539632
Sphingomonas_endophytica,bacteria,3641654,186542,19.5218985536769
Sphingomonas_faeni,bacteria,4383558,685742,6.39243038927177
Sphingomonas_fennica,bacteria,4494276,295525,15.2077692242619
Sphingomonas_gei,bacteria,4661578,758643,6.14462665575244
Sphingomonas_gellani,bacteria,3847972,631299,6.09532408573434
Sphingomonas_gilva,bacteria,3541169,723760,4.89273930584724
Sphingomonas_ginkgonis,bacteria,3213590,1459139,2.20238784653141
Sphingomonas_ginsenosidimutans,bacteria,3900947,785037,4.96912502213271
Sphingomonas_guangdongensis,bacteria,3544824,1050002,3.37601642663538
Sphingomonas_haloaromaticamans,bacteria,4923741,2087691,2.35846253109296
Sphingomonas_hengshuiensis,bacteria,4224179,1268394,3.33033794323292
Sphingomonas_jatrophae,bacteria,4060565,1329160,3.05498585572843
Sphingomonas_jeddahensis,bacteria,3117315,393741,7.91717144010911
Sphingomonas_koreensis,bacteria,4516416,1058813,4.26554461815463
Sphingomonas_laterariae,bacteria,4419388,378405,11.6789894425285
Sphingomonas_lenta,bacteria,3757425,819967,4.58241002381803
Sphingomonas_melonis,bacteria,4100783,529112,7.75031184323924
Sphingomonas_mucosissima,bacteria,3584790,930774,3.85140753824237
Sphingomonas_naasensis,bacteria,4339567,788683,5.50229559911904
Sphingomonas_olei,bacteria,3496927,433396,8.06866468541472
Sphingomonas_oleivorans,bacteria,3873878,760526,5.0936825302488
Sphingomonas_paeninsulae,bacteria,3994557,1583868,2.52202645675018
Sphingomonas_palmae,bacteria,3272897,716375,4.5686923748037
Sphingomonas_panacis,bacteria,5322941,2335365,2.27927583054469
Sphingomonas_parapaucimobilis,bacteria,3994522,172278,23.1864892789561
Sphingomonas_paucimobilis,bacteria,4402364,908072,4.84803407659305
Sphingomonas_pokkalii,bacteria,4223965,1904807,2.21752912499797
Sphingomonas_populi,bacteria,5204106,254100,20.4805430932704
Sphingomonas_psychrotolerans,bacteria,5038478,2243514,2.24579744097875
Sphingomonas_rubra,bacteria,3200202,400777,7.98499414886583
Sphingomonas_sanguinis,bacteria,4018991,136330,29.4798027340455
Sphingomonas_sanxanigenens,bacteria,4890807,1506868,3.24567787147841
Sphingomonas_sp,bacteria,4202611,780940,5.38147690959407
Sphingomonas_spermidinifaciens,bacteria,3635691,1298145,2.8006817420242
Sphingomonas_taxi,bacteria,3686609,1134787,3.24872332869517
Sphingomonas_turrisvirgatae,bacteria,4099485,251492,16.3006576749956
Sphingomonas_yabuuchiae,bacteria,3909164,230872,16.9321702068679
Sphingopyxis_alaskensis,bacteria,3373713,1521690,2.21708298010764
Sphingopyxis_bauzanensis,bacteria,4258005,1021444,4.16861325731024
Sphingopyxis_flava,bacteria,4155299,265853,15.6300624781364
Sphingopyxis_fribergensis,bacteria,5202172,2321137,2.24121712764046
Sphingopyxis_granuli,bacteria,4679853,2087632,2.24170399763943
Sphingopyxis_indica,bacteria,4149802,590127,7.03204903351313
Sphingopyxis_lindanitolerans,bacteria,4372786,1455906,3.00348099396527
Sphingopyxis_macrogoltabida,bacteria,4799742,1634682,2.93619229179492
Sphingopyxis_sp,bacteria,4416370,977232,4.51926314005434
Sphingopyxis_terrae,bacteria,3780213,1453877,2.60009134197735
Sphingopyxis_witflariensis,bacteria,4306761,626573,6.8735183290694
Sphingorhabdus_lutea,bacteria,2533041,1160560,2.18260236437582
Sphingorhabdus_pulchriflava,bacteria,3219819,1234128,2.6089830228307
Sphingorhabdus_sp,bacteria,3626667,1631690,2.22264486976588
Sphingorhabdus_wooponensis,bacteria,2177915,889884,2.44741449447344
Sphingosinicella_humi,bacteria,3026360,1310458,2.30939106785567
Sphingosinicella_microcystinivorans,bacteria,3963648,1155277,3.43090704653516
Sphingosinicella_sp,bacteria,6077080,2640135,2.30180653640818
Spiribacter_curvatus,bacteria,1926631,916785,2.10150798715075
Spiribacter_salinus,bacteria,1739487,833700,2.08646635480389
Spiribacter_sp,bacteria,4155782,222955,18.639555067166
Spiribacter_vilamensis,bacteria,2076021,979895,2.118615770057
Spirochaeta_africana,bacteria,3285855,1547375,2.12350270619598
Spirochaeta_lutea,bacteria,3532909,326010,10.8368117542407
Spirochaeta_thermophila,bacteria,2516434,1186726,2.12048489730776
Spirochaetaceae_bacterium,bacteria,4312134,504882,8.5408798761426
Spirochaetae_bacterium,bacteria,4205303,312096,13.4744100764029
Spirochaetes_bacterium,bacteria,3483906,114436,30.4441456359887
Spirochaetia_bacterium,bacteria,2932735,58942,49.7562858403176
Spiroplasma_alleghenense,bacteria,1336077,614886,2.172885705643
Spiroplasma_apis,bacteria,1160554,513706,2.25917937497323
Spiroplasma_cantharicola,bacteria,1179577,538746,2.18948632565253
Spiroplasma_chrysopicola,bacteria,1123322,506181,2.21921012444165
Spiroplasma_clarkii,bacteria,1560007,704814,2.21335983677963
Spiroplasma_corruscae,bacteria,1204639,526278,2.28897844865261
Spiroplasma_culicicola,bacteria,1175131,544661,2.15754570273987
Spiroplasma_diminutum,bacteria,945296,441220,2.14245954399166
Spiroplasma_endosymbiont,bacteria,1397726,29125,47.9905922746781
Spiroplasma_eriocheiris,bacteria,1365714,612342,2.23031247244187
Spiroplasma_floricola,bacteria,1284130,579781,2.21485353952613
Spiroplasma_gladiatoris,bacteria,1164642,521505,2.23323266315759
Spiroplasma_helicoides,bacteria,1326546,604291,2.19521058562845
Spiroplasma_litorale,bacteria,1225519,559647,2.18980714629043
Spiroplasma_melliferum,bacteria,1297943,464007,2.7972487484025
Spiroplasma_mirum,bacteria,1132608,452784,2.50143114597689
Spiroplasma_monobiae,bacteria,891575,416828,2.13895179786387
Spiroplasma_poulsonii,bacteria,2036397,548328,3.71383004333173
Spiroplasma_sabaudiense,bacteria,1075953,492735,2.18363420499863
Spiroplasma_sp,bacteria,1379184,301686,4.57158601990149
Spiroplasma_syrphidicola,bacteria,1107344,505365,2.19117667428492
Spiroplasma_taiwanense,bacteria,1086278,481040,2.25818642940296
Spiroplasma_turonicum,bacteria,1261374,563552,2.23825662937937
Spirosoma_endophyticum,bacteria,8512335,987739,8.61800030169913
Spirosoma_fluviale,bacteria,7807294,1770542,4.40955029589809
Spirosoma_linguale,bacteria,8491258,3650512,2.32604577111375
Spirosoma_montaniterrae,bacteria,5797678,2658088,2.18114599667129
Spirosoma_oryzae,bacteria,6569981,424506,15.476768290672
Spirosoma_pollinicola,bacteria,8794837,3810209,2.30822954856282
Spirosoma_radiotolerans,bacteria,7029352,3097557,2.26932127479817
Spirosoma_sordidisoli,bacteria,7367609,1293277,5.69685303303159
Spirosoma_sp,bacteria,8675361,617880,14.0405272868518
Spongiactinospora_rosea,bacteria,9809379,839318,11.6873211345402
Spongiibacter_sp,bacteria,3626214,551168,6.57914510639224
Spongiibacteraceae_bacterium,bacteria,4460577,518846,8.59711166704571
Sporanaerobacter_acetigenes,bacteria,2912784,374856,7.77040783660926
Sporanaerobacter_sp,bacteria,3296036,267651,12.3146784431966
Sporisorium_reilianum,fungi,18476874,1707564,10.8206040886315
Sporobacter_termitidis,bacteria,4198214,512175,8.1968350661395
Sporocytophaga_myxococcoides,bacteria,5984278,788354,7.5908513180627
Sporolactobacillus_inulinus,bacteria,3009527,59930,50.2173702653095
Sporolactobacillus_laevolacticus,bacteria,3590176,360512,9.95854784306764
Sporolactobacillus_nakayamae,bacteria,3538879,327187,10.8160745995409
Sporolactobacillus_sp,bacteria,3066311,272377,11.2575976189864
Sporolactobacillus_terrae,bacteria,3244798,1376786,2.35679183257238
Sporolituus_thermophilus,bacteria,2861023,219910,13.0099722613797
Sporomusa_acidovorans,bacteria,6060615,329067,18.4175714975978
Sporomusa_malonica,bacteria,5191417,371402,13.9778918799576
Sporomusa_silvacetica,bacteria,5929109,342939,17.2891068090827
Sporomusa_sp,bacteria,5305280,919190,5.77169029254017
Sporomusa_sphaeroides,bacteria,4971384,1351280,3.67901841217216
Sporosarcina_globispora,bacteria,5673948,2338022,2.42681548762159
Sporosarcina_newyorkensis,bacteria,3664791,831804,4.4058341868998
Sporosarcina_pasteurii,bacteria,3307418,1422512,2.32505455138516
Sporosarcina_psychrophila,bacteria,4674191,1916051,2.439491955068
Sporosarcina_sp,bacteria,3346058,477417,7.00867392431512
Stachyris_ruficeps,ensembl,1041446934,11324357,91.9652156850936
Stackebrandtia_nassauensis,bacteria,6841557,3124719,2.18949511940114
Stakelama_pacifica,bacteria,3981765,551106,7.22504382097092
Stanieria_cyanosphaera,bacteria,5544990,2219704,2.49807632008592
Stanieria_sp,bacteria,5463308,2266398,2.41056866446229
Staphylococcus_agnetis,bacteria,2506561,253987,9.86887295190886
Staphylococcus_argensis,bacteria,2452468,752968,3.25706802945145
Staphylococcus_argenteus,bacteria,2785852,697080,3.99645951684168
Staphylococcus_arlettae,bacteria,2722698,1157521,2.35218021962453
Staphylococcus_aureus,bacteria,2857281,607499,4.7033477490942
Staphylococcus_auricularis,bacteria,2249847,336383,6.68835426311248
Staphylococcus_capitis,bacteria,2619356,585267,4.47548953440623
Staphylococcus_caprae,bacteria,2629570,891031,2.95115433694226
Staphylococcus_carnosus,bacteria,2544299,794386,3.20285176403648
Staphylococcus_chromogenes,bacteria,2424638,283124,8.56388643118639
Staphylococcus_cohnii,bacteria,2900378,262735,11.0391979989939
Staphylococcus_condimenti,bacteria,2720887,790579,3.4416402162804
Staphylococcus_croceilyticus,bacteria,2380571,111976,21.2596538543974
Staphylococcus_debuckii,bacteria,2691850,1166734,2.3071668435136
Staphylococcus_delphini,bacteria,2748181,572290,4.8020770355356
Staphylococcus_devriesei,bacteria,2371889,225098,10.5371383920682
Staphylococcus_edaphicus,bacteria,2687658,227171,11.8309907514604
Staphylococcus_epidermidis,bacteria,2593000,607186,4.27052268092205
Staphylococcus_equorum,bacteria,2942969,410056,7.17699941178709
Staphylococcus_felis,bacteria,2551704,547470,4.66090622399969
Staphylococcus_gallinarum,bacteria,3144560,591854,5.31306622917138
Staphylococcus_haemolyticus,bacteria,2654761,361581,7.3420848605754
Staphylococcus_hominis,bacteria,2652092,468327,5.66290540583823
Staphylococcus_hyicus,bacteria,2580388,473627,5.44814762682281
Staphylococcus_intermedius,bacteria,2891525,1192762,2.42422629158206
Staphylococcus_kloosii,bacteria,2635899,1056913,2.49396024081452
Staphylococcus_lugdunensis,bacteria,2633054,304279,8.65343427156372
Staphylococcus_lutrae,bacteria,2429515,114470,21.2240324975976
Staphylococcus_massiliensis,bacteria,2447110,196766,12.4366506408628
Staphylococcus_microti,bacteria,2434155,592456,4.10858359101773
Staphylococcus_muscae,bacteria,2095116,922883,2.27018592822709
Staphylococcus_nepalensis,bacteria,3049871,667468,4.56931247291538
Staphylococcus_pasteuri,bacteria,2611305,443022,5.8943009602232
Staphylococcus_petrasii,bacteria,2746621,1187505,2.31293426132943
Staphylococcus_pettenkoferi,bacteria,2498156,321441,7.77174038159413
Staphylococcus_piscifermentans,bacteria,2662365,621404,4.28443412015372
Staphylococcus_pseudintermedius,bacteria,2715127,201469,13.476673516367
Staphylococcus_rostri,bacteria,2341022,130084,17.996233203161
Staphylococcus_saccharolyticus,bacteria,2401003,625299,3.83976936887759
Staphylococcus_saprophyticus,bacteria,2595886,969896,2.67645711903525
Staphylococcus_schleiferi,bacteria,3579918,994726,3.59890013226427
Staphylococcus_schweitzeri,bacteria,2764326,704051,3.92631499706697
Staphylococcus_simiae,bacteria,2587121,67719,38.2037685140064
Staphylococcus_simulans,bacteria,2715047,417379,6.50499636121868
Staphylococcus_sp,bacteria,2621453,381452,6.87230123648332
Staphylococcus_succinus,bacteria,3071172,117283,26.1859945601664
Staphylococcus_warneri,bacteria,2720492,353691,7.69171866591648
Staphylococcus_xylosus,bacteria,2972356,339176,8.76347178275796
Staphylothermus_hellenicus,bacteria,1580347,699217,2.26016672935584
Staphylothermus_marinus,bacteria,1570485,699176,2.24619409133037
Stappia_indica,bacteria,5015470,507039,9.89168486053341
Stappia_sp,bacteria,4879216,1174278,4.15507741778352
Starkeya_novella,bacteria,4593383,945132,4.86004595479642
Stegastes_partitus,ensembl,800491834,1760338,454.737575397452
Stella_humosa,bacteria,5827531,1045843,5.5720896922387
Stenomitos_frigidus,bacteria,6984011,238793,29.2471345474951
Stenotrophobium_rhamnosiphilum,bacteria,3961273,752621,5.2633038408442
Stenotrophomonas_acidaminiphila,bacteria,4188368,740990,5.65239177659088
Stenotrophomonas_chelatiphaga,bacteria,3967734,168929,23.4875835410143
Stenotrophomonas_daejeonensis,bacteria,3284859,124371,26.4117760571194
Stenotrophomonas_geniculata,bacteria,4678478,330486,14.1563576066762
Stenotrophomonas_ginsengisoli,bacteria,3374112,183989,18.3386615504188
Stenotrophomonas_humi,bacteria,4122049,244544,16.8560627126407
Stenotrophomonas_indicatrix,bacteria,4558397,1919811,2.37439883405189
Stenotrophomonas_koreensis,bacteria,3029904,346214,8.75153517766468
Stenotrophomonas_lactitubi,bacteria,4871419,2018647,2.41320993715097
Stenotrophomonas_maltophilia,bacteria,4678799,737739,6.34207867889782
Stenotrophomonas_panacihumi,bacteria,3923155,178724,21.9509131398133
Stenotrophomonas_pavanii,bacteria,4783896,159898,29.9184229946591
Stenotrophomonas_pictorum,bacteria,3508292,202810,17.2984172378088
Stenotrophomonas_rhizophila,bacteria,4767138,1776853,2.68291074163141
Stenotrophomonas_sp,bacteria,4451158,1133424,3.92717925399477
Stenotrophomonas_terrae,bacteria,4410319,190697,23.1273643528739
Steroidobacter_denitrificans,bacteria,3467246,1551163,2.23525574037029
Sterolibacterium_denitrificans,bacteria,3103217,1389005,2.23412946677658
Stigmatella_aurantiaca,bacteria,9963977,1866122,5.33940278288343
Stigmatella_erecta,bacteria,9217225,994627,9.267016680625
Stomatobaculum_longum,bacteria,2313632,562189,4.11539891388839
Streptacidiphilus_bronchialis,bacteria,7090212,3105447,2.28315343974636
Streptacidiphilus_jiangxiensis,bacteria,9538627,649534,14.6853390276721
Streptacidiphilus_pinicola,bacteria,8432874,184103,45.8051960044106
Streptoalloteichus_hindustanus,bacteria,7279383,944823,7.70449385757967
Streptobacillus_moniliformis,bacteria,1899724,779335,2.43762338251418
Streptococcus_acidominimus,bacteria,2353862,695040,3.38665573844396
Streptococcus_agalactiae,bacteria,2333018,454802,5.129745013581
Streptococcus_anginosus,bacteria,1986387,350362,5.66952821548916
Streptococcus_australis,bacteria,1975086,668116,2.95620294836636
Streptococcus_azizii,bacteria,2340839,226314,10.3433238774446
Streptococcus_bovimastitidis,bacteria,2075036,721441,2.87623797372204
Streptococcus_canis,bacteria,2309362,418293,5.52092034371441
Streptococcus_chenjunshii,bacteria,2443046,1023054,2.38799320465977
Streptococcus_chosunense,bacteria,1902053,633827,3.00090245445524
Streptococcus_constellatus,bacteria,1917560,510135,3.75892778673874
Streptococcus_criceti,bacteria,2418558,1008258,2.39874912968704
Streptococcus_cristatus,bacteria,2079449,427431,4.86499094803971
Streptococcus_cuniculi,bacteria,2094853,296586,7.0632228088986
Streptococcus_downei,bacteria,2232110,923690,2.41651419848651
Streptococcus_dysgalactiae,bacteria,2272478,978660,2.3220305769567
Streptococcus_equi,bacteria,2365911,703864,3.36131672203499
Streptococcus_equinus,bacteria,1983547,611454,3.24398335770148
Streptococcus_ferus,bacteria,1872314,848000,2.20791745283019
Streptococcus_gallolyticus,bacteria,2286842,523330,4.36978798355444
Streptococcus_gordonii,bacteria,2221797,615350,3.61062064973398
Streptococcus_gwangjuense,bacteria,1972481,888246,2.22064720809325
Streptococcus_henryi,bacteria,2429275,131259,18.50749281954
Streptococcus_hillyeri,bacteria,2147614,238950,8.98771291065076
Streptococcus_hyointestinalis,bacteria,2553358,1093256,2.33555361232868
Streptococcus_ictaluri,bacteria,2234402,432324,5.16835058891017
Streptococcus_ilei,bacteria,1994006,827488,2.40970889821206
Streptococcus_infantarius,bacteria,1974692,869606,2.27078929998183
Streptococcus_infantis,bacteria,1875144,350135,5.35548392890747
Streptococcus_iniae,bacteria,2295299,102441,22.40605812126
Streptococcus_intermedius,bacteria,1962840,492879,3.98240033382117
Streptococcus_lutetiensis,bacteria,1971064,861850,2.28701514184603
Streptococcus_macacae,bacteria,1916985,834432,2.29735316958122
Streptococcus_macedonicus,bacteria,2184638,487103,4.48495740329466
Streptococcus_massiliensis,bacteria,2033868,902960,2.25244529104279
Streptococcus_merionis,bacteria,2384128,1006247,2.36932681538429
Streptococcus_milleri,bacteria,1896950,839748,2.25895020135001
Streptococcus_minor,bacteria,1959983,411821,4.75930804888532
Streptococcus_mitis,bacteria,2005233,354294,5.65979340068258
Streptococcus_mutans,bacteria,2058859,711061,2.89547482405688
Streptococcus_oralis,bacteria,1968573,421546,4.66989160042593
Streptococcus_pantholopis,bacteria,2241302,935017,2.39707085539621
Streptococcus_parasanguinis,bacteria,2153117,538573,3.99781772927565
Streptococcus_parasuis,bacteria,1881656,99049,18.9972235964018
Streptococcus_parauberis,bacteria,2184758,643618,3.39449729155946
Streptococcus_pasteurianus,bacteria,2168699,534645,4.05633883823737
Streptococcus_penaeicida,bacteria,2051969,225734,9.09020794386313
Streptococcus_periodonticum,bacteria,1903815,843355,2.25743014507532
Streptococcus_peroris,bacteria,1639920,734968,2.23128081766825
Streptococcus_phocae,bacteria,1700082,182464,9.31735575236759
Streptococcus_pluranimalium,bacteria,2155773,943035,2.28599589940771
Streptococcus_pneumoniae,bacteria,2578074,255318,10.0974864381962
Streptococcus_porcinus,bacteria,2059430,916100,2.24804024305935
Streptococcus_pseudopneumoniae,bacteria,2207856,223338,9.88571414179405
Streptococcus_pseudoporcinus,bacteria,2126865,894379,2.3780354860747
Streptococcus_pyogenes,bacteria,1845116,382726,4.82098734830163
Streptococcus_ratti,bacteria,2037184,58430,34.8653773746363
Streptococcus_ruminantium,bacteria,2090539,902091,2.31743693263762
Streptococcus_salivarius,bacteria,2274276,480938,4.72883174411354
Streptococcus_sanguinis,bacteria,2357480,754406,3.124947984162
Streptococcus_sinensis,bacteria,2061843,105882,19.4730265767553
Streptococcus_sobrinus,bacteria,2108084,72670,29.0089995871749
Streptococcus_sp,bacteria,2152367,359634,5.98489022847701
Streptococcus_suis,bacteria,2253796,374183,6.02323990683636
Streptococcus_thermophilus,bacteria,1859488,542837,3.42550070767139
Streptococcus_troglodytae,bacteria,2097874,894617,2.34499679751223
Streptococcus_uberis,bacteria,1939581,874939,2.21681731838169
Streptococcus_urinalis,bacteria,2130431,962494,2.21344860331597
Streptococcus_varani,bacteria,2460376,510502,4.81952274427916
Streptococcus_vestibularis,bacteria,1935845,572183,3.38326408095319
Streptococcus_vicugnae,bacteria,1740123,30697,56.6870703977587
Streptococcus_viridans,bacteria,1997594,884791,2.25770153629501
Streptohalobacillus_salinus,bacteria,2529324,317715,7.96098390066569
Streptomonospora_alba,bacteria,5914311,287634,20.5619328730261
Streptomonospora_litoralis,bacteria,5814190,2432952,2.38976765673963
Streptomyces_abyssalis,bacteria,6610598,1457864,4.53444079831864
Streptomyces_acidiscabies,bacteria,10426422,317567,32.832161578332
Streptomyces_actuosus,bacteria,8145579,3613183,2.25440532627326
Streptomyces_afghaniensis,bacteria,9848607,77697,126.756592918646
Streptomyces_agglomeratus,bacteria,9128732,3788481,2.40960215981022
Streptomyces_aidingensis,bacteria,6482745,739545,8.76585603310143
Streptomyces_albidoflavus,bacteria,7071471,832373,8.49555696025793
Streptomyces_albireticuli,bacteria,8299496,1826311,4.54440426630514
Streptomyces_alboflavus,bacteria,9967549,4223051,2.36027199292644
Streptomyces_albulus,bacteria,9013910,1979627,4.55333859695251
Streptomyces_albus,bacteria,9945907,1447622,6.87051361934722
Streptomyces_alfalfae,bacteria,8275993,1555395,5.32083061430269
Streptomyces_alni,bacteria,8270097,616632,13.4117220643755
Streptomyces_ambofaciens,bacteria,8393598,3652198,2.2982319140419
Streptomyces_antibioticus,bacteria,9530641,923882,10.3158635698787
Streptomyces_antimycoticus,bacteria,11174199,4813625,2.32136882287258
Streptomyces_antioxidans,bacteria,9118065,370374,24.6185342383645
Streptomyces_aquilus,bacteria,10393987,4642254,2.23899575507932
Streptomyces_armeniacus,bacteria,8083249,3547219,2.2787566823475
Streptomyces_atratus,bacteria,9075990,2411512,3.76360951137709
Streptomyces_aurantiacus,bacteria,8762126,155047,56.512709049514
Streptomyces_auratus,bacteria,7885420,2713964,2.90549911494773
Streptomyces_aureofaciens,bacteria,9228164,653347,14.12444535599
Streptomyces_autolyticus,bacteria,10184660,4428202,2.2999537961457
Streptomyces_avermitilis,bacteria,10036113,4074916,2.46290070461172
Streptomyces_avidinii,bacteria,7653760,937218,8.16646713998237
Streptomyces_badius,bacteria,7682334,3338393,2.30120719759477
Streptomyces_bingchenggensis,bacteria,11936683,5292749,2.25528983142786
Streptomyces_botrytidirepellens,bacteria,11008137,127654,86.2341720588466
Streptomyces_bottropensis,bacteria,8914727,1217754,7.32063043931697
Streptomyces_bungoensis,bacteria,8368106,445178,18.7972136987902
Streptomyces_caatingaensis,bacteria,7055077,1023351,6.89409303357304
Streptomyces_cadmiisoli,bacteria,10239272,4238414,2.41582629728951
Streptomyces_caelestis,bacteria,8622162,319178,27.0136475571625
Streptomyces_caeruleatus,bacteria,10269008,595573,17.2422322704354
Streptomyces_cahuitamycinicus,bacteria,9035421,79623,113.477525338156
Streptomyces_canus,bacteria,10671579,620070,17.2102949749988
Streptomyces_cattleya,bacteria,8095515,3178861,2.54667159086226
Streptomyces_cavourensis,bacteria,7613757,3349302,2.2732369311576
Streptomyces_cellostaticus,bacteria,9792063,305193,32.0848217357541
Streptomyces_chartreusis,bacteria,8983317,3997547,2.24720734990733
Streptomyces_chattanoogensis,bacteria,9129105,534626,17.0756846842466
Streptomyces_chrestomyceticus,bacteria,9377418,4050985,2.31484885774694
Streptomyces_cinnamoneus,bacteria,7105826,1859428,3.82151280434435
Streptomyces_clavuligerus,bacteria,6941735,229670,30.2248225715157
Streptomyces_coelicoflavus,bacteria,8478314,77404,109.533279933854
Streptomyces_coelicolor,bacteria,8581635,418966,20.4829156577332
Streptomyces_colonosanans,bacteria,7015076,274961,25.5129854779405
Streptomyces_corchorusii,bacteria,10285585,634463,16.2114812053658
Streptomyces_corynorhini,bacteria,7735729,101906,75.9104370694562
Streptomyces_curacoi,bacteria,8401667,658309,12.7624975505424
Streptomyces_cyaneochromogenes,bacteria,10677137,4689364,2.27688381622753
Streptomyces_cyaneogriseus,bacteria,7762396,3375806,2.29942004961186
Streptomyces_dangxiongensis,bacteria,8157885,3500740,2.33033158703588
Streptomyces_davaonensis,bacteria,9555950,4289469,2.227769917442
Streptomyces_decoyicus,bacteria,8586029,312808,27.4482398148385
Streptomyces_dengpaensis,bacteria,8710171,3694168,2.35781669918639
Streptomyces_diastatochromogenes,bacteria,10520052,633204,16.6140011749768
Streptomyces_dioscori,bacteria,10238220,783824,13.0618863418318
Streptomyces_dysideae,bacteria,10713982,276435,38.7576898728453
Streptomyces_eurocidicus,bacteria,7931574,1003177,7.90645519185548
Streptomyces_filamentosus,bacteria,7817295,3302880,2.36681169161459
Streptomyces_formicae,bacteria,9611874,4293872,2.23850967145737
Streptomyces_fradiae,bacteria,7513167,1471038,5.10739289929807
Streptomyces_fulvissimus,bacteria,7905758,3503892,2.25627901773228
Streptomyces_fungicidicus,bacteria,7667496,3231275,2.37290109941122
Streptomyces_galbus,bacteria,7836436,659283,11.886300723665
Streptomyces_gancidicus,bacteria,7300479,273727,26.6706572607014
Streptomyces_gilvigriseus,bacteria,5213277,205858,25.3246266844135
Streptomyces_gilvosporeus,bacteria,8482298,3680481,2.30467104707238
Streptomyces_glauciniger,bacteria,9808662,696210,14.0886542853449
Streptomyces_globisporus,bacteria,7605140,2286549,3.32603460878302
Streptomyces_globosus,bacteria,7535750,3176033,2.37269260111592
Streptomyces_griseoaurantiacus,bacteria,7712377,479819,16.0735131372455
Streptomyces_griseocarneus,bacteria,8853664,980575,9.02905336154807
Streptomyces_griseochromogenes,bacteria,10764674,4683849,2.29825385062584
Streptomyces_griseoflavus,bacteria,8557917,1637657,5.22570911543416
Streptomyces_griseofuscus,bacteria,8500791,2017593,4.21333371332417
Streptomyces_griseoruber,bacteria,10171325,535162,19.0060673216708
Streptomyces_griseorubiginosus,bacteria,9799570,3056192,3.206464363328
Streptomyces_griseoviridis,bacteria,8963414,3902905,2.29660060903353
Streptomyces_griseus,bacteria,7929489,2289510,3.46340078519002
Streptomyces_guanduensis,bacteria,8220839,711204,11.5590449435043
Streptomyces_hainanensis,bacteria,7991366,52456,152.344174165015
Streptomyces_harbinensis,bacteria,5802684,842209,6.88983850801879
Streptomyces_himastatinicus,bacteria,11030030,4528332,2.43578209371574
Streptomyces_hoynatensis,bacteria,7260715,620589,11.699715915042
Streptomyces_hundungensis,bacteria,8393044,3610124,2.32486307949533
Streptomyces_hygroscopicus,bacteria,10977944,4634424,2.36878292885178
Streptomyces_incarnatus,bacteria,8897465,3808431,2.33625474637718
Streptomyces_indicus,bacteria,8228196,994373,8.27475806362401
Streptomyces_inhibens,bacteria,9477917,142221,66.6421766124553
Streptomyces_ipomoeae,bacteria,10403856,119725,86.8979411150553
Streptomyces_jeddahensis,bacteria,8449625,204719,41.2742588621476
Streptomyces_jietaisiensis,bacteria,7681257,575616,13.3444118995997
Streptomyces_kanasensis,bacteria,7026257,190997,36.7872636742986
Streptomyces_kasugaensis,bacteria,8649584,57002,151.741763446897
Streptomyces_katrae,bacteria,8049424,52669,152.830393590157
Streptomyces_klenkii,bacteria,8230626,791350,10.400740506729
Streptomyces_koyangensis,bacteria,7220839,3145235,2.29580269836753
Streptomyces_lasalocidi,bacteria,8503469,3637682,2.33760647577221
Streptomyces_laurentii,bacteria,8032664,3485741,2.30443512584555
Streptomyces_lincolnensis,bacteria,9916346,4397095,2.25520408988253
Streptomyces_longwoodensis,bacteria,8345388,481101,17.3464366110235
Streptomyces_lunaelactis,bacteria,8570191,3701546,2.31530041771735
Streptomyces_luteoverticillatus,bacteria,7367863,3256510,2.26250280207953
Streptomyces_lydicamycinicus,bacteria,8319549,1073668,7.74871654924986
Streptomyces_lydicus,bacteria,8878181,3829479,2.31837800752374
Streptomyces_malaysiense,bacteria,7963326,319207,24.947216069823
Streptomyces_malaysiensis,bacteria,11176275,4380784,2.55120430498285
Streptomyces_mangrovisoli,bacteria,9165825,254317,36.0409449623895
Streptomyces_marianii,bacteria,9010366,3652033,2.46721921735099
Streptomyces_marincola,bacteria,6287975,2757831,2.2800436284892
Streptomyces_melanosporofaciens,bacteria,10769732,4615353,2.33345791752007
Streptomyces_microflavus,bacteria,7372250,924244,7.97651918757384
Streptomyces_mimosae,bacteria,7198341,522376,13.7799994639876
Streptomyces_mirabilis,bacteria,11555299,917775,12.5905575985399
Streptomyces_misionensis,bacteria,8473721,3668246,2.31001982964065
Streptomyces_mobaraensis,bacteria,7477811,173637,43.0657693924682
Streptomyces_monashensis,bacteria,10254857,344060,29.8054321920595
Streptomyces_montanus,bacteria,10225480,301093,33.9612013563916
Streptomyces_mutabilis,bacteria,7828944,2261467,3.46188735011389
Streptomyces_nanshensis,bacteria,8500246,251083,33.8543270551969
Streptomyces_natalensis,bacteria,8651730,852928,10.1435642867862
Streptomyces_netropsis,bacteria,6880513,1234177,5.57498073615049
Streptomyces_nigra,bacteria,7641029,3380685,2.26020140888607
Streptomyces_niveus,bacteria,8358684,3615635,2.31181631995486
Streptomyces_nodosus,bacteria,7714110,3321251,2.32265191640138
Streptomyces_noursei,bacteria,9969643,3649149,2.7320460194966
Streptomyces_oceani,bacteria,6311054,454983,13.8709666075436
Streptomyces_olindensis,bacteria,9381854,594959,15.7689084457921
Streptomyces_olivaceus,bacteria,8180260,3577774,2.28641048875642
Streptomyces_olivochromogenes,bacteria,11639641,920919,12.6391582755921
Streptomyces_oryziradicis,bacteria,11530635,395123,29.1823938368559
Streptomyces_ossamyceticus,bacteria,9783172,4240921,2.30685079962584
Streptomyces_pactum,bacteria,8550793,3747117,2.281965842006
Streptomyces_paludis,bacteria,8454852,3751973,2.25344158926517
Streptomyces_paromomycinus,bacteria,9705398,4196464,2.31275616805005
Streptomyces_parvulus,bacteria,8057545,1967027,4.09630729428404
Streptomyces_paucisporeus,bacteria,8164374,592439,13.7809529757494
Streptomyces_peucetius,bacteria,8023114,3450726,2.32505101824949
Streptomyces_phaeoluteigriseus,bacteria,8643493,1226499,7.04728907239223
Streptomyces_pharetrae,bacteria,8426663,104029,81.003018389103
Streptomyces_pini,bacteria,6338888,498882,12.7061870342085
Streptomyces_piniterrae,bacteria,8492419,895189,9.4867329692389
Streptomyces_platensis,bacteria,8400476,366244,22.9368289992464
Streptomyces_pluripotens,bacteria,7586568,3254122,2.33137171870016
Streptomyces_populi,bacteria,9587281,232980,41.1506610009443
Streptomyces_prasinopilosus,bacteria,7125330,938416,7.59293319806994
Streptomyces_pratensis,bacteria,7656104,3298714,2.32093597686856
Streptomyces_pristinaespiralis,bacteria,8332986,3493541,2.38525481739015
Streptomyces_pseudovenezuelae,bacteria,9613440,849631,11.3148413840832
Streptomyces_puniciscabiei,bacteria,9698948,4215034,2.30103671761604
Streptomyces_qaidamensis,bacteria,9083372,4000257,2.27069710771083
Streptomyces_qinglanensis,bacteria,6893054,1717104,4.01434828641713
Streptomyces_radicis,bacteria,7608576,521706,14.5840300859105
Streptomyces_radiopugnans,bacteria,6067124,775647,7.82201697421636
Streptomyces_rapamycinicus,bacteria,12663199,4277234,2.96060468050146
Streptomyces_regalis,bacteria,10954269,267795,40.9054276592169
Streptomyces_regensis,bacteria,15092927,359614,41.9697981724849
Streptomyces_reniochalinae,bacteria,7687565,596299,12.8921312965475
Streptomyces_resistomycificus,bacteria,9174929,513673,17.8614186457143
Streptomyces_reticuli,bacteria,9336224,3901211,2.39316048273216
Streptomyces_rhizosphaericola,bacteria,7213159,62390,115.614024683443
Streptomyces_rimosus,bacteria,9551262,996741,9.58249113862077
Streptomyces_roseochromogenus,bacteria,9782257,4072761,2.40187356930593
Streptomyces_roseosporus,bacteria,7851943,3428214,2.2903888147006
Streptomyces_roseus,bacteria,7834742,268567,29.1723927362632
Streptomyces_rubellomurinus,bacteria,8268266,188367,43.8945672399285
Streptomyces_rubidus,bacteria,9005705,370960,24.2767549061893
Streptomyces_rubrolavendulae,bacteria,6543262,2772785,2.35981585301421
Streptomyces_scabiei,bacteria,10204016,1716054,5.94620799691074
Streptomyces_scopuliridis,bacteria,7939832,144771,54.8440778885274
Streptomyces_sedi,bacteria,6603797,555379,11.8906134369503
Streptomyces_seoulensis,bacteria,6426245,2857014,2.2492871928524
Streptomyces_shenzhenensis,bacteria,10126223,589002,17.1921708245473
Streptomyces_showdoensis,bacteria,8146620,239749,33.9797871941072
Streptomyces_silvensis,bacteria,9741331,655446,14.8621411985122
Streptomyces_sioyaensis,bacteria,7847945,157811,49.7300251566748
Streptomyces_sp,bacteria,8565801,1645452,5.20574403056891
Streptomyces_sparsogenes,bacteria,9699678,198945,48.755575661615
Streptomyces_spongiicola,bacteria,7046547,1774641,3.97068871957765
Streptomyces_stelliscabiei,bacteria,10403326,123469,84.2586074237258
Streptomyces_subrutilus,bacteria,8093975,3359709,2.4091297787993
Streptomyces_sviceus,bacteria,9313494,3887690,2.3956369978059
Streptomyces_swartbergensis,bacteria,9204779,90892,101.271608062316
Streptomyces_tateyamensis,bacteria,7455770,208651,35.7332100013899
Streptomyces_thermolilacinus,bacteria,6448617,2787838,2.31312472245518
Streptomyces_tirandamycinicus,bacteria,7289495,3086255,2.36192245942088
Streptomyces_toyocaensis,bacteria,7341014,557140,13.1762465448541
Streptomyces_triticagri,bacteria,7471434,205964,36.2754364840458
Streptomyces_triticirhizae,bacteria,6563286,111489,58.8693593089901
Streptomyces_tsukubensis,bacteria,8036180,578932,13.8810510163836
Streptomyces_turgidiscabies,bacteria,10825282,389841,27.7684543185555
Streptomyces_uncialis,bacteria,8883497,1430317,6.21085885156927
Streptomyces_variegatus,bacteria,8775595,566656,15.4866356307883
Streptomyces_varsoviensis,bacteria,8263193,17828,463.495232218981
Streptomyces_venezuelae,bacteria,8640495,3846537,2.24630479311651
Streptomyces_vietnamensis,bacteria,9153777,4009268,2.28315418176086
Streptomyces_violaceoruber,bacteria,7916045,3425029,2.31123444502222
Streptomyces_violaceusniger,bacteria,11114435,3205679,3.46710764790573
Streptomyces_virginiae,bacteria,8614071,352444,24.4409636708243
Streptomyces_viridifaciens,bacteria,9560682,3739853,2.55643256566501
Streptomyces_viridochromogenes,bacteria,9590250,1130629,8.48222747741025
Streptomyces_viridosporus,bacteria,8511919,3404212,2.5004080239421
Streptomyces_vitaminophilus,bacteria,6549812,594696,11.0137145701333
Streptomyces_wuyuanensis,bacteria,8039558,578584,13.8952304246229
Streptomyces_xanthocidicus,bacteria,9686058,3933808,2.4622599781179
Streptomyces_xiamenensis,bacteria,5961402,2658124,2.2427102723575
Streptomyces_xinghaiensis,bacteria,7734742,797866,9.69428701060078
Streptomyces_yanglinensis,bacteria,9592053,778131,12.3270413336572
Streptomyces_yokosukanensis,bacteria,10107921,539400,18.7391935483871
Streptomyces_yunnanensis,bacteria,9356146,601934,15.5434748660152
Streptomyces_zhaozhouensis,bacteria,6532426,604462,10.807008546443
Streptomyces_zinciresistens,bacteria,8221694,197607,41.6062892508869
Streptomycetaceae_bacterium,bacteria,5961647,511578,11.6534467862183
Streptosporangium_canum,bacteria,9273799,489073,18.9619934038477
Streptosporangium_minutum,bacteria,9581188,100886,94.9704418848998
Streptosporangium_nondiastaticum,bacteria,8034861,257796,31.1675161755807
Streptosporangium_roseum,bacteria,10369518,4487215,2.31090286514018
Streptosporangium_sp,bacteria,11342172,4831524,2.34753506347066
Streptosporangium_subroseum,bacteria,10782574,397189,27.1472120325588
Strigops_habroptila,ensembl,1165621973,21322108,54.6672952317848
Strix_occidentalis,ensembl,1255541132,5407716,232.175863525377
Struthio_camelus,ensembl,1225041896,6053848,202.357557705446
Stutzerimonas_balearica,bacteria,4365123,584374,7.46974198030713
Stutzerimonas_chloritidismutans,bacteria,5056349,196047,25.791514279739
Stutzerimonas_degradans,bacteria,4417575,368972,11.9726726861018
Stutzerimonas_frequens,bacteria,4559447,2049643,2.22450787771334
Stutzerimonas_kirkiae,bacteria,4358069,345561,12.6115765378616
Stutzerimonas_kunmingensis,bacteria,4732315,657172,7.2010342810058
Stutzerimonas_stutzeri,bacteria,4744848,1229181,3.86017104333741
Stutzerimonas_xanthomarina,bacteria,4859778,521332,9.32184864922928
Subdoligranulum_sp,bacteria,4067699,414638,9.81024444223815
Subdoligranulum_variabile,bacteria,3245471,1224013,2.65150043341043
Subtercola_boreus,bacteria,3977229,770480,5.16201258890153
Subtercola_sp,bacteria,3533259,151345,23.3457266510291
Subtercola_vilae,bacteria,4043135,185603,21.7837804345835
Succinatimonas_hippei,bacteria,2306546,81337,28.3578937015135
Succiniclasticum_ruminis,bacteria,2720180,332768,8.17440378882585
Suicoccus_acidiformans,bacteria,2572159,1083284,2.3744087423058
Sulfitobacter_alexandrii,bacteria,4691010,1885630,2.48776801387335
Sulfitobacter_brevis,bacteria,4236215,414145,10.2288208236246
Sulfitobacter_delicatus,bacteria,3936078,563401,6.98628152949675
Sulfitobacter_donghicola,bacteria,3513202,623519,5.63447465113333
Sulfitobacter_dubius,bacteria,3671544,1115833,3.29040636009152
Sulfitobacter_geojensis,bacteria,4266442,462236,9.23000804783704
Sulfitobacter_guttiformis,bacteria,3975823,1477750,2.69045711385552
Sulfitobacter_litoralis,bacteria,3678401,300710,12.2323866848459
Sulfitobacter_marinus,bacteria,3567424,809295,4.40806380862356
Sulfitobacter_mediterraneus,bacteria,3980739,432149,9.21149534072739
Sulfitobacter_pontiacus,bacteria,3762152,598954,6.28120356488144
Sulfitobacter_sabulilitoris,bacteria,3946185,1092068,3.613497511144
Sulfitobacter_sp,bacteria,4256240,861618,4.93982225212422
Sulfobacillus_acidophilus,bacteria,3616799,862592,4.19294532811881
Sulfobacillus_sp,bacteria,3427006,425173,8.0602625284296
Sulfobacillus_thermosulfidooxidans,bacteria,3463070,835852,4.14316418646135
Sulfodiicoccus_acidiphilus,bacteria,2353189,962731,2.44428505989731
Sulfolobus_acidocaldarius,bacteria,2187705,961333,2.27570021274283
Sulfolobus_islandicus,bacteria,2657264,1171625,2.26801561933212
Sulfolobus_sp,bacteria,2688317,1157054,2.3234153289302
Sulfuricaulis_limicola,bacteria,2864672,1282968,2.23284758466306
Sulfuricella_denitrificans,bacteria,3217213,1450567,2.21790031070609
Sulfuricella_sp,bacteria,3423534,272436,12.5663788926574
Sulfuricurvum_kujiense,bacteria,2469061,649381,3.8021791538243
Sulfuricurvum_sp,bacteria,2247753,243111,9.24579598468463
Sulfuriferula_multivorans,bacteria,3619383,259764,13.9333510417148
Sulfuriferula_sp,bacteria,2916145,1335035,2.18432101031059
Sulfurifustis_variabilis,bacteria,3958814,1781538,2.22213278639019
Sulfurihydrogenibium_azorense,bacteria,1640877,778180,2.10860854815081
Sulfurihydrogenibium_sp,bacteria,1561223,427291,3.65376991324414
Sulfurimonas_autotrophica,bacteria,2153198,1020701,2.10952864746875
Sulfurimonas_crateris,bacteria,2209279,372575,5.9297564248809
Sulfurimonas_denitrificans,bacteria,2201561,1037134,2.12273534567375
Sulfurimonas_gotlandica,bacteria,2952682,1393131,2.11945753845116
Sulfurimonas_hongkongensis,bacteria,2302023,325805,7.06564662911864
Sulfurimonas_sp,bacteria,2316928,179490,12.9084298802994
Sulfurirhabdus_autotrophica,bacteria,3861719,513555,7.51958212849646
Sulfurisoma_sediminicola,bacteria,2996515,873717,3.42961737038423
Sulfurisphaera_tokodaii,bacteria,2694756,1158236,2.32660355920555
Sulfuritalea_hydrogenivorans,bacteria,3802648,1758416,2.16254174211336
Sulfuritortus_calidifontis,bacteria,2680758,279340,9.59675664065297
Sulfurivirga_caldicuralii,bacteria,1673283,471827,3.54639094413842
Sulfurospirillum_barnesii,bacteria,2510109,1179923,2.12734983554012
Sulfurospirillum_deleyianum,bacteria,2306351,1079078,2.13733483585061
Sulfurospirillum_multivorans,bacteria,3175729,1477891,2.14882491333935
Sulfurospirillum_sp,bacteria,2651527,705895,3.75626048845197
Sulfurovum_lithotrophicum,bacteria,2217891,1023718,2.16650581507798
Sulfurovum_riftiae,bacteria,2374692,358157,6.63031017123775
Sulfurovum_sp,bacteria,2302513,382043,6.02684252819709
Sunxiuqinia_dokdonensis,bacteria,4962831,132346,37.4989119429375
Sunxiuqinia_elliptica,bacteria,5222552,852598,6.12545955154689
Superficieibacter_electus,bacteria,5680147,374145,15.181672880835
Suricata_suricatta,ensembl,2353578744,22686455,103.743786501681
Sus_scrofa,ensembl,2481077620,10952039,226.540254901051
Sutcliffiella_cohnii,bacteria,4899141,2089541,2.34460151774959
Sutcliffiella_horikoshii,bacteria,4295882,1840623,2.33392824060114
Sutterella_faecalis,bacteria,2987884,1302284,2.2943413264695
Sutterella_megalosphaeroides,bacteria,2725161,1172665,2.32390409878354
Sutterella_parvirubra,bacteria,2376899,83131,28.5922098856022
Sutterella_sp,bacteria,2531650,124055,20.4075628050575
Sutterella_wadsworthensis,bacteria,2864188,477082,6.00356123639252
Sutterellaceae_bacterium,bacteria,3039375,289570,10.4961667299789
Suttonella_indologenes,bacteria,2507163,951436,2.63513573167297
Suttonella_ornithocola,bacteria,2565119,1111991,2.30678036063242
Symbiobacterium_thermophilum,bacteria,3566135,1560478,2.28528373998224
Synechococcus_elongatus,bacteria,2709849,1206624,2.24581096950692
Synechococcus_lacustris,bacteria,2668880,105528,25.290728527026
Synechococcus_sp,bacteria,2797523,1022974,2.7346963419101
Synechocystis_sp,bacteria,3842954,1586857,2.42173932496753
Synergistaceae_bacterium,bacteria,1905588,49652,38.3788669137195
Synergistales_bacterium,bacteria,1333167,62275,21.4077398635086
Synergistes_jonesii,bacteria,2741240,212412,12.9052972525093
Synergistes_sp,bacteria,3287261,843181,3.89864216579833
Synergistetes_bacterium,bacteria,2170904,351537,6.17546374919283
Syntrophaceticus_schinkii,bacteria,3166921,61644,51.374359223931
Syntrophobacter_fumaroxidans,bacteria,4990251,2067778,2.41333982661582
Syntrophobacteraceae_bacterium,bacteria,3671253,48274,76.0503169407963
Syntrophobacterales_bacterium,bacteria,3480807,73057,47.6450853443202
Syntrophobotulus_glycolicus,bacteria,3406739,1505166,2.26336430666119
Syntrophomonas_wolfei,bacteria,2936195,1247952,2.35281084528892
Syntrophomonas_zehnderi,bacteria,2944717,237541,12.3966683646192
Syntrophorhabdaceae_bacterium,bacteria,5018417,129351,38.7968937232801
Syntrophorhabdus_aromaticivorans,bacteria,3136287,61409,51.0721066944585
Syntrophorhabdus_sp,bacteria,3464691,83888,41.3016381065912
Syntrophotalea_acetylenica,bacteria,3176363,1397299,2.27321639820826
Syntrophotalea_acetylenivorans,bacteria,3218469,1399959,2.29897375565999
Syntrophotalea_carbinolica,bacteria,3665893,1593880,2.29998055060607
Syntrophothermus_lipocalidus,bacteria,2405559,1051725,2.28725094487628
Syntrophus_aciditrophicus,bacteria,3179300,1373406,2.31490178432306
Syntrophus_gentianae,bacteria,3716692,229319,16.2075187838775
Syntrophus_sp,bacteria,3256801,108660,29.9725380661608
Tabrizicola_alkalilacus,bacteria,4610061,606677,7.59887221701169
Tabrizicola_piscis,bacteria,4387422,1946038,2.25454076436329
Tabrizicola_sp,bacteria,4663447,871363,5.35189926586279
Taeniopygia_guttata,ensembl,1057995280,28121815,37.6218704233706
Tahibacter_aquaticus,bacteria,7269264,634292,11.4604377794454
Taibaiella_chishuiensis,bacteria,5841105,1065337,5.48287067848014
Taibaiella_soli,bacteria,5387132,429897,12.531215616764
Taibaiella_sp,bacteria,3610818,702716,5.13837453537418
Takifugu_rubripes,ensembl,384110215,14974353,25.6512060988545
Tamaricihabitans_halophyticus,bacteria,6397398,947686,6.75054606694622
Tamilnaduibacter_salinus,bacteria,3446465,328621,10.487673471375
Tamlana_carrageenivorans,bacteria,4116543,1824361,2.25643005962088
Tamlana_fucoidanivorans,bacteria,4022701,354125,11.3595510060007
Tamlana_nanhaiensis,bacteria,4020819,648343,6.20168491061059
Tamlana_sedimentorum,bacteria,3961353,543831,7.28416180762038
Tamlana_sp,bacteria,3652073,572301,6.3813849704963
Tangfeifania_diversioriginum,bacteria,4779684,270163,17.6918526963352
Tannerella_forsythia,bacteria,3355276,632242,5.3069475224815
Tannerella_serpentiformis,bacteria,3013600,1251139,2.40868520604026
Tannerella_sp,bacteria,3362272,189075,17.7827250744677
Tanticharoenia_sakaeratensis,bacteria,3506749,281426,12.4606432952179
Tardiphaga_robiniae,bacteria,6360215,804899,7.90187961470942
Tardiphaga_sp,bacteria,6430626,1269450,5.06567915238883
Tateyamaria_omphalii,bacteria,4315457,1801352,2.39567669172932
Tateyamaria_sp,bacteria,4425579,837500,5.28427343283582
Tatlockia_micdadei,bacteria,3293397,1482500,2.22151643221465
Tatumella_citrea,bacteria,4491252,1962273,2.28880079377334
Tatumella_morbirosei,bacteria,4413398,1234849,3.57403860714954
Tatumella_ptyseos,bacteria,3560318,900716,3.95276369021978
Tatumella_sp,bacteria,3343189,235628,14.1884198821872
Tautonia_sociabilis,bacteria,6760005,245955,27.4847228151491
Taylorella_asinigenitalis,bacteria,1638559,771173,2.1247618887072
Taylorella_equigenitalis,bacteria,1695860,795484,2.13185934600822
Telmatospirillum_siberiense,bacteria,6202994,384366,16.1382484402887
Tenacibaculum_caenipelagi,bacteria,3266771,637765,5.12221743118547
Tenacibaculum_dicentrarchi,bacteria,2795290,798085,3.50249513836449
Tenacibaculum_discolor,bacteria,3376020,553538,6.09898507419545
Tenacibaculum_finnmarkense,bacteria,2939147,266910,11.0117530253644
Tenacibaculum_gallaicum,bacteria,3423857,664413,5.1532059125875
Tenacibaculum_holothuriorum,bacteria,3147654,504036,6.24489917386853
Tenacibaculum_jejuense,bacteria,4614879,2112320,2.184744262233
Tenacibaculum_litoreum,bacteria,3376594,615941,5.48200882876769
Tenacibaculum_lutimaris,bacteria,2869467,599405,4.78719229902987
Tenacibaculum_maritimum,bacteria,3435971,1531181,2.24400054598379
Tenacibaculum_mesophilum,bacteria,3286619,951772,3.45315789916072
Tenacibaculum_piscium,bacteria,2452854,379185,6.46875271964872
Tenacibaculum_singaporense,bacteria,3511804,1611404,2.17934422404313
Tenacibaculum_skagerrakense,bacteria,3712900,598780,6.2007749089816
Tenacibaculum_soleae,bacteria,3006997,890463,3.37689157213719
Tenacibaculum_sp,bacteria,4285432,1212243,3.53512597250363
Tenacibaculum_todarodis,bacteria,3019213,1390647,2.17108511361978
Tengunoibacter_tsumagoiensis,bacteria,7699857,2815784,2.73453396993519
Tenuibacillus_multivorans,bacteria,2950395,433320,6.80881334810302
Tepidamorphus_gemmatus,bacteria,3781903,500999,7.54872365014701
Tepidanaerobacter_acetatoxydans,bacteria,2761252,1210000,2.28202644628099
Tepidanaerobacter_syntrophicus,bacteria,2427925,493950,4.91532543779735
Tepidibacillus_fermentans,bacteria,2424111,245007,9.89404792516132
Tepidibacter_formicigenes,bacteria,2639825,102179,25.8352988383132
Tepidibacter_thalassicus,bacteria,2234370,278366,8.02673458683891
Tepidicaulis_marinus,bacteria,3475736,329343,10.5535444809818
Tepidicella_xavieri,bacteria,2790625,285156,9.7863099496416
Tepidimicrobium_xylanilyticum,bacteria,3002518,351654,8.53827341648325
Tepidimonas_fonticaldi,bacteria,2741283,610697,4.48877757709633
Tepidimonas_ignava,bacteria,2707895,267149,10.1362722675361
Tepidiphilus_thermophilus,bacteria,2259819,307537,7.34812071393036
Terasakiispira_papahanaumokuakeensis,bacteria,4048029,1754747,2.30690179268008
Teredinibacter_turnerae,bacteria,5193164,2272075,2.28564814101647
Terrabacter_sp,bacteria,4882778,902031,5.41309211848259
Terracoccus_luteus,bacteria,4023595,1832841,2.19527771366965
Terrapene_carolina,ensembl,2571267249,14563677,176.553438324676
Terribacillus_aidingensis,bacteria,3389510,869825,3.89677233926365
Terribacillus_goriensis,bacteria,3577082,1579673,2.26444460340843
Terribacillus_halophilus,bacteria,3654407,555268,6.58133910111874
Terribacillus_saccharophilus,bacteria,3604336,580076,6.21355822340521
Terribacillus_sp,bacteria,3322447,287791,11.5446521955169
Terriglobus_roseus,bacteria,4963032,2229735,2.22583891122504
Terriglobus_saanensis,bacteria,5095226,2307270,2.20833539204341
Terrimicrobium_sacchariphilum,bacteria,4751807,1973281,2.40807416683179
Terrisporobacter_glycolicus,bacteria,3911478,717276,5.45323975708096
Terrisporobacter_othiniensis,bacteria,3986874,165493,24.0908920618999
Tersicoccus_phoenicis,bacteria,3209563,222081,14.4522178844656
Tersicoccus_sp,bacteria,3479503,648551,5.36504145394888
Tessaracoccus_antarcticus,bacteria,3649759,1054976,3.45956590481679
Tessaracoccus_aquimaris,bacteria,3934699,1766035,2.22798472283958
Tessaracoccus_bendigoensis,bacteria,4131430,119090,34.6916617684105
Tessaracoccus_flavescens,bacteria,3650768,1619250,2.25460429211055
Tessaracoccus_flavus,bacteria,3207442,986879,3.25008803008678
Tessaracoccus_lapidicaptus,bacteria,3088030,361264,8.54784866468843
Tessaracoccus_oleiagri,bacteria,3156218,789534,3.99757071893041
Tessaracoccus_sp,bacteria,2972783,392876,7.56672915465587
Testudinibacter_aquarius,bacteria,2703418,222603,12.1445985557215
Tetragenococcus_halophilus,bacteria,2550817,567415,4.4955018252356
Tetragenococcus_koreensis,bacteria,2732026,1167227,2.34061240872598
Tetragenococcus_muriaticus,bacteria,2089153,57323,36.4455929172663
Tetragenococcus_osmophilus,bacteria,2384293,1022374,2.33211427520653
Tetrahymena_thermophila,protists,103014375,1793854,57.4262872006306
Tetraodon_nigroviridis,ensembl,358618246,11839604,30.2897162776728
Tetrasphaera_australiensis,bacteria,4264973,1813811,2.35138776862639
Tetrasphaera_japonica,bacteria,5162321,2176232,2.37213725374868
Tetrasphaera_jenkinsii,bacteria,3809986,1701048,2.23978747219361
Tetrasphaera_sp,bacteria,3470999,933504,3.71824759186892
Tetzosporium_hominis,bacteria,2780751,343142,8.1037908504351
Thalassiosira_pseudonana,protists,32437365,2481901,13.0695644185646
Thalassobacillus_cyri,bacteria,4300830,392284,10.9635621131629
Thalassobacter_sp,bacteria,3531868,650541,5.42912437494332
Thalassobacter_stenotrophicus,bacteria,3592055,554028,6.48352610337384
Thalassobaculum_litoreum,bacteria,5363368,525465,10.2068986516704
Thalassobium_sp,bacteria,3819354,1135215,3.36443184771167
Thalassobius_autumnalis,bacteria,4426121,352996,12.5387284841755
Thalassobius_gelatinovorus,bacteria,3902797,562101,6.94323084285564
Thalassobius_mediterraneus,bacteria,3431657,544519,6.302180456513
Thalassobius_taeanensis,bacteria,4019514,462481,8.69119812489594
Thalassococcus_halodurans,bacteria,3971912,861093,4.6126399819764
Thalassococcus_profundi,bacteria,4785947,491305,9.74129512217462
Thalassococcus_sp,bacteria,5001896,2219794,2.25331539773511
Thalassolituus_oleivorans,bacteria,3864693,1752661,2.20504368405978
Thalassolituus_sp,bacteria,5674715,179384,31.6344545778888
Thalassomonas_actiniarum,bacteria,7420857,370903,20.0075410552085
Thalassomonas_viridans,bacteria,7710243,187195,41.1882956275542
Thalassorhabdomicrobium_marinisediminis,bacteria,3436448,442935,7.75835732105162
Thalassospira_alkalitolerans,bacteria,4788947,506307,9.45858342863125
Thalassospira_lohafexi,bacteria,4724967,703974,6.7118487330498
Thalassospira_lucentensis,bacteria,4566931,309651,14.7486395974823
Thalassospira_marina,bacteria,5635689,526630,10.7014203520498
Thalassospira_mesophila,bacteria,4940655,748630,6.59959526067617
Thalassospira_permensis,bacteria,4433312,392408,11.2977105461662
Thalassospira_povalilytica,bacteria,4444615,814291,5.45826369197253
Thalassospira_profundimaris,bacteria,4684602,619329,7.56399936244335
Thalassospira_sp,bacteria,4661373,843099,5.52885800915124
Thalassospira_xiamenensis,bacteria,4894813,1111438,4.40403657334835
Thalassospira_xianhensis,bacteria,5169665,326351,15.8408124994255
Thalassotalea_agarivorans,bacteria,3306525,326794,10.1180713232189
Thalassotalea_euphylliae,bacteria,4501528,1955397,2.30210460281716
Thalassotalea_litorea,bacteria,3884652,367479,10.5710856946928
Thalassotalea_sp,bacteria,4000585,540268,7.40482087025022
Thauera_aminoaromatica,bacteria,4280700,126747,33.7735804397737
Thauera_aromatica,bacteria,3711792,1680276,2.20903708676432
Thauera_humireducens,bacteria,4171754,1913020,2.18071635424617
Thauera_lacus,bacteria,3663288,392776,9.32665947002872
Thauera_linaloolentis,bacteria,4199939,159009,26.4132156041482
Thauera_phenylacetica,bacteria,5022393,134901,37.2302132675073
Thauera_propionica,bacteria,3929604,568190,6.91600344955033
Thauera_sp,bacteria,4553478,887788,5.12901469253363
Thauera_terpenica,bacteria,4145786,309697,13.3865875355589
Thaumarchaeota_archaeon,bacteria,1479702,346205,4.27406046621409
Theionarchaea_archaeon,bacteria,4165806,86135,48.3636849132176
Theobroma_cacao,plants,335356493,23414186,14.3227913266511
Thermacetogenium_phaeum,bacteria,2939057,1247113,2.35668860800906
Thermaerobacter_marianensis,bacteria,2844696,1213349,2.34449939794733
Thermaerobacter_sp,bacteria,2917703,762735,3.82531613207733
Thermaerobacter_subterraneus,bacteria,2888741,1183561,2.44071999668796
Thermanaeromonas_toyohensis,bacteria,3334124,1497476,2.22649578357182
Thermanaerothrix_daxensis,bacteria,3012066,927952,3.24592866872424
Thermanaerovibrio_acidaminovorans,bacteria,1848474,861052,2.14676233258851
Thermanaerovibrio_velox,bacteria,1880838,861710,2.18268094834689
Thermasporomyces_composti,bacteria,4372514,1931050,2.26431941171901
Thermaurantimonas_aggregans,bacteria,2671880,213045,12.5413879696778
Thermincola_ferriacetica,bacteria,3178727,272871,11.6491932085124
Thermincola_potens,bacteria,3157416,1376049,2.29455201086589
Thermoactinomyces_sp,bacteria,2912315,435464,6.68783819264188
Thermoactinomyces_vulgaris,bacteria,3149784,782576,4.02489215104987
Thermoanaerobacter_brockii,bacteria,2344824,1046626,2.24036475302544
Thermoanaerobacter_ethanolicus,bacteria,2648249,144181,18.3675276215313
Thermoanaerobacter_italicus,bacteria,2451061,1092161,2.24423047517719
Thermoanaerobacter_kivui,bacteria,2397824,1050572,2.28239854098529
Thermoanaerobacter_mathranii,bacteria,2306092,1029097,2.24088885692991
Thermoanaerobacter_pseudethanolicus,bacteria,2362816,1053709,2.24238001193878
Thermoanaerobacter_siderophilus,bacteria,2540159,1128693,2.25053136681099
Thermoanaerobacter_sp,bacteria,2442581,732245,3.33574429861054
Thermoanaerobacter_thermocopriae,bacteria,2111309,158914,13.2858590180853
Thermoanaerobacter_thermohydrosulfuricus,bacteria,2706161,89278,30.3116221241515
Thermoanaerobacter_uzonensis,bacteria,2409754,295498,8.15489106525256
Thermoanaerobacter_wiegelii,bacteria,2785056,1228138,2.26770607211893
Thermoanaerobacteraceae_bacterium,bacteria,3526989,178501,19.7589313225136
Thermoanaerobacterales_bacterium,bacteria,1774841,97072,18.2837584473381
Thermoanaerobacterium_aotearoense,bacteria,2808044,165645,16.9521808687253
Thermoanaerobacterium_saccharolyticum,bacteria,2879349,1252434,2.299002582172
Thermoanaerobacterium_sp,bacteria,2979699,857300,3.47568031942163
Thermoanaerobacterium_thermosaccharolyticum,bacteria,2782885,835759,3.32977018494566
Thermoanaerobacterium_xylanolyticum,bacteria,2534358,1141412,2.22037090901445
Thermoanaerobaculum_aquaticum,bacteria,2660928,237604,11.1990033837814
Thermobacillus_composti,bacteria,4355525,1882902,2.31319792533016
Thermobacillus_sp,bacteria,3528976,282741,12.4813026763009
Thermobaculum_terrenum,bacteria,3101581,1197665,2.58968993833835
Thermobifida_cellulosilytica,bacteria,4327869,146383,29.5653798596832
Thermobifida_fusca,bacteria,3642249,1540247,2.36471747713191
Thermobifida_halotolerans,bacteria,5217717,200097,26.0759381699876
Thermobispora_bispora,bacteria,4189976,1758545,2.38263791941634
Thermobrachium_celere,bacteria,2644756,975577,2.71096592068079
Thermoclostridium_stercorarium,bacteria,3052786,1343361,2.27249916999207
Thermococcales_archaeon,bacteria,1695123,26106,64.9323144104803
Thermococci_archaeon,bacteria,1614403,13233,121.998261920955
Thermococcus_barophilus,bacteria,2226382,1022809,2.17673396339589
Thermococcus_barossii,bacteria,1922421,893439,2.15170929408723
Thermococcus_celer,bacteria,1866819,849631,2.19721149534327
Thermococcus_celericrescens,bacteria,2337139,115745,20.1921378893257
Thermococcus_chitonophagus,bacteria,1965814,910952,2.15797703940493
Thermococcus_cleftensis,bacteria,1950313,893592,2.18255423056608
Thermococcus_eurythermalis,bacteria,2126164,967997,2.19645722042527
Thermococcus_gammatolerans,bacteria,2045438,950987,2.15085800331655
Thermococcus_gorgonarius,bacteria,1674122,770587,2.17252821550325
Thermococcus_guaymasensis,bacteria,1920914,880220,2.18231124037173
Thermococcus_indicus,bacteria,2234010,1013260,2.20477468764187
Thermococcus_kodakarensis,bacteria,2088737,962439,2.17025390700086
Thermococcus_litoralis,bacteria,2215172,1010997,2.19107672920889
Thermococcus_nautili,bacteria,1976356,911885,2.16733031029132
Thermococcus_onnurineus,bacteria,1847607,842008,2.19428675261993
Thermococcus_pacificus,bacteria,1785673,815294,2.19021972441843
Thermococcus_paralvinellae,bacteria,1957742,900612,2.17379071120527
Thermococcus_peptonophilus,bacteria,1896106,854682,2.2184929599547
Thermococcus_piezophilus,bacteria,1928800,845086,2.28237126162308
Thermococcus_profundus,bacteria,2043143,932755,2.19043907564151
Thermococcus_radiotolerans,bacteria,1868990,865600,2.15918438077634
Thermococcus_sibiricus,bacteria,1868080,458730,4.07228544023718
Thermococcus_siculi,bacteria,2029167,933160,2.17451133781988
Thermococcus_sp,bacteria,1946607,798457,2.43795974587999
Thermococcus_thioreducens,bacteria,2061843,622127,3.31418397422606
Thermocrinis_albus,bacteria,1500577,720775,2.08189379487357
Thermocrinis_minervae,bacteria,1367921,657831,2.07944137628053
Thermocrinis_ruber,bacteria,1521037,727535,2.09067192643653
Thermodesulfatator_autotrophicus,bacteria,2270963,78042,29.0992414340996
Thermodesulfatator_indicus,bacteria,2322224,1059109,2.19262040073307
Thermodesulfitimonas_autotrophica,bacteria,2177741,623587,3.49228094876898
Thermodesulfobacteria_bacterium,bacteria,1911994,17195,111.194765920326
Thermodesulfobacterium_geofontis,bacteria,1500841,405604,3.7002605990079
Thermodesulforhabdus_norvegica,bacteria,2808342,552310,5.08472053737937
Thermodesulfovibrio_aggregans,bacteria,1997652,748281,2.66965484891371
Thermodesulfovibrio_sp,bacteria,1915222,87792,21.8154501549116
Thermodesulfovibrio_yellowstonii,bacteria,2003803,942358,2.12637129413662
Thermofilum_adornatum,bacteria,1750259,790499,2.21411918294647
Thermofilum_adornatus,bacteria,1754190,791914,2.21512689509214
Thermofilum_pendens,bacteria,1813393,815286,2.22424155449744
Thermofilum_sp,bacteria,1745343,118349,14.7474637089279
Thermoflavifilum_aggregans,bacteria,2841668,1310852,2.16780231483035
Thermoflavifilum_thermophilum,bacteria,2858357,1323751,2.1592859986508
Thermoflavimicrobium_daqui,bacteria,3867682,580089,6.66739414124384
Thermoflavimicrobium_dichotomicum,bacteria,3852792,381832,10.090280542228
Thermoflexibacter_ruber,bacteria,5504183,254126,21.6592674500051
Thermoflexus_hugenholtzii,bacteria,2980151,803133,3.71065626739282
Thermogemmatispora_tikiterensis,bacteria,5973949,2403286,2.48574202154883
Thermogladius_calderae,bacteria,1356318,622504,2.17881009599938
Thermogutta_terrifontis,bacteria,4810751,2028534,2.37154072842752
Thermohalobacter_berrensis,bacteria,2763896,309568,8.92823547653504
Thermohydrogenium_kirishiense,bacteria,2779783,218471,12.7238077364959
Thermolongibacillus_altinsuensis,bacteria,2900938,271314,10.6921795410484
Thermomicrobium_roseum,bacteria,2920744,1112100,2.62633216437371
Thermomonas_haemolytica,bacteria,2586957,482260,5.36423713349645
Thermomonas_hydrothermalis,bacteria,2448719,119216,20.540187558717
Thermomonospora_curvata,bacteria,5639016,2393219,2.35624738061999
Thermomonospora_echinospora,bacteria,8649739,760000,11.3812355263158
Thermomonospora_umbrina,bacteria,7396071,3222530,2.29511315643299
Thermophagus_xiamenensis,bacteria,3899561,246206,15.8386107568459
Thermoplasma_acidophilum,bacteria,1564906,683525,2.28946417468271
Thermoplasma_sp,bacteria,1790060,201950,8.86387719732607
Thermoplasma_volcanium,bacteria,1584804,694131,2.28314828180848
Thermoplasmata_archaeon,bacteria,1599236,23516,68.0059628150913
Thermoplasmatales_archaeon,bacteria,1424076,224122,6.3540332832737
Thermoprotei_archaeon,bacteria,2005071,88429,22.6743849420752
Thermoproteus_sp,bacteria,1557272,77384,20.1239532719942
Thermoproteus_tenax,bacteria,1841542,834388,2.20705714847289
Thermoproteus_uzoniensis,bacteria,1936063,888491,2.17904627058687
Thermosediminibacter_oceani,bacteria,2280035,1022175,2.23057206447037
Thermosinus_carboxydivorans,bacteria,2889774,278033,10.3936367265756
Thermosipho_africanus,bacteria,2050104,564558,3.63134345806808
Thermosipho_atlanticus,bacteria,1635651,351944,4.64747516650376
Thermosipho_melanesiensis,bacteria,1915238,894090,2.14210873625698
Thermosipho_sp,bacteria,1766633,826304,2.13799400704825
Thermosphaera_aggregans,bacteria,1316595,606332,2.17140939287387
Thermosporothrix_hazakensis,bacteria,7282662,709601,10.2630379607695
Thermostaphylospora_chromogena,bacteria,5988017,2584427,2.31696116779464
Thermostichus_lividus,bacteria,2659739,1177748,2.25832605956452
Thermosulfidibacter_takaii,bacteria,1816670,874393,2.07763557119053
Thermosulfurimonas_dismutans,bacteria,2119932,292050,7.25879815100154
Thermosynechococcus_elongatus,bacteria,2593857,1167220,2.2222520176145
Thermosyntropha_lipolytica,bacteria,2169229,110077,19.706469107988
Thermotalea_metallivorans,bacteria,3094505,235026,13.1666496472731
Thermotoga_maritima,bacteria,1865169,882713,2.11299539034771
Thermotoga_naphthophila,bacteria,1809823,860773,2.10255549372483
Thermotoga_neapolitana,bacteria,1884562,900275,2.09331815278665
Thermotoga_petrophila,bacteria,1823511,868689,2.09915286138077
Thermotoga_sp,bacteria,1869985,538600,3.47193573711606
Thermotogae_bacterium,bacteria,1912341,39213,48.7684506707017
Thermotogales_bacterium,bacteria,2038846,59364,34.3448217775083
Thermovenabulum_gondwanense,bacteria,2282800,197577,11.5539764243814
Thermovibrio_ammonificans,bacteria,1759526,823035,2.13785075968823
Thermovibrio_guaymasensis,bacteria,1621718,572258,2.83389310415931
Thermovirga_lienii,bacteria,1999646,927789,2.15528099600232
Thermus_aquaticus,bacteria,2293494,634847,3.61267202963864
Thermus_arciformis,bacteria,2442297,140344,17.4022188337229
Thermus_brockianus,bacteria,2388273,1036209,2.30481785045295
Thermus_filiformis,bacteria,2386081,527901,4.51994029183502
Thermus_oshimai,bacteria,2401329,1059079,2.26737476618836
Thermus_parvatiensis,bacteria,2016098,885283,2.27734859926148
Thermus_scotoductus,bacteria,2349573,120064,19.5693595193986
Thermus_sp,bacteria,2320127,488856,4.74603615109299
Thermus_thermamylovorans,bacteria,2250808,262464,8.57568276030237
Thermus_thermophilus,bacteria,2246381,987303,2.27527015098542
Theropithecus_gelada,ensembl,2889614139,20296140,142.37259592218
Thioalbus_denitrificans,bacteria,4145766,709811,5.84066180997477
Thioalkalivibrio_denitrificans,bacteria,3639353,128401,28.3436499715734
Thioalkalivibrio_halophilus,bacteria,2871788,157762,18.2032935687935
Thioalkalivibrio_nitratireducens,bacteria,4002350,1712908,2.33658199973379
Thioalkalivibrio_paradoxus,bacteria,3756729,1635947,2.29636351299889
Thioalkalivibrio_sp,bacteria,2893105,803166,3.6021280794556
Thioalkalivibrio_sulfidiphilus,bacteria,3464554,1525621,2.27091394258469
Thioalkalivibrio_versutus,bacteria,2902353,753493,3.85186391910741
Thiobaca_trueperi,bacteria,4073386,599864,6.79051585025939
Thiobacillus_denitrificans,bacteria,3101731,797237,3.89060028573686
Thiobacillus_sp,bacteria,3051640,266047,11.4703184075348
Thiocapsa_marina,bacteria,5595540,464591,12.0440129059754
Thiocapsa_rosea,bacteria,6111855,2567588,2.38038774133545
Thiocapsa_roseopersicina,bacteria,5386125,435160,12.377343965438
Thiocapsa_sp,bacteria,5278741,109437,48.2354322578287
Thioclava_atlantica,bacteria,3928443,419060,9.37441655132917
Thioclava_dalianensis,bacteria,4179056,284299,14.6995100228984
Thioclava_electrotropha,bacteria,4415748,483964,9.12412493491251
Thioclava_indica,bacteria,3822068,331553,11.5277738400799
Thioclava_pacifica,bacteria,3728293,601819,6.19504036928046
Thioclava_sp,bacteria,4322216,1021916,4.22951988121337
Thiocystis_violascens,bacteria,5017071,2209022,2.27117294440707
Thioflavicoccus_mobilis,bacteria,4137521,1733723,2.38649484375532
Thioflexithrix_psekupsensis,bacteria,3968255,889135,4.46305116770794
Thiogranum_longum,bacteria,2916906,1336770,2.18205525258646
Thiohalobacter_thiocyanaticus,bacteria,3266528,1386310,2.3562761417995
Thiohalocapsa_sp,bacteria,6747581,29090,231.955345479546
Thiohalomonas_denitrificans,bacteria,3563632,476122,7.48470350036335
Thiohalophilus_thiocyanatoxydans,bacteria,2906943,572465,5.07794013607819
Thiohalorhabdus_denitrificans,bacteria,2876643,461780,6.22946641257742
Thiohalospira_halophila,bacteria,2687697,520532,5.16336555677653
Thiolapillus_brandeum,bacteria,3153637,1432779,2.20106310882558
Thiomicrorhabdus_sediminis,bacteria,2373486,1064065,2.23058365795323
Thiomicrospira_aerophila,bacteria,2158359,1009818,2.13737425952003
Thiomicrospira_cyclica,bacteria,1932455,911336,2.12046380259312
Thiomicrospira_sp,bacteria,2370444,692570,3.42267737075915
Thiomonas_arsenitoxydans,bacteria,3785534,1715105,2.20717332174998
Thiomonas_bhubaneswarensis,bacteria,3203428,431975,7.41577174605012
Thiomonas_delicata,bacteria,3832428,888018,4.3157098166929
Thiomonas_intermedia,bacteria,3462095,1560833,2.21810725426743
Thiomonas_sp,bacteria,3615860,321750,11.2381025641026
Thioploca_ingrica,bacteria,4810005,2080611,2.31182330575009
Thiopseudomonas_alkaliphila,bacteria,2397029,1080862,2.21770124215672
Thiopseudomonas_denitrificans,bacteria,2832987,355515,7.96868486561749
Thiorhodococcus_drewsii,bacteria,5524189,264203,20.908880671302
Thiorhodospira_sibirica,bacteria,3188869,110255,28.9226701736883
Thiorhodovibrio_sp,bacteria,5342862,1462191,3.65401100129874
Thiothrix_caldifontis,bacteria,3936903,263039,14.9669934876577
Thiothrix_eikelboomii,bacteria,4158727,379753,10.9511366598816
Thiothrix_lacustris,bacteria,10513572,278456,37.7566725084035
Thiothrix_nivea,bacteria,4691711,2132057,2.20055608269385
Thiotrichaceae_bacterium,bacteria,3868689,222347,17.3993676536397
Thiotrichales_bacterium,bacteria,3321495,121188,27.407878363793
Thiotrophic_endosymbiont,bacteria,2189522,227245,9.63507227881802
Thiovulum_sp,bacteria,2080587,74457,27.9434707280712
Thorsellia_anophelis,bacteria,3550975,245351,14.4730406641913
Tibeticola_sediminis,bacteria,2733067,674494,4.05202566664789
Tindallia_californiensis,bacteria,3122071,396862,7.86689327776406
Tindallia_magadiensis,bacteria,3083807,561249,5.49454342012191
Tindallia_sp,bacteria,2484674,117281,21.1856481442007
Tissierella_creatinini,bacteria,2611442,180580,14.4614132240558
Tissierella_creatinophila,bacteria,2530461,173953,14.5468086207194
Tissierella_praeacuta,bacteria,3161233,917133,3.44686563828018
Tissierella_sp,bacteria,4065193,938255,4.33271658557642
Tissierellia_bacterium,bacteria,2242787,150983,14.8545686158927
Tistlia_consotensis,bacteria,6935890,550258,12.6047962955559
Tistrella_mobilis,bacteria,6375382,1197030,5.32600240846195
Tistrella_sp,bacteria,6103398,234146,26.0666871667403
Tolumonas_auensis,bacteria,3471292,1566519,2.21592716079409
Tolypothrix_sp,bacteria,9109241,895748,10.1694294430071
Tolypothrix_tenuis,bacteria,9352233,3585282,2.60850694589714
Toxoplasma_gondii,protists,65669794,6101284,10.7632744189584
Trabulsiella_guamensis,bacteria,4929751,188522,26.1494732710241
Trabulsiella_odontotermitis,bacteria,4816531,164420,29.294070064469
Tranquillimonas_alkanivorans,bacteria,4543020,485504,9.35732764302663
Tranquillimonas_rosea,bacteria,4233461,512266,8.26418501325483
Treponema_berlinense,bacteria,2521032,335926,7.50472425474658
Treponema_brennaborense,bacteria,3055580,1394591,2.19102231406914
Treponema_bryantii,bacteria,3312026,518960,6.38205004436762
Treponema_denticola,bacteria,2827073,1242821,2.27472222070238
Treponema_lecithinolyticum,bacteria,2338485,238744,9.79494772643501
Treponema_maltophilum,bacteria,2530388,1168884,2.16478966261836
Treponema_medium,bacteria,2727508,1187170,2.29748730173438
Treponema_pallidum,bacteria,1138904,528320,2.15570627217878
Treponema_paraluiscuniculi,bacteria,1133390,524999,2.15884220731849
Treponema_pedis,bacteria,2889325,1282757,2.25243362538657
Treponema_phagedenis,bacteria,2980015,181297,16.4372450654039
Treponema_porcinum,bacteria,2507809,310460,8.07772015718611
Treponema_primitia,bacteria,4059867,1867849,2.17355203766472
Treponema_putidum,bacteria,2800562,1282650,2.18341870346548
Treponema_saccharophilum,bacteria,3453898,252889,13.6577628920198
Treponema_socranskii,bacteria,2773389,646229,4.29164970931357
Treponema_sp,bacteria,3303267,345262,9.5674181609118
Treponema_succinifaciens,bacteria,2897425,1273047,2.2759764564859
Treponema_vincentii,bacteria,2604042,673149,3.86844740168967
Trichlorobacter_lovleyi,bacteria,3994874,1823555,2.19070661427815
Trichlorobacter_thiogenes,bacteria,3571247,417435,8.55521697988909
Trichococcus_collinsii,bacteria,3288692,979462,3.35765144538532
Trichococcus_flocculiformis,bacteria,3072637,175565,17.5014211260787
Trichococcus_ilyis,bacteria,3142124,271070,11.591559375807
Trichococcus_palustris,bacteria,2955657,493881,5.98455295911363
Trichococcus_pasteurii,bacteria,3234289,579318,5.5829250946803
Trichococcus_patagoniensis,bacteria,3102817,230517,13.4602523891947
Trichococcus_shcherbakoviae,bacteria,3135911,584261,5.36731560665149
Trichococcus_sp,bacteria,3141919,350917,8.95345338071396
Trichoderma_reesei,fungi,33395713,2099102,15.9095236915595
Trichoderma_virens,fungi,39022666,2699902,14.4533638628365
Trichodesmium_erythraeum,bacteria,7750108,2427747,3.19230463470864
Trichormus_variabilis,bacteria,6861962,2062060,3.32772216904813
Trifolium_pratense,plants,304842038,13931707,21.8811691919734
Trinickia_caryophylli,bacteria,6543652,653029,10.0204615721507
Trinickia_dabaoshanensis,bacteria,7093230,381842,18.5763483325564
Trinickia_dinghuensis,bacteria,7369954,698945,10.5443976278534
Trinickia_fusca,bacteria,6104960,876598,6.96437819844444
Trinickia_sp,bacteria,7239947,658989,10.9864459042564
Triticum_aestivum,plants,14465579308,72227304,200.278544819065
Triticum_dicoccoides,plants,10079039394,60246382,167.29700704683
Triticum_spelta,plants,14453523434,64018441,225.771249787229
Triticum_turgidum,plants,10463058104,43021321,243.206341897312
Triticum_urartu,plants,4851895022,28524045,170.098421244252
Tritonibacter_horizontis,bacteria,4862077,274028,17.7429934167311
Tritonibacter_mobilis,bacteria,4771840,1190732,4.0074861545193
Tritonibacter_multivorans,bacteria,4175618,496814,8.40479133035704
Tritonibacter_scottomollicae,bacteria,4677362,577416,8.10050639400363
Tropheryma_whipplei,bacteria,927303,407477,2.27571862951774
Tropicibacter_naphthalenivorans,bacteria,4459382,749250,5.95179446112779
Tropicimonas_isoalkanivorans,bacteria,4976641,629971,7.89979380003207
Tropicimonas_sediminicola,bacteria,5174220,773559,6.68884984855712
Tropicimonas_sp,bacteria,5461847,403956,13.520895840141
Truepera_radiovictrix,bacteria,3260398,1436321,2.26996472237056
Trueperaceae_bacterium,bacteria,2076724,266516,7.79211754641372
Trueperella_bernardiae,bacteria,2028874,348102,5.82838938012422
Trueperella_bialowiezensis,bacteria,2043249,936181,2.18253628304783
Trueperella_pyogenes,bacteria,2358720,1067295,2.20999779504954
Trypanosoma_brucei,protists,25789186,3103376,8.31004235387526
Tsukamurella_paurometabola,bacteria,4589212,2117013,2.16777672125773
Tsukamurella_pseudospumae,bacteria,5206330,982974,5.29650835118732
Tsukamurella_pulmonis,bacteria,4783064,2191865,2.18218914029833
Tsukamurella_tyrosinosolvens,bacteria,5281118,2359871,2.23788418943239
Tsuneonella_dongtanensis,bacteria,3009495,1403440,2.14437026164282
Tsuneonella_suprasediminis,bacteria,3304416,579521,5.70197801287615
Tuber_melanosporum,fungi,124945702,1477947,84.5400423695843
Tumebacillus_avium,bacteria,5249768,2375057,2.21037558256497
Tumebacillus_flagellatus,bacteria,4874793,268002,18.1893903776837
Tumebacillus_permanentifrigoris,bacteria,4689798,386481,12.1346146382358
Tumebacillus_sp,bacteria,4646936,952034,4.88106097051156
Tupaia_belangeri,ensembl,3670341392,960649,3820.68933814536
Turicibacter_sanguinis,bacteria,2867396,169274,16.9393999364934
Turicibacter_sp,bacteria,2622031,1081287,2.42491678897462
Turicimonas_muris,bacteria,2887709,511655,5.64385963197858
Turneriella_parva,bacteria,4409302,2021825,2.18085244766486
Tursiops_truncatus,ensembl,2521923936,1003344,2513.51872936899
Tychonema_bourrellyi,bacteria,5081867,93205,54.523544874202
Tyzzerella_nexilis,bacteria,3591883,422082,8.50991750418165
Tyzzerella_sp,bacteria,2347191,234731,9.99951220655177
Uliginosibacterium_sp,bacteria,4210204,692497,6.07974330574717
Ulvibacter_antarcticus,bacteria,3845875,848530,4.53239720457733
Ulvibacter_litoralis,bacteria,3821926,954419,4.004452970865
Ulvibacter_sp,bacteria,3033586,1389078,2.183884562278
Umboniibacter_marinipuniceus,bacteria,2689440,592872,4.53629113872809
Umezawaea_tangerina,bacteria,10685010,1028130,10.3926643517843
Uncultured_acidilobus,bacteria,1470669,296227,4.9646698309067
Uncultured_archaeon,bacteria,2637306,379564,6.94824723350526
Undibacter_mobilis,bacteria,4098220,1560711,2.62586731303874
Undibacterium_parvum,bacteria,4910324,2137099,2.29765864847628
Undibacterium_pigrum,bacteria,6407125,1073301,5.96955094609993
Undibacterium_piscinae,bacteria,4609036,1745711,2.64020562395494
Ureaplasma_parvum,bacteria,751699,348498,2.1569709969225
Ureaplasma_urealyticum,bacteria,872258,401220,2.17401425651762
Urechidicola_croceus,bacteria,3426122,1574295,2.17628970428033
Ureibacillus_acetophenoni,bacteria,3977008,512426,7.76113624211106
Ureibacillus_chungkukjangi,bacteria,3877942,300368,12.9106362861556
Ureibacillus_manganicus,bacteria,4047197,277951,14.5608290669938
Ureibacillus_massiliensis,bacteria,3999909,241016,16.5960309688983
Ureibacillus_sinduriensis,bacteria,4017054,459829,8.73597359018244
Ureibacillus_thermophilus,bacteria,3017325,1269051,2.3776231215294
Ureibacillus_xyleni,bacteria,4050949,544757,7.43624955714199
Urocitellus_parryii,ensembl,2520505282,7168697,351.598802683389
Ursus_americanus,ensembl,2588393916,824719,3138.51616853741
Ursus_maritimus,ensembl,2301379344,12077104,190.557218353009
Ursus_thibetanus,ensembl,2373594928,14267232,166.366883779559
Uruburuella_suis,bacteria,2641702,165657,15.9468178223679
Ustilago_maydis,fungi,19664356,1772221,11.0958825112669
Vagococcus_acidifermentans,bacteria,2862533,314782,9.09369976682275
Vagococcus_bubulae,bacteria,2499339,231396,10.8011331224395
Vagococcus_carniphilus,bacteria,3080929,335782,9.17538462454807
Vagococcus_elongatus,bacteria,2879210,258304,11.146594710109
Vagococcus_entomophilus,bacteria,2444868,750251,3.25873341055194
Vagococcus_fessus,bacteria,2257832,624624,3.6147058070135
Vagococcus_fluvialis,bacteria,2752071,389488,7.06587542780559
Vagococcus_humatus,bacteria,2096134,581981,3.60172239299908
Vagococcus_lutrae,bacteria,1910644,241362,7.91610716705026
Vagococcus_martis,bacteria,2561923,1121714,2.28393601220989
Vagococcus_penaei,bacteria,2365304,1052185,2.24799251082272
Vagococcus_salmoninarum,bacteria,3104446,255031,12.1728182064141
Vagococcus_silagei,bacteria,2525732,231270,10.9211397933152
Vagococcus_sp,bacteria,2258161,479553,4.70888723457053
Vagococcus_teuberi,bacteria,2184285,972522,2.24600060461357
Vagococcus_vulneris,bacteria,2347966,249023,9.42871140416749
Vagococcus_zengguangii,bacteria,2115814,627894,3.36969934415682
Vallicoccus_soli,bacteria,4045354,777027,5.20619489412852
Vandammella_animalimorsus,bacteria,3233034,411551,7.85573031450942
Vannielia_litorea,bacteria,4095462,1777820,2.30364266348674
Varanus_komodoensis,ensembl,1507945839,13310133,113.293070700345
Varibaculum_cambriense,bacteria,2179274,556610,3.91526072327989
Variibacter_gotjawalensis,bacteria,4586237,2046026,2.24153407630206
Variovorax_beijingensis,bacteria,6695648,565781,11.8343457981092
Variovorax_boronicumulans,bacteria,6953081,1842763,3.77318319642385
Variovorax_gossypii,bacteria,6300928,1247578,5.05052830364114
Variovorax_guangxiensis,bacteria,7184833,843375,8.51914391581444
Variovorax_paradoxus,bacteria,8210518,854848,9.6046531173381
Variovorax_sp,bacteria,7056785,1153015,6.12028893461572
Varunaivibrio_sulfuroxidans,bacteria,3033445,441640,6.86859206593606
Veillonella_atypica,bacteria,2119614,318621,6.65245878177598
Veillonella_criceti,bacteria,2245419,982136,2.28626076225696
Veillonella_denticariosi,bacteria,1981866,588494,3.36769108945886
Veillonella_dispar,bacteria,2166823,397182,5.45549361218133
Veillonella_montpellierensis,bacteria,1976838,196938,10.0378697864302
Veillonella_parvula,bacteria,2138367,512269,4.17430413164174
Veillonella_rodentium,bacteria,2041290,907599,2.24911001444471
Veillonella_rogosae,bacteria,2187106,373743,5.85189822953206
Veillonella_seminalis,bacteria,2324129,733069,3.17040960673552
Veillonella_sp,bacteria,2173480,361302,6.01568440965978
Veillonella_tobetsuensis,bacteria,2096516,279376,7.50429439947311
Veillonellaceae_bacterium,bacteria,1678621,166263,10.0962011916887
Ventosimonas_gracilis,bacteria,2619147,97239,26.9351494770617
Verminephrobacter_eiseniae,bacteria,5597943,2480530,2.25675279073424
Verrucomicrobia_bacterium,bacteria,3894539,357227,10.9021526796172
Verrucomicrobiaceae_bacterium,bacteria,6544051,26218,249.601457014265
Verrucomicrobiae_bacterium,bacteria,4516930,1439654,3.13751190824737
Verrucomicrobiales_bacterium,bacteria,4247070,115994,36.6147167015219
Verrucomicrobium_sp,bacteria,3763544,1711362,2.19915131924163
Verrucosispora_sp,bacteria,6645169,1051907,6.31726077430343
Verticillium_dahliae,fungi,33900324,2096216,16.1721521064623
Verticillium_dahliaejr2,fungi,36150287,5538604,6.52696726467536
Vespertiliibacter_pulmonis,bacteria,1773144,522057,3.39645670875019
Vibrio_aerogenes,bacteria,5250260,375133,13.9957295145988
Vibrio_agarivorans,bacteria,4500445,66918,67.2531306972713
Vibrio_albensis,bacteria,3987383,1518560,2.62576585712781
Vibrio_albus,bacteria,4265296,604681,7.05379530694697
Vibrio_alfacsensis,bacteria,4910231,1736037,2.8284137953281
Vibrio_alginolyticus,bacteria,5294258,1262682,4.19286687711229
Vibrio_anguillarum,bacteria,4364898,1452144,3.00582984640797
Vibrio_atlanticus,bacteria,4982802,1047375,4.75742153355844
Vibrio_azureus,bacteria,4716275,129121,36.5260104862881
Vibrio_barjaei,bacteria,5535129,536143,10.3239788638479
Vibrio_bivalvicida,bacteria,4922047,532896,9.23641198282592
Vibrio_brasiliensis,bacteria,4715026,207950,22.6738446742005
Vibrio_breoganii,bacteria,4233989,410504,10.3141278014862
Vibrio_campbellii,bacteria,5827244,1835543,3.17467049030092
Vibrio_caribbeanicus,bacteria,4489610,415459,10.8063840234536
Vibrio_casei,bacteria,3987290,1323206,3.01335544125405
Vibrio_celticus,bacteria,5392393,162599,33.1637525446036
Vibrio_chagasii,bacteria,5008364,1581424,3.16699632736066
Vibrio_cholerae,bacteria,4134658,714732,5.78490671877278
Vibrio_cidicii,bacteria,4619449,406183,11.3728270262419
Vibrio_cincinnatiensis,bacteria,3665830,307638,11.9160506829455
Vibrio_coralliilyticus,bacteria,5771117,785913,7.34320020154903
Vibrio_crassostreae,bacteria,5503476,726506,7.57526164845656
Vibrio_cyclitrophicus,bacteria,5820094,596343,9.75964168272286
Vibrio_diabolicus,bacteria,5107863,1030245,4.95791338852088
Vibrio_diazotrophicus,bacteria,4747078,408144,11.6308813957154
Vibrio_europaeus,bacteria,5469456,1524128,3.58858048667828
Vibrio_ezurae,bacteria,3682900,245287,15.0146563005785
Vibrio_fluvialis,bacteria,5037395,1021712,4.9303453646607
Vibrio_fortis,bacteria,5286006,757987,6.97374229373327
Vibrio_furnissii,bacteria,4962158,1397618,3.55043939044861
Vibrio_galatheae,bacteria,4065199,363036,11.1977847926927
Vibrio_gazogenes,bacteria,4711197,1101196,4.27825427989204
Vibrio_genomosp,bacteria,4238995,216112,19.6148277453678
Vibrio_halioticoli,bacteria,4013925,245255,16.3663330003466
Vibrio_hangzhouensis,bacteria,5123217,381886,13.4155664255825
Vibrio_harveyi,bacteria,6008383,834915,7.1964004319801
Vibrio_hepatarius,bacteria,4822708,647186,7.45181138034506
Vibrio_ichthyoenteri,bacteria,4641086,104037,44.6099560733201
Vibrio_ishigakensis,bacteria,4794681,409478,11.7092422472496
Vibrio_jasicida,bacteria,6326035,1424641,4.44044148666225
Vibrio_kanaloae,bacteria,4854646,337043,14.4036547960957
Vibrio_lentus,bacteria,5507562,443235,12.4258323935882
Vibrio_mangrovi,bacteria,4944610,937971,5.2716022137145
Vibrio_maritimus,bacteria,5648290,660161,8.55593450380627
Vibrio_mediterranei,bacteria,5888413,1632433,3.60713936396369
Vibrio_metoecus,bacteria,3979833,465964,8.54107398854847
Vibrio_metschnikovii,bacteria,3781078,1091639,3.46367068234096
Vibrio_mimicus,bacteria,4391401,945148,4.64625997529486
Vibrio_natriegens,bacteria,5504684,2000599,2.75151792038285
Vibrio_navarrensis,bacteria,4439391,1718481,2.58332271348941
Vibrio_neocaledonicus,bacteria,5245855,1950369,2.68967308237569
Vibrio_neptunius,bacteria,5201999,269246,19.3206175764914
Vibrio_nereis,bacteria,4096630,550217,7.44548060129004
Vibrio_nigripulchritudo,bacteria,6467579,1303845,4.96039136568816
Vibrio_orientalis,bacteria,4653015,247467,18.802567615076
Vibrio_owensii,bacteria,6384848,1303596,4.89787476253178
Vibrio_palustris,bacteria,3701013,819634,4.51544591854413
Vibrio_panuliri,bacteria,4737130,669699,7.0735210893252
Vibrio_paracholerae,bacteria,4037037,222394,18.1526753254929
Vibrio_parahaemolyticus,bacteria,5371054,848577,6.32948544430424
Vibrio_pectenicida,bacteria,4441431,137793,32.2326315560297
Vibrio_penaeicida,bacteria,6568793,94756,69.3232407446494
Vibrio_ponticus,bacteria,4934755,233875,21.0999657936932
Vibrio_proteolyticus,bacteria,4745539,451609,10.5080700340339
Vibrio_qinghaiensis,bacteria,4017713,1545459,2.59968915383715
Vibrio_quintilis,bacteria,5712823,262844,21.7346524934942
Vibrio_renipiscarius,bacteria,4339718,779578,5.56675278163314
Vibrio_rotiferianus,bacteria,5291213,639612,8.27253553716941
Vibrio_ruber,bacteria,4622997,277959,16.6319385233074
Vibrio_rumoiensis,bacteria,3447496,172656,19.9674265591697
Vibrio_scophthalmi,bacteria,4914081,1398808,3.51304851826546
Vibrio_sinaloensis,bacteria,4734998,435903,10.862516273708
Vibrio_sinensis,bacteria,5302048,537112,9.87140112304324
Vibrio_sp,bacteria,5009134,428977,11.6769304800191
Vibrio_spartinae,bacteria,5104270,445832,11.4488641461358
Vibrio_splendidus,bacteria,5593116,434874,12.8614736074266
Vibrio_tapetis,bacteria,5725871,2135136,2.68173596436012
Vibrio_tarriae,bacteria,4137761,353362,11.7096943078203
Vibrio_tasmaniensis,bacteria,5474382,388744,14.0822453877632
Vibrio_thalassae,bacteria,5105314,358790,14.2292538811004
Vibrio_toranzoniae,bacteria,4537316,427548,10.6124131091714
Vibrio_tubiashii,bacteria,4842495,1250151,3.87352962703291
Vibrio_variabilis,bacteria,5797527,202574,28.6193045504359
Vibrio_viridaestus,bacteria,4713072,711777,6.62155703260993
Vibrio_vulnificus,bacteria,5497933,877052,6.26864896100834
Vibrio_xiamenensis,bacteria,5501246,331548,16.5926080084935
Vibrio_xuii,bacteria,6297899,604513,10.4181365826707
Vibrionales_bacterium,bacteria,4360644,373967,11.6605048038998
Vicia_faba,plants,11914498746,18380336,648.219855502097
Victivallales_bacterium,bacteria,5242681,2384638,2.19852279465479
Victivallis_vadensis,bacteria,5199916,268024,19.4009342446945
Vicugna_pacos,ensembl,2967746133,1702345,1743.32825191133
Vigna_angularis,plants,466744453,13695966,34.0789728157912
Vigna_radiata,plants,463085359,13081819,35.3991565698929
Vigna_unguiculata,plants,519066764,22129279,23.4561082627229
Virgibacillus_chiguensis,bacteria,4128320,383408,10.7674331260694
Virgibacillus_dokdonensis,bacteria,4276558,968330,4.41642570198176
Virgibacillus_halodenitrificans,bacteria,3917759,1657820,2.363199261681
Virgibacillus_indicus,bacteria,3916161,694089,5.64215972303264
Virgibacillus_massiliensis,bacteria,4353177,1528555,2.84790341204602
Virgibacillus_necropolis,bacteria,4337422,1837125,2.36098360209567
Virgibacillus_pantothenticus,bacteria,4759248,1406750,3.3831512351164
Virgibacillus_phasianinus,bacteria,4071214,1745524,2.33237354513602
Virgibacillus_profundi,bacteria,4362047,506841,8.60634202836787
Virgibacillus_salinus,bacteria,3758454,1009350,3.72363798484173
Virgibacillus_soli,bacteria,5002729,330274,15.1472080757189
Virgibacillus_sp,bacteria,3749151,970566,3.86285160558458
Viridibacillus_arenosi,bacteria,4445024,566515,7.84626002841937
Viridibacillus_arvi,bacteria,4758570,1253282,3.79688689377171
Viridibacillus_sp,bacteria,4760386,1904279,2.49983642102864
Vitiosangium_sp,bacteria,14076305,1011131,13.9213464921954
Vitis_vinifera,plants,475604073,15564077,30.5578077646365
Vitreoscilla_filiformis,bacteria,3787551,1672159,2.26506630051329
Vitreoscilla_sp,bacteria,2610419,1135242,2.29943835763652
Vogesella_indigofera,bacteria,3621567,560532,6.46094602984308
Vogesella_sp,bacteria,3843753,1042323,3.68767934699704
Volucribacter_psittacicida,bacteria,2267688,561913,4.03565676537115
Vombatus_ursinus,ensembl,3486597218,16057534,217.131548219048
Vulcaniibacterium_tengchongense,bacteria,3585771,964623,3.71727711240557
Vulcanisaeta_distributa,bacteria,2374137,1082013,2.19418528243191
Vulcanisaeta_moutnovskia,bacteria,2298983,1046035,2.19780695674619
Vulcanisaeta_sp,bacteria,2349151,86775,27.071748775569
Vulgatibacter_incomptus,bacteria,4350553,1961937,2.21747844094892
Vulpes_vulpes,ensembl,2421551259,14358348,168.651105196782
Waddlia_chondrophila,bacteria,2131905,997974,2.13623300807436
Waddliaceae_bacterium,bacteria,3152361,221448,14.2352200065027
Weeksella_virosa,bacteria,2272954,1033164,2.19999341827629
Weissella_bombi,bacteria,1820901,287774,6.32753827656425
Weissella_cibaria,bacteria,2509636,563294,4.45528509717963
Weissella_confusa,bacteria,2326034,532296,4.36981366257371
Weissella_halotolerans,bacteria,1366073,352621,3.87405457984635
Weissella_hellenica,bacteria,1816487,173387,10.4764890101334
Weissella_jogaejeotgali,bacteria,2149545,932380,2.30543876960038
Weissella_kandleri,bacteria,1334438,286811,4.65267371195666
Weissella_koreensis,bacteria,1585205,489313,3.23965437255908
Weissella_minor,bacteria,1768499,343033,5.15547775286926
Weissella_oryzae,bacteria,2129476,226049,9.42041769704799
Weissella_paramesenteroides,bacteria,2009694,638196,3.14902486777171
Weissella_soli,bacteria,1670790,630135,2.65147944488086
Weissella_sp,bacteria,2392419,27987,85.4832243541644
Weissella_thailandensis,bacteria,1983825,167048,11.8757782194339
Weissella_viridescens,bacteria,1568400,382810,4.09707609264482
Weizmannia_coagulans,bacteria,3273626,723704,4.5234288398886
Wenxinia_marina,bacteria,4180927,1011505,4.13337254882576
Wenxinia_saemankumensis,bacteria,3577582,714759,5.00529828935347
Wenyingzhuangia_fucanilytica,bacteria,3427057,1582545,2.1655352612406
Wenyingzhuangia_marina,bacteria,3242070,746724,4.34172465328555
Wenzhouxiangella_marina,bacteria,3675202,1676552,2.192119301996
Wenzhouxiangella_sediminis,bacteria,3506010,211134,16.6056153911734
Wenzhouxiangella_sp,bacteria,3128413,225897,13.848847040908
Westiellopsis_prolifica,bacteria,7313429,2112083,3.46266174198647
Wigglesworthia_glossinidia,bacteria,703004,313197,2.24460642981893
Williamsia_faeni,bacteria,5524791,924810,5.97397411360171
Williamsia_limnetica,bacteria,6353494,511584,12.4192586163758
Williamsia_marianensis,bacteria,5401618,1031478,5.23677480275876
Williamsia_muralis,bacteria,5401534,2422108,2.23009626325498
Williamsia_sp,bacteria,5563121,582915,9.54362752014767
Williamsia_sterculiae,bacteria,4441008,551251,8.05623572564948
Williamsoniiplasma_lucivorax,bacteria,1127227,327574,3.44113696447215
Williamsoniiplasma_luminosum,bacteria,1030703,464688,2.21805514458642
Williamsoniiplasma_somnilux,bacteria,868413,400821,2.16658558309071
Williamwhitmania_taraxaci,bacteria,4154490,143966,28.8574385618827
Winkia_neuii,bacteria,2274237,473930,4.7986810274524
Winogradskyella_arenosi,bacteria,3675157,871817,4.21551426503498
Winogradskyella_aurantia,bacteria,3203946,581148,5.51313262714489
Winogradskyella_epiphytica,bacteria,3378934,822917,4.10604471653885
Winogradskyella_eximia,bacteria,4242526,855945,4.95654043192028
Winogradskyella_jejuensis,bacteria,3033897,1103081,2.75038460457573
Winogradskyella_pacifica,bacteria,4285759,738375,5.80431217199932
Winogradskyella_psychrotolerans,bacteria,4337031,237256,18.2799634150454
Winogradskyella_sp,bacteria,3285547,1180095,2.78413740682199
Winogradskyella_thalassocola,bacteria,4573152,1000731,4.56981146781703
Winogradskyella_wandonensis,bacteria,2958316,788483,3.7519084114686
Woeseia_oceani,bacteria,4059891,1840837,2.20545925576246
Woeseia_sp,bacteria,3127694,349225,8.95609993557162
Wohlfahrtiimonas_chitiniclastica,bacteria,2162954,699330,3.0928946277151
Wohlfahrtiimonas_sp,bacteria,2102207,452579,4.64495038435279
Wolbachia_endosymbiont,bacteria,1352698,307346,4.4012264547327
Wolbachia_pipientis,bacteria,1284914,250453,5.130351629046
Wolbachia_sp,bacteria,1445873,613788,2.3556553728649
Wolinella_succinogenes,bacteria,2110355,1002006,2.10613010301336
Xanthobacter_autotrophicus,bacteria,5319193,1514589,3.51197206369915
Xanthobacter_tagetidis,bacteria,4945221,450356,10.9806930517191
Xanthomarina_gelatinilytica,bacteria,3158058,286317,11.0299528668449
Xanthomarina_sp,bacteria,2990433,406278,7.36055853381182
Xanthomarina_spongicola,bacteria,3155334,652381,4.8366430046246
Xanthomonadaceae_bacterium,bacteria,4086059,386429,10.5738847063129
Xanthomonadales_bacterium,bacteria,4193163,433332,9.67655130334127
Xanthomonas_albilineans,bacteria,3852299,1646007,2.34039041146241
Xanthomonas_alfalfae,bacteria,4970862,67594,73.5399887563985
Xanthomonas_arboricola,bacteria,4997230,706330,7.07492445193892
Xanthomonas_axonopodis,bacteria,4981705,687850,7.24242978010173
Xanthomonas_bromi,bacteria,4841335,196425,24.6472444953545
Xanthomonas_campestris,bacteria,5070125,1667057,3.04136221303613
Xanthomonas_cannabis,bacteria,4756730,97570,48.7519729425028
Xanthomonas_citri,bacteria,5216547,1386154,3.76332475581327
Xanthomonas_codiaei,bacteria,5043310,300484,16.7839552189135
Xanthomonas_cucurbitae,bacteria,4424197,244893,18.0658369165309
Xanthomonas_dyei,bacteria,5314178,367039,14.4785104580167
Xanthomonas_euvesicatoria,bacteria,4931418,594765,8.29137222264256
Xanthomonas_floridensis,bacteria,5254357,314863,16.6877562622474
Xanthomonas_fragariae,bacteria,4283943,1808423,2.36888327564956
Xanthomonas_gardneri,bacteria,5528124,79510,69.5274053578166
Xanthomonas_hortorum,bacteria,5261901,1429630,3.68060337290068
Xanthomonas_hyacinthi,bacteria,6883694,269766,25.5173233790088
Xanthomonas_melonis,bacteria,4681689,682768,6.85692504628219
Xanthomonas_nasturtii,bacteria,4771852,206716,23.0840960544902
Xanthomonas_oryzae,bacteria,4958780,1884086,2.63192790192541
Xanthomonas_perforans,bacteria,5346417,2216447,2.41215648287552
Xanthomonas_phaseoli,bacteria,5229998,1267187,4.12725007868477
Xanthomonas_pisi,bacteria,5327500,414921,12.8397935992635
Xanthomonas_populi,bacteria,4338173,79443,54.6073662877787
Xanthomonas_prunicola,bacteria,5318553,989582,5.37454500991328
Xanthomonas_sacchari,bacteria,4962168,1232830,4.02502333047676
Xanthomonas_sp,bacteria,4861445,1163605,4.17791827034014
Xanthomonas_theicola,bacteria,4544741,121170,37.5071469835768
Xanthomonas_translucens,bacteria,4599649,611885,7.51717581033372
Xanthomonas_vasicola,bacteria,4915202,1205415,4.0776028940525
Xanthomonas_vesicatoria,bacteria,5393910,2224987,2.42424337760176
Xenococcus_sp,bacteria,5929641,121009,49.0016527696287
Xenophilus_sp,bacteria,3978285,428826,9.27715437030404
Xenopus_tropicalis,ensembl,1451301209,34432895,42.1486839546893
Xenorhabdus_beddingii,bacteria,4096854,245720,16.6728552824353
Xenorhabdus_bovienii,bacteria,4470863,548293,8.15414747748467
Xenorhabdus_budapestensis,bacteria,4313848,417944,10.3215933235075
Xenorhabdus_cabanillasii,bacteria,4478304,981419,4.563093114711
Xenorhabdus_doucetiae,bacteria,4203651,1838836,2.28603910299777
Xenorhabdus_eapokensis,bacteria,4246750,303399,13.9972445525529
Xenorhabdus_ehlersii,bacteria,4316335,317737,13.5846155782927
Xenorhabdus_hominickii,bacteria,5347057,992864,5.38548784123505
Xenorhabdus_innexi,bacteria,4490078,180220,24.9144268116746
Xenorhabdus_ishibashii,bacteria,3859546,1537048,2.51101201784199
Xenorhabdus_japonica,bacteria,3561198,188320,18.9103547153781
Xenorhabdus_khoisanae,bacteria,4658186,105230,44.2667110139694
Xenorhabdus_koppenhoeferi,bacteria,3182127,161192,19.7412216487171
Xenorhabdus_kozodoii,bacteria,4127775,253422,16.2881478324692
Xenorhabdus_mauleonii,bacteria,5119810,399355,12.8201975685793
Xenorhabdus_miraniensis,bacteria,4995255,373359,13.379227499538
Xenorhabdus_nematophila,bacteria,4952181,1134120,4.36654079815187
Xenorhabdus_poinarii,bacteria,3659523,1566082,2.33673779533894
Xenorhabdus_sp,bacteria,4659682,270036,17.2557606445552
Xenorhabdus_stockiae,bacteria,4668612,197464,23.6428513551837
Xenorhabdus_szentirmaii,bacteria,4824775,297454,16.220239095793
Xenorhabdus_thuongxuanensis,bacteria,3938299,282593,13.9362935387642
Xenorhabdus_vietnamensis,bacteria,4666385,381713,12.2248521795171
Xinfangfangia_humi,bacteria,4474616,266970,16.7607446529573
Xiphophorus_couchianus,ensembl,708396389,11316915,62.5962454432149
Xiphophorus_maculatus,ensembl,704321165,21434631,32.8590291570683
Xylanibacterium_ulmi,bacteria,3965098,1798310,2.20490238056842
Xylanimonas_allomyrinae,bacteria,3848642,1697737,2.26692473569228
Xylanimonas_cellulosilytica,bacteria,3831380,1728564,2.21651035194531
Xylanimonas_oleitrophica,bacteria,3490509,551448,6.32971558515037
Xylanimonas_protaetiae,bacteria,3859980,1743193,2.21431591338423
Xylella_fastidiosa,bacteria,2631361,639883,4.11225322709274
Xylella_taiwanensis,bacteria,2733013,190297,14.3618291407642
Xylophilus_ampelinus,bacteria,3731505,279052,13.3720776056076
Xylophilus_sp,bacteria,4483623,746946,6.00260661413275
Yangia_mangrovi,bacteria,4897831,62811,77.9772810494977
Yangia_pacifica,bacteria,5654813,1164824,4.85465222842774
Yarrowia_lipolytica,fungi,20502981,2967245,6.90977017401664
Yersinia_aldovae,bacteria,4309478,279636,15.4110271924931
Yersinia_bercovieri,bacteria,4318780,392679,10.9982453861806
Yersinia_enterocolitica,bacteria,4697306,1118029,4.20141689294422
Yersinia_entomophaga,bacteria,4275406,1822032,2.34650434240452
Yersinia_frederiksenii,bacteria,4928370,918870,5.36351118166705
Yersinia_hibernica,bacteria,4803435,2077190,2.31246780506357
Yersinia_intermedia,bacteria,4866710,484798,10.038631331552
Yersinia_kristensenii,bacteria,4519632,781806,5.78101176966574
Yersinia_massiliensis,bacteria,5062867,1412741,3.58371881328566
Yersinia_mollaretii,bacteria,4630771,479448,9.65854691228246
Yersinia_nurmii,bacteria,4143134,481631,8.60229927060343
Yersinia_pekkanenii,bacteria,5046986,201444,25.05403983241
Yersinia_pestis,bacteria,4661575,729313,6.39173736426241
Yersinia_pseudotuberculosis,bacteria,4905612,1812923,2.70591240793087
Yersinia_rohdei,bacteria,4391197,324489,13.5326528788341
Yersinia_ruckeri,bacteria,3939641,1598187,2.46506885614762
Yersinia_similis,bacteria,4867714,239413,20.3318700321202
Yersinia_wautersii,bacteria,4858848,235102,20.6669785880171
Yimella_sp,bacteria,3271355,322680,10.1380779719846
Yokenella_regensburgei,bacteria,4809374,1832456,2.62455060312499
Yonghaparkia_sp,bacteria,2632343,1005826,2.61709579986996
Yoonia_litorea,bacteria,3323467,1143151,2.90728608906435
Yoonia_maricola,bacteria,3798370,1219999,3.11342058477097
Yoonia_maritima,bacteria,3677387,421390,8.72680177507772
Yoonia_rosea,bacteria,3514278,1271966,2.76287102013733
Yoonia_sediminilitoris,bacteria,4668162,730683,6.38876503216853
Yoonia_tamlensis,bacteria,3190947,1259830,2.53283935134105
Yoonia_vestfoldensis,bacteria,3987360,1791555,2.22564197024373
Youngiibacter_fragilis,bacteria,3988233,169795,23.4885185076121
Youngimonas_vesicularis,bacteria,3790026,592462,6.39707863120335
Zalophus_californianus,ensembl,2408641788,23793592,101.230692196454
Zavarzinia_aquatilis,bacteria,4477202,581684,7.69696605029535
Zavarzinia_compransoris,bacteria,4757539,977708,4.86601214268473
Zea_mays,plants,2182075994,32609045,66.9162802529176
Zeaxanthinibacter_enoshimensis,bacteria,3337963,1035027,3.22500089369649
Zetaproteobacteria_bacterium,bacteria,2419627,156974,15.4141496957466
Zhaonella_formicivorans,bacteria,5963912,48175,123.796824078879
Zhengella_mangrovi,bacteria,5066330,620032,8.17107826692816
Zhihengliuella_halotolerans,bacteria,3583060,1636205,2.18986007254592
Zhizhongheella_caldifontis,bacteria,3643199,364731,9.98872867949256
Zhongshania_aliphaticivorans,bacteria,4204359,1889346,2.22529859538698
Zhongshania_marina,bacteria,4084538,339432,12.0334499988216
Zhouia_amylolytica,bacteria,3839983,630009,6.09512887524533
Zobellella_denitrificans,bacteria,4112961,993373,4.14040100767839
Zobellella_endophytica,bacteria,4168059,812848,5.12772252622877
Zobellella_taiwanensis,bacteria,3618741,266637,13.571788611483
Zobellia_galactanivorans,bacteria,5521712,2497589,2.21081691182977
Zobellia_uliginosa,bacteria,5303163,978246,5.42109346728737
Zongyanglinia_marina,bacteria,4852500,599635,8.09242289059178
Zonotrichia_albicollis,ensembl,1052600561,7335253,143.498876044221
Zoogloeaceae_bacteirum,bacteria,3127098,1446094,2.16244448839425
Zooshikella_ganghwensis,bacteria,6605154,2554574,2.58561858063223
Zosterops_lateralis,ensembl,1036003386,5383517,192.439883815729
Zunongwangia_atlantica,bacteria,4780723,415723,11.499779901521
Zunongwangia_mangrovi,bacteria,4131682,869247,4.75317372392427
Zunongwangia_profunda,bacteria,4722641,1153856,4.09292194733223
Zunongwangia_sp,bacteria,4854596,218652,22.2023855258584
Zymobacter_palmae,bacteria,3028543,1258755,2.40598289579783
Zymomonas_mobilis,bacteria,2128109,895279,2.37703593049136
Zymoseptoria_tritici,fungi,39686251,3509307,11.3088569908532
_actinobacillus,bacteria,2657994,1197177,2.22021806299319
_arcobacter,bacteria,1967723,666329,2.9530802351391
_bacillus,bacteria,4599745,1295385,3.55087128537076
_bacteroides,bacteria,3028326,1251056,2.42061586371833
_brevibacterium,bacteria,3338699,1480015,2.25585483930906
_butyribacterium,bacteria,4256016,551188,7.72153239910883
_candidatus,bacteria,3272986,635019,5.15415444262298
_clostridium,bacteria,4211784,854540,4.92871716506477
_curtobacterium,bacteria,4981783,801115,6.21856162972857
_enterobacter,bacteria,4814049,2157757,2.23104316195012
_eubacterium,bacteria,3294680,488190,6.74877090387367
_flavobacterium,bacteria,5100446,2106833,2.42090697765484
_flexibacter,bacteria,7156176,587673,12.177149687964
_haemophilus,bacteria,1885047,544536,3.46174969760187
_mannheimia,bacteria,2314078,1031939,2.2424561916935
_mycobacterium,bacteria,4994485,2315338,2.15712997411177
_nostoc,bacteria,5486145,1856870,2.95451216294086
_osedax,bacteria,4021833,60907,66.0323608123861
_pasteurella,bacteria,2435160,1087821,2.23856785195719
_propionibacterium,bacteria,2430672,451655,5.38170063433373
_ruminococcus,bacteria,3542511,285110,12.4250615581905
