,Species,Domain,Average Range,Genome_size,Exon_to_genome_ratio
0,Abditibacterium_utsteinense,bacteria,305408.0,3606331.0,11.808240124685666
1,Abiotrophia_defectiva,bacteria,297361.0,2041839.0,6.866532598424138
2,Abiotrophia_sp,bacteria,245655.0,2019024.0,8.218941198021616
3,Absicoccus_porci,bacteria,659620.0,2222132.0,3.368806282405021
4,Absiella_sp,bacteria,243782.5,4493266.0,18.43145426763611
5,Abyssibacter_profundi,bacteria,371714.0,3741513.0,10.065569227954825
6,Abyssicoccus_albus,bacteria,585922.0,1796177.0,3.065556507521479
7,Acanthochromis_polyacanthus,ensembl,1732447.0,991584656.0,572.3607452349191
8,Acaryochloris_marina,bacteria,2954216.0,8361599.0,2.8303952723836034
9,Acaryochloris_thomasi,bacteria,524545.0,5931841.0,11.308545501339255
10,Accipiter_nisus,ensembl,533365.0,1190649881.0,2232.335981926073
11,Acetanaerobacterium_elongatum,bacteria,124387.0,2916215.0,23.44469277336056
12,Acetatifactor_muris,bacteria,318037.0,6013646.0,18.908636416517574
13,Acetilactobacillus_jinshanensis,bacteria,712496.0,1616430.0,2.268686420695695
14,Acetitomaculum_ruminis,bacteria,254588.0,3082721.0,12.108665765864849
15,Acetivibrio_clariflavus,bacteria,2049418.0,4897678.0,2.3897896866329855
16,Acetivibrio_ethanolgignens,bacteria,139006.0,3660245.0,26.331561227572912
17,Acetivibrio_mesophilus,bacteria,382932.0,4044838.0,10.562810107277532
18,Acetivibrio_saccincola,bacteria,1590701.0,3759855.0,2.363646593545864
19,Acetivibrio_thermocellus,bacteria,682195.0,3828923.6666666665,5.612652785005265
20,Acetoanaerobium_noterae,bacteria,591425.0,2814227.0,4.758383565118147
21,Acetoanaerobium_sticklandii,bacteria,1233268.0,2715461.0,2.2018417732398796
22,Acetobacter_aceti,bacteria,761115.3333333334,3430908.0,4.507737329340363
23,Acetobacter_ascendens,bacteria,1349259.0,3142524.5,2.329074328946481
24,Acetobacter_cerevisiae,bacteria,221481.0,3212245.6666666665,14.503481863756559
25,Acetobacter_cibinongensis,bacteria,241664.0,3173902.5,13.133534576933263
26,Acetobacter_fabarum,bacteria,423962.0,3027698.0,7.141437204277742
27,Acetobacter_ghanensis,bacteria,1238356.0,2843936.0,2.2965415437887007
28,Acetobacter_indonesiensis,bacteria,280225.0,3371312.5,12.03073423142118
29,Acetobacter_malorum,bacteria,335995.85714285716,3551556.714285714,10.570239599042674
30,Acetobacter_okinawensis,bacteria,307843.0,2724937.0,8.851710124966297
31,Acetobacter_orientalis,bacteria,437351.4,2939373.2,6.720850099027921
32,Acetobacter_orleanensis,bacteria,268514.0,3013644.0,11.223414794014465
33,Acetobacter_oryzoeni,bacteria,1316515.0,3153180.0,2.395096143986206
34,Acetobacter_pasteurianus,bacteria,663590.6666666666,3261368.111111111,4.914728725003834
35,Acetobacter_persici,bacteria,983002.5,3555134.0,3.616607282280564
36,Acetobacter_pomorum,bacteria,679619.6666666666,3122918.6666666665,4.5950975521112545
37,Acetobacter_senegalensis,bacteria,689544.6666666666,3982175.0,5.775079110176088
38,Acetobacter_sp,bacteria,252976.0,2677434.5,10.583749051293402
39,Acetobacter_syzygii,bacteria,392246.0,2974254.0,7.582624169526267
40,Acetobacter_tropicalis,bacteria,542894.2,3842644.2,7.078071933721157
41,Acetobacteraceae_bacterium,bacteria,585550.75,3704708.75,6.326879010914084
42,Acetobacterium_bakii,bacteria,254777.0,4135635.0,16.232371838902257
43,Acetobacterium_sp,bacteria,1039605.0,3818488.5,3.673018598409973
44,Acetobacterium_wieringae,bacteria,315451.0,3895828.0,12.350025836025246
45,Acetobacterium_woodii,bacteria,1758211.0,4044777.0,2.300507163247187
46,Acetobacteroides_hydrogenigenes,bacteria,460438.0,3861100.0,8.385710996920324
47,Acetohalobium_arabaticum,bacteria,1086961.0,2469596.0,2.272018959281888
48,Acetomicrobium_mobile,bacteria,1000616.0,2160700.0,2.1593698281858376
49,Acetomicrobium_thermoterrenum,bacteria,265225.0,1967584.0,7.4185465171081155
50,Acetonema_longum,bacteria,172103.0,4323011.0,25.118742845853937
51,Acholeplasma_laidlawii,bacteria,689576.0,1496992.0,2.1708876178985346
52,Achromobacter_aegrifaciens,bacteria,915801.0,6872002.0,7.50381578530707
53,Achromobacter_agilis,bacteria,408480.0,6376476.0,15.610252643948296
54,Achromobacter_aloeverae,bacteria,1130879.0,6492157.0,5.740806045562788
55,Achromobacter_arsenitoxydans,bacteria,283392.0,6156664.0,21.72490401987353
56,Achromobacter_denitrificans,bacteria,287933.0,7090436.0,24.62529824646706
57,Achromobacter_insolitus,bacteria,2952998.0,6472476.0,2.1918321651420016
58,Achromobacter_insuavis,bacteria,2989175.0,6860805.0,2.2952169076751945
59,Achromobacter_kerstersii,bacteria,971903.0,6720738.0,6.915029586285875
60,Achromobacter_marplatensis,bacteria,830586.0,6887296.0,8.292092570787371
61,Achromobacter_piechaudii,bacteria,1800654.0,6166967.5,3.424848693863452
62,Achromobacter_pulmonis,bacteria,1065708.0,6943547.0,6.5154310561617255
63,Achromobacter_ruhlandii,bacteria,1754705.0,6479002.5,3.6923599693395754
64,Achromobacter_sp,bacteria,1316857.6363636365,6429443.545454546,4.8824135334847405
65,Achromobacter_spanius,bacteria,2364462.25,6501596.0,2.749714443527276
66,Achromobacter_veterisilvae,bacteria,312359.0,6814990.0,21.817812196863226
67,Achromobacter_xylosoxidans,bacteria,1549758.625,6736669.0,4.346914991358735
68,Acidaminobacter_hydrogenoformans,bacteria,354576.0,3615609.0,10.196993028292948
69,Acidaminococcus_fermentans,bacteria,591481.5,2337328.0,3.9516502206746957
70,Acidaminococcus_intestini,bacteria,606430.5,2363369.0,3.897180303431308
71,Acidaminococcus_sp,bacteria,206169.33333333334,2296550.0,11.139144521978697
72,Acidianus_brierleyi,bacteria,1274947.0,2947156.0,2.3115909916255344
73,Acidianus_hospitalis,bacteria,951535.0,2137654.0,2.246532182210849
74,Acidianus_manzaensis,bacteria,1165847.0,2687463.0,2.305159253315401
75,Acidianus_sulfidivorans,bacteria,1005514.0,2287077.0,2.27453521283642
76,Acidibacillus_ferrooxidans,bacteria,224576.33333333334,3119089.0,13.888769816944201
77,Acidibacillus_sulfuroxidans,bacteria,287908.0,2873735.0,9.981435041749448
78,Acidiferrobacteraceae_bacterium,bacteria,201274.25,2737491.5,13.600803381455899
79,Acidihalobacter_ferrooxydans,bacteria,1512769.0,3448835.0,2.27981601949802
80,Acidihalobacter_prosperus,bacteria,1332783.0,3484244.6666666665,2.6142625368620895
81,Acidilobus_saccharovorans,bacteria,682532.0,1496453.0,2.192502329561105
82,Acidimicrobiales_bacterium,bacteria,73230.0,2424133.0,33.10300423323774
83,Acidimicrobium_ferrooxidans,bacteria,983231.0,2158157.0,2.194964357307693
84,Acidiphilium_cryptum,bacteria,1626575.0,3963080.0,2.436456972472834
85,Acidiphilium_multivorum,bacteria,1776831.0,4214744.0,2.372056768482765
86,Acidiphilium_rubrum,bacteria,284589.0,3976993.0,13.974514123876888
87,Acidiphilium_sp,bacteria,167744.6,3721677.6,22.18657172868754
88,Acidipila_rosea,bacteria,962475.0,4213726.0,4.378010857424869
89,Acidipila_sp,bacteria,1892038.0,4475085.0,2.365219408912506
90,Acidiplasma_aeolicum,bacteria,39309.0,1762845.5,44.845849550993414
91,Acidiplasma_cupricumulans,bacteria,43787.0,1731076.0,39.5340169456688
92,Acidiplasma_sp,bacteria,461582.0,1747364.0,3.7855982252340863
93,Acidipropionibacterium_acidipropionici,bacteria,1636103.0,3634891.25,2.22167629421864
94,Acidipropionibacterium_jensenii,bacteria,1365646.0,3064342.25,2.243877439687884
95,Acidipropionibacterium_virtanenii,bacteria,1540937.0,3432872.0,2.227782187071892
96,Acidisarcina_polymorpha,bacteria,3137531.0,7600726.0,2.422518215756275
97,Acidithiobacillales_bacterium,bacteria,50427.0,2616358.0,51.88407004184266
98,Acidithiobacillus_caldus,bacteria,932360.0,3115616.6666666665,3.341645573240665
99,Acidithiobacillus_ferridurans,bacteria,1324897.0,2921399.0,2.2050008415748543
100,Acidithiobacillus_ferrivorans,bacteria,433179.25,3050276.5,7.041603447071853
101,Acidithiobacillus_ferrooxidans,bacteria,712053.75,2968130.75,4.168408283784756
102,Acidithiobacillus_sp,bacteria,133143.66666666666,3218855.3333333335,24.175805082730186
103,Acidithiobacillus_sulfuriphilus,bacteria,74009.0,2816858.0,38.06101960572363
104,Acidithiobacillus_thiooxidans,bacteria,91375.5,3833870.0,41.957308031146205
105,Acidobacteria_bacterium,bacteria,143347.22818791945,5135205.785234899,35.82354434159661
106,Acidobacteriales_bacterium,bacteria,1061704.0,4923487.0,4.637344306887796
107,Acidobacterium_capsulatum,bacteria,1830782.0,4127356.0,2.254422427137693
108,Acidobacterium_sp,bacteria,306696.5,3522497.0,11.485285942291483
109,Acidocella_aminolytica,bacteria,150557.0,3984732.0,26.46660068943988
110,Acidocella_sp,bacteria,654943.0,3333803.0,5.090218538101789
111,Acidomonas_methanolica,bacteria,159079.0,3690031.0,23.196216973956336
112,Acidothermus_cellulolyticus,bacteria,1100163.0,2443540.0,2.221070877679035
113,Acidovorax_anthurii,bacteria,217016.0,5469042.0,25.201100379695507
114,Acidovorax_avenae,bacteria,2196348.25,5546095.75,2.5251440658374644
115,Acidovorax_caeni,bacteria,221971.0,4152335.0,18.706655373900194
116,Acidovorax_carolinensis,bacteria,1859804.6666666667,4295128.333333333,2.3094513151381126
117,Acidovorax_cattleyae,bacteria,290578.0,5609245.0,19.303749767704367
118,Acidovorax_cavernicola,bacteria,435978.0,7038667.0,16.144546284445546
119,Acidovorax_citrulli,bacteria,2401067.0,5352772.0,2.2293305434625523
120,Acidovorax_defluvii,bacteria,300689.0,4114188.0,13.682535776167402
121,Acidovorax_delafieldii,bacteria,111514.0,4842094.0,43.421400003586996
122,Acidovorax_ebreus,bacteria,1714759.0,3796573.0,2.2140563192845177
123,Acidovorax_kalamii,bacteria,736218.0,5137998.0,6.978908421146997
124,Acidovorax_konjaci,bacteria,512135.0,5077528.0,9.9144327179357
125,Acidovorax_soli,bacteria,319425.0,4130223.0,12.930180793613525
126,Acidovorax_sp,bacteria,1213748.6666666667,5324443.575757576,4.386776045142989
127,Acidovorax_temperans,bacteria,210279.0,4475784.0,21.284978528526388
128,Acidovorax_valerianellae,bacteria,560038.0,5257076.0,9.386998739371258
129,Acidovorax_wautersii,bacteria,535957.0,5335586.0,9.955250141335965
130,Aciduliprofundum_boonei,bacteria,531573.5,2234291.5,4.203165695806883
131,Aciduliprofundum_sp,bacteria,681158.0,1437090.0,2.1097748246368684
132,Acinetobacter_albensis,bacteria,260464.0,3045904.0,11.694145832053566
133,Acinetobacter_apis,bacteria,756383.0,2413782.0,3.191216619093766
134,Acinetobacter_baumannii,bacteria,386503.32209737826,4175065.8764044945,10.802147453088644
135,Acinetobacter_baylyi,bacteria,1588471.0,3598621.0,2.265462196036314
136,Acinetobacter_beijerinckii,bacteria,1003462.0,3555505.5,3.543238807249303
137,Acinetobacter_bereziniae,bacteria,879033.0,4859721.0,5.528485278709673
138,Acinetobacter_bohemicus,bacteria,553006.0,3693025.5,6.6780930044158655
139,Acinetobacter_boissieri,bacteria,354101.0,2690205.0,7.597281566558694
140,Acinetobacter_bouvetii,bacteria,584276.0,3660393.0,6.2648354544769935
141,Acinetobacter_brisouii,bacteria,1135016.0,3148512.0,2.7739802786921066
142,Acinetobacter_calcoaceticus,bacteria,1090320.6666666667,4018444.111111111,3.6855617195593626
143,Acinetobacter_celticus,bacteria,546784.0,3093802.0,5.658179463919939
144,Acinetobacter_chinensis,bacteria,1584099.0,3737289.0,2.3592521679516243
145,Acinetobacter_colistiniresistens,bacteria,958735.5,4060490.0,4.2352557092128125
146,Acinetobacter_cumulans,bacteria,671435.3333333334,3730483.0,5.555982556771414
147,Acinetobacter_defluvii,bacteria,1551931.0,3812268.0,2.4564674589269755
148,Acinetobacter_equi,bacteria,1324067.0,3054269.0,2.3067329674404693
149,Acinetobacter_gandensis,bacteria,293660.0,3176356.0,10.816440781856569
150,Acinetobacter_genomosp,bacteria,737471.0,4318570.333333333,5.855918854210312
151,Acinetobacter_gerneri,bacteria,679604.0,4595172.0,6.761543487089541
152,Acinetobacter_guerrae,bacteria,304764.0,3541242.0,11.61962042760956
153,Acinetobacter_guillouiae,bacteria,1688797.3333333333,4818824.333333333,2.853405934637509
154,Acinetobacter_gyllenbergii,bacteria,1051388.0,4418039.5,4.202101888170684
155,Acinetobacter_haemolyticus,bacteria,1264000.7,3549100.7,2.8078312773086282
156,Acinetobacter_halotolerans,bacteria,390516.0,3290698.0,8.42653822122525
157,Acinetobacter_idrijaensis,bacteria,223401.0,3846869.0,17.21956929467639
158,Acinetobacter_indicus,bacteria,742453.0,3149801.0,4.2424247730159355
159,Acinetobacter_johnsonii,bacteria,852804.0909090909,3723131.272727273,4.365752125741338
160,Acinetobacter_junii,bacteria,357397.2727272727,3438067.4545454546,9.619736122522175
161,Acinetobacter_kookii,bacteria,570055.0,3085401.0,5.4124619554253535
162,Acinetobacter_kyonggiensis,bacteria,305259.0,3714024.0,12.166796064980884
163,Acinetobacter_lactucae,bacteria,820153.8,3946957.6,4.8124602970808645
164,Acinetobacter_larvae,bacteria,1596990.0,3741098.0,2.3425932535582565
165,Acinetobacter_lwoffii,bacteria,864644.4285714285,3445264.5714285714,3.9846027541296496
166,Acinetobacter_marinus,bacteria,577379.0,2994779.0,5.186851271002236
167,Acinetobacter_nectaris,bacteria,750444.0,2668938.0,3.5564785646897037
168,Acinetobacter_nosocomialis,bacteria,741385.0,4093301.2,5.521154595790311
169,Acinetobacter_oleivorans,bacteria,983845.0,3973902.6666666665,4.039155219233382
170,Acinetobacter_parvus,bacteria,715083.0,2965800.5,4.147491270244154
171,Acinetobacter_piscicola,bacteria,453711.0,3814033.0,8.40630489452537
172,Acinetobacter_pittii,bacteria,737646.6842105263,4031816.0,5.465782042137275
173,Acinetobacter_populi,bacteria,841094.0,3686702.0,4.383222327112071
174,Acinetobacter_pragensis,bacteria,232833.0,3706388.0,15.91865414266878
175,Acinetobacter_proteolyticus,bacteria,836025.0,4339079.0,5.19013067791035
176,Acinetobacter_pseudolwoffii,bacteria,648688.0,3105311.0,4.787064043114718
177,Acinetobacter_puyangensis,bacteria,630459.0,3781219.0,5.997565265941163
178,Acinetobacter_qingfengensis,bacteria,226083.0,3140771.0,13.89211484277898
179,Acinetobacter_radioresistens,bacteria,776661.25,3274744.25,4.216438312069773
180,Acinetobacter_rongchengensis,bacteria,238956.0,4102130.0,17.16688427995112
181,Acinetobacter_rudis,bacteria,867937.0,4066694.0,4.685471410943421
182,Acinetobacter_schindleri,bacteria,1045031.25,3330542.5,3.1870267037468976
183,Acinetobacter_seifertii,bacteria,464175.0,4033531.5,8.689678461787041
184,Acinetobacter_sichuanensis,bacteria,262572.0,4666610.0,17.772687110583004
185,Acinetobacter_silvestris,bacteria,545906.0,3129605.0,5.732864266009166
186,Acinetobacter_soli,bacteria,1137318.0,3562754.3333333335,3.132592936481559
187,Acinetobacter_sp,bacteria,663732.5921052631,3705339.8684210526,5.582579358756896
188,Acinetobacter_stercoris,bacteria,51980.0,4164616.0,80.11958445555983
189,Acinetobacter_tandoii,bacteria,447697.0,3746735.5,8.368909105935488
190,Acinetobacter_terrae,bacteria,347608.0,3391468.3333333335,9.756588839535723
191,Acinetobacter_terrestris,bacteria,220468.0,3353219.0,15.209549685215087
192,Acinetobacter_tianfuensis,bacteria,211234.0,3464918.0,16.403221072365245
193,Acinetobacter_tjernbergiae,bacteria,175227.0,3652434.0,20.844013765001968
194,Acinetobacter_towneri,bacteria,464391.0,2951900.5,6.3564980802814866
195,Acinetobacter_ursingii,bacteria,856891.4,3623239.2,4.228352857783379
196,Acinetobacter_variabilis,bacteria,628224.5,3422615.0,5.4480762848312985
197,Acinetobacter_venetianus,bacteria,503501.25,3555567.75,7.0616860434805275
198,Acinetobacter_wuhouensis,bacteria,1243359.0,4177154.3333333335,3.3595722018607126
199,Actibacterium_atlanticum,bacteria,531713.0,3176383.0,5.973867481141142
200,Actibacterium_lipolyticum,bacteria,1287193.0,3877740.0,3.0125552267608664
201,Actibacterium_mucosum,bacteria,606957.0,3715337.0,6.121252411620593
202,Actibacterium_sp,bacteria,655648.0,3732008.5,5.6920916406364395
203,Actinidia_chinensis,plants,17881565.0,553842477.0,30.972819045760257
204,Actinoalloteichus_hoggarensis,bacteria,2711989.0,6606717.0,2.4361149694928703
205,Actinoalloteichus_hymeniacidonis,bacteria,2756205.0,6306386.0,2.2880685580354148
206,Actinoalloteichus_sp,bacteria,2840317.0,6822750.0,2.402108637873871
207,Actinobacillus_delphinicola,bacteria,826382.0,1837244.0,2.2232381634643543
208,Actinobacillus_equuli,bacteria,1090368.0,2431533.0,2.2300113356224687
209,Actinobacillus_indolicus,bacteria,1013413.0,2251645.0,2.221843414284206
210,Actinobacillus_lignieresii,bacteria,1046358.0,2345138.0,2.24123865827948
211,Actinobacillus_minor,bacteria,145817.0,2425264.0,16.63224452567259
212,Actinobacillus_pleuropneumoniae,bacteria,889687.8333333334,2308570.3333333335,2.5948093778960297
213,Actinobacillus_porcitonsillarum,bacteria,1021347.0,2263191.0,2.215888429691378
214,Actinobacillus_seminis,bacteria,705584.0,2416228.0,3.4244370620648996
215,Actinobacillus_succinogenes,bacteria,1043933.0,2319663.0,2.2220420276013884
216,Actinobacillus_suis,bacteria,1114197.0,2484940.0,2.2302519213388656
217,Actinobacillus_ureae,bacteria,860895.0,2354471.0,2.7349107614749766
218,Actinobacteria_bacterium,bacteria,566968.8,6442316.6,11.36273565670633
219,Actinobacterium_acamd,bacteria,233526.0,1242023.0,5.318564099928916
220,Actinobaculum_massiliense,bacteria,829274.0,2032016.0,2.4503553710836226
221,Actinobaculum_sp,bacteria,281513.0,2630323.0,9.343522324013456
222,Actinobaculum_suis,bacteria,211012.33333333334,2294872.6666666665,10.8755380807125
223,Actinocorallia_herbida,bacteria,4377814.0,9800715.0,2.2387234816280452
224,Actinocrispum_wychmicini,bacteria,1383286.0,12011259.0,8.6831349410028
225,Actinokineospora_alba,bacteria,776780.0,7268999.0,9.357860655526661
226,Actinokineospora_auranticolor,bacteria,658742.0,8431890.0,12.799988462857993
227,Actinokineospora_bangkokensis,bacteria,820745.0,7453713.0,9.081642897611317
228,Actinokineospora_cianjurensis,bacteria,1919209.0,7615874.0,3.968235872174422
229,Actinokineospora_iranica,bacteria,767344.0,6578763.0,8.57342078650514
230,Actinokineospora_spheciospongiae,bacteria,512431.0,7538039.5,14.710350271548755
231,Actinokineospora_terrae,bacteria,721329.0,7588185.0,10.519728168422454
232,Actinomadura_bangladeshensis,bacteria,116759.0,8697534.0,74.49133685625948
233,Actinomadura_craniellae,bacteria,693981.0,7503577.0,10.812366620988183
234,Actinomadura_darangshiensis,bacteria,106726.0,9886063.0,92.63031501227442
235,Actinomadura_geliboluensis,bacteria,89789.0,9420971.0,104.92344273797458
236,Actinomadura_harenae,bacteria,210554.0,9356375.0,44.43693779268026
237,Actinomadura_logoneensis,bacteria,76462.0,8093581.0,105.85102403808428
238,Actinomadura_madurae,bacteria,960333.0,10255144.0,10.678737479603429
239,Actinomadura_mexicana,bacteria,840251.0,8786361.0,10.456828971343088
240,Actinomadura_meyerae,bacteria,461088.0,8572960.0,18.592893330557292
241,Actinomadura_parvosata,bacteria,2773724.0,13559781.0,4.888655468244137
242,Actinomadura_pelletieri,bacteria,1289295.0,7528180.0,5.838989525283197
243,Actinomadura_rubrisoli,bacteria,111689.0,10227186.0,91.56842661318483
244,Actinomadura_rubteroloni,bacteria,1843756.0,6469137.0,3.508673056521579
245,Actinomadura_soli,bacteria,116812.0,9041065.0,77.39842653152074
246,Actinomadura_sp,bacteria,129458.375,8558151.5,66.10736076364314
247,Actinomadura_spongiicola,bacteria,908128.0,7711411.0,8.491546345889565
248,Actinomadura_viridilutea,bacteria,615182.0,6720116.0,10.9237851562627
249,Actinomyces_bovis,bacteria,556181.0,2595566.0,4.666764956012521
250,Actinomyces_bowdenii,bacteria,367107.0,3103770.0,8.454673977886555
251,Actinomyces_denticolens,bacteria,336670.0,2760766.0,8.20021385926872
252,Actinomyces_gaoshouyii,bacteria,1052672.0,2359360.0,2.24130593385214
253,Actinomyces_glycerinitolerans,bacteria,600276.0,3695248.0,6.1559149457916025
254,Actinomyces_graevenitzii,bacteria,548922.0,2134846.0,3.889160937255202
255,Actinomyces_howellii,bacteria,1376211.0,3148934.0,2.288118609719004
256,Actinomyces_israelii,bacteria,1159544.0,2572997.0,2.2189731480651016
257,Actinomyces_johnsonii,bacteria,98968.0,3327711.0,33.62411082370059
258,Actinomyces_massiliensis,bacteria,123973.0,3416440.0,27.557936002194026
259,Actinomyces_naeslundii,bacteria,567079.1666666666,3129250.8333333335,5.518190434904004
260,Actinomyces_oris,bacteria,308712.06666666665,3106292.3333333335,10.062102096862212
261,Actinomyces_radicidentis,bacteria,1340527.0,3051613.0,2.276427852628108
262,Actinomyces_ruminicola,bacteria,398772.0,3201491.5,8.02837586390218
263,Actinomyces_slackii,bacteria,1419324.0,3220508.0,2.2690435728558103
264,Actinomyces_sp,bacteria,536174.2,2742902.7,5.115693183297519
265,Actinomyces_urogenitalis,bacteria,427429.3333333333,2606995.3333333335,6.09924291578803
266,Actinomyces_viscosus,bacteria,1207952.5,3312868.5,2.74254865154052
267,Actinomycetales_bacterium,bacteria,173593.5,3404743.75,19.613313574529002
268,Actinomycetia_bacterium,bacteria,58514.0,5569432.0,95.18118740814164
269,Actinomycetospora_cinnamomea,bacteria,695008.0,5971662.0,8.592220521202634
270,Actinomycetospora_succinea,bacteria,1045555.0,6465222.0,6.183531234607457
271,Actinophytocola_oryzae,bacteria,853708.0,10706011.0,12.54060053320339
272,Actinophytocola_xanthii,bacteria,295912.0,8345635.0,28.203097542512637
273,Actinophytocola_xinjiangensis,bacteria,848860.0,9535536.0,11.233343543104871
274,Actinoplanes_atraurantiacus,bacteria,916251.0,10906727.0,11.903645398477055
275,Actinoplanes_awajinensis,bacteria,330994.0,11392731.0,34.419750811192955
276,Actinoplanes_brasiliensis,bacteria,3856305.0,9750342.0,2.52841567251553
277,Actinoplanes_derwentensis,bacteria,4795193.0,10654181.0,2.2218461279869235
278,Actinoplanes_friuliensis,bacteria,4281741.0,9376071.0,2.1897800450797935
279,Actinoplanes_italicus,bacteria,748172.0,11152790.0,14.906719310532871
280,Actinoplanes_lutulentus,bacteria,730281.0,9887594.0,13.539437558967029
281,Actinoplanes_missouriensis,bacteria,3966740.0,8773466.0,2.2117572616304573
282,Actinoplanes_philippinensis,bacteria,764890.0,10381230.0,13.57218685039679
283,Actinoplanes_regularis,bacteria,938293.0,10031706.0,10.691442864862042
284,Actinoplanes_sp,bacteria,3192436.5,10258847.25,3.2134851390152943
285,Actinoplanes_utahensis,bacteria,465909.0,9489843.0,20.36844748652634
286,Actinoplanes_xinjiangensis,bacteria,733393.0,10797414.0,14.722548483555201
287,Actinopolymorpha_cephalotaxi,bacteria,569146.0,6822861.0,11.987892386136421
288,Actinopolymorpha_singaporensis,bacteria,2831097.0,6403669.0,2.261903777934843
289,Actinopolyspora_alba,bacteria,484120.0,5240643.0,10.825090886557051
290,Actinopolyspora_erythraea,bacteria,1235836.0,5298903.0,4.287707268601983
291,Actinopolyspora_mortivallis,bacteria,377030.0,4335852.0,11.500018566161843
292,Actinopolyspora_mzabensis,bacteria,516959.0,5004253.0,9.680173862917561
293,Actinopolyspora_righensis,bacteria,622928.0,4924010.0,7.904621400868158
294,Actinopolyspora_saharensis,bacteria,1616173.0,4682228.0,2.8971081684943383
295,Actinopolyspora_sp,bacteria,2137896.0,5079399.0,2.375886853242627
296,Actinopolyspora_xinjiangensis,bacteria,498994.0,5038150.0,10.096614388148955
297,Actinorugispora_endophytica,bacteria,588431.0,5253007.0,8.927141839909861
298,Actinosynnema_mirum,bacteria,3619974.0,8248144.0,2.278509182662638
299,Actinosynnema_pretiosum,bacteria,3611787.5,8235919.0,2.280288915114746
300,Actinosynnema_sp,bacteria,1056325.0,11712314.0,11.087794002792702
301,Actinotalea_fermentans,bacteria,83872.0,3617740.0,43.134061426936285
302,Actinotalea_ferrariae,bacteria,93080.0,3987077.0,42.83494843145681
303,Actinotignum_sanguinis,bacteria,140226.0,2038007.0,14.533731262390711
304,Actinotignum_schaalii,bacteria,860343.0,2125831.5,2.4709116015356667
305,Actinotignum_timonense,bacteria,391327.0,2245046.0,5.737007668778285
306,Actinotignum_urinale,bacteria,284040.0,1791584.0,6.307505985072525
307,Acutalibacter_muris,bacteria,1682194.0,3802913.0,2.260686341765575
308,Acutalibacter_sp,bacteria,309005.0,3623976.0,11.727887898254073
309,Acuticoccus_sediminis,bacteria,1393088.0,7763538.0,5.572898481646529
310,Adhaeribacter_arboris,bacteria,2984612.0,7248201.0,2.4285237076042043
311,Adhaeribacter_pallidiroseus,bacteria,2634817.0,6425974.0,2.4388691890176815
312,Adlercreutzia_caecimuris,bacteria,321464.0,2776445.0,8.636876913122464
313,Advenella_incenata,bacteria,1480854.0,4916170.0,3.319820860125306
314,Advenella_kashmirensis,bacteria,1288951.6666666667,4647794.0,3.6058714381584
315,Advenella_mimigardefordensis,bacteria,2108390.0,4764126.0,2.259603773495416
316,Advenella_sp,bacteria,1051574.0,4305312.0,4.094159802353425
317,Aegilops_tauschii,plants,45751393.0,4224915394.0,92.34506573384553
318,Aegilops_umbellulata,plants,36279286.0,4246573824.0,117.05229876905516
319,Aequorivita_antarctica,bacteria,489275.0,3803249.0,7.773233866435032
320,Aequorivita_aquimaris,bacteria,513810.0,3147268.0,6.125353729978007
321,Aequorivita_lipolytica,bacteria,484115.0,3305581.0,6.828090433058261
322,Aequorivita_soesokkakensis,bacteria,387232.0,3190776.0,8.239959507478721
323,Aequorivita_sp,bacteria,619625.8333333334,3238480.1666666665,5.226509277776507
324,Aequorivita_sublithincola,bacteria,1586807.0,3520671.0,2.218714059113679
325,Aequorivita_viscosa,bacteria,196427.0,3526892.0,17.955230187296046
326,Aeribacillus_pallidus,bacteria,991797.5,3954033.5,3.9867346913054327
327,Aeriscardovia_aeriphila,bacteria,553970.0,1631097.0,2.9443778543964476
328,Aerococcaceae_bacterium,bacteria,103687.0,2231225.0,21.51885000048222
329,Aerococcus_christensenii,bacteria,231355.5,1685199.0,7.284023937187575
330,Aerococcus_sanguinicola,bacteria,678537.0,2140820.5,3.1550534458695694
331,Aerococcus_sp,bacteria,129035.0,2073894.3333333333,16.072339546117977
332,Aerococcus_suis,bacteria,277539.0,1382195.0,4.980182965276952
333,Aerococcus_urinae,bacteria,434147.8461538461,2209072.076923077,5.088294451978607
334,Aerococcus_urinaeequi,bacteria,887636.0,2054328.0,2.3143811201889064
335,Aerococcus_urinaehominis,bacteria,808476.0,1831400.0,2.26524967964417
336,Aerococcus_viridans,bacteria,497347.25,2061717.0,4.145427565951154
337,Aeromicrobium_camelliae,bacteria,263274.0,3063801.0,11.6373094190843
338,Aeromicrobium_chenweiae,bacteria,1729006.0,3717741.0,2.150218680559813
339,Aeromicrobium_choanae,bacteria,1602404.0,3422026.0,2.135557574743947
340,Aeromicrobium_endophyticum,bacteria,1437336.0,4029279.0,2.8032965152198233
341,Aeromicrobium_erythreum,bacteria,1645558.0,3629239.0,2.2054761971319152
342,Aeromicrobium_marinum,bacteria,1424377.0,3079840.0,2.16223654271306
343,Aeromicrobium_phragmitis,bacteria,450410.0,3368070.0,7.477786905264093
344,Aeromicrobium_sp,bacteria,1236056.5,3662454.625,2.9630155458104057
345,Aeromonas_allosaccharophila,bacteria,290246.0,4653144.0,16.03172481274505
346,Aeromonas_cavernicola,bacteria,120419.0,3887629.0,32.284182728639166
347,Aeromonas_caviae,bacteria,1444467.857142857,4762902.285714285,3.2973404442070855
348,Aeromonas_dhakensis,bacteria,1148873.5,4937298.5,4.29751273747719
349,Aeromonas_diversa,bacteria,183550.0,4026421.0,21.936371560882595
350,Aeromonas_encheleia,bacteria,1976939.0,4542521.0,2.29775476127488
351,Aeromonas_enteropelogenes,bacteria,768103.0,4332230.0,5.64016805037866
352,Aeromonas_hydrophila,bacteria,1979589.0,4981222.571428572,2.5162912965411364
353,Aeromonas_jandaei,bacteria,734174.5,4716267.0,6.423904671164689
354,Aeromonas_lusitana,bacteria,320746.0,4537799.0,14.147640188809836
355,Aeromonas_media,bacteria,2079882.0,4788430.0,2.3022604166967167
356,Aeromonas_molluscorum,bacteria,103680.0,4236171.0,40.858130787037034
357,Aeromonas_piscicola,bacteria,560927.0,4886878.0,8.712146143794111
358,Aeromonas_rivipollensis,bacteria,1969466.0,4508901.0,2.289402812742134
359,Aeromonas_salmonicida,bacteria,1267534.125,4942639.75,3.899413556222796
360,Aeromonas_schubertii,bacteria,1225306.5,4270131.0,3.484949275956669
361,Aeromonas_sobria,bacteria,300718.3333333333,4723514.666666667,15.707438300513772
362,Aeromonas_sp,bacteria,893450.5,4755961.944444444,5.323139831971043
363,Aeromonas_veronii,bacteria,940469.4166666666,4826492.666666667,5.132003849496081
364,Aeropyrum_camini,bacteria,712451.0,1595994.0,2.2401456380859877
365,Aeropyrum_pernix,bacteria,420282.5,1635374.0,3.8911303706435554
366,Aerosticca_soli,bacteria,1311537.0,2874969.0,2.192060917839146
367,Aestuariibacter_aggregatus,bacteria,834052.0,4910645.0,5.887696450581019
368,Aestuariirhabdus_litorea,bacteria,1358492.0,3663152.0,2.696484042600177
369,Aestuariispira_insulae,bacteria,820737.0,4823716.0,5.877298086963303
370,Afifella_marina,bacteria,734926.0,3963421.0,5.392952487733459
371,Afipia_broomeae,bacteria,2549510.5,6606564.0,2.591306841058313
372,Afipia_carboxidovorans,bacteria,1640898.0,3896074.0,2.374354774032268
373,Afipia_clevelandensis,bacteria,1941269.0,4399548.0,2.266325789985829
374,Afipia_felis,bacteria,1624641.5,4102822.5,2.5253709818443024
375,Afipia_massiliensis,bacteria,1969706.0,4495198.0,2.2821669832959843
376,Afipia_sp,bacteria,1350709.1666666667,5033915.0,3.726868169868791
377,Agarivorans_albus,bacteria,283362.0,4734285.0,16.707550765451966
378,Agarivorans_sp,bacteria,511932.0,4666209.0,9.114900025784674
379,Agathobacter_ruminis,bacteria,161392.0,2858624.0,17.71230296421136
380,Agathobaculum_butyriciproducens,bacteria,280295.5,3089230.5,11.021334627205931
381,Aggregatibacter_actinomycetemcomitans,bacteria,591004.8333333334,2196431.5,3.7164357651897375
382,Aggregatibacter_aphrophilus,bacteria,590140.75,2373974.5,4.0227259344486885
383,Aggregatibacter_segnis,bacteria,601289.0,2008053.0,3.33958046796133
384,Aggregatibacter_sp,bacteria,177003.0,2016624.0,11.393162827748682
385,Aggregatimonas_sangjinii,bacteria,2104978.0,4723614.0,2.244020602590621
386,Agreia_pratensis,bacteria,859293.0,3582686.0,4.169341540080042
387,Agreia_sp,bacteria,908569.0,3836327.4,4.222384210775406
388,Agrilactobacillus_composti,bacteria,303388.0,3467402.0,11.42893588408243
389,Agriterribacter_soli,bacteria,489642.0,6175289.0,12.611844980618493
390,Agrobacterium_albertimagni,bacteria,513513.0,5085061.0,9.90249711302343
391,Agrobacterium_arsenijevicii,bacteria,522453.0,6298483.0,12.055597345598551
392,Agrobacterium_bohemicum,bacteria,427903.0,4712370.0,11.012706150693031
393,Agrobacterium_deltaense,bacteria,592788.6666666666,5725527.333333333,9.65863157527753
394,Agrobacterium_fabacearum,bacteria,1061742.0,5772804.0,5.437106189639291
395,Agrobacterium_fabrum,bacteria,1579181.25,5569164.25,3.5266149784896443
396,Agrobacterium_genomosp,bacteria,431662.6666666667,5480761.333333333,12.696862055864608
397,Agrobacterium_larrymoorei,bacteria,1759353.0,5259126.0,2.989238657620159
398,Agrobacterium_radiobacter,bacteria,2470848.0,7273300.0,2.9436452586318542
399,Agrobacterium_rhizogenes,bacteria,1172238.25,6141074.25,5.238759484260132
400,Agrobacterium_rosae,bacteria,712896.0,5464393.0,7.665063347248407
401,Agrobacterium_rubi,bacteria,796486.0,5510033.0,6.917928249837411
402,Agrobacterium_salinitolerans,bacteria,738334.0,4832444.0,6.545064970595964
403,Agrobacterium_sp,bacteria,715641.7692307692,5512821.538461538,7.703325568024311
404,Agrobacterium_tomkonis,bacteria,441106.0,5496704.0,12.46118620014237
405,Agrobacterium_tumefaciens,bacteria,1161353.5416666667,5661995.75,4.875342044313594
406,Agrobacterium_vitis,bacteria,968678.0,6027296.2,6.222187558714041
407,Agrococcus_baldri,bacteria,740214.0,2904476.0,3.9238328375307683
408,Agrococcus_carbonis,bacteria,1271039.0,2773310.0,2.1819236073794746
409,Agrococcus_casei,bacteria,298252.0,2787318.0,9.345513190188163
410,Agrococcus_jejuensis,bacteria,1566118.0,3400178.0,2.171086725265912
411,Agrococcus_jenensis,bacteria,1371279.0,2962035.0,2.1600527682550377
412,Agrococcus_lahaulensis,bacteria,90642.0,2640500.0,29.131087133999692
413,Agrococcus_pavilionensis,bacteria,253900.0,2878403.0,11.336758566364711
414,Agrococcus_sp,bacteria,1411211.0,3084767.0,2.1859006201057105
415,Agromyces_albus,bacteria,217842.0,4291429.0,19.699731915792178
416,Agromyces_atrinae,bacteria,649611.0,3856763.0,5.937034625337318
417,Agromyces_aureus,bacteria,1994156.0,4373124.0,2.192969857924856
418,Agromyces_badenianii,bacteria,1395413.0,3052052.0,2.187203358432235
419,Agromyces_binzhouensis,bacteria,47555.0,3599312.0,75.68735148775103
420,Agromyces_cerinus,bacteria,1003365.0,4187509.0,4.1734652893015
421,Agromyces_flavus,bacteria,1700190.0,3692408.0,2.171761979543463
422,Agromyces_fucosus,bacteria,1068550.0,4009498.0,3.7522792569369705
423,Agromyces_protaetiae,bacteria,1679620.0,3683091.0,2.1928120646336673
424,Agromyces_ramosus,bacteria,1067197.0,3838279.0,3.5965983787435682
425,Agromyces_sp,bacteria,1074249.875,4156130.375,3.8688674504151095
426,Agromyces_tardus,bacteria,304207.0,4060518.0,13.347878253952079
427,Ahniella_affigens,bacteria,2656576.0,6120935.0,2.3040692229396034
428,Ahrensia_marina,bacteria,291767.0,3441030.0,11.793760089386394
429,Ahrensia_sp,bacteria,421968.3333333333,4847594.333333333,11.488052420995256
430,Aidingimonas_halophila,bacteria,575223.0,3886483.0,6.756480530159608
431,Ailuropoda_melanoleuca,ensembl,21379888.0,2444060653.0,114.31587728616726
432,Akkermansia_glycaniphila,bacteria,1399112.0,3074078.0,2.1971636295021413
433,Akkermansia_muciniphila,bacteria,849070.75,2849002.8125,3.3554362960919333
434,Akkermansia_sp,bacteria,287423.25,3054185.25,10.626089747436925
435,Albibacterium_bauzanense,bacteria,991510.0,3081443.0,3.107828463656443
436,Albidovulum_inexpectatum,bacteria,497857.0,2997984.0,6.02177733766925
437,Albimonas_donghaensis,bacteria,983210.0,5014394.0,5.100023392764516
438,Albimonas_pacifica,bacteria,650645.0,6027197.0,9.263418607689292
439,Albitalea_terrae,bacteria,1121046.0,6469231.0,5.770709676498556
440,Albugo_laibachii,protists,423206.0,32766811.0,77.42520427404148
441,Alcaligenaceae_bacterium,bacteria,183863.5,3459452.0,18.815327675150314
442,Alcaligenes_aquatilis,bacteria,1300678.5,4275404.5,3.287057101351333
443,Alcaligenes_faecalis,bacteria,1434602.2,4090495.2,2.8513097219563726
444,Alcaligenes_sp,bacteria,795566.0,4276451.0,5.375356664311949
445,Alcanivoracaceae_bacterium,bacteria,240279.0,3781349.0,15.737326191635557
446,Alcanivorax_borkumensis,bacteria,1374055.0,3120143.0,2.2707555374420965
447,Alcanivorax_dieselolei,bacteria,2219375.0,4928223.0,2.2205454238242748
448,Alcanivorax_hongdengensis,bacteria,297755.0,3664876.0,12.308360900740542
449,Alcanivorax_jadensis,bacteria,462700.0,3629371.0,7.843896693321807
450,Alcanivorax_nanhaiticus,bacteria,415223.0,4132804.0,9.953215501068101
451,Alcanivorax_pacificus,bacteria,1879722.0,4168427.0,2.217576322456193
452,Alcanivorax_profundi,bacteria,890957.0,3737376.0,4.194788300669954
453,Alcanivorax_sp,bacteria,432711.3888888889,4128537.1666666665,9.541087368344694
454,Algibacter_alginicilyticus,bacteria,1804314.0,3994770.0,2.214010421689351
455,Algibacter_aquaticus,bacteria,898492.0,4640370.0,5.164620274860544
456,Algibacter_lectus,bacteria,694325.3333333334,4738600.333333333,6.824755061988231
457,Algibacter_marinivivus,bacteria,1117776.0,3339969.0,2.988048589341693
458,Algibacter_pectinivorans,bacteria,527942.0,3649358.0,6.91242219789295
459,Algibacter_sp,bacteria,1806245.0,3934755.0,2.1784171028847137
460,Alginatibacterium_sediminis,bacteria,789410.0,4474452.0,5.668096426445066
461,Algoriella_xinjiangensis,bacteria,307612.0,3265911.0,10.616981782245166
462,Algoriphagus_alkaliphilus,bacteria,283045.0,4853787.0,17.14846402515501
463,Algoriphagus_antarcticus,bacteria,449007.0,5923881.0,13.193293200328725
464,Algoriphagus_aquaeductus,bacteria,475036.0,4899789.0,10.314563527816839
465,Algoriphagus_aquimarinus,bacteria,454766.0,5119527.0,11.257497262328318
466,Algoriphagus_aquimaris,bacteria,546018.0,4338560.0,7.945818636015662
467,Algoriphagus_boritolerans,bacteria,392585.0,4834448.0,12.314398155813391
468,Algoriphagus_boseongensis,bacteria,1140930.0,4176921.0,3.6609792011779865
469,Algoriphagus_chordae,bacteria,402562.0,5189966.0,12.892339565085626
470,Algoriphagus_faecimaris,bacteria,206607.0,4667644.0,22.591896692754844
471,Algoriphagus_halophilus,bacteria,1676427.0,4978503.0,2.969710580896156
472,Algoriphagus_hitonicola,bacteria,496936.0,4329743.0,8.712878519567912
473,Algoriphagus_lacus,bacteria,729875.0,4701328.0,6.441278301078952
474,Algoriphagus_locisalis,bacteria,895368.0,5426160.0,6.060256788270298
475,Algoriphagus_machipongonensis,bacteria,2179765.0,4787724.0,2.1964404419742496
476,Algoriphagus_marincola,bacteria,73518.0,3800660.0,51.69699937430289
477,Algoriphagus_ornithinivorans,bacteria,480162.0,4093442.0,8.525126936325657
478,Algoriphagus_ratkowskyi,bacteria,411422.0,4994706.0,12.140104321110684
479,Algoriphagus_sp,bacteria,739745.5,4596995.25,6.2142929561585705
480,Algoriphagus_yeomjeoni,bacteria,585129.0,4976181.0,8.504416974718396
481,Algoriphagus_zhangzhouensis,bacteria,1075982.0,4802154.0,4.463043062058659
482,Aliarcobacter_butzleri,bacteria,515251.77777777775,2281287.5555555555,4.427520008556766
483,Aliarcobacter_cibarius,bacteria,187949.33333333334,2208292.0,11.749400547665328
484,Aliarcobacter_cryaerophilus,bacteria,455773.375,2090267.25,4.586198678235648
485,Aliarcobacter_skirrowii,bacteria,451760.0,1954432.5,4.326262838675403
486,Aliarcobacter_thereius,bacteria,356634.2,1971563.2,5.528250515514216
487,Aliarcobacter_trophiarum,bacteria,255561.0,2004889.0,7.845050692398292
488,Aliarcobacter_vitoriensis,bacteria,180476.0,2426792.0,13.44661894102263
489,Alicycliphilus_denitrificans,bacteria,1926318.0,4861810.333333333,2.5238877139357743
490,Alicycliphilus_sp,bacteria,1265467.0,7465959.0,5.899765857189481
491,Alicyclobacillaceae_bacterium,bacteria,131218.0,3480944.0,26.52794586108613
492,Alicyclobacillus_acidocaldarius,bacteria,1001064.3333333334,3091006.0,3.0877196370662823
493,Alicyclobacillus_acidoterrestris,bacteria,158319.0,4063548.0,25.666837208420972
494,Alicyclobacillus_ferrooxydans,bacteria,311179.0,5044184.0,16.20991133720463
495,Alicyclobacillus_hesperidum,bacteria,232545.5,2913431.0,12.528434220399879
496,Alicyclobacillus_macrosporangiidus,bacteria,351638.0,3789420.0,10.776480357640528
497,Alicyclobacillus_montanus,bacteria,198839.0,3045912.0,15.318483798450002
498,Alicyclobacillus_sacchari,bacteria,349728.0,2946319.0,8.424601404520084
499,Alicyclobacillus_tengchongensis,bacteria,280315.0,2809442.0,10.022446176622728
500,Alicyclobacillus_vulcanalis,bacteria,380973.0,2994480.0,7.86008457292249
501,Aliidiomarina_haloalkalitolerans,bacteria,573508.0,2675932.0,4.66590178341017
502,Aliidiomarina_iranensis,bacteria,526442.0,2650619.0,5.034968714502263
503,Aliidiomarina_maris,bacteria,388022.0,3002452.0,7.7378396070325905
504,Aliidiomarina_minuta,bacteria,1113497.0,2957590.0,2.6561274974247797
505,Aliidiomarina_sanyensis,bacteria,381858.0,2597337.0,6.801839950976541
506,Aliidiomarina_shirensis,bacteria,658161.0,2710136.0,4.117740188191036
507,Aliidiomarina_soli,bacteria,604415.0,3099062.0,5.127374403348693
508,Aliidiomarina_taiwanensis,bacteria,606820.0,2529473.0,4.168407435483339
509,Aliifodinibius_roseus,bacteria,385291.0,5082244.0,13.190663680179396
510,Aliifodinibius_sp,bacteria,466482.0,3583276.0,7.681488246063085
511,Aliiglaciecola_lipolytica,bacteria,406256.0,4842140.0,11.918937812610768
512,Aliiroseovarius_crassostreae,bacteria,686114.0,3725379.0,5.429679324427136
513,Aliiroseovarius_pelagivivens,bacteria,1346571.0,3331553.0,2.474101254222763
514,Aliiroseovarius_sediminilitoris,bacteria,1458724.0,3413458.0,2.3400300536633387
515,Aliiruegeria_haliotis,bacteria,840385.0,5044743.0,6.002895101649839
516,Aliiruegeria_lutimaris,bacteria,210458.0,5811514.0,27.613652130116222
517,Aliishimia_ponticola,bacteria,1005623.0,4076386.0,4.053592648537275
518,Aliivibrio_finisterrensis,bacteria,351244.0,4198662.5,11.953691735659541
519,Aliivibrio_fischeri,bacteria,1070411.0,4359460.75,4.072698010390401
520,Aliivibrio_logei,bacteria,749921.0,4638003.0,6.184655450374106
521,Aliivibrio_salmonicida,bacteria,1771422.0,4655660.0,2.628204911082735
522,Aliivibrio_sifiae,bacteria,1505230.5,4602932.5,3.0579585651499888
523,Aliivibrio_sp,bacteria,537854.0,4320255.0,8.032393549178773
524,Aliivibrio_wodanis,bacteria,1710343.0,4635126.0,2.7100564038909156
525,Alishewanella_aestuarii,bacteria,343711.0,3588054.0,10.439159642839478
526,Alishewanella_agri,bacteria,444147.0,3491709.0,7.8616066302372865
527,Alishewanella_jeotgali,bacteria,377493.0,3831357.0,10.149478268471203
528,Alishewanella_sp,bacteria,174130.0,3510226.5,20.158654453569174
529,Alistipes_finegoldii,bacteria,570035.25,3367923.0,5.908271462159577
530,Alistipes_indistinctus,bacteria,881746.0,2894727.0,3.2829488310692647
531,Alistipes_onderdonkii,bacteria,427726.0,3703537.0,8.658666997096272
532,Alistipes_putredinis,bacteria,428251.6666666667,2359381.3333333335,5.509333686189196
533,Alistipes_sp,bacteria,284200.6842105263,2924256.3684210526,10.289406503521512
534,Alistipes_timonensis,bacteria,539281.0,3488964.0,6.469658675161929
535,Aliterella_atlantica,bacteria,381650.0,5265703.0,13.797204244726844
536,Alkalibacter_saccharofermentans,bacteria,274299.0,2331365.0,8.499356541584184
537,Alkalibacterium_gilvum,bacteria,162134.0,2181898.0,13.45737476408403
538,Alkalibacterium_olivapovliticus,bacteria,196688.0,2826533.0,14.370642845521841
539,Alkalibacterium_pelagium,bacteria,304012.0,2638902.0,8.680256042524638
540,Alkalibacterium_putridalgicola,bacteria,162989.0,2600402.0,15.954463184632091
541,Alkalibacterium_sp,bacteria,207071.5,2444218.0,11.803739288120287
542,Alkalibacterium_subtropicum,bacteria,350565.0,2491452.0,7.106961619100595
543,Alkalibacterium_thalassium,bacteria,123497.0,2364962.0,19.149955059637076
544,Alkalibaculum_bacchi,bacteria,252499.0,3098941.0,12.27308226963275
545,Alkalicoccus_daliensis,bacteria,592659.0,3778165.0,6.37493904589317
546,Alkalicoccus_saliphilus,bacteria,253495.0,3525217.0,13.906455748634095
547,Alkalicoccus_urumqiensis,bacteria,333102.0,3280710.0,9.848965181836194
548,Alkalihalobacillus_akibai,bacteria,219857.0,4740369.0,21.56114656344806
549,Alkalihalobacillus_alcalophilus,bacteria,84837.5,4290148.0,50.56900545159864
550,Alkalihalobacillus_clausii,bacteria,813786.0,4511659.333333333,5.544036556703277
551,Alkalihalobacillus_hemicellulosilyticus,bacteria,206518.0,4538064.0,21.97418142728479
552,Alkalihalobacillus_krulwichiae,bacteria,1994401.0,4610863.0,2.3119036743363046
553,Alkalihalobacillus_lehensis,bacteria,1775685.0,3993073.0,2.2487507637897486
554,Alkalihalobacillus_lonarensis,bacteria,300326.0,2582209.0,8.59802015143544
555,Alkalihalobacillus_macyae,bacteria,1347963.0,4256776.0,3.157932376482144
556,Alkalihalobacillus_okhensis,bacteria,271366.0,4865284.0,17.928863601188063
557,Alkalihalobacillus_pseudalcaliphilus,bacteria,880855.0,4487412.0,5.094382162785021
558,Alkalihalobacillus_trypoxylicola,bacteria,625452.0,4347941.0,6.951678146364549
559,Alkalihalobacillus_wakoensis,bacteria,195560.0,4530938.0,23.16904274902843
560,Alkalihalophilus_marmarensis,bacteria,268002.0,4020592.0,15.002096999276125
561,Alkalihalophilus_pseudofirmus,bacteria,889539.6666666666,4480892.333333333,5.037315930074694
562,Alkalilimnicola_ehrlichii,bacteria,922399.0,4059258.5,4.400762034650948
563,Alkalimonas_amylolytica,bacteria,630060.0,4060055.0,6.4439180395517885
564,Alkalinema_sp,bacteria,283681.0,6461029.0,22.77568465988205
565,Alkaliphilus_metalliredigens,bacteria,2099689.0,4929566.0,2.3477600730393884
566,Alkaliphilus_oremlandii,bacteria,1353320.0,3123558.0,2.308070522862294
567,Alkaliphilus_peptidifermentans,bacteria,275299.0,4459788.0,16.199797311287
568,Alkaliphilus_sp,bacteria,173249.0,2765838.0,15.964525047763624
569,Alkalispirillum_mobile,bacteria,954176.0,2952137.0,3.093912443825877
570,Alkalispirochaeta_americana,bacteria,291233.0,3309052.0,11.362215133587197
571,Alkalispirochaeta_sphaeroplastigenens,bacteria,144745.0,3354883.0,23.177885246467927
572,Alkalitalea_saponilacus,bacteria,434009.0,4556696.0,10.4990818162757
573,Alkanindiges_hydrocarboniclasticus,bacteria,236211.0,3297605.0,13.960420979547946
574,Allisonella_histaminiformans,bacteria,181395.0,1700551.0,9.37485046445602
575,Alloactinosynnema_sp,bacteria,3339771.0,7405112.0,2.217251422328058
576,Allochromatium_vinosum,bacteria,1639928.0,3669074.0,2.23733846851813
577,Allochromatium_warmingii,bacteria,134719.0,2958507.0,21.960577201434095
578,Allocoleopsis_franciscana,bacteria,3186830.0,7966510.0,2.4998227078319206
579,Allofrancisella_guangzhouensis,bacteria,757374.0,1661527.0,2.1937998927874474
580,Allofrancisella_inopinata,bacteria,134970.0,1710465.0,12.672927317181596
581,Alloiococcus_otitis,bacteria,423266.0,1806596.0,4.268228489885793
582,Allokutzneria_albata,bacteria,3885288.0,8565619.0,2.2046291034281116
583,Allonocardiopsis_opalescens,bacteria,1079473.0,6972847.0,6.459491807576475
584,Alloprevotella_rava,bacteria,452091.0,2593873.0,5.73750196310035
585,Alloprevotella_sp,bacteria,92339.5,2754972.5,29.835254685156407
586,Alloprevotella_tannerae,bacteria,850546.0,2585719.0,3.040069555320935
587,Alloscardovia_macacae,bacteria,302663.5,1857764.5,6.138052655837258
588,Alloscardovia_omnicolens,bacteria,432113.5,1816525.5,4.203815664171566
589,Alloscardovia_sp,bacteria,148716.0,1958396.0,13.168697382931224
590,Alloscardovia_theropitheci,bacteria,276283.0,1959824.0,7.093538147479215
591,Allosediminivita_pacifica,bacteria,287698.0,4845108.0,16.840951275295623
592,Allosphingosinicella_indica,bacteria,1293315.0,2807353.0,2.170664532615797
593,Alpha_proteobacterium,bacteria,578526.375,2785991.625,4.815669164608096
594,Alphaproteobacteria_bacterium,bacteria,284933.89795918367,3116341.93877551,10.937069829515059
595,Alsobacter_soli,bacteria,302080.0,5190571.0,17.182769465042373
596,Alteraurantiacibacter_aquimixticola,bacteria,992951.0,3433901.0,3.458278404473131
597,Altererythrobacter_epoxidivorans,bacteria,1295094.0,2786256.0,2.1513928718687603
598,Altererythrobacter_insulae,bacteria,1251194.0,3320111.0,2.6535541250997046
599,Altererythrobacter_sp,bacteria,1273476.5,3345528.5,2.627083028230203
600,Altererythrobacter_xiamenensis,bacteria,877404.0,3082408.0,3.513100008661916
601,Alteribacillus_bidgolensis,bacteria,478125.0,4643995.0,9.712930718954249
602,Alteribacillus_iranensis,bacteria,643573.0,3316135.0,5.1526944107350685
603,Alteribacillus_persepolensis,bacteria,378547.0,3619097.0,9.560495790483085
604,Alteribacter_keqinensis,bacteria,1334795.0,4178084.0,3.1301315932409097
605,Alteribacter_lacisalsi,bacteria,1283442.0,4047843.0,3.1538963194285365
606,Altericroceibacterium_spongiae,bacteria,580785.0,3654751.0,6.292777878216552
607,Alteripontixanthobacter_maritimus,bacteria,1218363.0,2676898.0,2.197126800469154
608,Alteriqipengyuania_lutimaris,bacteria,1396658.0,3290764.0,2.356170229218606
609,Alteromonadaceae_bacterium,bacteria,587466.4545454546,5157720.818181818,8.779600568295505
610,Alteromonadales_bacterium,bacteria,255113.0,3992016.0,15.648030480610553
611,Alteromonas_aestuariivivens,bacteria,506497.0,3848892.0,7.5990420476330565
612,Alteromonas_alba,bacteria,160924.0,5159414.0,32.06118416146752
613,Alteromonas_australica,bacteria,1937771.0,4308833.0,2.223602788977645
614,Alteromonas_confluentis,bacteria,455629.0,4864964.0,10.677467852134082
615,Alteromonas_lipolytica,bacteria,827987.0,5018451.0,6.061026320461553
616,Alteromonas_macleodii,bacteria,1846413.3333333333,4720498.666666667,2.5565774366158536
617,Alteromonas_marina,bacteria,461787.0,4314556.0,9.343173367808102
618,Alteromonas_mediterranea,bacteria,2092701.0,4951520.5,2.366090760218493
619,Alteromonas_naphthalenivorans,bacteria,2187234.0,4972148.0,2.2732583710750656
620,Alteromonas_pelagimontana,bacteria,510303.0,4476841.0,8.772907468699968
621,Alteromonas_portus,bacteria,753398.0,4543354.0,6.030483224006435
622,Alteromonas_sediminis,bacteria,894980.0,3963939.0,4.4290810967842855
623,Alteromonas_sp,bacteria,1189061.4666666666,4628658.733333333,3.8926992952761292
624,Alteromonas_stellipolaris,bacteria,2084511.0,4686200.0,2.2481051910975762
625,Altibacter_sp,bacteria,179755.0,3020166.0,16.801568801980473
626,Alysiella_crassa,bacteria,955265.0,2823591.0,2.9558195893286157
627,Alysiella_filiformis,bacteria,196508.0,2385602.0,12.139973945081117
628,Amantichitinum_ursilacus,bacteria,503937.0,4928951.0,9.780887293451364
629,Amazona_collaria,ensembl,10120975.0,1258720284.0,124.36749265757499
630,Amborella_trichopoda,plants,5909528.0,706332640.0,119.5243748739324
631,Amedibacillus_dolichus,bacteria,230703.5,2190551.0,9.495092185424149
632,Aminicella_lysinilytica,bacteria,100906.0,2286758.0,22.662259925078786
633,Aminipila_luticellarii,bacteria,1236021.0,2750839.0,2.225560083526089
634,Aminivibrio_pyruvatiphilus,bacteria,320080.0,3347494.0,10.458304173956511
635,Aminobacter_aminovorans,bacteria,2530907.5,6388803.0,2.5243131169353283
636,Aminobacter_sp,bacteria,1139289.0,5535759.0,4.858959403628052
637,Aminobacterium_colombiense,bacteria,913603.0,1980592.0,2.1678913050854693
638,Aminomonas_paucivorans,bacteria,1207480.0,2630170.0,2.1782306953324277
639,Ammonifex_degensii,bacteria,982486.0,2157067.0,2.1955193254662153
640,Ammonifex_thiophilus,bacteria,297861.0,2111834.0,7.08999835493737
641,Ammoniphilus_oxalaticus,bacteria,679489.0,3319172.0,4.884806082217667
642,Ammoniphilus_sp,bacteria,637127.0,5278793.0,8.285307324913243
643,Amnibacterium_flavum,bacteria,1134660.0,3569947.0,3.146270248356336
644,Amnibacterium_kyonggiense,bacteria,1131266.0,3709865.0,3.2793922914681426
645,Amnibacterium_setariae,bacteria,1149344.0,3482706.0,3.030168513517276
646,Amnimonas_aquatica,bacteria,25398.0,1874290.0,73.79675565005118
647,Amphibacillus_marinus,bacteria,519427.0,3468523.0,6.67759473419749
648,Amphibacillus_xylanus,bacteria,1106059.0,2569486.0,2.323100304775785
649,Amphilophus_citrinellus,ensembl,3510573.0,844902565.0,240.67369201551998
650,Amphiplicatus_metriothermophilus,bacteria,691136.0,3160729.0,4.573237394666172
651,Amphiprion_ocellaris,ensembl,23623298.0,863484803.0,36.552254600521906
652,Amphiprion_percula,ensembl,22414662.0,908939294.0,40.551104183502744
653,Amphritea_atlantica,bacteria,560325.0,4735181.0,8.450775888992995
654,Amphritea_balenae,bacteria,671871.0,4736203.0,7.049274339865837
655,Amphritea_opalescens,bacteria,405513.0,4124452.0,10.170948896829447
656,Amycolatopsis_alba,bacteria,296432.0,9541301.0,32.187149160684406
657,Amycolatopsis_albispora,bacteria,4156876.0,9121443.0,2.1943024040168626
658,Amycolatopsis_alkalitolerans,bacteria,391870.0,6781179.0,17.304664812310204
659,Amycolatopsis_antarctica,bacteria,567748.0,6342753.0,11.171775153765402
660,Amycolatopsis_arida,bacteria,864867.0,5955155.0,6.885630969848544
661,Amycolatopsis_australiensis,bacteria,4127686.0,9312140.0,2.256019474349551
662,Amycolatopsis_azurea,bacteria,303686.0,9223451.0,30.37167008028029
663,Amycolatopsis_balhimycina,bacteria,329280.0,10797861.0,32.79233782798834
664,Amycolatopsis_coloradensis,bacteria,738110.0,9049490.0,12.260354147755754
665,Amycolatopsis_decaplanina,bacteria,625720.0,8533276.0,13.637531164098958
666,Amycolatopsis_eburnea,bacteria,1211629.0,10230128.0,8.443284206634209
667,Amycolatopsis_japonica,bacteria,4111117.0,9053857.0,2.2022863859140958
668,Amycolatopsis_keratiniphila,bacteria,2976200.6666666665,9182183.333333334,3.0852030362648044
669,Amycolatopsis_lurida,bacteria,394852.0,8982270.0,22.748447519576956
670,Amycolatopsis_marina,bacteria,593946.0,7020699.0,11.820433170692285
671,Amycolatopsis_mediterranei,bacteria,4628520.5,10236747.0,2.2116672055357647
672,Amycolatopsis_methanolica,bacteria,3235726.0,7237391.0,2.2367131827602216
673,Amycolatopsis_niigatensis,bacteria,3914418.0,9312963.0,2.3791437194494813
674,Amycolatopsis_orientalis,bacteria,4298749.0,9490992.0,2.207849772108118
675,Amycolatopsis_panacis,bacteria,241048.0,6978358.0,28.950076333344395
676,Amycolatopsis_pretoriensis,bacteria,1248322.0,10299026.0,8.25029599734684
677,Amycolatopsis_regifaucium,bacteria,899202.5,8278017.5,9.205954720988876
678,Amycolatopsis_rifamycinica,bacteria,373142.0,9202418.0,24.661973189831215
679,Amycolatopsis_rubida,bacteria,1289793.0,9873592.0,7.655175675476608
680,Amycolatopsis_saalfeldensis,bacteria,813301.0,9861953.0,12.125834100781875
681,Amycolatopsis_sacchari,bacteria,634378.0,7587467.0,11.960482551412564
682,Amycolatopsis_sp,bacteria,1313826.8,9156918.7,6.969654371489453
683,Amycolatopsis_suaedae,bacteria,599563.0,7543886.0,12.582307447257419
684,Amycolatopsis_sulphurea,bacteria,2721126.0,6856290.0,2.519651791207022
685,Amycolatopsis_thailandensis,bacteria,179005.0,9348263.0,52.22347420463115
686,Amycolatopsis_thermoflava,bacteria,3669119.0,8225494.0,2.241817177366011
687,Amycolatopsis_tolypomycina,bacteria,4109420.0,10363431.0,2.5218719429992555
688,Amycolatopsis_vancoresmycina,bacteria,78911.0,9036495.0,114.5150232540457
689,Amycolatopsis_xylanica,bacteria,1389302.0,9406090.0,6.770371020843561
690,Amylibacter_cionae,bacteria,817509.0,4286347.0,5.243180197404555
691,Amylibacter_kogurei,bacteria,795947.0,2982417.0,3.747004511606929
692,Amylolactobacillus_amylophilus,bacteria,547859.5,1583660.5,2.89063254356272
693,Amylolactobacillus_amylotrophicus,bacteria,372300.0,1548566.0,4.159457426806339
694,Anabaena_cylindrica,bacteria,2724289.0,7063285.0,2.59270767528702
695,Anabaena_sp,bacteria,638376.125,4922015.125,7.710211789327178
696,Anabaenopsis_circularis,bacteria,2824261.0,7069985.0,2.503304404231762
697,Anabas_testudineus,ensembl,18933866.0,555641398.0,29.346431309907867
698,Anaerobacillus_alkalidiazotrophicus,bacteria,887830.0,4609363.0,5.191718009078315
699,Anaerobacillus_alkalilacustris,bacteria,516985.0,4047432.0,7.8289157325647745
700,Anaerobacillus_alkaliphilus,bacteria,814388.0,4909004.0,6.027844221673208
701,Anaerobacillus_arseniciselenatis,bacteria,566682.0,3953004.0,6.97570065751162
702,Anaerobacillus_isosaccharinicus,bacteria,191696.0,4946422.0,25.803470077622904
703,Anaerobacterium_chartisolvens,bacteria,301097.0,4927187.0,16.364118539872532
704,Anaerobaculum_hydrogeniformans,bacteria,968451.0,2123925.0,2.193115604196805
705,Anaerobiospirillum_thomasii,bacteria,1264957.0,3023947.0,2.3905531966699263
706,Anaerobium_acetethylicum,bacteria,436705.0,4609043.0,10.55413379741473
707,Anaerobranca_californiensis,bacteria,332121.0,2034462.0,6.125665043764171
708,Anaerobranca_gottschalkii,bacteria,141333.0,2300172.0,16.274840270849694
709,Anaerobutyricum_hallii,bacteria,130038.0,3290996.0,25.30795613589874
710,Anaerococcus_hydrogenalis,bacteria,252236.75,2050993.25,8.131222948281723
711,Anaerococcus_lactolyticus,bacteria,304305.0,2071770.5,6.8082039401258605
712,Anaerococcus_nagyae,bacteria,351382.0,1825047.0,5.193911469568731
713,Anaerococcus_octavius,bacteria,646252.0,1946663.0,3.012235165229663
714,Anaerococcus_prevotii,bacteria,554083.5,1847866.0,3.3349955376761806
715,Anaerococcus_sp,bacteria,122571.33333333333,1893522.6666666667,15.448332127686193
716,Anaerococcus_tetradius,bacteria,301518.0,2078642.5,6.893925072466652
717,Anaerococcus_vaginalis,bacteria,841431.0,1891767.0,2.248273476969591
718,Anaerocolumna_aminovalerica,bacteria,242185.0,4624179.0,19.09358135309784
719,Anaerocolumna_jejuensis,bacteria,625757.0,6621268.0,10.581212835014231
720,Anaerocolumna_xylanovorans,bacteria,901259.0,5420325.0,6.014170177496147
721,Anaerofilum_sp,bacteria,256226.0,3223657.0,12.581303224497123
722,Anaerofustis_stercorihominis,bacteria,684164.5,2347216.5,3.4307779781032193
723,Anaeroglobus_geminatus,bacteria,117620.0,1798854.0,15.293776568610781
724,Anaerohalosphaera_lusitana,bacteria,1889317.0,4250973.0,2.250005160595072
725,Anaerolinea_thermophila,bacteria,1633097.0,3532378.0,2.162993380062544
726,Anaerolineaceae_bacterium,bacteria,524111.2,4726844.0,9.018780747291796
727,Anaerolineae_bacterium,bacteria,168540.58333333334,3453874.1666666665,20.492833822912086
728,Anaerolineales_bacterium,bacteria,294490.0,4450121.0,15.111280518863119
729,Anaeromassilibacillus_sp,bacteria,238411.0,3378125.6666666665,14.169336426031796
730,Anaeromicrobium_sediminis,bacteria,442889.0,4710588.0,10.636046503751505
731,Anaeromyxobacter_dehalogenans,bacteria,2271405.0,5021404.0,2.2107039475566883
732,Anaeromyxobacter_sp,bacteria,1234399.0,5210464.25,4.221053524832732
733,Anaerosacchariphilus_polymeriproducens,bacteria,401476.0,3815928.0,9.504747481792187
734,Anaerosphaera_aminiphila,bacteria,303320.0,2021907.0,6.6659204800211
735,Anaerosphaera_multitolerans,bacteria,237542.0,2233538.0,9.402707731685345
736,Anaerosphaera_sp,bacteria,169833.0,1604814.0,9.449364964406211
737,Anaerospora_hongkongensis,bacteria,417317.0,4632311.0,11.100221174790388
738,Anaerosporobacter_mobilis,bacteria,478631.0,5217774.0,10.901454356278636
739,Anaerosporomusa_subterranea,bacteria,803482.0,3968191.0,4.938742871651138
740,Anaerostipes_caccae,bacteria,568745.0,3606936.0,6.34192124765932
741,Anaerostipes_hadrus,bacteria,559611.0,3016436.25,5.390237593614136
742,Anaerostipes_rhamnosivorans,bacteria,1617169.0,3588860.0,2.2192238411693523
743,Anaerostipes_sp,bacteria,661290.5,2958418.25,4.473704446079295
744,Anaerotignum_faecicola,bacteria,712117.0,2520658.0,3.539668341016996
745,Anaerotignum_lactatifermentans,bacteria,223897.0,3426183.0,15.302496237109027
746,Anaerotignum_neopropionicum,bacteria,515751.0,3194881.0,6.1946191088335265
747,Anaerotignum_propionicum,bacteria,1306878.0,3120417.0,2.3876880626959824
748,Anaerotruncus_colihominis,bacteria,386061.75,3800800.0,9.845057170258384
749,Anaerotruncus_sp,bacteria,252364.4,3690877.6,14.625191191784578
750,Anaerovibrio_lipolyticus,bacteria,136879.5,2804834.0,20.491264214144557
751,Anaerovibrio_sp,bacteria,277820.0,2685175.0,9.665160895543877
752,Anaerovirgula_multivorans,bacteria,311680.0,5388996.0,17.29015657084189
753,Ananas_comosus,plants,9325224.0,315839004.0,33.86932088709076
754,Anaplasma_centrale,bacteria,525109.0,1206806.0,2.298200944946668
755,Anaplasma_marginale,bacteria,522632.0,1202435.0,2.300729767790721
756,Anaplasma_ovis,bacteria,350908.5,1187202.0,3.383223831853603
757,Anaplasma_phagocytophilum,bacteria,531504.0,1471282.0,2.76814849935278
758,Anas_platyrhynchos,ensembl,16744987.0,1174204185.0,70.12272896957161
759,Anas_zonorhyncha,ensembl,5238164.0,1310797575.0,250.2398884418281
760,Ancrocorticia_populi,bacteria,702654.0,2651737.0,3.773887290188343
761,Ancylobacter_aquaticus,bacteria,799170.5,5053502.0,6.323434110743578
762,Ancylobacter_rudongensis,bacteria,821150.0,4505084.0,5.486310661876637
763,Ancylomarina_euxinus,bacteria,423314.0,4403951.0,10.40350897915023
764,Ancylomarina_longa,bacteria,371801.0,4144156.0,11.146166901111078
765,Ancylomarina_salipaludis,bacteria,451301.0,4148102.0,9.191430996164422
766,Ancylomarina_subtilis,bacteria,1357966.0,4003489.0,2.948151131913465
767,Anditalea_andensis,bacteria,654513.0,5429412.0,8.29534631092125
768,Andreesenia_angusta,bacteria,381633.0,2343503.0,6.140724203619708
769,Andreprevotia_lacus,bacteria,301463.0,4626202.0,15.345836802526346
770,Aneurinibacillus_aneurinilyticus,bacteria,118567.0,5313859.0,44.817352214359815
771,Aneurinibacillus_migulanus,bacteria,1020888.6666666666,6191761.0,6.0650697790748325
772,Aneurinibacillus_soli,bacteria,1793787.0,4116770.0,2.2950160749297437
773,Aneurinibacillus_sp,bacteria,1559653.0,3664835.0,2.3497758796347648
774,Aneurinibacillus_thermoaerophilus,bacteria,209096.0,3658529.0,17.49688659754371
775,Angustibacter_sp,bacteria,650068.0,3839507.0,5.9063159546385915
776,Anme_1,bacteria,37581.0,1018085.0,27.090418030387696
777,Anme_2,bacteria,126308.5,2902399.5,22.978655434907388
778,Anolis_carolinensis,ensembl,16304512.0,1799143587.0,110.34636222169667
779,Anoxybacillus_amylolyticus,bacteria,745052.0,3354068.5,4.501791150147909
780,Anoxybacillus_ayderensis,bacteria,223395.0,2704681.0,12.10716891604557
781,Anoxybacillus_flavithermus,bacteria,635278.5,2863476.875,4.507435518437976
782,Anoxybacillus_gonensis,bacteria,291347.0,2677481.5,9.190008821096493
783,Anoxybacillus_kamchatkensis,bacteria,814340.0,2914620.0,3.57911928678439
784,Anoxybacillus_karvacharensis,bacteria,466866.0,2722200.0,5.830795131793705
785,Anoxybacillus_pushchinoensis,bacteria,121965.0,2625421.0,21.526019759767145
786,Anoxybacillus_sp,bacteria,872013.5,3338878.5,3.8289298273478565
787,Anoxybacillus_suryakundensis,bacteria,224954.0,2594657.0,11.534166985250318
788,Anoxybacillus_thermarum,bacteria,95501.0,2736908.0,28.658422424896074
789,Anoxybacillus_vitaminiphilus,bacteria,414050.0,3556270.0,8.588986837338485
790,Anoxybacter_fermentans,bacteria,1470326.0,3557532.0,2.4195532147292504
791,Anseongella_ginsenosidimutans,bacteria,589996.0,4252511.0,7.207694628438159
792,Anser_brachyrhynchus,ensembl,7806307.0,1116992394.0,143.08845322122227
793,Anser_cygnoides,ensembl,7335300.0,1130276682.0,154.08731503823975
794,Antarcticibacterium_flavum,bacteria,1896134.0,4353683.0,2.2960840320357105
795,Antarcticimicrobium_luteum,bacteria,356579.0,4663068.0,13.07723674136727
796,Antarcticimicrobium_sediminis,bacteria,538332.0,4610588.0,8.564580964906416
797,Antarctobacter_heliothermus,bacteria,1219852.5,5252782.0,4.306079628479673
798,Antricoccus_suffuscus,bacteria,475809.0,4683100.0,9.842394742428159
799,Aotus_nancymaae,ensembl,10791719.0,2861668348.0,265.1726150393649
800,Aphanizomenon_flos,bacteria,112282.66666666667,5375752.666666667,47.87695934071154
801,Aphanocapsa_montana,bacteria,2409966.0,11500044.0,4.771869810611436
802,Aphanothece_cf,bacteria,456797.0,3218882.0,7.046635595242526
803,Aphanothece_hegewaldii,bacteria,346849.0,5442671.0,15.691759238169924
804,Aphanothece_sacrum,bacteria,829412.0,4493232.0,5.417370378050957
805,Apibacter_adventoris,bacteria,379504.0,2756245.0,7.262756123782622
806,Apibacter_mensalis,bacteria,270461.0,2331098.0,8.618980185682963
807,Apibacter_sp,bacteria,575005.0,2289083.0,3.9809792958322103
808,Apilactobacillus_apinorum,bacteria,250414.0,1428097.0,5.702943924860431
809,Apilactobacillus_bombintestini,bacteria,581585.0,1289211.0,2.216719825992761
810,Apilactobacillus_kunkeei,bacteria,246497.08333333334,1543523.5833333333,6.26183305076294
811,Apilactobacillus_micheneri,bacteria,95053.0,1424862.0,14.99018442342693
812,Apilactobacillus_ozensis,bacteria,193339.0,1479955.0,7.654715292827624
813,Apteryx_haastii,ensembl,3542956.0,1221441152.0,344.75199579108516
814,Apteryx_owenii,ensembl,4409932.0,1231276503.0,279.20532629528077
815,Apteryx_rowi,ensembl,4649751.0,1228902913.0,264.29434888018733
816,Aquabacter_spiritensis,bacteria,642784.0,5162879.0,8.032058980932941
817,Aquabacterium_commune,bacteria,648931.0,4204494.0,6.47910794830267
818,Aquabacterium_lacunae,bacteria,740091.0,3896784.0,5.265276837578082
819,Aquabacterium_olei,bacteria,1894155.0,4256308.0,2.2470748170028325
820,Aquabacterium_soli,bacteria,426150.0,5418963.0,12.716092925026398
821,Aquabacterium_sp,bacteria,1485784.0,5578981.5,3.754907510109141
822,Aquamicrobium_aerolatum,bacteria,301148.0,3640212.0,12.087784079588774
823,Aquamicrobium_defluvii,bacteria,292579.0,4648496.0,15.888002898362494
824,Aquamicrobium_sp,bacteria,579956.0,6044022.0,10.421518184138106
825,Aquaspirillum_sp,bacteria,1723805.0,3962240.0,2.298543048662697
826,Aquella_oligotrophica,bacteria,1284553.0,2820660.0,2.195829989109052
827,Aquibium_carbonis,bacteria,192407.0,5345954.0,27.784612825936687
828,Aquibium_oceanicum,bacteria,2346935.0,5324561.0,2.268729640999857
829,Aquicella_lusitana,bacteria,152340.0,2529370.0,16.60345280294079
830,Aquifex_aeolicus,bacteria,732489.0,1590791.0,2.171760941119935
831,Aquifex_sp,bacteria,38158.0,1676665.0,43.94006499292416
832,Aquificae_bacterium,bacteria,10856.0,1302514.0,119.9810243183493
833,Aquiflexum_balticum,bacteria,2655927.0,5987195.0,2.2542769436057544
834,Aquila_chrysaetos,ensembl,16218651.0,1203454851.0,74.2019080995084
835,Aquimarina_aggregata,bacteria,811141.0,6186893.0,7.62739523707962
836,Aquimarina_amphilecti,bacteria,816466.0,5309872.0,6.503482080086617
837,Aquimarina_atlantica,bacteria,719739.0,5687995.0,7.902857841523108
838,Aquimarina_brevivitae,bacteria,1134860.0,3880543.0,3.419402393246744
839,Aquimarina_sp,bacteria,2628250.0,5885785.25,2.239431275563588
840,Aquimarina_spongiae,bacteria,762588.0,5345319.0,7.009445467277219
841,Aquimixticola_soesokkakensis,bacteria,436916.0,3490747.0,7.989515147076326
842,Aquimonas_voraii,bacteria,759581.0,4428167.0,5.8297495592965065
843,Aquincola_rivuli,bacteria,923779.0,4929098.0,5.335797847753629
844,Aquirhabdus_parva,bacteria,1653805.0,3777352.0,2.284037114411917
845,Aquirufa_nivalisilvae,bacteria,699830.0,3091612.0,4.417661432062072
846,Aquirufa_rosea,bacteria,548654.0,2899862.0,5.285411206334047
847,Aquisalibacillus_elongatus,bacteria,598626.0,2878435.0,4.80840290932903
848,Aquisalimonas_asiatica,bacteria,733700.0,4037907.0,5.503485075643996
849,Aquitalea_magnusonii,bacteria,931027.6666666666,4656095.666666667,5.001028254441419
850,Aquitalea_sp,bacteria,843737.3333333334,4265694.333333333,5.055713626515677
851,Arabidopsis_halleri,plants,3021272.0,196243198.0,64.95383335230989
852,Arabidopsis_lyrata,plants,14131295.0,206667935.0,14.624840469327122
853,Arabidopsis_thaliana,plants,17658207.0,119667750.0,6.776891334437296
854,Arabis_alpina,plants,11812655.0,308032609.0,26.076492456606918
855,Arachidicoccus_rhizosphaerae,bacteria,430253.0,4868714.0,11.315932718656233
856,Arachidicoccus_soli,bacteria,1826906.0,4099663.0,2.2440470390923233
857,Arachidicoccus_sp,bacteria,1571414.0,3492500.0,2.222520608827464
858,Arachnia_propionica,bacteria,1119416.6666666667,3430464.5,3.064510831534281
859,Arboricoccus_pini,bacteria,475469.0,4065473.0,8.550448083891904
860,Arc_i,bacteria,93532.625,1636256.5,17.493965340970597
861,Arcanobacterium_bovis,bacteria,391396.0,2022436.0,5.167237273758547
862,Arcanobacterium_haemolyticum,bacteria,873698.5,1986154.0,2.273271614864853
863,Arcanobacterium_phocae,bacteria,905556.0,1998342.0,2.2067569537389184
864,Archaeoglobales_archaeon,bacteria,46166.0,1865191.5,40.40184334791838
865,Archaeoglobus_fulgidus,bacteria,719692.3333333334,2177419.3333333335,3.025486353659457
866,Archaeoglobus_profundus,bacteria,727950.0,1563423.0,2.1477065732536573
867,Archaeoglobus_sulfaticallidus,bacteria,917742.0,2076931.0,2.263088101013139
868,Archaeoglobus_veneficus,bacteria,861955.0,1901943.0,2.20654558532638
869,Archaeon_13,bacteria,106253.0,2330049.0,21.929253762246713
870,Archaeon_d22,bacteria,41881.0,499102.0,11.91714619994747
871,Archaeon_gca,bacteria,15669.142857142857,4149657.8571428573,264.8299204988877
872,Archaeon_hr01,bacteria,147969.0,1761185.0,11.902391717184004
873,Archaeon_hr02,bacteria,133645.0,1733307.0,12.969486325713644
874,Archaeon_hr03,bacteria,13942.0,393979.0,28.25842777219911
875,Archaeon_hr04,bacteria,37660.0,1208457.0,32.08860860329262
876,Archaeon_hr05,bacteria,37100.0,635432.0,17.127547169811322
877,Archaeon_hr06,bacteria,14651.0,992123.0,67.71708415807795
878,Archaeon_scg,bacteria,152088.0,1422753.0,9.35480116774499
879,Archangium_gephyra,bacteria,2436930.6666666665,10986472.0,4.508323585187488
880,Archangium_sp,bacteria,1172506.0,12927638.0,11.025647629948162
881,Archangium_violaceum,bacteria,236703.0,12537762.0,52.96832739762487
882,Arcicella_aurantiaca,bacteria,346734.0,5933091.0,17.111362023914587
883,Arcobacter_aquimarinus,bacteria,184546.0,2461253.0,13.336799497144343
884,Arcobacter_caeni,bacteria,261853.0,2415164.0,9.223358143691307
885,Arcobacter_cloacae,bacteria,267889.0,2642211.5,9.86308321730269
886,Arcobacter_cryaerophilus,bacteria,545252.0,2191175.0,4.018646424038793
887,Arcobacter_defluvii,bacteria,328691.0,2938417.0,8.939754967431417
888,Arcobacter_ellisii,bacteria,1313657.0,2799949.0,2.1314155826064187
889,Arcobacter_lacus,bacteria,371965.0,2215371.0,5.955858750151224
890,Arcobacter_nitrofigilis,bacteria,1497237.0,3192235.0,2.132083965330806
891,Arcobacter_sp,bacteria,465327.4285714286,2813948.4285714286,6.04724384550111
892,Arcobacter_suis,bacteria,250240.0,2621793.0,10.477113970588235
893,Arcobacter_venerupis,bacteria,372578.0,3277178.0,8.79595145177654
894,Arcticibacter_pallidicorallinus,bacteria,604016.0,4116409.0,6.815066157187889
895,Arcticibacter_svalbardensis,bacteria,161690.0,4687695.0,28.991867153194384
896,Arcticibacter_tournemirensis,bacteria,542746.0,5276841.0,9.722487130259827
897,Arcticibacterium_luteifluviistationis,bacteria,2428951.0,5379839.0,2.2148816505561455
898,Ardenticatena_maritima,bacteria,455047.0,3564531.0,7.833324909295084
899,Ardenticatenia_bacterium,bacteria,125960.0,3489151.0,27.700468402667514
900,Arenibacter_algicola,bacteria,2552655.0,5857781.0,2.294779748928077
901,Arenibacter_aquaticus,bacteria,917062.0,5233924.0,5.707273881155254
902,Arenibacter_echinorum,bacteria,803963.0,5193588.0,6.4599838549784
903,Arenibacter_nanhaiticus,bacteria,275534.0,4362450.0,15.832710300725138
904,Arenibacter_palladensis,bacteria,1042464.0,5551910.0,5.325757052521718
905,Arenibacter_sp,bacteria,625328.0,5473404.666666667,8.752853968903786
906,Arenibacter_troitsensis,bacteria,820426.0,5287600.0,6.444944455685217
907,Arenicella_xantha,bacteria,1042795.0,4440696.0,4.258455401109519
908,Arenimonas_caeni,bacteria,293636.0,2954288.0,10.061055183969268
909,Arenimonas_composti,bacteria,212213.0,3161214.0,14.89642010621404
910,Arenimonas_donghaensis,bacteria,411434.0,2977056.0,7.23580452757915
911,Arenimonas_malthae,bacteria,127673.0,3114078.0,24.39104587500881
912,Arenimonas_metalli,bacteria,305751.0,3056622.0,9.997095675893128
913,Arenimonas_oryziterrae,bacteria,565309.0,3093011.0,5.471363449016379
914,Arenimonas_sp,bacteria,390999.0,2928465.0,7.489699462146962
915,Arenimonas_terrae,bacteria,1083466.0,3314558.0,3.0592173635351734
916,Arenitalea_lutea,bacteria,643901.0,3377931.0,5.246040928652075
917,Armatimonadetes_bacterium,bacteria,370808.46153846156,3586119.3846153845,9.6710829352081
918,Aromatoleum_aromaticum,bacteria,2014595.0,4727255.0,2.346503887878209
919,Aromatoleum_pumilum,bacteria,1484766.0,3225512.0,2.172404271110734
920,Aromatoleum_tolulyticum,bacteria,477422.0,5110391.0,10.704138058154003
921,Arsenicibacter_rosenii,bacteria,764793.0,7560024.0,9.885059094421628
922,Arsenicicoccus_sp,bacteria,1606872.0,3525271.0,2.1938716960653992
923,Arsenicitalea_aurantiaca,bacteria,749879.0,3686775.0,4.916493194235336
924,Arsenophonus_nasoniae,bacteria,1737365.0,4987107.0,2.8705004417609428
925,Arsenophonus_sp,bacteria,33294.0,3228533.0,96.97041508980597
926,Arsukibacterium_ikkense,bacteria,379081.0,4127744.0,10.88881795711207
927,Arsukibacterium_sp,bacteria,290342.0,3746433.0,12.903517231402967
928,Arsukibacterium_tuosuense,bacteria,696389.0,4021573.0,5.774894491440847
929,Arthrobacter_agilis,bacteria,776342.75,3455619.0,4.451151247306682
930,Arthrobacter_alpinus,bacteria,1913909.75,4365257.25,2.280806213563623
931,Arthrobacter_cheniae,bacteria,559550.0,4019022.0,7.182596729514788
932,Arthrobacter_crusticola,bacteria,735796.0,3666937.0,4.983632691669974
933,Arthrobacter_crystallopoietes,bacteria,1152328.0,4773540.5,4.142518883512333
934,Arthrobacter_cupressi,bacteria,451225.0,4058872.0,8.995228544517701
935,Arthrobacter_echini,bacteria,401263.0,3176728.0,7.916822632537762
936,Arthrobacter_frigidicola,bacteria,719030.0,4051138.0,5.634171035979027
937,Arthrobacter_glacialis,bacteria,437839.0,4469153.0,10.207297659642014
938,Arthrobacter_globiformis,bacteria,338573.5,4923409.5,14.541626855025571
939,Arthrobacter_humicola,bacteria,406319.0,4708612.0,11.588461282883646
940,Arthrobacter_livingstonensis,bacteria,352387.0,5042614.0,14.309875222411723
941,Arthrobacter_nitrophenolicus,bacteria,379928.5,4502212.0,11.850156016197785
942,Arthrobacter_oryzae,bacteria,493822.0,4280538.5,8.66818104499192
943,Arthrobacter_pityocampae,bacteria,652359.0,3638078.0,5.576803569813554
944,Arthrobacter_psychrochitiniphilus,bacteria,584450.0,4049680.0,6.929044400718625
945,Arthrobacter_psychrolactophilus,bacteria,442050.0,3871146.0,8.75725822870716
946,Arthrobacter_rhombi,bacteria,296289.0,3326555.0,11.227399599715143
947,Arthrobacter_sp,bacteria,860783.5609756098,4350389.060975609,5.05398715566186
948,Arthrobacter_stackebrandtii,bacteria,517979.0,7019656.0,13.552008865224266
949,Arthrobacter_subterraneus,bacteria,476408.0,3871381.0,8.126188057295428
950,Arthrobacter_terricola,bacteria,292238.0,5571086.0,19.0635235664082
951,Arthrobacter_ulcerisalmonis,bacteria,330665.0,3516484.0,10.634581827529372
952,Arthrobacter_woluwensis,bacteria,1040137.0,3753153.0,3.608325634027056
953,Arthrospira_platensis,bacteria,2601507.5,6438822.5,2.4750351478902135
954,Arthrospira_sp,bacteria,155384.0,6166364.0,39.68467795912063
955,Arundinibacter_roseus,bacteria,528034.0,5828278.0,11.037694542396892
956,Asaccharospora_irregularis,bacteria,191823.0,2622699.0,13.672494956287828
957,Asaia_bogorensis,bacteria,1436064.0,3198265.0,2.227104780845422
958,Asaia_platycodi,bacteria,472614.0,3420650.0,7.237724654792283
959,Asaia_sp,bacteria,331246.0,3936381.0,11.883557839189
960,Asanoa_ferruginea,bacteria,4142985.0,9071909.0,2.189703559148778
961,Asanoa_hainanensis,bacteria,746298.0,8644972.0,11.583807004708575
962,Asanoa_ishikariensis,bacteria,2258615.0,9085759.0,4.02271259156607
963,Ascidiaceihabitans_donghaensis,bacteria,1774148.0,4077640.0,2.2983651871208037
964,Ashbya_gossypii,fungi,1602158.0,9119312.0,5.691893059236355
965,Asparagus_officinalis,plants,11361145.0,1187538024.0,104.5262624497795
966,Aspergillus_clavatus,fungi,2864141.0,27859441.0,9.726979572583891
967,Aspergillus_flavus,fungi,3210379.0,36892344.0,11.491585261428636
968,Aspergillus_fumigatus,fungi,3773453.0,29384958.0,7.787286074584737
969,Aspergillus_fumigatusa1163,fungi,3646985.0,29205420.0,8.008099841375822
970,Aspergillus_nidulans,fungi,3852470.0,29828291.0,7.742640695449932
971,Aspergillus_niger,fungi,3012666.0,33975768.0,11.27764179633587
972,Aspergillus_oryzae,fungi,4552046.0,37912014.0,8.328565660364593
973,Aspergillus_terreus,fungi,2324240.0,29364022.0,12.63381664544109
974,Astatotilapia_calliptera,ensembl,27120407.0,880428986.0,32.46370845393286
975,Aster_yellows,bacteria,262536.0,723970.0,2.7576027668586405
976,Asticcacaulis_benevestitus,bacteria,212008.0,5005544.0,23.61016565412626
977,Asticcacaulis_biprosthecum,bacteria,1466288.0,5411525.0,3.690628989666423
978,Asticcacaulis_excentricus,bacteria,1436613.5,4050985.5,2.819815837732278
979,Asticcacaulis_sp,bacteria,520670.0,4628335.2,8.889191234371099
980,Asticcacaulis_taihuensis,bacteria,887930.0,3967832.0,4.468631536269751
981,Astyanax_mexicanus,ensembl,13592889.5,1263240883.0,92.93394778203707
982,Athene_cunicularia,ensembl,13063671.0,1157069330.0,88.57153016177459
983,Atlantibacter_hermannii,bacteria,1344249.5,4524526.5,3.3658383358148916
984,Atlantibacter_subterranea,bacteria,485023.0,4792855.0,9.881706640716008
985,Atopobacter_sp,bacteria,145934.0,2207974.0,15.12994915509751
986,Atopomonas_hussainii,bacteria,311728.0,3682314.0,11.812586613971154
987,Atopostipes_suicloacalis,bacteria,126672.0,2124342.0,16.77041492989769
988,Aulosira_laxa,bacteria,3504035.0,9353054.0,2.669223909007758
989,Aurantiacibacter_aquimixticola,bacteria,1170482.0,2552891.0,2.1810595976700196
990,Aurantiacibacter_atlanticus,bacteria,1439482.0,3226359.0,2.2413333407434064
991,Aurantiacibacter_gangjinensis,bacteria,1074564.5,2724955.0,2.535869182352479
992,Aurantiacibacter_luteus,bacteria,920311.0,2887216.0,3.1372177448710272
993,Aurantiacibacter_marinus,bacteria,881728.0,2834102.0,3.2142588190462367
994,Aurantiacibacter_spongiae,bacteria,1318665.0,2855855.0,2.1657168424125914
995,Aurantiacibacter_xanthus,bacteria,167669.0,4380877.0,26.12812744156642
996,Aurantiacibacter_zhengii,bacteria,620402.0,3803809.0,6.131200415214651
997,Aurantibacter_aestuarii,bacteria,828057.0,2915806.0,3.521262425171214
998,Aurantimicrobium_minutum,bacteria,768235.0,1622386.0,2.1118355711468495
999,Aurantimicrobium_photophilum,bacteria,822847.0,1748063.0,2.124408304338474
1000,Aurantimicrobium_sp,bacteria,762067.0,1609479.0,2.111991465317354
1001,Aurantimonas_sp,bacteria,544674.0,4874870.0,8.950069215714354
1002,Auraticoccus_monumenti,bacteria,2001831.0,4461788.0,2.2288534846348167
1003,Aureibacillus_halotolerans,bacteria,438702.0,4382167.0,9.988937821117752
1004,Aureibaculum_algae,bacteria,2325307.0,5168958.0,2.2229142216490123
1005,Aureibaculum_marinum,bacteria,447435.0,3668585.0,8.199146244705934
1006,Aureicoccus_marinus,bacteria,1407820.0,3052917.0,2.1685421431717122
1007,Aureimonas_altamirensis,bacteria,1019701.5,4195506.0,4.114445256773673
1008,Aureimonas_flava,bacteria,558309.0,4090174.0,7.326004058684348
1009,Aureimonas_jatrophae,bacteria,709874.0,4590703.0,6.466926524988942
1010,Aureimonas_phyllosphaerae,bacteria,493970.0,4715690.0,9.546510921715894
1011,Aureimonas_sp,bacteria,879797.4,5056604.2,5.7474643594082
1012,Aureimonas_ureilytica,bacteria,277040.0,5065950.0,18.285987583020503
1013,Aureitalea_marina,bacteria,1414882.0,3074655.0,2.173082278239457
1014,Auritidibacter_sp,bacteria,206440.0,2485496.0,12.039798488664987
1015,Austwickia_chelonae,bacteria,596445.0,3541124.0,5.937050356696762
1016,Avena_sativa,plants,85174144.0,10925789763.5,128.2758974777604
1017,Avibacterium_avium,bacteria,985724.0,2205360.0,2.2372996903798628
1018,Avibacterium_gallinarum,bacteria,1068282.0,2454192.0,2.2973259869584997
1019,Avibacterium_paragallinarum,bacteria,591975.5,2590180.3333333335,4.3754856971839775
1020,Avibacterium_volantium,bacteria,996671.0,2230476.0,2.237926055839891
1021,Avrilella_dinanensis,bacteria,1053351.0,2331799.0,2.2136960994008645
1022,Azoarcus_communis,bacteria,1623240.0,4821233.0,2.9701294940982232
1023,Azoarcus_indigens,bacteria,454345.0,5464470.0,12.027137967843819
1024,Azoarcus_nasutitermitis,bacteria,737280.0,4723750.0,6.406995985243055
1025,Azoarcus_olearius,bacteria,1999885.0,4376040.0,2.188145818384557
1026,Azoarcus_rhizosphaerae,bacteria,379238.0,4602265.0,12.135558672917798
1027,Azoarcus_sp,bacteria,1737627.0,4969020.4,2.8596588335701507
1028,Azonexus_fungiphilus,bacteria,473223.0,3546071.0,7.4934460074848435
1029,Azonexus_hydrophilus,bacteria,764195.0,3596517.0,4.706281773631076
1030,Azorhizobium_caulinodans,bacteria,2388126.0,5369772.0,2.2485296001969743
1031,Azospira_oryzae,bacteria,871126.5,3271553.0,3.7555429664922375
1032,Azospira_sp,bacteria,497925.0,3785995.0,7.6035447105487775
1033,Azospirillum_baldaniorum,bacteria,1956560.0,7530241.0,3.8487145806926444
1034,Azospirillum_brasilense,bacteria,1154632.5,6536106.8,5.66076807988689
1035,Azospirillum_cavernae,bacteria,1717470.0,6460996.0,3.7619265547578706
1036,Azospirillum_doebereinerae,bacteria,494664.0,7000062.0,14.151145019649702
1037,Azospirillum_griseum,bacteria,421559.0,5951384.0,14.117558870763048
1038,Azospirillum_humicireducens,bacteria,1834178.0,6862695.0,3.741564341083581
1039,Azospirillum_lipoferum,bacteria,1833574.5,7308547.5,3.985956120135833
1040,Azospirillum_oryzae,bacteria,1706777.0,7674686.0,4.496595630243435
1041,Azospirillum_palustre,bacteria,1730873.0,7997491.0,4.620495553399932
1042,Azospirillum_ramasamyi,bacteria,1589598.0,6316263.0,3.9734970728448324
1043,Azospirillum_sp,bacteria,1610143.2727272727,7422140.818181818,4.609615146613717
1044,Azospirillum_thermophilum,bacteria,1650364.0,6776313.0,4.105950566056943
1045,Azospirillum_thiophilum,bacteria,1798043.0,7637524.0,4.2476870686629855
1046,Azotobacter_beijerinckii,bacteria,167387.0,5004985.25,29.90068075776494
1047,Azotobacter_chroococcum,bacteria,679475.4,4957429.2,7.295965681759781
1048,Azotobacter_vinelandii,bacteria,2317870.0,5344264.0,2.3056789207332593
1049,Bacillaceae_bacterium,bacteria,292202.3333333333,3700811.6666666665,12.665236531307645
1050,Bacilli_bacterium,bacteria,289440.0,3564998.0,12.316880873410724
1051,Bacillus_aerius,bacteria,610182.0,6374185.0,10.446366821702377
1052,Bacillus_aerophilus,bacteria,1702461.0,3829464.0,2.249369589083098
1053,Bacillus_albus,bacteria,734989.0,5850948.0,7.960592607508412
1054,Bacillus_altitudinis,bacteria,1723049.0,3867833.0,2.2447608860804307
1055,Bacillus_amyloliquefaciens,bacteria,1100127.4,4719372.0,4.289841340193872
1056,Bacillus_anthracis,bacteria,887211.5789473684,5549652.105263158,6.255161944400611
1057,Bacillus_atrophaeus,bacteria,1342975.6666666667,4148686.6666666665,3.089174859708304
1058,Bacillus_australimaris,bacteria,614737.0,3649005.0,5.935879896606191
1059,Bacillus_badius,bacteria,451052.0,4051296.0,8.981882355027802
1060,Bacillus_bombysepticus,bacteria,2373781.0,5873592.0,2.474361366950026
1061,Bacillus_canaveralius,bacteria,224544.5,4575762.5,20.37797630313813
1062,Bacillus_cereus,bacteria,942135.6176470588,5802492.457983193,6.1588717688804255
1063,Bacillus_coahuilensis,bacteria,223734.0,3407443.0,15.229884595099538
1064,Bacillus_cytotoxicus,bacteria,1747804.5,4237965.0,2.4247362905862757
1065,Bacillus_enclensis,bacteria,1058187.0,4481988.0,4.235534929081533
1066,Bacillus_freudenreichii,bacteria,1813546.0,4368765.0,2.408962882661923
1067,Bacillus_fungorum,bacteria,374173.0,5651163.0,15.10307531542896
1068,Bacillus_gaemokensis,bacteria,530195.0,5599858.0,10.561883835192711
1069,Bacillus_glycinifermentans,bacteria,1680598.75,4716252.0,2.8062926977661977
1070,Bacillus_gobiensis,bacteria,1951044.0,4597707.0,2.3565368079858784
1071,Bacillus_halotolerans,bacteria,1171814.5,4297864.5,3.667700391145527
1072,Bacillus_haynesii,bacteria,268824.5,4438169.5,16.509542471017337
1073,Bacillus_infantis,bacteria,1337774.5,4943200.5,3.6950924838229464
1074,Bacillus_intestinalis,bacteria,295359.0,4121992.0,13.955870652324798
1075,Bacillus_licheniformis,bacteria,1267350.5,4330413.333333333,3.416902690560609
1076,Bacillus_luti,bacteria,298428.0,5094423.0,17.070861313281597
1077,Bacillus_manliponensis,bacteria,388113.0,4643113.0,11.963301924954846
1078,Bacillus_methanolicus,bacteria,1165939.5,3425860.5,2.9382832471153093
1079,Bacillus_mobilis,bacteria,1411266.5,5564213.0,3.9427089072120682
1080,Bacillus_mycoides,bacteria,1065408.9655172413,5722994.448275862,5.371640969341222
1081,Bacillus_nakamurai,bacteria,403234.0,3888259.0,9.642686380612746
1082,Bacillus_obstructivus,bacteria,458790.0,5220753.0,11.379395802000916
1083,Bacillus_oleivorans,bacteria,610108.0,4511824.0,7.395123486333567
1084,Bacillus_pacificus,bacteria,783349.3333333334,5412715.0,6.909707801712986
1085,Bacillus_paralicheniformis,bacteria,553045.0,4364546.0,7.891846052310391
1086,Bacillus_paramycoides,bacteria,392746.0,5453107.0,13.884564069398543
1087,Bacillus_paranthracis,bacteria,1070323.3333333333,5337880.333333333,4.987166183427438
1088,Bacillus_pseudomycoides,bacteria,378333.03225806454,5541288.774193549,14.646589913443728
1089,Bacillus_pumilus,bacteria,879429.0769230769,3748671.6923076925,4.262619682104947
1090,Bacillus_safensis,bacteria,1724522.5,3911936.5,2.268417199543642
1091,Bacillus_salacetis,bacteria,268180.0,4681042.0,17.4548512193303
1092,Bacillus_salipaludis,bacteria,555310.0,6213503.0,11.189251048963643
1093,Bacillus_siamensis,bacteria,1190281.5,3999514.0,3.360141277504523
1094,Bacillus_smithii,bacteria,895384.0,3310096.5,3.696845710890523
1095,Bacillus_solimangrovi,bacteria,228321.0,3844017.0,16.836020339784778
1096,Bacillus_sonorensis,bacteria,717850.0,4647754.0,6.47454760743888
1097,Bacillus_sp,bacteria,854967.9090909091,5172344.671717172,6.049752998585581
1098,Bacillus_stratosphericus,bacteria,443571.0,3667069.5,8.267153398215843
1099,Bacillus_subtilis,bacteria,1589038.0,4428532.541666667,2.7869267705785936
1100,Bacillus_swezeyi,bacteria,388987.0,4517932.5,11.614610513976045
1101,Bacillus_taeanensis,bacteria,359526.0,4611265.0,12.82595695443445
1102,Bacillus_tequilensis,bacteria,246431.0,3697361.0,15.003635906196866
1103,Bacillus_thermotolerans,bacteria,241929.0,3967261.0,16.39845161183653
1104,Bacillus_thermozeamaize,bacteria,168289.0,3439117.0,20.435780116347473
1105,Bacillus_thuringiensis,bacteria,1169554.9885057472,6255537.402298851,5.348647531563336
1106,Bacillus_timonensis,bacteria,212241.0,4885097.0,23.01674511522279
1107,Bacillus_toyonensis,bacteria,415253.18518518517,6169437.074074074,14.857049371753208
1108,Bacillus_tropicus,bacteria,620854.5,5647059.5,9.095624659239805
1109,Bacillus_vallismortis,bacteria,1830184.5,4108074.5,2.2446231513817323
1110,Bacillus_velezensis,bacteria,1146118.25,4055241.7,3.538240229574915
1111,Bacillus_weihaiensis,bacteria,1758605.0,4361276.0,2.4799633800654495
1112,Bacillus_wiedmannii,bacteria,599141.6,5732939.514285714,9.56858865130666
1113,Bacillus_wudalianchiensis,bacteria,641533.0,4427097.0,6.900809467322803
1114,Bacillus_xerothermodurans,bacteria,595956.0,4362399.0,7.320001812214325
1115,Bacillus_xiamenensis,bacteria,169810.0,3611918.0,21.27034921382722
1116,Bacillus_yapensis,bacteria,403398.0,4608128.0,11.423279242832141
1117,Bacillus_zhangzhouensis,bacteria,309761.0,3736192.0,12.06153130962258
1118,Bacteria_symbiont,bacteria,56545.5,4142209.5,73.25444995622993
1119,Bacterioplanes_sanyensis,bacteria,1923784.0,4293726.0,2.2319168887983265
1120,Bacteriovorax_sp,bacteria,423537.6666666667,3618798.6666666665,8.544219207579333
1121,Bacteriovorax_stolpii,bacteria,1785824.0,3810309.0,2.133641949038651
1122,Bacterium_0,bacteria,305598.0,4443969.0,14.541878546325565
1123,Bacterium_1xd21,bacteria,221833.0,4314868.0,19.450974381629425
1124,Bacterium_1xd42,bacteria,283854.8,4695229.8,16.540956150820772
1125,Bacterium_1xd8,bacteria,310024.3333333333,6144770.333333333,19.820283999212965
1126,Bacterium_336,bacteria,1980529.0,4714744.0,2.380547823334069
1127,Bacterium_a37t11,bacteria,351407.0,5092396.0,14.491447239241108
1128,Bacterium_bms3abin03,bacteria,67995.0,3761145.0,55.3150231634679
1129,Bacterium_bms3abin04,bacteria,38741.0,3658364.0,94.43132598539016
1130,Bacterium_bms3abin08,bacteria,89857.0,2614784.0,29.099391254994046
1131,Bacterium_bms3abin10,bacteria,154492.0,2486350.0,16.093713590347722
1132,Bacterium_bms3abin11,bacteria,184689.0,2669039.0,14.451532034934404
1133,Bacterium_bms3abin14,bacteria,161795.0,2282922.0,14.109966315399117
1134,Bacterium_bms3bbin01,bacteria,79877.0,3072733.0,38.46830752281633
1135,Bacterium_bms3bbin09,bacteria,74919.0,1846228.0,24.642987760114256
1136,Bacterium_bms3bbin10,bacteria,107421.0,3184120.0,29.641503988977945
1137,Bacterium_bms3bbin12,bacteria,130771.0,2487440.0,19.021342652422938
1138,Bacterium_bms3bbin14,bacteria,294346.0,2710722.0,9.209304695834154
1139,Bacterium_c,bacteria,287048.0,4025695.0,14.024466291351969
1140,Bacterium_cg,bacteria,216042.0,3392145.0,15.701321965173438
1141,Bacterium_d16,bacteria,267391.4,4072298.6,15.229729153592823
1142,Bacterium_dolzoral124,bacteria,44885.0,3362850.0,74.92146596858639
1143,Bacterium_endosymbiont,bacteria,188901.5,3356425.25,17.768123863494996
1144,Bacterium_f083,bacteria,271393.0,3687489.0,13.58726643649615
1145,Bacterium_gca,bacteria,107593.14285714286,3747714.1428571427,34.83227688434738
1146,Bacterium_hr10,bacteria,172926.0,3131958.0,18.111550605461296
1147,Bacterium_hr11,bacteria,302193.0,2988257.0,9.888571211113428
1148,Bacterium_hr14,bacteria,53012.0,2515047.0,47.442975175431975
1149,Bacterium_hr15,bacteria,166967.0,3036312.0,18.1851024453934
1150,Bacterium_hr16,bacteria,63781.0,3785506.0,59.35162509211207
1151,Bacterium_hr17,bacteria,147063.0,3153697.0,21.44453057533166
1152,Bacterium_hr18,bacteria,217787.0,2853867.0,13.10393641493753
1153,Bacterium_hr20,bacteria,45141.0,1993452.0,44.16056356748854
1154,Bacterium_hr21,bacteria,290822.0,1834294.0,6.307273865113368
1155,Bacterium_hr23,bacteria,31987.0,1621116.0,50.68046393847501
1156,Bacterium_hr24,bacteria,89214.0,2051769.0,22.998285022530098
1157,Bacterium_hr28,bacteria,868560.0,3123359.0,3.5960198489453807
1158,Bacterium_hr29,bacteria,862656.0,2343573.0,2.716694719563766
1159,Bacterium_hr30,bacteria,76047.0,3727088.0,49.010322563677725
1160,Bacterium_hr33,bacteria,982037.0,2944810.0,2.99867520266548
1161,Bacterium_hr37,bacteria,257269.0,2420114.0,9.406939817856019
1162,Bacterium_hr40,bacteria,790123.0,2892134.0,3.660359209895168
1163,Bacterium_m00,bacteria,290928.0,2925191.0,10.054690507617005
1164,Bacterium_nhp,bacteria,127959.0,1193525.0,9.327401745871725
1165,Bacterium_tmed15,bacteria,88451.0,4689229.0,53.01499135114357
1166,Bacterium_tmed46,bacteria,140836.0,2353118.0,16.708213808969298
1167,Bacterium_tmed6,bacteria,110486.0,1479390.0,13.389841246854806
1168,Bacterium_yek0313,bacteria,2827338.0,7130785.0,2.522084377601829
1169,Bacteroidales_bacterium,bacteria,244798.5357142857,3873840.5714285714,15.824606794012395
1170,Bacteroides_acidifaciens,bacteria,181826.5,4831911.5,26.57429747589048
1171,Bacteroides_caccae,bacteria,597466.8333333334,5313538.916666667,8.893445828652693
1172,Bacteroides_caecimuris,bacteria,827796.6666666666,5293808.666666667,6.395059173146385
1173,Bacteroides_cellulosilyticus,bacteria,1104516.25,6970725.25,6.311111538648707
1174,Bacteroides_clarus,bacteria,397222.6666666667,4028115.3333333335,10.140698583833752
1175,Bacteroides_coprocola,bacteria,94696.0,3142034.0,33.18021880544057
1176,Bacteroides_coprophilus,bacteria,144923.0,2888172.0,19.929010578031093
1177,Bacteroides_coprosuis,bacteria,1301392.0,2991798.0,2.298921462557016
1178,Bacteroides_eggerthii,bacteria,573556.0,4225735.166666667,7.3676069410252305
1179,Bacteroides_faecalis,bacteria,617654.0,5771427.0,9.344110132857555
1180,Bacteroides_faecichinchillae,bacteria,252625.5,4691960.0,18.572788574391737
1181,Bacteroides_faecis,bacteria,443359.5,6052956.5,13.652479534102687
1182,Bacteroides_finegoldii,bacteria,593034.5,4489339.25,7.5701148078231535
1183,Bacteroides_fluxus,bacteria,290693.0,4330716.0,14.897902598273781
1184,Bacteroides_fragilis,bacteria,941603.2790697674,5584835.162790698,5.9311976571577905
1185,Bacteroides_graminisolvens,bacteria,373433.0,3680704.0,9.856397265372905
1186,Bacteroides_helcogenes,bacteria,1812508.0,3998906.0,2.2062832274395476
1187,Bacteroides_heparinolyticus,bacteria,670025.0,3595118.0,5.365647550464535
1188,Bacteroides_intestinalis,bacteria,636977.8888888889,6220417.333333333,9.765515321393503
1189,Bacteroides_luti,bacteria,376478.0,4118748.0,10.940208989635517
1190,Bacteroides_nordii,bacteria,1283925.0,5604015.5,4.364753003485406
1191,Bacteroides_oleiciplenus,bacteria,887388.6666666666,6519120.0,7.3464089016237155
1192,Bacteroides_ovatus,bacteria,532044.8,6545225.8,12.302020055453976
1193,Bacteroides_plebeius,bacteria,192209.0,3276499.0,17.04654308591169
1194,Bacteroides_pyogenes,bacteria,200176.0,3439398.0,17.181869954440092
1195,Bacteroides_reticulotermitis,bacteria,258548.0,5365278.0,20.751574175781673
1196,Bacteroides_salyersiae,bacteria,1196053.0,5834794.5,4.878374536914334
1197,Bacteroides_sp,bacteria,484586.7419354839,4945721.924731183,10.206061158374899
1198,Bacteroides_stercorirosoris,bacteria,368819.5,6180547.5,16.7576483889816
1199,Bacteroides_stercoris,bacteria,362224.6875,4018530.8125,11.094027964341883
1200,Bacteroides_thetaiotaomicron,bacteria,1050769.5714285714,6305288.5,6.000638647565383
1201,Bacteroides_uniformis,bacteria,541048.4827586206,4813254.482758621,8.896161131840694
1202,Bacteroides_xylanisolvens,bacteria,530619.375,6206471.0,11.696653556987059
1203,Bacteroides_zoogleoformans,bacteria,1502202.0,3361794.0,2.2379107470233697
1204,Bacteroidetes_bacterium,bacteria,238013.7123287671,3514402.287671233,14.765545452342709
1205,Bacteroidetes_chlorobi,bacteria,284333.0,2608364.0,9.17362388467044
1206,Bacteroidetes_oral,bacteria,814065.0,2113539.0,2.596277938493855
1207,Bacteroidia_bacterium,bacteria,340564.5,4671217.0,13.716100767989618
1208,Baia_soyae,bacteria,149002.0,2921910.0,19.60987100844284
1209,Bailinhaonella_thermotolerans,bacteria,890436.0,8989662.0,10.095798013557403
1210,Balaenoptera_musculus,ensembl,20398733.0,2379995981.0,116.67371600971492
1211,Balneicella_halophila,bacteria,680797.0,2089523.0,3.0692306223441057
1212,Balneola_sp,bacteria,505082.85714285716,3600901.8571428573,7.129328992697096
1213,Barnesiella_intestinihominis,bacteria,905104.0,3443906.0,3.8049837366755646
1214,Barnesiella_sp,bacteria,360119.5,3188374.5,8.853656911108674
1215,Barnesiella_viscericola,bacteria,1378789.0,3076856.0,2.231564075431411
1216,Bartonella_alsatica,bacteria,638302.0,1673902.0,2.6224295082891795
1217,Bartonella_ancashensis,bacteria,604844.0,1467695.0,2.426567842286606
1218,Bartonella_apis,bacteria,1024891.0,2677882.0,2.6128456587090723
1219,Bartonella_australis,bacteria,649076.0,1596490.0,2.459634927188804
1220,Bartonella_bacilliformis,bacteria,462674.5,1417581.0,3.063884004845739
1221,Bartonella_birtlesii,bacteria,525391.0,1922932.0,3.6600017891437044
1222,Bartonella_bovis,bacteria,602046.0,1624302.5,2.6979707530653805
1223,Bartonella_clarridgeiae,bacteria,621398.0,1522743.0,2.4505115883861874
1224,Bartonella_doshiae,bacteria,751586.0,1844489.0,2.4541290018707107
1225,Bartonella_elizabethae,bacteria,619763.0,1978557.0,3.192441304175951
1226,Bartonella_grahamii,bacteria,824497.0,2377686.5,2.8838024880624187
1227,Bartonella_henselae,bacteria,742507.5,1953275.0,2.630646828483214
1228,Bartonella_koehlerae,bacteria,648773.0,1747106.0,2.692938824519516
1229,Bartonella_melophagi,bacteria,401387.0,1571225.0,3.914489009360044
1230,Bartonella_quintana,bacteria,589298.0,1588152.5,2.6949904801984736
1231,Bartonella_rattimassiliensis,bacteria,435923.0,2170653.0,4.979441323352978
1232,Bartonella_rochalimae,bacteria,544793.0,1534143.0,2.8160108518281257
1233,Bartonella_schoenbuchensis,bacteria,702507.0,1728487.0,2.460455198311191
1234,Bartonella_sp,bacteria,614102.8333333334,1741551.5,2.8359281303864146
1235,Bartonella_tamiae,bacteria,935429.0,2260792.0,2.416850450435041
1236,Bartonella_taylorii,bacteria,450371.0,2015681.0,4.475601226544338
1237,Bartonella_tribocorum,bacteria,459425.0,2311350.6666666665,5.030964067403094
1238,Bartonella_vinsonii,bacteria,700744.0,1890795.5,2.6982685545648626
1239,Bartonella_washoeensis,bacteria,502995.5,1963690.0,3.9039911887879715
1240,Bathymodiolus_azoricus,bacteria,22938.0,1859850.0,81.08161130002615
1241,Bathymodiolus_brooksi,bacteria,73185.0,2267565.0,30.9840131174421
1242,Bathymodiolus_heckerae,bacteria,57109.5,1683454.5,29.477661334804193
1243,Bathymodiolus_platifrons,bacteria,63635.0,4018024.0,63.14173017993243
1244,Bathymodiolus_thermophilus,bacteria,658564.5,2960546.0,4.495453368652577
1245,Bauldia_litoralis,bacteria,707774.0,5094548.0,7.197986928030699
1246,Baumannia_cicadellinicola,bacteria,302201.0,686194.0,2.270654299621775
1247,Bdellovibrio_bacteriovorus,bacteria,1389648.7142857143,3698073.0,2.661156709593925
1248,Bdellovibrio_sp,bacteria,1611429.0,3730590.0,2.3150818310952577
1249,Bdellovibrionaceae_bacterium,bacteria,185240.5,3895030.5,21.026883969758234
1250,Bdellovibrionales_bacterium,bacteria,244569.25,3710653.75,15.17220071615708
1251,Beauveria_bassiana,fungi,4777588.0,35021612.0,7.330396007357687
1252,Beggiatoa_alba,bacteria,1839068.0,4265146.0,2.319188850004459
1253,Beggiatoa_leptomitoformis,bacteria,1872298.0,4266286.0,2.278636200006623
1254,Beijerinckia_indica,bacteria,1814688.0,4418616.0,2.434917737925197
1255,Beijerinckia_sp,bacteria,2791931.0,6427626.0,2.3022152051751994
1256,Beijerinckiaceae_bacterium,bacteria,1167356.6666666667,3797228.3333333335,3.2528433183802723
1257,Belliella_baltica,bacteria,1861773.0,4196595.0,2.2540852187672717
1258,Belliella_buryatensis,bacteria,380138.0,3880061.0,10.206980096701724
1259,Belliella_pelovolcani,bacteria,409365.0,4107843.0,10.034670770583709
1260,Bellilinea_caldifistulae,bacteria,291153.0,3655684.0,12.555886423976398
1261,Belnapia_rosea,bacteria,815980.0,5994144.0,7.345944753547881
1262,Bergeriella_denitrificans,bacteria,863492.0,2549372.0,2.9523979376763188
1263,Bergeyella_zoohelcum,bacteria,859746.0,2419158.0,2.8138054727791695
1264,Bermanella_sp,bacteria,68885.0,3164348.0,45.93667707047979
1265,Bernardetia_litoralis,bacteria,2080140.0,4919337.0,2.3649066889728574
1266,Beta_proteobacterium,bacteria,492485.75,3962888.25,8.04670642754638
1267,Beta_vulgaris,plants,18563183.0,566181630.0,30.500245028021325
1268,Betaproteobacteria_bacterium,bacteria,292881.8064516129,3756778.2258064514,12.826942961467665
1269,Betta_splendens,ensembl,17205239.0,441371523.0,25.65332123546787
1270,Beutenbergia_cavernae,bacteria,2161399.0,4669183.0,2.160259628138997
1271,Bhargavaea_beijingensis,bacteria,284278.0,2988557.0,10.512797332188914
1272,Bhargavaea_cecembensis,bacteria,589162.5,3209578.0,5.447695669700634
1273,Bhargavaea_ginsengi,bacteria,684933.0,3101161.0,4.527685189646286
1274,Bibersteinia_trehalosi,bacteria,910956.6,2385966.2,2.6191875661255435
1275,Bifidobacteriaceae_bacterium,bacteria,365898.8,1715421.0666666667,4.6882391160251595
1276,Bifidobacterium_actinocoloniiforme,bacteria,692442.0,1823388.0,2.6332718119351513
1277,Bifidobacterium_adolescentis,bacteria,573731.7407407408,2232980.407407407,3.8920287110565344
1278,Bifidobacterium_aemilianum,bacteria,370698.0,2017578.0,5.442646035317159
1279,Bifidobacterium_angulatum,bacteria,863638.5,2036423.5,2.3579582197875615
1280,Bifidobacterium_animalis,bacteria,526679.5555555555,2041339.0,3.875865274183164
1281,Bifidobacterium_anseris,bacteria,657073.0,2166761.0,3.2975955487442032
1282,Bifidobacterium_aquikefiri,bacteria,481991.0,2408364.0,4.996699108489578
1283,Bifidobacterium_asteroides,bacteria,620402.7777777778,2137873.777777778,3.445944883476237
1284,Bifidobacterium_biavatii,bacteria,275998.0,3252147.0,11.783226690048478
1285,Bifidobacterium_bifidum,bacteria,526778.65,2257322.95,4.2851450984203705
1286,Bifidobacterium_bohemicum,bacteria,570923.0,2052470.0,3.5950031790626755
1287,Bifidobacterium_bombi,bacteria,739265.0,1895239.0,2.563680141762426
1288,Bifidobacterium_boum,bacteria,454410.0,2171356.0,4.7784071653352695
1289,Bifidobacterium_breve,bacteria,751142.7826086957,2420771.304347826,3.2227844830520267
1290,Bifidobacterium_callimiconis,bacteria,382234.0,2962404.0,7.750236765960119
1291,Bifidobacterium_callitrichidarum,bacteria,180796.0,3121265.0,17.264015796809662
1292,Bifidobacterium_callitrichos,bacteria,279252.0,2898911.0,10.380985633048287
1293,Bifidobacterium_castoris,bacteria,426413.0,2496067.0,5.853637201492449
1294,Bifidobacterium_catenulatum,bacteria,501110.3333333333,2163662.6666666665,4.317737078527617
1295,Bifidobacterium_catulorum,bacteria,208321.0,2611484.0,12.535865323227135
1296,Bifidobacterium_choerinum,bacteria,654610.0,2176708.5,3.325198973434564
1297,Bifidobacterium_commune,bacteria,554710.0,1633662.0,2.9450740026320057
1298,Bifidobacterium_coryneforme,bacteria,783506.0,1755151.0,2.2401245172340736
1299,Bifidobacterium_criceti,bacteria,294448.0,2155882.0,7.321774982339836
1300,Bifidobacterium_cuniculi,bacteria,433940.0,2531592.0,5.8339678296538695
1301,Bifidobacterium_dentium,bacteria,883267.6666666666,2617738.6666666665,2.963698056044166
1302,Bifidobacterium_dolichotidis,bacteria,637887.0,1921709.0,3.012616654673947
1303,Bifidobacterium_eulemuris,bacteria,459884.0,2913389.0,6.335051882648668
1304,Bifidobacterium_felsineum,bacteria,646207.0,2384744.0,3.6903716610931174
1305,Bifidobacterium_gallicum,bacteria,403671.0,2012198.0,4.984747480002279
1306,Bifidobacterium_goeldii,bacteria,578498.0,2607372.0,4.507140906277982
1307,Bifidobacterium_hapali,bacteria,204200.0,2834308.0,13.880058765915768
1308,Bifidobacterium_imperatoris,bacteria,253276.0,2639899.0,10.423012839747942
1309,Bifidobacterium_indicum,bacteria,726120.0,1724892.0,2.3754916542720212
1310,Bifidobacterium_italicum,bacteria,199964.0,2276351.0,11.383804084735253
1311,Bifidobacterium_kashiwanohense,bacteria,1040499.0,2370978.0,2.278693203933882
1312,Bifidobacterium_lemurum,bacteria,361585.0,2944293.0,8.142740987596277
1313,Bifidobacterium_longum,bacteria,403876.256097561,2472284.1097560977,6.121390085281193
1314,Bifidobacterium_magnum,bacteria,362747.0,1822476.0,5.024096684466032
1315,Bifidobacterium_margollesii,bacteria,190920.0,2789387.0,14.610239891053844
1316,Bifidobacterium_merycicum,bacteria,400933.0,2280234.0,5.687319327668214
1317,Bifidobacterium_minimum,bacteria,431481.0,1892860.0,4.386890732152748
1318,Bifidobacterium_mongoliense,bacteria,307060.0,2151500.5,7.006775548752687
1319,Bifidobacterium_moukalabense,bacteria,637997.0,2515335.0,3.9425498865982127
1320,Bifidobacterium_myosotis,bacteria,276763.0,2944195.0,10.637964612321733
1321,Bifidobacterium_parmae,bacteria,271456.0,2820211.0,10.389201196510669
1322,Bifidobacterium_porcinum,bacteria,820576.0,2079368.0,2.5340346293335414
1323,Bifidobacterium_primatium,bacteria,703685.0,2696768.0,3.8323511230166907
1324,Bifidobacterium_pseudocatenulatum,bacteria,469297.375,2290275.75,4.880222801160991
1325,Bifidobacterium_pseudolongum,bacteria,436095.4285714286,2094548.761904762,4.802959684228135
1326,Bifidobacterium_psychraerophilum,bacteria,649913.0,2615078.0,4.023735484595631
1327,Bifidobacterium_pullorum,bacteria,561767.5,2248035.0,4.001717792503126
1328,Bifidobacterium_reuteri,bacteria,370526.0,2847572.0,7.685215072626482
1329,Bifidobacterium_ruminantium,bacteria,390694.0,2249807.0,5.758488740548869
1330,Bifidobacterium_saguini,bacteria,346206.0,2787036.0,8.050224432852117
1331,Bifidobacterium_samirii,bacteria,242467.0,2574625.0,10.618455294947355
1332,Bifidobacterium_scaligerum,bacteria,548281.0,2652159.0,4.837225802097829
1333,Bifidobacterium_scardovii,bacteria,299589.0,3141793.0,10.487010537770079
1334,Bifidobacterium_simiarum,bacteria,412892.0,2721281.0,6.590781608749988
1335,Bifidobacterium_sp,bacteria,354964.5,2217341.0,6.246655651480641
1336,Bifidobacterium_stellenboschense,bacteria,286661.0,2812864.0,9.812510247295586
1337,Bifidobacterium_stercoris,bacteria,568091.0,2304613.0,4.05676731368742
1338,Bifidobacterium_subtile,bacteria,455416.0,2790088.0,6.1264602034184135
1339,Bifidobacterium_thermacidophilum,bacteria,527753.0,2233072.0,4.23128243704915
1340,Bifidobacterium_thermophilum,bacteria,570482.6666666666,2250090.3333333335,3.9441870275930095
1341,Bifidobacterium_tissieri,bacteria,340661.0,2873483.0,8.435021913280359
1342,Bifidobacterium_tsurumiense,bacteria,303165.0,2164426.0,7.139432322332723
1343,Bifidobacterium_vansinderenii,bacteria,295172.0,3111005.0,10.53963451817923
1344,Bifidobacterium_xylocopae,bacteria,228222.0,1848461.0,8.099398830962835
1345,Bigelowiella_natans,protists,2060953.0,94701163.0,45.95018081440964
1346,Bilophila_sp,bacteria,1084442.0,4618310.0,4.25869709952215
1347,Bilophila_wadsworthia,bacteria,1570125.0,4391194.0,2.7967161850171163
1348,Biomaibacter_acetigenes,bacteria,1498268.0,3398411.0,2.2682263787253016
1349,Biostraticola_tofi,bacteria,699511.0,4290872.0,6.134102251429927
1350,Bisgaardia_hudsonensis,bacteria,453708.0,2108978.0,4.648315656766026
1351,Bison_bison,ensembl,8456392.0,2953622319.0,349.2768924382881
1352,Bizionia_echini,bacteria,835115.0,3314721.0,3.9691790950946877
1353,Bizionia_paragorgiae,bacteria,248111.0,3143625.0,12.670236305524543
1354,Bizionia_sp,bacteria,226541.0,3527768.0,15.572315828039958
1355,Blastocatellia_bacterium,bacteria,131498.7142857143,4957655.285714285,37.70116926727149
1356,Blastochloris_tepida,bacteria,1677645.0,3949390.0,2.354127363059527
1357,Blastochloris_viridis,bacteria,1589454.0,3723225.0,2.3424553337183713
1358,Blastococcus_aggregatus,bacteria,893536.0,4620309.0,5.170814606238585
1359,Blastococcus_endophyticus,bacteria,510292.0,4875221.0,9.553786851449757
1360,Blastococcus_saxobsidens,bacteria,2114130.0,4704247.5,2.225145804657235
1361,Blastococcus_sp,bacteria,557188.6666666666,4366819.75,7.83723720750482
1362,Blastomonas_fulva,bacteria,1838445.0,4123210.0,2.242770384754507
1363,Blastomonas_natatoria,bacteria,415313.0,4045865.0,9.741724915906797
1364,Blastomonas_sp,bacteria,775351.0,4278780.0,5.518507101944796
1365,Blastopirellula_marina,bacteria,803222.75,7289535.25,9.075359543787823
1366,Blastopirellula_sp,bacteria,184590.0,7804056.0,42.277783195189336
1367,Blautia_argi,bacteria,1484219.0,3297975.0,2.2220272075751626
1368,Blautia_coccoides,bacteria,407271.0,5972195.0,14.663933842576565
1369,Blautia_faecicola,bacteria,1619377.0,3738517.0,2.308614362189904
1370,Blautia_hansenii,bacteria,750152.0,3058721.0,4.077468299757916
1371,Blautia_hydrogenotrophica,bacteria,547422.3333333334,3505899.6666666665,6.404378216209666
1372,Blautia_obeum,bacteria,452588.2083333333,3728781.9166666665,8.238795991610107
1373,Blautia_producta,bacteria,1446755.5,6295357.5,4.351362410580087
1374,Blautia_pseudococcoides,bacteria,2251043.0,5128746.0,2.278386507943207
1375,Blautia_sp,bacteria,352053.30555555556,3676941.8333333335,10.444275839225421
1376,Blautia_wexlerae,bacteria,203556.0,4470233.0,21.960703688419894
1377,Blood_disease,bacteria,1948875.0,5089760.0,2.6116400487460716
1378,Blumeria_graminis,fungi,4814751.0,124489486.0,25.855851320244806
1379,Bogoriella_caseilytica,bacteria,1493714.0,3235396.0,2.1660076828629844
1380,Bombella_intestini,bacteria,489335.0,2023176.0,4.134541776083869
1381,Bombilactobacillus_bombi,bacteria,533815.6666666666,1893315.6666666667,3.546759274581051
1382,Bombilactobacillus_mellifer,bacteria,309018.0,1786090.0,5.779889844604521
1383,Bombilactobacillus_mellis,bacteria,398891.0,1790038.0,4.487536695488241
1384,Bombiscardovia_coagulans,bacteria,420601.0,1741326.0,4.140090014051322
1385,Bordetella_ansorpii,bacteria,1109913.5,6179345.0,5.567411334306683
1386,Bordetella_avium,bacteria,1682330.0,3732255.0,2.218503504068762
1387,Bordetella_bronchialis,bacteria,2692639.0,5966919.0,2.2160115039557846
1388,Bordetella_bronchiseptica,bacteria,1874309.5,5398299.75,2.8801538646632268
1389,Bordetella_flabilis,bacteria,2671142.0,5954318.0,2.229128215572216
1390,Bordetella_genomosp,bacteria,1698983.7692307692,5470221.153846154,3.219701831714877
1391,Bordetella_hinzii,bacteria,2300218.0,4973257.0,2.162080724522632
1392,Bordetella_holmesii,bacteria,162664.0,3587402.0,22.05406236167806
1393,Bordetella_parapertussis,bacteria,2188515.0,4836562.5,2.2099745717986856
1394,Bordetella_pertussis,bacteria,1485915.5,4133329.25,2.7816718043522664
1395,Bordetella_petrii,bacteria,2381114.0,5287950.0,2.2207882528933935
1396,Bordetella_pseudohinzii,bacteria,646140.0,4537279.0,7.022129878973597
1397,Bordetella_sp,bacteria,1661570.4,5345132.4,3.216915997059168
1398,Bordetella_trematum,bacteria,2039195.0,4485537.0,2.1996606504037133
1399,Borrelia_anserina,bacteria,461857.0,1147345.0,2.4841996548715297
1400,Borrelia_coriaceae,bacteria,462843.0,1730484.0,3.7388142415462693
1401,Borrelia_crocidurae,bacteria,471572.0,1647947.0,3.4945819514305345
1402,Borrelia_duttonii,bacteria,472961.5,1607915.5,3.3996752378364836
1403,Borrelia_garinii,bacteria,438426.0,986914.0,2.2510389438582568
1404,Borrelia_hermsii,bacteria,479229.5,1359214.5,2.836249646568085
1405,Borrelia_miyamotoi,bacteria,446930.0,1361997.6666666667,3.047451875386899
1406,Borrelia_parkeri,bacteria,432787.0,1053291.0,2.43373992287199
1407,Borrelia_recurrentis,bacteria,477902.0,1242163.0,2.599200254445472
1408,Borrelia_turcica,bacteria,493641.0,1283624.0,2.600318855200439
1409,Borrelia_turicatae,bacteria,480591.0,1305758.0,2.7169838802640913
1410,Borreliella_afzelii,bacteria,447710.0,1404288.0,3.1366018181412074
1411,Borreliella_bissettiae,bacteria,55221.0,1829509.0,33.130674924394704
1412,Borreliella_bissettii,bacteria,450908.0,1403443.0,3.112481925359497
1413,Borreliella_burgdorferi,bacteria,374511.6666666667,1257499.3333333333,3.3577040323621423
1414,Borreliella_chilensis,bacteria,442590.0,982238.0,2.2192955105176346
1415,Borreliella_finlandensis,bacteria,367390.0,951833.0,2.5907972454340076
1416,Borreliella_garinii,bacteria,285730.0,903870.0,3.163371014594197
1417,Borreliella_japonica,bacteria,306272.0,1184862.0,3.868659231010344
1418,Borreliella_mayonii,bacteria,447372.0,1302058.0,2.9104593045608578
1419,Borreliella_spielmanii,bacteria,211463.0,1011570.0,4.783673739614022
1420,Borreliella_valaisiana,bacteria,428665.0,913294.0,2.1305541623412223
1421,Bos_grunniens,ensembl,22688907.0,2832776395.0,124.85292460319927
1422,Bos_indicus,ensembl,30497616.0,2680953056.0,87.90697135146564
1423,Bos_mutus,ensembl,3383581.0,2645161911.0,781.7640278155008
1424,Bos_taurus,ensembl,32778039.5,2645987326.5,80.72439251590993
1425,Bosea_caraganae,bacteria,691998.0,6173697.0,8.921553241483357
1426,Bosea_lathyri,bacteria,751846.0,5918613.0,7.872108117885844
1427,Bosea_lupini,bacteria,892655.0,6128076.0,6.864999355854166
1428,Bosea_psychrotolerans,bacteria,547523.0,6392805.0,11.675865671396453
1429,Bosea_robiniae,bacteria,873192.0,5279103.0,6.0457528241211556
1430,Bosea_sp,bacteria,1141506.7894736843,5891333.105263158,5.161014511336793
1431,Bosea_thiooxidans,bacteria,423540.5,5415139.0,12.78541013197085
1432,Bosea_vaviloviae,bacteria,1633888.5,6157816.5,3.7688107236203696
1433,Boseongicola_aestuarii,bacteria,480939.0,4001270.0,8.319703746213138
1434,Boseongicola_sp,bacteria,1717313.0,3862905.0,2.249389016446041
1435,Botrytis_cinerea,fungi,3300748.0,42630066.0,12.915274355994459
1436,Boudabousia_liubingyangii,bacteria,467415.0,1987067.0,4.251183637666742
1437,Boudabousia_marimammalium,bacteria,303924.0,1842889.0,6.063650781116332
1438,Boudabousia_tangfeifanii,bacteria,1004919.0,2207832.0,2.1970248348374346
1439,Bowdeniella_nasicola,bacteria,158222.0,2585404.0,16.340357219602836
1440,Bowmanella_sp,bacteria,396682.0,3439486.0,8.670637941726623
1441,Brachybacterium_alimentarium,bacteria,355664.0,4263086.0,11.986273561563722
1442,Brachybacterium_avium,bacteria,1576603.0,3568502.0,2.2634119052164685
1443,Brachybacterium_endophyticum,bacteria,805524.0,3553347.0,4.411224246577383
1444,Brachybacterium_faecium,bacteria,734523.0,4466459.666666667,6.080762163562839
1445,Brachybacterium_ginsengisoli,bacteria,1798162.0,3953253.0,2.198496575948107
1446,Brachybacterium_muris,bacteria,344901.0,3257338.0,9.444269515020252
1447,Brachybacterium_nesterenkovii,bacteria,145664.0,3021972.0,20.74618299648506
1448,Brachybacterium_paraconglomeratum,bacteria,592189.0,3783792.0,6.389500649285955
1449,Brachybacterium_phenoliresistens,bacteria,517615.0,4188165.0,8.091274402789718
1450,Brachybacterium_saurashtrense,bacteria,1683154.0,3720646.0,2.2105202494840044
1451,Brachybacterium_sp,bacteria,829716.1666666666,3660084.0,4.411248264215654
1452,Brachybacterium_vulturis,bacteria,1717368.0,3796663.0,2.2107451635293076
1453,Brachymonas_denitrificans,bacteria,750309.0,2712870.0,3.615670343818347
1454,Brachypodium_distachyon,plants,28767775.0,271163419.0,9.425943403686938
1455,Brachyspira_catarrhinii,bacteria,21479.0,2695388.0,125.48945481633223
1456,Brachyspira_hampsonii,bacteria,665602.3333333334,3128417.3333333335,4.700129757157302
1457,Brachyspira_hyodysenteriae,bacteria,1323263.0,3048442.3333333335,2.303731256245609
1458,Brachyspira_intermedia,bacteria,1420777.0,3308048.0,2.328337240819636
1459,Brachyspira_murdochii,bacteria,1408905.0,3241804.0,2.300938672231272
1460,Brachyspira_pilosicoli,bacteria,1023724.0,2690125.0,2.627783465074571
1461,Brachyspira_sp,bacteria,603240.5,2871896.5,4.760781976674312
1462,Brachyspira_suanatina,bacteria,1180123.0,3258009.0,2.7607368045534235
1463,Bradymonadaceae_bacterium,bacteria,990866.0,5366856.0,5.416328746773025
1464,Bradymonadales_bacterium,bacteria,870250.5,5168754.0,5.9393864180485965
1465,Bradymonas_sediminis,bacteria,2232161.0,5045683.0,2.2604476110818172
1466,Bradyrhizobiaceae_bacterium,bacteria,583459.0,5029805.857142857,8.62066718851343
1467,Bradyrhizobium_amphicarpaeae,bacteria,3103386.0,7044517.0,2.2699454724613695
1468,Bradyrhizobium_arachidis,bacteria,693176.0,9793799.0,14.12887780303992
1469,Bradyrhizobium_betae,bacteria,813314.0,8630250.0,10.611215348561565
1470,Bradyrhizobium_brasilense,bacteria,415098.0,9444915.0,22.753458219504793
1471,Bradyrhizobium_canariense,bacteria,1386802.3333333333,8111097.333333333,5.848776814383785
1472,Bradyrhizobium_centrolobii,bacteria,433045.0,10111113.0,23.34887367363669
1473,Bradyrhizobium_cosmicum,bacteria,3188007.0,7231841.0,2.268452045431519
1474,Bradyrhizobium_diazoefficiens,bacteria,2435572.0,9023800.5,3.7050025620264972
1475,Bradyrhizobium_elkanii,bacteria,707588.75,8749022.0,12.364557802819787
1476,Bradyrhizobium_erythrophlei,bacteria,3743217.6,9301567.6,2.4849123385186047
1477,Bradyrhizobium_forestalis,bacteria,444630.0,8252029.0,18.559316735263028
1478,Bradyrhizobium_genosp,bacteria,122763.0,8722424.0,71.05091925091436
1479,Bradyrhizobium_guangdongense,bacteria,3477514.0,8437991.0,2.4264434305656284
1480,Bradyrhizobium_guangzhouense,bacteria,544506.0,8295279.0,15.234504302982888
1481,Bradyrhizobium_icense,bacteria,3496911.0,8322773.0,2.380035694359965
1482,Bradyrhizobium_japonicum,bacteria,2710745.8,9939579.6,3.6667324542197943
1483,Bradyrhizobium_jicamae,bacteria,218127.0,8738846.0,40.06311002305996
1484,Bradyrhizobium_lablabi,bacteria,2465122.0,7782336.5,3.156978234748625
1485,Bradyrhizobium_liaoningense,bacteria,699334.0,8590559.0,12.283914409995797
1486,Bradyrhizobium_macuxiense,bacteria,316422.0,8722143.0,27.564906991296432
1487,Bradyrhizobium_manausense,bacteria,670729.0,9145311.0,13.63488234443419
1488,Bradyrhizobium_nanningense,bacteria,602422.0,8226587.0,13.655854201871778
1489,Bradyrhizobium_neotropicale,bacteria,363746.0,8679329.0,23.860960670357887
1490,Bradyrhizobium_nitroreducens,bacteria,3571575.0,8199267.0,2.2957006362739127
1491,Bradyrhizobium_oligotrophicum,bacteria,3564420.0,8264165.0,2.318516055908114
1492,Bradyrhizobium_ottawaense,bacteria,3652162.0,8606328.0,2.3565022581145088
1493,Bradyrhizobium_pachyrhizi,bacteria,398175.0,8965178.0,22.515672756953602
1494,Bradyrhizobium_retamae,bacteria,449210.0,8466225.0,18.846920148705504
1495,Bradyrhizobium_sacchari,bacteria,826206.0,8698798.0,10.528606667102393
1496,Bradyrhizobium_shewense,bacteria,695344.0,9163226.0,13.177975218021583
1497,Bradyrhizobium_sp,bacteria,1318847.911111111,7943004.266666667,6.022684040932965
1498,Bradyrhizobium_valentinum,bacteria,266733.0,8845258.0,33.16146858468956
1499,Bradyrhizobium_vignae,bacteria,303994.0,8175609.0,26.893981460160397
1500,Bradyrhizobium_yuanmingense,bacteria,947009.0,8052915.5,8.503525837663634
1501,Bradyrhizobium_zhanjiangense,bacteria,359114.0,8626571.0,24.021817584388245
1502,Branchiibius_hedensis,bacteria,1817994.0,4008675.0,2.204999026399427
1503,Branchiibius_sp,bacteria,511537.0,3838211.0,7.503291062034613
1504,Brassica_juncea,plants,39580773.0,933495403.0,23.584567259462062
1505,Brassica_napus,plants,3487016.0,848200303.0,243.24531433179544
1506,Brassica_oleracea,plants,23541850.0,488622507.0,20.755484679411346
1507,Brassica_rapa,plants,18189244.0,315164841.5,17.32698959341026
1508,Bremerella_cremea,bacteria,995581.0,6287921.0,6.315830655667394
1509,Brenneria_alni,bacteria,215336.0,4126956.0,19.165193000705873
1510,Brenneria_goodwinii,bacteria,2318320.5,5355394.5,2.3100319822043587
1511,Brenneria_nigrifluens,bacteria,402624.0,4844130.0,12.031399022412971
1512,Brenneria_roseae,bacteria,411890.0,4477839.0,10.871443832091092
1513,Brenneria_rubrifaciens,bacteria,1749900.0,4028093.0,2.3018989656551803
1514,Brenneria_salicis,bacteria,228639.0,3907359.0,17.089643499140568
1515,Brenneria_sp,bacteria,1265019.5,5090342.5,4.023924137137807
1516,Breoghania_corrubedonensis,bacteria,1027299.0,5331589.0,5.189909656292861
1517,Brevibacillus_agri,bacteria,257622.0,5181360.0,20.112257493537044
1518,Brevibacillus_antibioticus,bacteria,2709737.0,6181736.0,2.2813047908339446
1519,Brevibacillus_borstelensis,bacteria,675031.0,5155092.0,7.636822605184058
1520,Brevibacillus_brevis,bacteria,2413933.0,6448134.8,2.6712153154209335
1521,Brevibacillus_choshinensis,bacteria,1794096.0,6279095.0,3.499865670510385
1522,Brevibacillus_fluminis,bacteria,677789.0,6456133.0,9.525284417421942
1523,Brevibacillus_formosus,bacteria,2834431.0,6437015.0,2.2710078319070037
1524,Brevibacillus_fortis,bacteria,499179.0,6268222.0,12.557062696948389
1525,Brevibacillus_gelatini,bacteria,326226.0,4637568.0,14.215813577090728
1526,Brevibacillus_invocatus,bacteria,357666.0,4753702.0,13.2908970939368
1527,Brevibacillus_laterosporus,bacteria,986730.5,5440065.166666667,5.513222877641531
1528,Brevibacillus_nitrificans,bacteria,1073877.0,6330991.0,5.895452644949096
1529,Brevibacillus_panacihumi,bacteria,1000283.5,5331050.0,5.329539075672047
1530,Brevibacillus_parabrevis,bacteria,648756.0,6049969.0,9.325492172712083
1531,Brevibacillus_reuszeri,bacteria,1569515.0,6986486.0,4.4513661863696745
1532,Brevibacillus_sp,bacteria,315075.625,5329947.0,16.916405386801976
1533,Brevibacterium_antiquum,bacteria,439725.0,3809188.5,8.662660753880266
1534,Brevibacterium_aurantiacum,bacteria,1011186.4666666667,4190346.3333333335,4.143989730347789
1535,Brevibacterium_casei,bacteria,464818.0,3790041.25,8.153817730810768
1536,Brevibacterium_celere,bacteria,472849.0,3766273.0,7.965064957311954
1537,Brevibacterium_iodinum,bacteria,372356.0,3535928.0,9.496095134763506
1538,Brevibacterium_jeotgali,bacteria,361195.0,3297707.0,9.129990725231524
1539,Brevibacterium_linens,bacteria,972996.0,3880503.6,3.988200979243491
1540,Brevibacterium_luteolum,bacteria,588324.0,3100508.0,5.270068873613859
1541,Brevibacterium_mcbrellneri,bacteria,137724.0,2561804.0,18.600999099648572
1542,Brevibacterium_paucivorans,bacteria,691493.0,2999495.0,4.337708407749608
1543,Brevibacterium_ravenspurgense,bacteria,420864.5,2345497.0,5.573045481384151
1544,Brevibacterium_sandarakinum,bacteria,1995207.0,4441057.0,2.2258627801526356
1545,Brevibacterium_sediminis,bacteria,558200.0,4116146.0,7.373962737370118
1546,Brevibacterium_siliguriense,bacteria,1804416.0,4023083.0,2.2295762174576153
1547,Brevibacterium_sp,bacteria,448236.1666666667,3093621.5,6.901766814145965
1548,Brevibacterium_yomogidense,bacteria,511029.0,3286027.0,6.4302162890951395
1549,Brevinema_andersonii,bacteria,288485.0,1501400.0,5.204430039690105
1550,Brevirhabdus_pacifica,bacteria,1289663.0,3439037.0,2.666616782833965
1551,Brevundimonas_abyssalis,bacteria,123608.0,2979231.0,24.102250663387483
1552,Brevundimonas_diminuta,bacteria,936122.5,3385518.8333333335,3.6165339828209806
1553,Brevundimonas_mediterranea,bacteria,107514.0,3683960.0,34.26493293896609
1554,Brevundimonas_naejangsanensis,bacteria,1359178.6666666667,3041334.3333333335,2.2376265960619355
1555,Brevundimonas_nasdae,bacteria,338608.0,3407832.0,10.064239474554647
1556,Brevundimonas_sp,bacteria,617260.72,3276753.2,5.30853996346957
1557,Brevundimonas_subvibrioides,bacteria,724784.0,3295975.0,4.547527263294995
1558,Brevundimonas_vancanneytii,bacteria,1516252.0,3383349.0,2.231389637078797
1559,Brevundimonas_vesicularis,bacteria,1338994.5,3392675.5,2.5337486449720292
1560,Brevundimonas_viscosa,bacteria,566713.0,2996830.0,5.28809115019419
1561,Breznakia_blatticola,bacteria,129939.0,2461343.0,18.94229600043097
1562,Breznakibacter_xylanolyticus,bacteria,259607.0,4380952.0,16.87532308450851
1563,Brochothrix_campestris,bacteria,112060.0,2372850.0,21.17481706228806
1564,Brochothrix_thermosphacta,bacteria,704468.0,2628795.0,3.7316031388224875
1565,Brucella_abortus,bacteria,981561.7142857143,3284346.5714285714,3.346041847015805
1566,Brucella_anthropi,bacteria,1036381.5,5022093.75,4.845796407982967
1567,Brucella_canis,bacteria,1209991.0,3312769.0,2.737845983978393
1568,Brucella_ceti,bacteria,727415.0,3389269.0,4.659333392905013
1569,Brucella_cytisi,bacteria,371847.0,5965364.0,16.04252286558719
1570,Brucella_grignonensis,bacteria,601312.0,4838271.0,8.04619066308339
1571,Brucella_haematophila,bacteria,1635192.5,5196233.5,3.1777503260319504
1572,Brucella_intermedia,bacteria,921637.5,4957040.0,5.3785137866026504
1573,Brucella_lupini,bacteria,521401.0,5582813.0,10.70733082598614
1574,Brucella_melitensis,bacteria,1214220.3333333333,3305991.6666666665,2.722727972764965
1575,Brucella_microti,bacteria,1228315.0,3337369.0,2.7170302406141746
1576,Brucella_neotomae,bacteria,1215899.0,3329628.0,2.738408371090033
1577,Brucella_oryzae,bacteria,303464.0,4467006.0,14.720052460917934
1578,Brucella_ovis,bacteria,830316.0,3283228.0,3.954190934535767
1579,Brucella_pecoris,bacteria,587991.0,5057340.0,8.601050016071675
1580,Brucella_pinnipedialis,bacteria,1150784.0,3373519.0,2.9314962668928315
1581,Brucella_pseudogrignonensis,bacteria,1266278.0,5262183.5,4.155630517153421
1582,Brucella_rhizosphaerae,bacteria,719646.0,4904011.0,6.81447684000189
1583,Brucella_sp,bacteria,914703.1666666666,3374906.0,3.6896187998328784
1584,Brucella_suis,bacteria,1187935.0,3319885.0,2.7946689002344405
1585,Brucella_thiophenivorans,bacteria,556111.0,4364783.0,7.848762207544897
1586,Brucella_vulpis,bacteria,1207072.0,3238137.0,2.6826378211076056
1587,Brucellaceae_bacterium,bacteria,578044.0,5419586.0,9.375732643189792
1588,Bruguierivorax_albus,bacteria,393472.0,5661159.0,14.387704843038387
1589,Brumimicrobium_aurantiacum,bacteria,584864.0,3423338.0,5.853220577775346
1590,Brumimicrobium_glaciale,bacteria,775082.0,4271785.0,5.5113975037479905
1591,Brumimicrobium_salinarum,bacteria,455595.0,3413539.0,7.492485650632689
1592,Brumimicrobium_sp,bacteria,515693.0,3846876.0,7.459624233798015
1593,Bryobacterales_bacterium,bacteria,54176.5,5214485.0,96.24994231816378
1594,Bryocella_elongata,bacteria,1091376.0,5669524.0,5.194840275028954
1595,Bubo_bubo,ensembl,7859242.0,1258069325.0,160.07514783232276
1596,Buchananella_hordeovulneris,bacteria,316618.5,2522126.0,7.965820064209766
1597,Buchnera_aphidicola,bacteria,251362.25,584498.0,2.325321324104952
1598,Budvicia_aquatica,bacteria,2504961.0,5946490.0,2.3738852620859165
1599,Burkholderia_aenigmatica,bacteria,1196443.0,9325364.0,7.794240093343352
1600,Burkholderia_ambifaria,bacteria,935958.1666666666,7616621.5,8.137779840231463
1601,Burkholderia_anthina,bacteria,542052.0,7314734.5,13.49452543298429
1602,Burkholderia_catarinensis,bacteria,95238.0,8137374.0,85.44251244251244
1603,Burkholderia_cenocepacia,bacteria,1121820.1666666667,8008559.277777778,7.138897584248376
1604,Burkholderia_cepacia,bacteria,1464232.642857143,8263891.142857143,5.643837530306586
1605,Burkholderia_contaminans,bacteria,897986.2,8489133.6,9.453523450583093
1606,Burkholderia_cordobensis,bacteria,618286.0,8208096.0,13.275565029775864
1607,Burkholderia_diffusa,bacteria,2235887.0,6857833.0,3.0671643960540047
1608,Burkholderia_dolosa,bacteria,2094174.0,6414747.5,3.0631396913532494
1609,Burkholderia_gladioli,bacteria,2473066.6,8790931.0,3.5546681193300658
1610,Burkholderia_glumae,bacteria,2359567.5,7079466.5,3.0003237881518543
1611,Burkholderia_lata,bacteria,2752459.0,8731643.0,3.1723062904842543
1612,Burkholderia_latens,bacteria,2151447.0,6614478.0,3.074432230958978
1613,Burkholderia_mallei,bacteria,1587072.25,5839023.75,3.6791165304541114
1614,Burkholderia_mayonis,bacteria,2444024.5,6974222.0,2.85358105043546
1615,Burkholderia_metallica,bacteria,2381242.0,7424240.0,3.1178015506193826
1616,Burkholderia_multivorans,bacteria,940725.3636363636,6905595.363636363,7.340713486179282
1617,Burkholderia_oklahomensis,bacteria,2494533.0,7174317.0,2.8760160719461316
1618,Burkholderia_orbicola,bacteria,2394854.0,7625252.5,3.184015601786163
1619,Burkholderia_plantarii,bacteria,2641703.0,7896538.0,2.989184628249277
1620,Burkholderia_pseudomallei,bacteria,1638475.05,7315331.0,4.464719191177187
1621,Burkholderia_pseudomultivorans,bacteria,551472.5,7681515.0,13.929098912457103
1622,Burkholderia_puraquae,bacteria,717338.0,8098134.0,11.2891468178181
1623,Burkholderia_pyrrocinia,bacteria,1287591.6666666667,7981164.0,6.198521011449023
1624,Burkholderia_reimsis,bacteria,474953.0,8933938.0,18.810151741330195
1625,Burkholderia_seminalis,bacteria,621263.0,7550216.0,12.153010882669658
1626,Burkholderia_singularis,bacteria,401070.5,5549772.5,13.837398911163998
1627,Burkholderia_sp,bacteria,1284185.8780487804,7888895.439024391,6.143110256757338
1628,Burkholderia_stabilis,bacteria,2628324.3333333335,8447510.333333334,3.214028887606844
1629,Burkholderia_stagnalis,bacteria,553890.0,7629080.0,13.773637364819729
1630,Burkholderia_territorii,bacteria,442217.5,7242429.0,16.377526895701777
1631,Burkholderia_thailandensis,bacteria,2367294.5,6785520.75,2.866361050557926
1632,Burkholderia_ubonensis,bacteria,520485.35294117645,7695414.647058823,14.785074361023439
1633,Burkholderia_vietnamiensis,bacteria,723492.0,7275307.833333333,10.055823469137644
1634,Burkholderiaceae_bacterium,bacteria,531813.6666666666,6330200.666666667,11.903042481671214
1635,Burkholderiales_bacterium,bacteria,537000.6571428571,4638287.8,8.637396878950348
1636,Buteo_japonicus,ensembl,7316854.0,1259715124.0,172.16622389895986
1637,Buttiauxella_agrestis,bacteria,1363017.0,5005840.0,3.672617436172843
1638,Buttiauxella_brennerae,bacteria,554378.0,4758272.0,8.583082301245721
1639,Buttiauxella_gaviniae,bacteria,413168.0,5068083.0,12.266397688107501
1640,Buttiauxella_izardii,bacteria,313070.0,4769981.0,15.236148465199475
1641,Buttiauxella_noackiae,bacteria,311116.0,4803576.0,15.439823088494323
1642,Buttiauxella_sp,bacteria,1214007.25,5241292.75,4.317348804959773
1643,Buttiauxella_warmboldiae,bacteria,184422.0,4301460.0,23.324006897224844
1644,Butyrate_producing,bacteria,1456741.0,3601020.0,2.4719699658346954
1645,Butyribacter_intestini,bacteria,1115520.0,3610525.0,3.2366295539300056
1646,Butyricicoccus_porcorum,bacteria,415503.0,2896918.0,6.9720748105308505
1647,Butyricicoccus_pullicaecorum,bacteria,415852.3333333333,3251082.6666666665,7.8178776600988975
1648,Butyricicoccus_sp,bacteria,339512.0714285714,3401726.8571428573,10.019457755446945
1649,Butyricimonas_faecalis,bacteria,2251736.0,4976422.0,2.210037944057385
1650,Butyricimonas_sp,bacteria,694078.5,4861725.0,7.004575130910985
1651,Butyricimonas_virosa,bacteria,339844.6666666667,4837930.333333333,14.235710628581291
1652,Butyrivibrio_crossotus,bacteria,384191.5,2293179.5,5.968844964034862
1653,Butyrivibrio_fibrisolvens,bacteria,832598.3333333334,4911191.333333333,5.89863219359475
1654,Butyrivibrio_hungatei,bacteria,820259.3333333334,3393878.3333333335,4.1375674684998
1655,Butyrivibrio_proteoclasticus,bacteria,1011594.0,4286904.5,4.237771774051645
1656,Butyrivibrio_sp,bacteria,375634.26666666666,3568153.2666666666,9.49900896510329
1657,Caballeronia_arationis,bacteria,238363.0,9377494.0,39.34123165088541
1658,Caballeronia_arvi,bacteria,490546.0,9665767.0,19.704099105894247
1659,Caballeronia_calidae,bacteria,395400.0,9609693.0,24.303725341426404
1660,Caballeronia_choica,bacteria,203684.0,9776207.0,47.99693152137625
1661,Caballeronia_glathei,bacteria,310349.0,8637375.0,27.831167492081494
1662,Caballeronia_glebae,bacteria,280649.0,7842312.0,27.9434881293003
1663,Caballeronia_grimmiae,bacteria,435424.0,6704301.0,15.397178382450209
1664,Caballeronia_hypogeia,bacteria,604283.0,8333271.0,13.790344921171041
1665,Caballeronia_insecticola,bacteria,1941924.0,6964487.0,3.5863849460638004
1666,Caballeronia_jiangsuensis,bacteria,421529.0,8611053.0,20.428138989251035
1667,Caballeronia_megalochromosomata,bacteria,208849.0,9505673.0,45.51457272957975
1668,Caballeronia_novacaledonica,bacteria,597044.0,6777170.0,11.351206946221719
1669,Caballeronia_pedi,bacteria,520930.0,9141307.0,17.548052521452018
1670,Caballeronia_peredens,bacteria,490900.0,6726081.0,13.701529843145243
1671,Caballeronia_sordidicola,bacteria,1009227.25,9301390.5,9.216348944204588
1672,Caballeronia_telluris,bacteria,491095.0,7056109.0,14.36811411234079
1673,Caballeronia_terrestris,bacteria,332060.0,8201357.0,24.69841896042884
1674,Caballeronia_udeis,bacteria,1868353.0,10804931.5,5.783131720825775
1675,Caedibacter_sp,bacteria,140681.0,1895236.0,13.471868980175007
1676,Caenibius_tardaugens,bacteria,620560.0,4291514.0,6.915550470542736
1677,Caenispirillum_bisanense,bacteria,715675.0,5275453.0,7.371297027281937
1678,Caenispirillum_salinarum,bacteria,381148.0,4952465.0,12.99354843787715
1679,Caenorhabditis_elegans,ensembl,11466639.0,100286401.0,8.74592816604761
1680,Cairina_moschata,ensembl,15520707.0,1109207201.0,71.46628056312126
1681,Cajanus_cajan,plants,10823237.0,592816859.0,54.77260259569295
1682,Caldalkalibacillus_thermarum,bacteria,92379.0,2895463.0,31.343303131664122
1683,Caldanaerobacter_subterraneus,bacteria,340211.2,2454144.6,7.213591439670417
1684,Caldanaerobius_fijiensis,bacteria,210603.0,2760766.0,13.108863596434999
1685,Caldanaerovirga_acetigignens,bacteria,242891.0,2264710.0,9.323976598556554
1686,Caldibacillus_debilis,bacteria,176894.0,3150418.0,17.809637409974336
1687,Caldibacillus_hisashii,bacteria,141406.0,3835459.0,27.123735909367355
1688,Caldibacillus_thermoamylovorans,bacteria,456953.3333333333,3838625.6666666665,8.400476343317333
1689,Caldicellulosiruptor_bescii,bacteria,1290170.0,2931662.0,2.27230675027322
1690,Caldicellulosiruptor_changbaiensis,bacteria,1288388.0,2905633.0,2.255246866627134
1691,Caldicellulosiruptor_hydrothermalis,bacteria,1256617.0,2770676.0,2.204869104906268
1692,Caldicellulosiruptor_kristjanssonii,bacteria,1229866.0,2802443.0,2.2786571870431414
1693,Caldicellulosiruptor_kronotskyensis,bacteria,1274927.0,2843785.0,2.230547317611126
1694,Caldicellulosiruptor_lactoaceticus,bacteria,1170391.0,2674809.0,2.2853977858681414
1695,Caldicellulosiruptor_obsidiansis,bacteria,1130742.0,2532343.0,2.239540938604916
1696,Caldicellulosiruptor_owensensis,bacteria,1095245.0,2428903.0,2.2176800624517803
1697,Caldicellulosiruptor_saccharolyticus,bacteria,1319924.0,2970275.0,2.250337898242626
1698,Caldicoprobacter_faecalis,bacteria,157003.0,2579145.0,16.427361260612855
1699,Caldicoprobacter_oshimai,bacteria,39684.0,2693766.0,67.8804052010886
1700,Caldilinea_aerophila,bacteria,2300372.0,5144873.0,2.236539568382853
1701,Caldilineae_bacterium,bacteria,29764.0,3781645.0,127.05432737535277
1702,Caldimicrobium_thiodismutans,bacteria,838253.0,1814952.0,2.1651601604766104
1703,Caldisalinibacter_kiritimatiensis,bacteria,69172.0,2788198.0,40.30818828427687
1704,Caldisphaera_lagunensis,bacteria,678270.0,1546846.0,2.2805755819953704
1705,Caldisphaera_sp,bacteria,56184.5,907254.5,16.147772072368713
1706,Calditerrivibrio_nitroreducens,bacteria,1028716.0,2216552.0,2.1546782591113582
1707,Caldithrix_abyssi,bacteria,2165113.0,4955439.0,2.288766914244199
1708,Calditrichaeota_bacterium,bacteria,63875.125,3903119.625,61.10547141786415
1709,Caldivirga_maquilingensis,bacteria,922786.0,2077567.0,2.251407151820682
1710,Calidifontibacter_indicus,bacteria,1621022.0,3600642.0,2.221217232091853
1711,Calidithermus_roseus,bacteria,140050.0,3675477.0,26.24403427347376
1712,Calidithermus_terrae,bacteria,69677.0,4432248.0,63.611349512751694
1713,Calidris_pugnax,ensembl,10112131.0,1229094286.0,121.54651536852124
1714,Calidris_pygmaea,ensembl,5874762.0,1178350366.0,200.57840062286778
1715,Callithrix_jacchus,ensembl,28893707.0,2829711198.0,97.9352077599458
1716,Callorhinchus_milii,ensembl,7714862.0,974498586.0,126.31445462018634
1717,Caloramator_australicus,bacteria,148705.0,2638447.0,17.74282640126425
1718,Caloramator_fervidus,bacteria,155519.0,1763241.0,11.337785093782752
1719,Caloramator_mitchellensis,bacteria,310498.0,2419359.0,7.791866614277708
1720,Caloramator_proteoclasticus,bacteria,115112.0,2655018.0,23.064650079922163
1721,Caloramator_quimbayensis,bacteria,232786.0,3131359.0,13.4516637598481
1722,Caloramator_sp,bacteria,1322763.0,2984770.0,2.256466199916387
1723,Caloranaerobacter_azorensis,bacteria,92908.5,2442916.5,26.293789050517443
1724,Caloranaerobacter_sp,bacteria,422966.0,2261881.0,5.347666242676716
1725,Calothrix_brevissima,bacteria,3541846.0,9257480.0,2.6137443581680286
1726,Calothrix_desertica,bacteria,695212.0,11421054.0,16.42816004326738
1727,Calothrix_elsteri,bacteria,55172.0,7006470.0,126.993221199159
1728,Calothrix_parasitica,bacteria,3603796.0,9491741.0,2.633817507983249
1729,Calothrix_sp,bacteria,2667166.125,7851078.375,2.943603062970065
1730,Camarhynchus_parvulus,ensembl,15396573.0,1064016364.0,69.10735031750248
1731,Camelimonas_lactis,bacteria,471413.0,4176633.0,8.859817187901054
1732,Camelina_sativa,plants,30584319.0,641356059.0,20.970094478807916
1733,Camelus_dromedarius,ensembl,20137145.0,2154386959.0,106.98572012070231
1734,Caminibacter_mediatlanticus,bacteria,804350.0,1685887.0,2.095961956859576
1735,Caminibacter_pacificus,bacteria,515180.0,1858153.0,3.606803447338794
1736,Caminicella_sporogenes,bacteria,280013.0,2473921.0,8.835021945409677
1737,Campylobacter_aviculae,bacteria,167074.0,1697678.0,10.161233944240276
1738,Campylobacter_avium,bacteria,813054.0,1738633.0,2.138397941588136
1739,Campylobacter_blaseri,bacteria,303114.0,1869677.0,6.168230434753921
1740,Campylobacter_coli,bacteria,322553.14285714284,1773201.607142857,5.497393674220682
1741,Campylobacter_concisus,bacteria,405695.6,1942420.5,4.787876674038368
1742,Campylobacter_cuniculorum,bacteria,864043.0,1937768.0,2.242675422403746
1743,Campylobacter_curvus,bacteria,903981.0,1971270.0,2.180654239414324
1744,Campylobacter_estrildidarum,bacteria,193151.0,1658021.0,8.584066352232192
1745,Campylobacter_fetus,bacteria,651857.3333333334,1855502.0,2.8464848136504304
1746,Campylobacter_geochelonis,bacteria,371995.0,2098701.0,5.641745184747107
1747,Campylobacter_gracilis,bacteria,339947.0,2255573.0,6.635072526011408
1748,Campylobacter_helveticus,bacteria,168480.8,1829633.1,10.859594090246487
1749,Campylobacter_hepaticus,bacteria,129030.0,1518322.0,11.767201426024956
1750,Campylobacter_hominis,bacteria,749896.0,1714951.0,2.2869184526921065
1751,Campylobacter_hyointestinalis,bacteria,468050.71428571426,1788896.142857143,3.8220134875494267
1752,Campylobacter_iguaniorum,bacteria,803736.0,1754638.0,2.1831024117371873
1753,Campylobacter_insulaenigrae,bacteria,871476.0,1922194.5,2.205676920534817
1754,Campylobacter_jejuni,bacteria,334528.93055555556,1843134.513888889,5.509641605071277
1755,Campylobacter_lanienae,bacteria,742187.0,1603322.6666666667,2.160267785162859
1756,Campylobacter_lari,bacteria,746551.7142857143,1742922.142857143,2.3346301528819553
1757,Campylobacter_mucosalis,bacteria,306431.0,1751734.0,5.716569146072036
1758,Campylobacter_novaezeelandiae,bacteria,195786.0,1571819.0,8.028250232396596
1759,Campylobacter_ornithocola,bacteria,197601.0,1668500.0,8.443783179234924
1760,Campylobacter_peloridis,bacteria,827530.0,1762793.0,2.130186216813892
1761,Campylobacter_pinnipediorum,bacteria,813749.5,1770501.0,2.175732212431467
1762,Campylobacter_rectus,bacteria,156929.5,2502223.5,15.944889265561924
1763,Campylobacter_showae,bacteria,184546.33333333334,2128177.0,11.53193868206539
1764,Campylobacter_sp,bacteria,376976.0,1885892.7272727273,5.002686450258709
1765,Campylobacter_sputorum,bacteria,818585.0,1767942.0,2.159753721360641
1766,Campylobacter_subantarcticus,bacteria,836825.0,1782536.0,2.1301180055567173
1767,Campylobacter_taeniopygiae,bacteria,165749.0,1725278.0,10.408979843015643
1768,Campylobacter_upsaliensis,bacteria,788306.25,1710502.75,2.1698454756638044
1769,Campylobacter_ureolyticus,bacteria,617599.5,1687759.5,2.7327734235536134
1770,Campylobacter_volucris,bacteria,400587.0,1569087.0,3.9169693474825693
1771,Campylobacter_vulpis,bacteria,69388.0,1572969.0,22.669179108779616
1772,Campylobacterales_bacterium,bacteria,106488.0,2257141.0,21.196200510855682
1773,Candida_albicans,fungi,2234843.0,14323179.0,6.409031417419479
1774,Candida_auris,fungi,1824376.0,12365959.0,6.7781855275447604
1775,Candida_duobushaemulonis,fungi,2336557.0,12580400.0,5.38416139644785
1776,Candida_glabrata,fungi,1358398.0,12338305.0,9.08298230709998
1777,Candida_haemuloni,fungi,1746828.0,13314323.0,7.621999990840541
1778,Candida_parapsilosis,fungi,2189577.0,13030174.0,5.951000581390835
1779,Candida_pseudohaemulonis,fungi,1602204.0,12591275.0,7.858721486152825
1780,Candida_tropicalis,fungi,1997272.0,14630139.0,7.325060883044473
1781,Candidate_division,bacteria,99061.74137931035,1815741.7758620689,18.329394886261284
1782,Candidatus_abyssubacteria,bacteria,158637.0,5103455.0,32.17064745299016
1783,Candidatus_accumulibacter,bacteria,404325.5,4633807.416666667,11.460586623071428
1784,Candidatus_acetothermia,bacteria,172578.0,1838726.0,10.654463488973102
1785,Candidatus_acidianus,bacteria,268505.0,2454023.0,9.139580268523863
1786,Candidatus_aenigmarchaeota,bacteria,30950.88,834846.2,26.973262149573774
1787,Candidatus_aerophobetes,bacteria,44272.0,1817027.0,41.04235182508132
1788,Candidatus_altiarchaeales,bacteria,61850.94736842105,1354671.105263158,21.902188453055224
1789,Candidatus_altiarchaeum,bacteria,28074.5,1296433.1666666667,46.17831721550399
1790,Candidatus_aminicenantes,bacteria,95079.4,2950339.8,31.03027364497462
1791,Candidatus_amoebophilus,bacteria,772079.0,1884364.0,2.440636256134411
1792,Candidatus_angelobacter,bacteria,136727.0,6482446.0,47.41160121994924
1793,Candidatus_aquarickettsia,bacteria,32401.0,1284848.0,39.65457856239005
1794,Candidatus_aquiluna,bacteria,610181.0,1536026.6666666667,2.5173295574045516
1795,Candidatus_aramenus,bacteria,256110.0,1798894.0,7.023911600484167
1796,Candidatus_arthromitus,bacteria,517266.3333333333,1588962.3333333333,3.071845644957884
1797,Candidatus_atelocyanobacterium,bacteria,587541.0,1443806.0,2.4573706345599713
1798,Candidatus_atribacteria,bacteria,48190.666666666664,1931202.2222222222,40.07419601767055
1799,Candidatus_azobacteroides,bacteria,433751.0,1224919.0,2.824014238583888
1800,Candidatus_bathyarchaeota,bacteria,37477.98823529412,1210455.7647058824,32.2977785548788
1801,Candidatus_berkiella,bacteria,412711.5,3307804.0,8.014809376525733
1802,Candidatus_bipolaricaulis,bacteria,775003.0,1701655.0,2.195675371579207
1803,Candidatus_blochmannia,bacteria,302798.0,748605.5,2.4722934101282044
1804,Candidatus_borreliella,bacteria,461884.0,1097749.0,2.3766768279481427
1805,Candidatus_brocadia,bacteria,406457.8333333333,3625136.0,8.918848900685475
1806,Candidatus_buchananbacteria,bacteria,89562.0,1184984.0,13.230879167504076
1807,Candidatus_burkholderia,bacteria,94560.75,4641057.25,49.080165396319295
1808,Candidatus_caldarchaeum,bacteria,779701.0,1680938.0,2.1558751367511393
1809,Candidatus_carsonella,bacteria,73178.0,159662.0,2.181830604826587
1810,Candidatus_chloroploca,bacteria,318728.0,5841167.0,18.32649469139831
1811,Candidatus_chryseobacterium,bacteria,189474.0,4408720.0,23.26820566410167
1812,Candidatus_cloacimonas,bacteria,280858.25,2327884.75,8.288468471194989
1813,Candidatus_cloacimonetes,bacteria,191582.11111111112,2938619.6666666665,15.338695505669456
1814,Candidatus_competibacter,bacteria,267944.0,4084870.0,15.245237810885857
1815,Candidatus_competibacteraceae,bacteria,279142.0,3525912.6666666665,12.631251000088366
1816,Candidatus_contendobacter,bacteria,116698.0,4611646.0,39.51778093883357
1817,Candidatus_cyclonatronum,bacteria,1827661.0,4294247.0,2.3495861650492076
1818,Candidatus_dactylopiibacterium,bacteria,170718.0,3578638.0,20.9622769713797
1819,Candidatus_dadabacteria,bacteria,60313.0,2827756.5,46.884693183890704
1820,Candidatus_dehalogenimonas,bacteria,435898.0,2023475.0,4.64208369847992
1821,Candidatus_delongbacteria,bacteria,96885.0,3091343.0,31.907343758063682
1822,Candidatus_desulfofervidus,bacteria,1130899.0,2540211.0,2.2461873253049123
1823,Candidatus_desulforudis,bacteria,1019849.0,2349476.0,2.3037488883158193
1824,Candidatus_desulfosporosinus,bacteria,77059.0,5321430.0,69.05656704602967
1825,Candidatus_desulfovibrio,bacteria,610465.0,1410056.0,2.309806459010754
1826,Candidatus_diapherotrites,bacteria,43161.8,721067.0,16.706138298217404
1827,Candidatus_dormibacteraeota,bacteria,144481.0,2960892.0,20.493296696451438
1828,Candidatus_edwardsbacteria,bacteria,204558.5,2681478.5,13.108614406147874
1829,Candidatus_eisenbacteria,bacteria,182886.0,3722320.0,20.35322550659974
1830,Candidatus_electrothrix,bacteria,124091.0,3734523.0,30.095035095212385
1831,Candidatus_endobugula,bacteria,142430.0,3350348.0,23.52276907954785
1832,Candidatus_endolissoclinum,bacteria,114767.5,4091922.5,35.654017905766004
1833,Candidatus_endomicrobium,bacteria,346527.3333333333,1884422.6666666667,5.438020281228417
1834,Candidatus_entotheonella,bacteria,63666.0,9538710.333333334,149.82424423292392
1835,Candidatus_eremiobacter,bacteria,373471.0,2635737.0,7.057407402448918
1836,Candidatus_eremiobacteraeota,bacteria,164454.0,1949983.0,11.857315723545794
1837,Candidatus_erwinia,bacteria,39480.0,2858157.0,72.39506079027356
1838,Candidatus_fermentibacteria,bacteria,92877.0,2987531.3333333335,32.16653566903898
1839,Candidatus_filomicrobium,bacteria,1737889.0,3969942.0,2.2843472741930007
1840,Candidatus_firestonebacteria,bacteria,125020.0,3132398.0,25.055175171972483
1841,Candidatus_frackibacter,bacteria,245528.0,2771211.0,11.286741227069825
1842,Candidatus_frankia,bacteria,1117924.5,5109438.0,4.57046786254349
1843,Candidatus_gallionella,bacteria,94794.0,3434294.0,36.22902293394097
1844,Candidatus_gastranaerophilales,bacteria,182740.7142857143,2131395.0,11.66349277078765
1845,Candidatus_goldbacteria,bacteria,387795.0,2862642.0,7.381843499787259
1846,Candidatus_hadarchaeum,bacteria,62278.0,1231125.0,19.768216705738784
1847,Candidatus_halobonum,bacteria,242483.0,3675087.0,15.156060424854527
1848,Candidatus_haloredivivus,bacteria,35882.0,1198604.0,33.404046597179644
1849,Candidatus_hamiltonella,bacteria,898669.3333333334,2215434.3333333335,2.4652386046332206
1850,Candidatus_heimdallarchaeota,bacteria,79773.0,3103228.875,38.90074179233575
1851,Candidatus_hydrogenedentes,bacteria,73713.83333333333,2896316.6666666665,39.29135870019874
1852,Candidatus_hydrothermae,bacteria,32159.0,1678300.0,52.1875680213937
1853,Candidatus_ichthyocystis,bacteria,879848.0,2149384.0,2.442903774288286
1854,Candidatus_jettenia,bacteria,1239556.0,4087350.0,3.2974306929255315
1855,Candidatus_jidaibacter,bacteria,224763.0,2370652.0,10.547340976940156
1856,Candidatus_kentron,bacteria,16322.0,4049855.0,248.12247273618428
1857,Candidatus_kerfeldbacteria,bacteria,86499.25,1231777.25,14.24032289297306
1858,Candidatus_kinetoplastibacterium,bacteria,375442.0,820979.5,2.1867012747641446
1859,Candidatus_komeilibacteria,bacteria,52982.0,1023319.0,19.314465290098525
1860,Candidatus_korarchaeota,bacteria,37028.0,1823627.0,49.249945986820784
1861,Candidatus_korarchaeum,bacteria,456023.0,1680153.5,3.6843613151091064
1862,Candidatus_koribacter,bacteria,2528218.0,5650368.0,2.234921197460029
1863,Candidatus_kryptobacter,bacteria,405496.0,2680691.0,6.61089381892793
1864,Candidatus_kryptonium,bacteria,375334.0,2592687.0,6.90767956007183
1865,Candidatus_kuenenia,bacteria,1790609.0,4406153.0,2.4607008006773117
1866,Candidatus_lambdaproteobacteria,bacteria,332998.0,3076372.0,9.238409840299342
1867,Candidatus_latescibacteria,bacteria,44120.0,3407075.75,77.22293177697189
1868,Candidatus_liberibacter,bacteria,491760.0,1227328.0,2.4957865625508378
1869,Candidatus_lindowbacteria,bacteria,414033.0,4388263.0,10.59882424830871
1870,Candidatus_lokiarchaeota,bacteria,61311.0,3740614.5,61.01049566961883
1871,Candidatus_lokiarchaeum,bacteria,60931.0,5143417.0,84.41379593310467
1872,Candidatus_lumbricidophila,bacteria,207301.0,2847834.0,13.737676132773117
1873,Candidatus_magasanikbacteria,bacteria,211490.0,1438113.0,6.799910161236938
1874,Candidatus_magnetobacterium,bacteria,58515.0,6310441.0,107.843134239084
1875,Candidatus_magnetoglobus,bacteria,52608.0,12453848.0,236.72916666666666
1876,Candidatus_magnetominusculus,bacteria,120827.0,3593273.0,29.738990457430873
1877,Candidatus_magnetomorum,bacteria,103620.0,14290418.0,137.91177378884385
1878,Candidatus_magnetoovum,bacteria,38382.0,3816933.0,99.44591214631859
1879,Candidatus_mancarchaeum,bacteria,424912.0,952257.0,2.2410687389388864
1880,Candidatus_margulisbacteria,bacteria,163296.5,3172686.5,19.428992660589785
1881,Candidatus_marinarcus,bacteria,413662.0,2533736.0,6.125135980583181
1882,Candidatus_marinimicrobia,bacteria,141454.0,2562309.4,18.11408231651279
1883,Candidatus_marsarchaeota,bacteria,69739.06666666667,1787265.4,25.627893882529733
1884,Candidatus_melainabacteria,bacteria,361052.0833333333,2891326.6666666665,8.008059779002338
1885,Candidatus_methanodesulfokores,bacteria,107500.0,2942065.0,27.368046511627906
1886,Candidatus_methanohalarchaeum,bacteria,724830.0,2141311.0,2.954225128650856
1887,Candidatus_methanomassiliicoccus,bacteria,855192.0,1931651.0,2.2587337112601613
1888,Candidatus_methanomethylophilus,bacteria,534970.3333333334,1685556.0,3.150746676918533
1889,Candidatus_methanoperedenaceae,bacteria,121003.5,2454239.0,20.282380261727965
1890,Candidatus_methanoperedens,bacteria,261271.66666666666,3488864.0,13.353395890611944
1891,Candidatus_methanoplasma,bacteria,678381.0,1488669.0,2.194443830236991
1892,Candidatus_methanosuratincola,bacteria,448983.0,1512112.0,3.3678602530608064
1893,Candidatus_methylomirabilis,bacteria,740323.0,2653810.0,3.5846650718672795
1894,Candidatus_methylopumilus,bacteria,727965.5,1555708.0,2.1370628141031407
1895,Candidatus_methylumidiphilus,bacteria,91377.0,6572141.0,71.92336145857273
1896,Candidatus_micrarchaeota,bacteria,60980.833333333336,921437.4166666666,15.110279186083059
1897,Candidatus_micrarchaeum,bacteria,192328.0,995345.5,5.175250093590117
1898,Candidatus_micropelagos,bacteria,632327.0,1957724.0,3.096062638476611
1899,Candidatus_midichloria,bacteria,467001.0,1183732.0,2.534752602242822
1900,Candidatus_moanabacter,bacteria,1137440.0,2634065.0,2.3157836896891264
1901,Candidatus_moduliflexus,bacteria,1292633.0,7147157.0,5.529146323821224
1902,Candidatus_moranella,bacteria,216338.0,538294.0,2.4882082666937846
1903,Candidatus_nanobsidianus,bacteria,85422.0,547611.6666666666,6.410663139082047
1904,Candidatus_nanoclepta,bacteria,142587.0,575637.0,4.037093143133665
1905,Candidatus_nanopusillus,bacteria,279548.0,605887.0,2.16738091490549
1906,Candidatus_nanosalina,bacteria,391013.0,1227157.0,3.1384046054734753
1907,Candidatus_nanosalinarum,bacteria,439978.0,1215802.0,2.7633245298628566
1908,Candidatus_neoehrlichia,bacteria,470519.0,1268660.0,2.6962991930187727
1909,Candidatus_nitrosarchaeum,bacteria,411635.0,1814138.5,4.407153181823703
1910,Candidatus_nitrosocaldus,bacteria,689714.0,1577284.0,2.286866730267908
1911,Candidatus_nitrosocosmicus,bacteria,1036015.0,2836447.0,2.737843564041061
1912,Candidatus_nitrosoglobus,bacteria,896079.0,2018309.0,2.2523784175279187
1913,Candidatus_nitrosomarinus,bacteria,628101.0,1360076.0,2.165377861203851
1914,Candidatus_nitrosopelagicus,bacteria,519885.0,1238836.0,2.3829039114419537
1915,Candidatus_nitrosopumilus,bacteria,538697.0,1634608.6666666667,3.034374920719192
1916,Candidatus_nitrososphaera,bacteria,1209119.5,2894120.5,2.3935768962455737
1917,Candidatus_nitrosotalea,bacteria,712227.6666666666,1791979.0,2.516019924340672
1918,Candidatus_nitrosotenuis,bacteria,396475.0,1636125.0,4.126678857431112
1919,Candidatus_nitrospira,bacteria,985094.6666666666,3944866.0,4.004555230563289
1920,Candidatus_nitrotoga,bacteria,295160.0,2830055.5,9.588208090527171
1921,Candidatus_odinarchaeum,bacteria,583046.0,1460710.0,2.5053083290169216
1922,Candidatus_omnitrophica,bacteria,101372.12903225806,1895314.9032258065,18.696607453343415
1923,Candidatus_omnitrophus,bacteria,99984.0,3145901.0,31.46404424707953
1924,Candidatus_ornithobacterium,bacteria,421070.0,1924273.0,4.569959864155604
1925,Candidatus_ozemobacter,bacteria,380107.0,5683244.0,14.951695180567578
1926,Candidatus_pacearchaeota,bacteria,63739.0,729314.5555555555,11.442202663291791
1927,Candidatus_pandoraea,bacteria,389196.0,1157259.0,2.97346067277156
1928,Candidatus_paraburkholderia,bacteria,139309.66666666666,4038018.3333333335,28.985916268074245
1929,Candidatus_parvarchaeota,bacteria,11670.0,337918.0,28.956126820908313
1930,Candidatus_parvibacillus,bacteria,246538.0,3578419.0,14.514675222480916
1931,Candidatus_pelagibacter,bacteria,573224.1428571428,1349534.7142857143,2.3542879885679224
1932,Candidatus_peregrinibacteria,bacteria,184675.45454545456,1248067.0909090908,6.758164445735269
1933,Candidatus_peribacter,bacteria,562074.0,1247854.0,2.2200884581033815
1934,Candidatus_peribacteria,bacteria,236692.0,1379335.5,5.827554374461325
1935,Candidatus_phaeomarinobacter,bacteria,1545560.0,3415905.0,2.2101406609901915
1936,Candidatus_photodesmus,bacteria,354669.0,1015921.0,2.864420064905588
1937,Candidatus_phycosocius,bacteria,523376.0,3332539.0,6.367389792424567
1938,Candidatus_phytoplasma,bacteria,286370.0,740951.0,2.5873904389426268
1939,Candidatus_planktophila,bacteria,648957.1666666666,1356673.8333333333,2.090544496645002
1940,Candidatus_poribacteria,bacteria,206324.7142857143,5178295.071428572,25.097793491950622
1941,Candidatus_poseidoniales,bacteria,108726.875,1774202.0625,16.317971637647087
1942,Candidatus_promineofilum,bacteria,2052146.0,5033966.0,2.4530252720810313
1943,Candidatus_propionivibrio,bacteria,75286.0,3794077.0,50.39551842307999
1944,Candidatus_protochlamydia,bacteria,792383.0,2622320.6666666665,3.309410558614542
1945,Candidatus_pseudothioglobus,bacteria,809773.0,1714148.0,2.1168253325314623
1946,Candidatus_puniceispirillum,bacteria,670599.5,2840262.0,4.235407273640973
1947,Candidatus_raymondbacteria,bacteria,133455.0,5337885.0,39.997639653815895
1948,Candidatus_reconcilbacillus,bacteria,196172.0,2922051.0,14.895352038007463
1949,Candidatus_rhodobacter,bacteria,2010494.0,5037502.0,2.5056040953118983
1950,Candidatus_rhodoluna,bacteria,676983.0,1424506.0,2.104197594326593
1951,Candidatus_riesia,bacteria,236097.0,582127.0,2.465626416261113
1952,Candidatus_riflebacteria,bacteria,360373.5,5452588.5,15.13038139596835
1953,Candidatus_rokubacteria,bacteria,116009.16,4992479.76,43.03522032225731
1954,Candidatus_rubidus,bacteria,1086862.0,2821221.0,2.5957490463370694
1955,Candidatus_ruthia,bacteria,475622.0,1160782.0,2.4405557354369645
1956,Candidatus_saccharibacteria,bacteria,314048.6666666667,1103628.3333333333,3.5141952521159134
1957,Candidatus_saccharicenans,bacteria,297519.0,2899266.0,9.744809575186794
1958,Candidatus_saganbacteria,bacteria,56573.0,1779718.0,31.458787760946034
1959,Candidatus_scalindua,bacteria,204193.33333333334,4697094.666666667,23.003173463057887
1960,Candidatus_schekmanbacteria,bacteria,261200.0,2746771.0,10.515968606431853
1961,Candidatus_sedimenticola,bacteria,93964.0,2983683.0,31.753469413818056
1962,Candidatus_sodalis,bacteria,1850574.0,4513140.0,2.4387784546848708
1963,Candidatus_solibacter,bacteria,4548620.0,9965640.0,2.1909150467614356
1964,Candidatus_stoquefichus,bacteria,71506.0,3143616.0,43.96296814253349
1965,Candidatus_streptomyces,bacteria,625279.0,7661915.0,12.253593995640346
1966,Candidatus_sulcia,bacteria,118621.33333333333,255482.33333333334,2.153763797405751
1967,Candidatus_sulfobium,bacteria,97979.0,2770094.0,28.272323661192704
1968,Candidatus_sulfotelmatobacter,bacteria,163592.0,5391637.0,32.95782801114969
1969,Candidatus_symbiobacter,bacteria,1353760.0,2991840.0,2.210022455974471
1970,Candidatus_symbiothrix,bacteria,99326.0,3519982.0,35.438676680828785
1971,Candidatus_synechococcus,bacteria,39557.0,2209101.0,55.84601966782112
1972,Candidatus_syntrophoarchaeum,bacteria,329679.5,1561522.0,4.73648498010947
1973,Candidatus_syntrophonatronum,bacteria,64086.0,1973761.0,30.79862996598321
1974,Candidatus_syntrophosphaera,bacteria,222471.0,1753479.0,7.881831789311866
1975,Candidatus_tenderia,bacteria,1673023.0,3763866.0,2.249739543329649
1976,Candidatus_terasakiella,bacteria,501677.0,3687561.0,7.350468528555226
1977,Candidatus_terraquivivens,bacteria,128824.0,1536389.0,11.926263739675838
1978,Candidatus_terrybacteria,bacteria,93199.0,783495.0,8.40668891297117
1979,Candidatus_thermochlorobacteriaceae,bacteria,227054.0,3059647.0,13.475415539915614
1980,Candidatus_thermoflexus,bacteria,111144.0,2931246.0,26.373407471388468
1981,Candidatus_thermofonsia,bacteria,61431.0,3645579.5,59.344296853380214
1982,Candidatus_thiodiazotropha,bacteria,996637.6666666666,4624829.0,4.640431678112374
1983,Candidatus_thiodictyon,bacteria,3058973.0,7738984.0,2.5299288355928606
1984,Candidatus_thioglobus,bacteria,753565.0,1600926.5,2.1244703509319036
1985,Candidatus_thiomargarita,bacteria,146667.0,7602235.0,51.83330265158488
1986,Candidatus_thorarchaeota,bacteria,88986.16666666667,2808041.3333333335,31.555930978035914
1987,Candidatus_tokpelaia,bacteria,425052.6666666667,1566437.0,3.6852774322868225
1988,Candidatus_uhrbacteria,bacteria,133228.0,1069940.6666666667,8.030899410534323
1989,Candidatus_vecturithrix,bacteria,976733.0,8384694.0,8.584427883566953
1990,Candidatus_velamenicoccus,bacteria,889007.0,1974201.0,2.2206810520052147
1991,Candidatus_verstraetearchaeota,bacteria,29856.0,1015123.2857142857,34.000645957740005
1992,Candidatus_vesicomyosocius,bacteria,439410.0,1022154.0,2.3261964907489587
1993,Candidatus_viadribacter,bacteria,1711628.0,3732719.0,2.1808003841956314
1994,Candidatus_viridilinea,bacteria,74953.0,5862556.5,78.21643563299668
1995,Candidatus_wallbacteria,bacteria,408028.5,5183875.0,12.704688520532267
1996,Candidatus_woesearchaeota,bacteria,30939.75,830982.4166666666,26.858084395208966
1997,Candidatus_yanofskybacteria,bacteria,95325.0,325844.0,3.418242853396276
1998,Candidatus_zinderia,bacteria,97018.0,208564.0,2.149745408068606
1999,Candidimonas_bauzanensis,bacteria,585458.0,5641410.0,9.63589190001674
2000,Candidimonas_nitroreducens,bacteria,650836.0,5606995.0,8.615065853763467
2001,Candidimonas_sp,bacteria,704457.0,3993927.0,5.669511410916493
2002,Canicola_haemoglobinophilus,bacteria,1094147.0,2436406.0,2.2267629486714307
2003,Canis_lupus,ensembl,25394948.333333332,2397515093.0,94.40913450700072
2004,Cannabis_sativa,plants,18221586.0,875732045.0,48.06014388648716
2005,Capnocytophaga_canimorsus,bacteria,675652.0,2477234.285714286,3.666435214747068
2006,Capnocytophaga_canis,bacteria,210122.33333333334,2667906.3333333335,12.696919413611436
2007,Capnocytophaga_cynodegmi,bacteria,545464.6666666666,2671899.0,4.898390607640947
2008,Capnocytophaga_gingivalis,bacteria,777676.0,2752885.5,3.5398874338413426
2009,Capnocytophaga_granulosa,bacteria,1256471.0,2843797.0,2.263320840672009
2010,Capnocytophaga_haemolytica,bacteria,1194471.0,2688484.0,2.25077377349471
2011,Capnocytophaga_leadbetteri,bacteria,777824.5,2570458.0,3.304676054816993
2012,Capnocytophaga_ochracea,bacteria,1031305.75,2758196.75,2.6744704468097846
2013,Capnocytophaga_sp,bacteria,652895.5714285715,3110114.3571428573,4.7635709189109
2014,Capnocytophaga_sputigena,bacteria,1306719.25,3017804.5,2.3094513224627247
2015,Capnocytophaga_stomatis,bacteria,1258567.0,2831350.0,2.2496617184464553
2016,Capra_hircus,ensembl,27382071.5,2982218453.0,108.91135292667686
2017,Caproiciproducens_sp,bacteria,1448150.0,3308050.0,2.2843282809101266
2018,Capsicum_annuum,plants,17286143.0,3063864880.0,177.24398554379655
2019,Capsulimonas_corticalis,bacteria,704440.0,7601130.0,10.790315711771052
2020,Carassius_auratus,ensembl,24940422.0,1820635050.0,72.9993682544746
2021,Carbonactinospora_thermoautotrophica,bacteria,1448393.0,5074543.0,3.5035677471514983
2022,Carboxydocella_sporoproducens,bacteria,163015.0,2578924.0,15.82016378860841
2023,Carboxydocella_thermautotrophica,bacteria,1240175.0,2678168.0,2.159508133932711
2024,Carboxydothermus_hydrogenoformans,bacteria,1096789.0,2401520.0,2.189591616983759
2025,Carboxydothermus_islandicus,bacteria,202899.0,2386596.0,11.762482811645203
2026,Carboxydothermus_pertinax,bacteria,278034.0,2465639.0,8.868120445700885
2027,Cardiobacterium_hominis,bacteria,379173.0,2644258.0,6.973750768119038
2028,Cardiobacterium_valvarum,bacteria,660025.0,2654526.5,4.021857505397523
2029,Carideicomes_alvinocaridis,bacteria,284408.0,5425078.0,19.074983826052712
2030,Carlito_syrichta,ensembl,1442261.0,3453864774.0,2394.757102909945
2031,Carnobacterium_alterfunditum,bacteria,1052400.0,2548842.0,2.421932725199544
2032,Carnobacterium_divergens,bacteria,435761.0,2645038.0,6.069928240480447
2033,Carnobacterium_iners,bacteria,1049802.0,2571353.0,2.449369500153362
2034,Carnobacterium_inhibens,bacteria,1027418.0,2497115.0,2.4304762034537064
2035,Carnobacterium_maltaromaticum,bacteria,858156.6,3587918.2,4.180959745575575
2036,Carnobacterium_sp,bacteria,1132942.0,2649900.0,2.338954686118089
2037,Carnobacterium_viridans,bacteria,1087312.0,2762327.0,2.540509991612343
2038,Caryophanon_latum,bacteria,173203.0,3590595.0,20.730558939510285
2039,Caryophanon_tenue,bacteria,434786.0,3340962.0,7.684152663609224
2040,Castellaniella_defragrans,bacteria,1782272.0,3952818.0,2.2178533916259697
2041,Castor_canadensis,ensembl,1756658.0,2518306565.0,1433.5781723021782
2042,Catagonus_wagneri,ensembl,12681909.0,2640067814.0,208.17589954319968
2043,Catalinimonas_alkaloidigena,bacteria,841175.0,7107765.0,8.449805331827504
2044,Catellatospora_citrea,bacteria,4069590.0,9327955.0,2.2921117360716927
2045,Catellicoccus_marimammalium,bacteria,237969.0,1285866.0,5.403502136832949
2046,Catenibacterium_mitsuokai,bacteria,345494.5,4795986.5,13.881513309184372
2047,Catenibacterium_sp,bacteria,82968.0,2338059.3333333335,28.18025423456433
2048,Catenovulum_agarivorans,bacteria,266404.0,4572425.0,17.16349979730034
2049,Catenovulum_maritimum,bacteria,487381.0,4549503.0,9.334592444104304
2050,Catenulispora_acidiphila,bacteria,4639586.0,10467782.0,2.2561888065012696
2051,Catharus_ustulatus,ensembl,13895375.0,1131616430.0,81.43835124996626
2052,Catonella_morbi,bacteria,698058.0,3479204.0,4.984118798151443
2053,Caulobacter_endophyticus,bacteria,328765.0,5421256.0,16.489760163034386
2054,Caulobacter_flavus,bacteria,1418058.0,5745868.5,4.051927706765167
2055,Caulobacter_henricii,bacteria,1752658.0,3957288.0,2.2578780343911933
2056,Caulobacter_mirabilis,bacteria,2077713.0,4577265.0,2.2030304474198315
2057,Caulobacter_radicis,bacteria,455441.5,5556515.0,12.200282582944242
2058,Caulobacter_segnis,bacteria,1119991.0,4707486.0,4.2031462752825695
2059,Caulobacter_sp,bacteria,900312.8888888889,5145103.666666667,5.7147950786492006
2060,Caulobacter_vibrioides,bacteria,1026890.3333333334,4344629.0,4.230859770485067
2061,Caulobacter_zeae,bacteria,382642.0,5393480.0,14.095368516785925
2062,Caulobacteraceae_bacterium,bacteria,34235.0,4060437.0,118.60484883890756
2063,Caulobacterales_bacterium,bacteria,300248.0,2919421.0,9.723365351309583
2064,Cavia_aperea,ensembl,9147913.0,2716396567.0,296.94167041160097
2065,Cavia_porcellus,ensembl,18251404.0,2723219641.0,149.20603593016733
2066,Caviibacterium_pharyngocola,bacteria,287149.0,2486286.0,8.658522230618948
2067,Cebus_imitator,ensembl,9033770.0,2717703182.0,300.83820841132774
2068,Cecembia_calidifontis,bacteria,2253459.0,5044389.0,2.238509331654137
2069,Cecembia_lonarensis,bacteria,147799.0,4842844.0,32.766419258587675
2070,Cecembia_rubra,bacteria,735900.0,4747752.0,6.4516265796983285
2071,Cedecea_davisae,bacteria,2170385.0,4886981.0,2.251665487920346
2072,Cedecea_lapagei,bacteria,2101853.5,4735109.5,2.2528256607798784
2073,Cedecea_neteri,bacteria,2025174.3333333333,5268259.666666667,2.6013857572426278
2074,Cedecea_sp,bacteria,275725.0,5353919.0,19.417604497234564
2075,Celeribacter_baekdonensis,bacteria,966358.0,4404529.666666667,4.557865373564111
2076,Celeribacter_ethanolicus,bacteria,1837025.0,4157437.0,2.2631357765953104
2077,Celeribacter_halophilus,bacteria,323018.0,3859742.0,11.948999746144178
2078,Celeribacter_indicus,bacteria,2081350.0,4969388.0,2.3875792154130733
2079,Celeribacter_marinus,bacteria,1399794.0,3096705.0,2.2122576607700846
2080,Celeribacter_neptunius,bacteria,821843.0,4398584.0,5.352097663422333
2081,Celeribacter_persicus,bacteria,438073.0,4299547.0,9.814681571336283
2082,Celerinatantimonas_diazotrophica,bacteria,596311.0,3969436.0,6.656653994308339
2083,Cellulomonas_algicola,bacteria,64968.0,4499308.0,69.25421746090383
2084,Cellulomonas_biazotea,bacteria,82331.0,4376879.0,53.16198029903681
2085,Cellulomonas_bogoriensis,bacteria,58957.0,3183361.0,53.99462319995929
2086,Cellulomonas_carbonis,bacteria,119027.0,3976246.0,33.40625236290926
2087,Cellulomonas_cellasea,bacteria,68551.0,3913703.0,57.0918440285335
2088,Cellulomonas_fimi,bacteria,1932102.0,4266344.0,2.2081360093825273
2089,Cellulomonas_flavigena,bacteria,1870466.0,4123179.0,2.2043592345436913
2090,Cellulomonas_gilvus,bacteria,1619193.0,3526441.0,2.177900349124533
2091,Cellulomonas_hominis,bacteria,77869.0,4212638.0,54.09903812813828
2092,Cellulomonas_marina,bacteria,423070.0,3962632.0,9.366374358853145
2093,Cellulomonas_rhizosphaerae,bacteria,124491.0,3657983.0,29.38351366765469
2094,Cellulomonas_shaoxiangyii,bacteria,960084.5,3916852.5,4.079695589294484
2095,Cellulomonas_sp,bacteria,852430.2666666667,4049639.933333333,4.750699372945775
2096,Cellulophaga_algicola,bacteria,2179001.0,4888353.0,2.243391811201555
2097,Cellulophaga_baltica,bacteria,1348410.5,4676835.5,3.4684063198855246
2098,Cellulophaga_fucicola,bacteria,997274.0,3922041.0,3.932761708417145
2099,Cellulophaga_geojensis,bacteria,370648.0,3888117.0,10.49005255660357
2100,Cellulophaga_lytica,bacteria,1772331.5,3859446.5,2.1776098320207025
2101,Cellulophaga_tyrosinoxydans,bacteria,960720.0,3555791.0,3.70117307852444
2102,Cellulosilyticum_lentocellum,bacteria,2047824.0,4714237.0,2.302071369414559
2103,Cellulosimicrobium_aquatile,bacteria,806592.0,4317712.0,5.35303102435928
2104,Cellulosimicrobium_cellulans,bacteria,1079366.25,4532612.25,4.199327383082434
2105,Cellulosimicrobium_funkei,bacteria,447290.0,4658729.0,10.415455297458024
2106,Cellulosimicrobium_sp,bacteria,1085863.0,4487326.0,4.132497377661823
2107,Cellvibrio_japonicus,bacteria,2081382.0,4576573.0,2.198814537648543
2108,Cellvibrio_mixtus,bacteria,1788900.0,4773886.0,2.668615350215216
2109,Cellvibrio_sp,bacteria,1389786.6666666667,5011177.0,3.6057167047220675
2110,Cellvibrionaceae_bacterium,bacteria,259452.0,4921160.0,18.96751614942263
2111,Cellvibrionales_bacterium,bacteria,183971.0,2277343.3333333335,12.378816951222385
2112,Cenarchaeum_symbiosum,bacteria,938274.0,2045086.0,2.179625567797893
2113,Centipeda_periodontii,bacteria,1220890.0,2761262.0,2.2616795943942534
2114,Cephaloticoccus_capnophilus,bacteria,121061.0,2092503.0,17.284699449038087
2115,Cephaloticoccus_primus,bacteria,148414.0,2356970.0,15.881048957645506
2116,Cercocebus_atys,ensembl,15418010.0,2848246356.0,184.7350180730198
2117,Cereibacter_azotoformans,bacteria,313055.0,4414500.0,14.101355991758636
2118,Cereibacter_changlensis,bacteria,317850.5,4902902.0,15.425182593703644
2119,Cereibacter_johrii,bacteria,761551.0,4682077.0,6.148080693216869
2120,Cereibacter_ovatus,bacteria,398189.0,3806065.0,9.558438329536978
2121,Cereibacter_sphaeroides,bacteria,1484036.6666666667,4641502.0,3.127619488287576
2122,Cervus_hanglu,ensembl,22203908.0,2594114534.0,116.83143949254338
2123,Cesiribacter_andamanensis,bacteria,105607.0,4759956.0,45.07235315840806
2124,Cetobacterium_ceti,bacteria,341154.0,2580907.0,7.565225675208263
2125,Cetobacterium_somerae,bacteria,133155.0,3068248.0,23.042679583943524
2126,Chakrabartia_godavariana,bacteria,1084275.0,3683281.0,3.3969989163265777
2127,Chamaesiphon_minutus,bacteria,2721644.0,6761765.0,2.4844413891015873
2128,Chamaesiphon_polymorphus,bacteria,45887.0,6089525.0,132.70697583193498
2129,Chara_braunii,plants,6468245.0,1751211849.0,270.7398759632636
2130,Chelativorans_sp,bacteria,1305341.5,4565615.0,3.4976402726796016
2131,Chelatococcus_asaccharovorans,bacteria,760868.0,7254611.0,9.534651214139641
2132,Chelatococcus_sambhunathii,bacteria,622737.0,4373820.0,7.023542843929299
2133,Chelatococcus_sp,bacteria,1185800.0,5193785.5,4.379984398718165
2134,Chelonobacter_oris,bacteria,342441.0,2610727.0,7.62387389360503
2135,Chelonoidis_abingdonii,ensembl,3527085.0,2300739315.0,652.3061720939529
2136,Chelydra_serpentina,ensembl,12981809.0,2401360239.0,184.97886072734548
2137,Chenopodium_quinoa,plants,8587000.0,1333398936.0,155.2811151741004
2138,Chimaeribacter_arupi,bacteria,430341.0,4740656.0,11.016045415147522
2139,Chimaeribacter_californicus,bacteria,476222.0,4987908.0,10.473913426931137
2140,Chimaeribacter_coloradensis,bacteria,420334.0,4686231.0,11.148826885286462
2141,Chinchilla_lanigera,ensembl,18259833.0,2390868971.0,130.93597137498463
2142,Chishuiella_changwenlii,bacteria,352460.0,3443921.0,9.771097429495546
2143,Chitinasiproducens_palmae,bacteria,632206.0,5363581.0,8.48391347124197
2144,Chitinimonas_sp,bacteria,419960.0,4897707.5,11.662319030383847
2145,Chitinimonas_taiwanensis,bacteria,395730.0,4075245.0,10.298044120991586
2146,Chitiniphilus_eburneus,bacteria,426930.0,4337935.0,10.160764059681915
2147,Chitinispirillum_alkaliphilum,bacteria,316567.0,4434773.0,14.00895545018906
2148,Chitinivibrio_alkaliphilus,bacteria,198587.0,2591328.0,13.0488299838358
2149,Chitinophaga_arvensicola,bacteria,2922767.0,8316369.0,2.845375289922187
2150,Chitinophaga_barathri,bacteria,680337.0,6861820.0,10.085913304729862
2151,Chitinophaga_caeni,bacteria,2306229.0,5279921.0,2.289417486294726
2152,Chitinophaga_costaii,bacteria,586697.0,5074440.0,8.649166435144547
2153,Chitinophaga_dinghuensis,bacteria,999011.0,7116247.0,7.123291935724431
2154,Chitinophaga_eiseniae,bacteria,1874687.0,8552642.0,4.562170645019675
2155,Chitinophaga_filiformis,bacteria,1407255.0,8625518.0,6.129321267289866
2156,Chitinophaga_ginsengisegetis,bacteria,2092913.0,7934943.0,3.791339152654697
2157,Chitinophaga_ginsengisoli,bacteria,884863.0,8501157.0,9.607314352617298
2158,Chitinophaga_jiangningensis,bacteria,874415.0,7182135.0,8.21364569455007
2159,Chitinophaga_lutea,bacteria,2103006.0,6609774.0,3.143012430777658
2160,Chitinophaga_niabensis,bacteria,2666105.0,7130081.0,2.6743436586330995
2161,Chitinophaga_niastensis,bacteria,1553582.0,7326416.0,4.715821887740718
2162,Chitinophaga_parva,bacteria,1810247.0,6146060.0,3.3951499436264774
2163,Chitinophaga_pinensis,bacteria,4071241.0,9127347.0,2.241907811401978
2164,Chitinophaga_rupis,bacteria,1397605.0,8387119.0,6.00106539401333
2165,Chitinophaga_sancti,bacteria,552646.0,8244109.0,14.917522247514684
2166,Chitinophaga_silvatica,bacteria,869679.0,6810585.0,7.8311480442784065
2167,Chitinophaga_silvisoli,bacteria,1182267.0,8355436.0,7.067300364469278
2168,Chitinophaga_skermanii,bacteria,869978.0,6114601.0,7.028454742533719
2169,Chitinophaga_solisilvae,bacteria,147862.0,7929525.0,53.627875992479474
2170,Chitinophaga_sp,bacteria,2122533.0,8328559.0,3.9238772730506426
2171,Chitinophaga_terrae,bacteria,447122.0,6630860.0,14.830091116071229
2172,Chitinophagaceae_bacterium,bacteria,440601.63636363635,4876407.2727272725,11.067610445056738
2173,Chlamydia_abortus,bacteria,448742.3333333333,1481746.6666666667,3.3019988456627303
2174,Chlamydia_avium,bacteria,474630.0,1048269.0,2.2086024903609127
2175,Chlamydia_caviae,bacteria,534272.0,1181356.0,2.211150874460949
2176,Chlamydia_gallinacea,bacteria,485274.0,1067202.0,2.1991740748525577
2177,Chlamydia_muridarum,bacteria,488825.5,1076701.5,2.202629568220152
2178,Chlamydia_pecorum,bacteria,503790.0,1105101.0,2.1935747037456084
2179,Chlamydia_pneumoniae,bacteria,551963.0,1232307.5,2.232590771482871
2180,Chlamydia_poikilotherma,bacteria,526047.0,1162663.0,2.2101884432379615
2181,Chlamydia_psittaci,bacteria,268933.6,1247053.4,4.637030850737878
2182,Chlamydia_serpentis,bacteria,539804.0,1206142.0,2.234407303391601
2183,Chlamydia_sp,bacteria,508724.0,1120737.0,2.203035437683302
2184,Chlamydia_suis,bacteria,500229.0,1098010.0,2.19501468327506
2185,Chlamydia_trachomatis,bacteria,334757.125,1379212.75,4.1200400140848386
2186,Chlamydiales_bacterium,bacteria,720897.0,2834110.0,3.9313660620033097
2187,Chlamydomonas_reinhardtii,plants,8720825.0,111098438.0,12.739441279924778
2188,Chloracidobacterium_sp,bacteria,189594.0,3411091.0,17.991555639946412
2189,Chlorobaculum_limnaeum,bacteria,1206394.0,2797276.0,2.3187084816403263
2190,Chlorobaculum_parvum,bacteria,1009495.0,2289249.0,2.2677170268302467
2191,Chlorobaculum_sp,bacteria,141309.0,2767864.0,19.587315740681767
2192,Chlorobaculum_tepidum,bacteria,950421.0,2154946.0,2.267359412302548
2193,Chlorobaculum_thiosulfatiphilum,bacteria,228854.0,2612768.0,11.416746047698533
2194,Chlorobi_bacterium,bacteria,190664.0,3050423.0,15.9989457894516
2195,Chlorobium_chlorochromatii,bacteria,1147918.0,2572079.0,2.240646980010767
2196,Chlorobium_ferrooxidans,bacteria,247599.0,2538957.0,10.2543103970533
2197,Chlorobium_limicola,bacteria,642645.0,2425315.0,3.773957628239541
2198,Chlorobium_phaeobacteroides,bacteria,1266874.5,2935152.5,2.31684551232186
2199,Chlorobium_phaeovibrioides,bacteria,583493.0,2030438.0,3.4797983866130355
2200,Chlorobium_sp,bacteria,492745.0,2373849.0,4.817601396259729
2201,Chlorocebus_sabaeus,ensembl,23021948.0,2789656328.0,121.1737741741055
2202,Chloroflexi_bacterium,bacteria,145768.0303030303,3314420.777777778,22.737638499248323
2203,Chloroflexus_aggregans,bacteria,2080727.0,4684931.0,2.2515837012736415
2204,Chloroflexus_aurantiacus,bacteria,2122555.0,5258541.0,2.4774580635130774
2205,Chloroflexus_islandicus,bacteria,249704.0,5136885.0,20.571897126197417
2206,Chlorogloea_sp,bacteria,233614.0,5226129.0,22.370786853527616
2207,Chlorogloeopsis_fritschii,bacteria,505743.0,7768833.0,15.361226947283502
2208,Chloroherpeton_thalassium,bacteria,1440911.0,3293456.0,2.2856762145614824
2209,Choloepus_hoffmanni,ensembl,274224.0,2467493193.0,8998.093503850867
2210,Chondrocystis_sp,bacteria,1958533.0,5002520.0,2.5542178763390764
2211,Chondromyces_apiculatus,bacteria,341751.0,11577721.0,33.87765068719624
2212,Chondromyces_crocatus,bacteria,5029357.0,11388132.0,2.2643316034236585
2213,Chondrus_crispus,plants,681634.0,104980420.0,154.01288668112213
2214,Christensenella_hongkongensis,bacteria,329159.0,3203641.0,9.732806941326228
2215,Christensenella_minuta,bacteria,387207.0,2905126.0,7.502772418887055
2216,Chromatiaceae_bacterium,bacteria,77999.0,5447945.0,69.84634418389979
2217,Chromatiales_bacterium,bacteria,177891.0,4117393.2,23.145595898612072
2218,Chromatocurvus_halotolerans,bacteria,424721.0,3910325.0,9.206808705008699
2219,Chromobacterium_alticapitis,bacteria,260852.0,4526407.0,17.352395227945348
2220,Chromobacterium_amazonense,bacteria,390529.0,4566707.0,11.693643749887972
2221,Chromobacterium_haemolyticum,bacteria,951453.3333333334,5182600.333333333,5.447035762832999
2222,Chromobacterium_phragmitis,bacteria,2125216.0,4801308.0,2.259209416831042
2223,Chromobacterium_sinusclupearum,bacteria,337659.0,4377894.0,12.96542961982355
2224,Chromobacterium_sp,bacteria,1110114.2,5021099.0,4.523047268470217
2225,Chromobacterium_sphagni,bacteria,1788307.0,4903702.0,2.742091822041741
2226,Chromobacterium_vaccinii,bacteria,2223713.5,4990442.5,2.244193103113328
2227,Chromobacterium_violaceum,bacteria,1626632.6666666667,4844061.666666667,2.9779690067292393
2228,Chromohalobacter_canadensis,bacteria,520585.0,3556478.0,6.831695112229511
2229,Chromohalobacter_japonicus,bacteria,312388.0,3767924.0,12.061679706006633
2230,Chromohalobacter_marismortui,bacteria,648399.0,3553220.0,5.479989944463209
2231,Chromohalobacter_salexigens,bacteria,1186164.3333333333,3653907.6666666665,3.0804396692644893
2232,Chroococcales_cyanobacterium,bacteria,597461.0,5914154.0,9.898811805289382
2233,Chroococcidiopsis_cubana,bacteria,256108.0,8099003.0,31.623389351367393
2234,Chroococcidiopsis_sp,bacteria,546857.5,5954640.5,10.888833928399995
2235,Chroococcidiopsis_thermalis,bacteria,2764808.0,6689401.0,2.419481208098356
2236,Chroogloeocystis_siderophila,bacteria,357866.0,5009995.0,13.999639529879898
2237,Chrysemys_picta,ensembl,11384265.0,2365766571.0,207.81021620631634
2238,Chryseobacterium_angstadtii,bacteria,1004896.0,5202773.0,5.1774243304779795
2239,Chryseobacterium_aquaticum,bacteria,733314.0,3924849.5,5.35220860368137
2240,Chryseobacterium_arachidis,bacteria,624902.0,4947868.0,7.917830315793516
2241,Chryseobacterium_arthrosphaerae,bacteria,1784645.0,5053343.0,2.8315676226924684
2242,Chryseobacterium_artocarpi,bacteria,763057.0,4935607.0,6.468202244393276
2243,Chryseobacterium_balustinum,bacteria,2169408.0,4974086.0,2.2928310396200255
2244,Chryseobacterium_bernardetii,bacteria,2346127.0,5318634.0,2.2669846943494534
2245,Chryseobacterium_candidae,bacteria,350697.0,4688351.0,13.368665828336143
2246,Chryseobacterium_carnipullorum,bacteria,1399592.5,5306950.0,3.7917822509051744
2247,Chryseobacterium_contaminans,bacteria,651375.0,4687840.0,7.196837459220879
2248,Chryseobacterium_culicis,bacteria,1314016.5,4958140.5,3.7732711118924307
2249,Chryseobacterium_daecheongense,bacteria,1198508.0,3831316.0,3.1967379441772605
2250,Chryseobacterium_defluvii,bacteria,1073236.0,3712841.0,3.4594823505734063
2251,Chryseobacterium_elymi,bacteria,417396.0,4591259.0,10.99976760678109
2252,Chryseobacterium_flavum,bacteria,425396.0,4470829.0,10.50980498171116
2253,Chryseobacterium_formosense,bacteria,1441708.0,4364663.0,3.027425109661596
2254,Chryseobacterium_gallinarum,bacteria,2047809.0,4633632.0,2.262726650776513
2255,Chryseobacterium_gambrini,bacteria,614249.0,4841687.0,7.882287150650632
2256,Chryseobacterium_geocarposphaerae,bacteria,1460589.0,4113083.0,2.816044075369594
2257,Chryseobacterium_glaciei,bacteria,2145628.0,4871648.0,2.2704998256920583
2258,Chryseobacterium_gleum,bacteria,2067818.5,4646298.5,2.246956635700861
2259,Chryseobacterium_haifense,bacteria,210932.0,2845737.0,13.491253105266152
2260,Chryseobacterium_indologenes,bacteria,1355192.25,4965404.75,3.6639854972606285
2261,Chryseobacterium_indoltheticum,bacteria,1892879.6666666667,4424259.666666667,2.3373169169584473
2262,Chryseobacterium_jejuense,bacteria,1117279.0,5100171.0,4.564814160115781
2263,Chryseobacterium_joostei,bacteria,1469897.5,5079332.5,3.4555691808442424
2264,Chryseobacterium_koreense,bacteria,291710.0,3154203.0,10.812803812005074
2265,Chryseobacterium_kwangjuense,bacteria,1360664.0,5087431.0,3.738932609373071
2266,Chryseobacterium_lactis,bacteria,2490225.0,5618200.0,2.2561013563031453
2267,Chryseobacterium_lacus,bacteria,422396.5,2402434.0,5.687627620020526
2268,Chryseobacterium_limigenitum,bacteria,465771.0,4697725.0,10.085911316934716
2269,Chryseobacterium_luteum,bacteria,530478.0,4718546.0,8.894894792998013
2270,Chryseobacterium_mucoviscidosis,bacteria,695206.0,5816127.5,8.366049055963268
2271,Chryseobacterium_nakagawai,bacteria,1867720.0,5690584.5,3.046808140406485
2272,Chryseobacterium_nematophagum,bacteria,1494597.5,4419148.5,2.9567482215111425
2273,Chryseobacterium_oleae,bacteria,1049264.0,5284689.0,5.036567536863935
2274,Chryseobacterium_oncorhynchi,bacteria,985694.0,4794425.0,4.864009520195923
2275,Chryseobacterium_oranimense,bacteria,975057.0,4598339.0,4.715969425377183
2276,Chryseobacterium_pennae,bacteria,429582.0,6187872.0,14.404402419095772
2277,Chryseobacterium_pennipullorum,bacteria,446592.0,4796535.0,10.740306588564058
2278,Chryseobacterium_phosphatilyticum,bacteria,1155741.0,5235650.0,4.530123963760047
2279,Chryseobacterium_piperi,bacteria,332908.0,4340594.0,13.038419022672931
2280,Chryseobacterium_piscicola,bacteria,508643.5,3448248.5,6.779303185826615
2281,Chryseobacterium_piscium,bacteria,167420.0,4319169.0,25.798405208457773
2282,Chryseobacterium_polytrichastri,bacteria,237306.0,5142650.0,21.67096491449858
2283,Chryseobacterium_populi,bacteria,252433.0,4484672.0,17.765791318884617
2284,Chryseobacterium_rhizosphaerae,bacteria,318455.0,5267290.0,16.540139109136298
2285,Chryseobacterium_salivictor,bacteria,1364728.0,3139453.0,2.3004239672667373
2286,Chryseobacterium_scophthalmum,bacteria,1326926.0,4468393.0,3.367477161499586
2287,Chryseobacterium_shandongense,bacteria,1996434.0,4509869.0,2.258962229655476
2288,Chryseobacterium_shigense,bacteria,1668738.5,5205378.0,3.1193491370876862
2289,Chryseobacterium_soldanellicola,bacteria,945216.0,4136421.0,4.37616481312208
2290,Chryseobacterium_soli,bacteria,807097.0,4754478.0,5.8908383998453715
2291,Chryseobacterium_sp,bacteria,859439.9607843137,4393548.549019608,5.112106429179896
2292,Chryseobacterium_taeanense,bacteria,530961.0,3935355.0,7.411759055749857
2293,Chryseobacterium_taichungense,bacteria,680464.0,4478932.0,6.5821733405441
2294,Chryseobacterium_taihuense,bacteria,313347.0,3403025.0,10.860244393595599
2295,Chryseobacterium_taiwanense,bacteria,534015.0,4126328.0,7.726988942258176
2296,Chryseobacterium_takakiae,bacteria,517675.0,4198109.0,8.109545564301927
2297,Chryseobacterium_taklimakanense,bacteria,1196222.5,2651833.5,2.2168396765651877
2298,Chryseobacterium_ureilyticum,bacteria,956492.0,5183225.0,5.418994617832664
2299,Chryseobacterium_viscerum,bacteria,686555.0,5693782.0,8.293264195876514
2300,Chryseobacterium_wanjuense,bacteria,1497744.0,4668404.0,3.1169572370178082
2301,Chryseolinea_serpens,bacteria,2164634.0,8357597.0,3.8609746497560327
2302,Chryseolinea_soli,bacteria,3701559.0,8241389.0,2.2264643086872313
2303,Chryseomicrobium_excrementi,bacteria,726733.0,2643527.0,3.6375491411563807
2304,Chryseotalea_sanaruensis,bacteria,847300.0,4712046.0,5.561248672253039
2305,Chrysolophus_pictus,ensembl,3498065.0,1023990748.0,292.73062335891416
2306,Chrysosporum_ovalisporum,bacteria,154933.0,7467982.0,48.20136446076691
2307,Chthoniobacter_flavus,bacteria,591820.0,7848700.0,13.261971545402318
2308,Chthoniobacterales_bacterium,bacteria,109706.0,3626388.0,33.05551200481286
2309,Chthonomonas_calidirosea,bacteria,1554566.0,3437861.0,2.211460304676675
2310,Ciceribacter_ferrooxidans,bacteria,728550.0,5094448.0,6.992585272115846
2311,Ciceribacter_lividus,bacteria,585146.0,4521451.0,7.7270476086310085
2312,Ciceribacter_naphthalenivorans,bacteria,560213.0,4974763.0,8.880127737128557
2313,Ciceribacter_selenitireducens,bacteria,608645.0,4658331.0,7.653609246769463
2314,Ciona_intestinalis,ensembl,4931359.0,115227500.0,23.3662769228523
2315,Ciona_savignyi,ensembl,3084002.0,177003750.0,57.39417484165055
2316,Citreicella_sp,bacteria,614742.0,4950073.666666667,8.052278299948055
2317,Citreimonas_salinaria,bacteria,429903.0,4259991.0,9.909191143118331
2318,Citricoccus_muralis,bacteria,1596612.0,3520711.0,2.205113703266667
2319,Citricoccus_sp,bacteria,1540165.0,3561338.0,2.312309395421919
2320,Citrifermentans_bemidjiense,bacteria,2025228.0,4615150.0,2.278829840393279
2321,Citrobacter_amalonaticus,bacteria,1788045.6666666667,5248100.333333333,2.935104192901859
2322,Citrobacter_arsenatis,bacteria,2371393.0,5370228.0,2.2645879447227855
2323,Citrobacter_braakii,bacteria,679740.75,5191971.625,7.638164439898594
2324,Citrobacter_farmeri,bacteria,2416391.0,5715629.0,2.3653576759721417
2325,Citrobacter_freundii,bacteria,1186069.1351351351,5470680.081081081,4.6124462048814525
2326,Citrobacter_gillenii,bacteria,576827.0,5167205.0,8.957980469014107
2327,Citrobacter_koseri,bacteria,1748492.25,4728825.5,2.7045161338290176
2328,Citrobacter_murliniae,bacteria,543605.0,5024923.0,9.243702688533034
2329,Citrobacter_pasteurii,bacteria,427455.0,4986623.0,11.665843188171854
2330,Citrobacter_portucalensis,bacteria,2277260.0,5213846.0,2.2895260093269982
2331,Citrobacter_sp,bacteria,841743.8292682926,5037282.853658536,5.984341884676866
2332,Citrobacter_tructae,bacteria,2199185.0,4946572.0,2.24927507235635
2333,Citrobacter_werkmanii,bacteria,448741.3333333333,5028129.333333333,11.20496143286704
2334,Citrobacter_youngae,bacteria,1861329.0,5065023.5,2.7211865822753527
2335,Citromicrobium_sp,bacteria,531436.4285714285,3121724.1428571427,5.874125248148213
2336,Citrullus_lanatus,plants,10914840.0,365450462.0,33.48198067951523
2337,Citrus_clementina,plants,17037239.0,301364702.0,17.688588039411783
2338,Clavibacter_cf,bacteria,695007.0,3420753.0,4.92189718952471
2339,Clavibacter_michiganensis,bacteria,666496.9047619047,3298839.523809524,4.94951964553831
2340,Clavibacter_phaseoli,bacteria,30703.5,3048322.0,99.28255736316707
2341,Clavibacter_sp,bacteria,543359.5,3130908.5,5.762130780818224
2342,Cloacibacillus_porcorum,bacteria,1573201.0,3585187.0,2.2789122305414247
2343,Cloacibacillus_sp,bacteria,299281.0,2895526.0,9.67494094179049
2344,Cloacibacterium_normanense,bacteria,352267.0,2784390.5,7.904204765135536
2345,Clostridia_bacterium,bacteria,201571.5,2958904.0,14.679178356067203
2346,Clostridiaceae_bacterium,bacteria,581751.8666666667,3649829.6,6.273859714302019
2347,Clostridiales_bacterium,bacteria,339926.03846153844,3185091.6923076925,9.369955025284348
2348,Clostridiales_family,bacteria,49148.0,1830559.0,37.24584927158786
2349,Clostridioides_difficile,bacteria,615463.9047619047,4556944.0,7.404080019547005
2350,Clostridium_aceticum,bacteria,1800602.0,4207037.0,2.3364613612558465
2351,Clostridium_acetireducens,bacteria,123291.0,2424212.0,19.66252200079487
2352,Clostridium_acetobutylicum,bacteria,1776146.0,4132880.0,2.3268807857011753
2353,Clostridium_acidisoli,bacteria,671098.0,3999957.0,5.960317271099005
2354,Clostridium_algidicarnis,bacteria,302155.0,2835143.0,9.383074911882973
2355,Clostridium_amylolyticum,bacteria,713982.0,4262456.0,5.969976834149881
2356,Clostridium_argentinense,bacteria,684734.0,4742562.0,6.9261377410790175
2357,Clostridium_autoethanogenum,bacteria,1035923.5,4479211.5,4.323882506768116
2358,Clostridium_baratii,bacteria,891836.6666666666,3199335.3333333335,3.587355681720495
2359,Clostridium_bartlettii,bacteria,491106.0,2961274.0,6.029806192553135
2360,Clostridium_beijerinckii,bacteria,1268582.0833333333,5909975.666666667,4.658725473354931
2361,Clostridium_bornimense,bacteria,1439832.0,3617025.0,2.512115996866301
2362,Clostridium_botulinum,bacteria,1037336.90625,3891473.40625,3.751407457696437
2363,Clostridium_butyricum,bacteria,910958.8,4533716.4,4.976862180814325
2364,Clostridium_cadaveris,bacteria,277658.0,3532192.0,12.721376657614764
2365,Clostridium_carboxidivorans,bacteria,134223.0,5592854.0,41.668372782608046
2366,Clostridium_carnis,bacteria,918383.0,5168057.0,5.627343929493469
2367,Clostridium_cavendishii,bacteria,405736.0,4987666.0,12.292885028688605
2368,Clostridium_celatum,bacteria,181301.0,3553721.0,19.601221173628385
2369,Clostridium_cellulovorans,bacteria,2217719.0,5262222.0,2.3728082773336028
2370,Clostridium_chauvoei,bacteria,1281090.0,2887451.0,2.253901755536301
2371,Clostridium_chromiireducens,bacteria,641780.5,5645763.5,8.797031851232626
2372,Clostridium_clostridioforme,bacteria,126518.0,4493879.0,35.51968099400876
2373,Clostridium_cochlearium,bacteria,599891.0,2508369.3333333335,4.181375172045144
2374,Clostridium_colicanis,bacteria,289981.0,2619501.0,9.033353909394064
2375,Clostridium_collagenovorans,bacteria,630595.0,3482404.0,5.522409787581569
2376,Clostridium_combesii,bacteria,407520.0,3892013.0,9.550483411857087
2377,Clostridium_coskatii,bacteria,298256.0,4565108.0,15.306005579099834
2378,Clostridium_cylindrosporum,bacteria,439436.0,2735032.0,6.223959803020235
2379,Clostridium_diolis,bacteria,250041.0,5852174.0,23.40485760335305
2380,Clostridium_disporicum,bacteria,206988.5,3627197.0,17.523664358164826
2381,Clostridium_drakei,bacteria,2427464.0,5695241.0,2.3461690883984274
2382,Clostridium_estertheticum,bacteria,2045335.0,4785613.0,2.3397697687664856
2383,Clostridium_fallax,bacteria,227017.0,2747337.0,12.101899857719907
2384,Clostridium_felsineum,bacteria,369945.0,5178654.0,13.99844301179905
2385,Clostridium_fermenticellae,bacteria,1208851.0,2819963.0,2.3327630948727345
2386,Clostridium_fessum,bacteria,741822.0,3277016.0,4.417523341178881
2387,Clostridium_formicaceticum,bacteria,1979284.0,4586755.0,2.3173809316904497
2388,Clostridium_frigidicarnis,bacteria,220024.0,4337414.0,19.713367632621896
2389,Clostridium_gasigenes,bacteria,682550.0,4056506.0,5.943163138231632
2390,Clostridium_grantii,bacteria,383545.0,4474501.0,11.666169549857253
2391,Clostridium_haemolyticum,bacteria,104402.5,2670062.0,25.57469409257441
2392,Clostridium_hathewayi,bacteria,172636.0,5587080.0,32.36335410922403
2393,Clostridium_homopropionicum,bacteria,343574.0,3650535.0,10.625178273094006
2394,Clostridium_indicum,bacteria,170097.0,5946122.0,34.95724204424534
2395,Clostridium_intestinale,bacteria,592063.0,4600598.0,7.770453482146325
2396,Clostridium_isatidis,bacteria,1259703.0,2869927.0,2.278256858958024
2397,Clostridium_kluyveri,bacteria,1763009.3333333333,4164012.3333333335,2.3618776455711714
2398,Clostridium_leptum,bacteria,240788.0,2818959.0,11.707223781916042
2399,Clostridium_liquoris,bacteria,174884.0,2876197.0,16.44631298460694
2400,Clostridium_ljungdahlii,bacteria,1201407.5,4496991.0,3.743102153099594
2401,Clostridium_luticellarii,bacteria,150006.0,3754778.0,25.030852099249362
2402,Clostridium_magnum,bacteria,1149214.0,6634930.0,5.773450375648052
2403,Clostridium_manihotivorum,bacteria,2580960.0,6364326.0,2.4658754881904406
2404,Clostridium_neonatale,bacteria,1534264.0,4705520.0,3.066955882429621
2405,Clostridium_nexile,bacteria,255448.0,2527326.0,9.893700479158184
2406,Clostridium_novyi,bacteria,519806.8,2561570.8,4.927928607321028
2407,Clostridium_oryzae,bacteria,224261.0,5074802.0,22.628999246413777
2408,Clostridium_papyrosolvens,bacteria,515162.0,4915287.0,9.541245278184338
2409,Clostridium_paraputrificum,bacteria,470841.0,3488595.0,7.4092846629753994
2410,Clostridium_pasteurianum,bacteria,2053147.75,4983764.25,2.4273773039470736
2411,Clostridium_perfringens,bacteria,901212.8125,3527334.5,3.913986187363487
2412,Clostridium_puniceum,bacteria,142743.0,6082167.0,42.60921376179567
2413,Clostridium_putrefaciens,bacteria,1309550.0,3121953.0,2.3839891565805047
2414,Clostridium_ragsdalei,bacteria,321621.0,4424992.0,13.758405079270322
2415,Clostridium_roseum,bacteria,287607.0,5067725.0,17.620311744846266
2416,Clostridium_saccharobutylicum,bacteria,1438020.5,5140579.0,3.574760582342185
2417,Clostridium_sartagoforme,bacteria,437809.5,3868561.5,8.836175322828765
2418,Clostridium_scatologenes,bacteria,2464551.0,5749410.0,2.332842777447089
2419,Clostridium_septicum,bacteria,1458385.0,3429431.0,2.3515265173462425
2420,Clostridium_sp,bacteria,394340.5690607735,3262921.414364641,8.274374158702852
2421,Clostridium_sporogenes,bacteria,1006293.8,4114226.4,4.088494234983858
2422,Clostridium_sulfidigenes,bacteria,251124.0,3717420.0,14.803125149328618
2423,Clostridium_taeniosporum,bacteria,1424013.0,3503506.0,2.4603047865433814
2424,Clostridium_tagluense,bacteria,295583.0,5195089.0,17.57573676429294
2425,Clostridium_tepidiprofundi,bacteria,251262.0,3060113.0,12.17897254658484
2426,Clostridium_tepidum,bacteria,176496.0,3074397.0,17.419074653249933
2427,Clostridium_tetani,bacteria,693822.6666666666,2863517.3333333335,4.127160254205205
2428,Clostridium_tetanomorphum,bacteria,195268.0,5553690.0,28.441372882397527
2429,Clostridium_thermobutyricum,bacteria,808993.5,3451774.0,4.266751216171699
2430,Clostridium_thermopalmarium,bacteria,247640.0,2819317.0,11.38473994508157
2431,Clostridium_tyrobutyricum,bacteria,844923.0,3089001.0,3.655955631459908
2432,Clostridium_uliginosum,bacteria,273960.0,4080971.0,14.896229376551322
2433,Clostridium_vincentii,bacteria,170766.0,3505833.0,20.530041108885843
2434,Clupea_harengus,ensembl,22040662.0,786325606.0,35.67613377492926
2435,Cnuella_takakiae,bacteria,494158.0,5659359.0,11.452529352959985
2436,Cnuibacter_physcomitrellae,bacteria,1922223.0,4351649.0,2.2638627256046777
2437,Cobetia_marina,bacteria,993007.0,4177239.0,4.206656146431999
2438,Cobetia_sp,bacteria,789330.25,3952055.0,5.006845993802974
2439,Cochleicola_gelatinilyticus,bacteria,819576.0,3395737.0,4.143285064472361
2440,Cocleimonas_flava,bacteria,1106243.0,4491576.0,4.060207386623011
2441,Coffea_canephora,plants,15422713.0,568611505.0,36.86844882609175
2442,Cognaticolwellia_beringensis,bacteria,1981498.0,4661274.0,2.3523990435518987
2443,Cognatishimia_activa,bacteria,642008.0,3479689.0,5.420008784937259
2444,Cognatishimia_maritima,bacteria,695747.0,3284915.0,4.721421723701288
2445,Cognatiyoonia_koreensis,bacteria,1398825.0,3648231.0,2.6080682000965094
2446,Cognatiyoonia_sediminum,bacteria,940251.0,3257490.0,3.4644898011275713
2447,Cohaesibacter_celericrescens,bacteria,554464.0,5015406.0,9.045503405090322
2448,Cohaesibacter_gelatinilyticus,bacteria,1274538.0,5198252.0,4.0785382624919775
2449,Cohaesibacter_marisflavi,bacteria,643604.0,5339722.0,8.296595422029695
2450,Cohaesibacter_sp,bacteria,2205980.0,5110332.0,2.3165812926681113
2451,Cohnella_abietis,bacteria,3098041.0,7059027.0,2.2785453775466498
2452,Cohnella_endophytica,bacteria,782699.0,6268162.0,8.008394031422041
2453,Cohnella_faecalis,bacteria,1127883.0,6426246.0,5.697617572035397
2454,Cohnella_fermenti,bacteria,355953.0,8522422.0,23.942548594898764
2455,Cohnella_lupini,bacteria,654956.0,6342800.0,9.68431467151992
2456,Cohnella_phaseoli,bacteria,464367.0,9401845.0,20.246582982856232
2457,Cohnella_sp,bacteria,552124.0,6449364.25,11.681006893379024
2458,Coleofasciculus_chthonoplastes,bacteria,484788.0,8679041.0,17.902755431240045
2459,Colletotrichum_gloeosporioides,fungi,408302.0,55607143.0,136.19120895807515
2460,Colletotrichum_graminicola,fungi,1390449.0,51644307.0,37.14217997208096
2461,Colletotrichum_higginsianum,fungi,36210.0,49084868.0,1355.5611157138912
2462,Colletotrichum_orbiculare,fungi,1605716.0,90086138.0,56.10340682910303
2463,Collimonas_arenae,bacteria,2262244.0,5177174.5,2.288512865986162
2464,Collimonas_fungivorans,bacteria,2372991.3333333335,5350316.666666667,2.2546718108536425
2465,Collimonas_pratensis,bacteria,2469562.5,5657962.0,2.2910786829651
2466,Collimonas_sp,bacteria,828179.6,5388061.6,6.505909587727106
2467,Colobus_angolensis,ensembl,10330784.0,2970124662.0,287.5023485148852
2468,Colwellia_chukchiensis,bacteria,508568.0,4023670.0,7.911764011892215
2469,Colwellia_marinimaniae,bacteria,285095.0,4387599.0,15.389954225784388
2470,Colwellia_ponticola,bacteria,498633.0,3722219.0,7.46484689140109
2471,Colwellia_psychrerythraea,bacteria,868581.25,5216441.5,6.0057035539277415
2472,Colwellia_sp,bacteria,1070674.5384615385,4804673.615384615,4.487520196649574
2473,Comamonadaceae_bacterium,bacteria,143952.8125,4334257.5,30.10887682378557
2474,Comamonas_aquatica,bacteria,953464.5,3860249.0,4.048655193769668
2475,Comamonas_kerstersii,bacteria,962300.5,3283179.5,3.411802758078168
2476,Comamonas_serinivorans,bacteria,1887841.0,4522913.0,2.3958124651387482
2477,Comamonas_sp,bacteria,691810.75,4755167.125,6.8735085787551
2478,Comamonas_terrigena,bacteria,2042698.0,4710225.0,2.305884178669583
2479,Comamonas_testosteroni,bacteria,1603454.4285714286,5672986.857142857,3.537978227542838
2480,Comamonas_thiooxydans,bacteria,478954.8,5456787.6,11.393116010112019
2481,Commensalibacter_intestini,bacteria,492346.0,2444877.0,4.965770007271309
2482,Commensalibacter_sp,bacteria,680578.5,2140757.0,3.1454960742956177
2483,Companilactobacillus_alimentarius,bacteria,1057212.0,2401923.0,2.27194072712001
2484,Companilactobacillus_allii,bacteria,1136039.0,2534178.0,2.230713910349909
2485,Companilactobacillus_bobalius,bacteria,542150.0,2882915.0,5.317559715945771
2486,Companilactobacillus_crustorum,bacteria,1005314.0,2316479.0,2.304234298935457
2487,Companilactobacillus_farciminis,bacteria,801870.0,2474489.6666666665,3.085898794900254
2488,Companilactobacillus_futsaii,bacteria,641132.0,2583574.5,4.0297076109131975
2489,Companilactobacillus_ginsenosidimutans,bacteria,1135429.0,2590556.0,2.28156582225749
2490,Companilactobacillus_heilongjiangensis,bacteria,1161530.0,2790548.0,2.402476044527477
2491,Companilactobacillus_kimchiensis,bacteria,217946.0,2698724.0,12.382535123379185
2492,Companilactobacillus_kimchii,bacteria,331646.0,2746576.0,8.281649710836254
2493,Companilactobacillus_mindensis,bacteria,123793.0,2336411.0,18.8735308135355
2494,Companilactobacillus_nantensis,bacteria,171462.0,2914395.0,16.997323022010708
2495,Companilactobacillus_nodensis,bacteria,479595.0,2683197.0,5.594714290182341
2496,Companilactobacillus_nuruki,bacteria,193237.0,2582291.0,13.363336214079084
2497,Companilactobacillus_paralimentarius,bacteria,109928.0,2548273.0,23.181291390728475
2498,Companilactobacillus_tucceti,bacteria,178423.0,2173857.0,12.183726313311624
2499,Companilactobacillus_versmoldensis,bacteria,216775.0,2373204.0,10.947775343097682
2500,Companilactobacillus_zhachilii,bacteria,1132105.0,2714973.0,2.398163597899488
2501,Compostimonas_suwonensis,bacteria,787010.0,3882495.0,4.933221941271395
2502,Conchiformibius_steedae,bacteria,257056.0,2371914.0,9.227226752147391
2503,Conexibacter_woesei,bacteria,2958384.0,6359369.0,2.14960904331554
2504,Confluentibacter_flavum,bacteria,284334.0,4136527.0,14.548126499117235
2505,Congregibacter_litoralis,bacteria,1984579.0,4351117.0,2.192463489737622
2506,Conservatibacter_flavescens,bacteria,323810.0,2607477.0,8.052490658101974
2507,Consotaella_salsifontis,bacteria,432532.0,4652084.0,10.755467803538235
2508,Convivina_intestini,bacteria,307060.0,1600079.0,5.2109652836579174
2509,Coprobacillus_cateniformis,bacteria,759014.0,3857363.0,5.082070949942953
2510,Coprobacillus_sp,bacteria,330451.15789473685,2940790.4210526315,8.899319463088103
2511,Coprobacter_fastidiosus,bacteria,553780.0,3411820.0,6.16096644877027
2512,Coprobacter_secundus,bacteria,434348.0,4138744.0,9.52863602457016
2513,Coprobacter_sp,bacteria,343644.0,3139957.0,9.137237955558659
2514,Coprococcus_catus,bacteria,691420.3333333334,3487509.0,5.043978072190529
2515,Coprococcus_comes,bacteria,308514.63636363635,3274083.090909091,10.612407662403523
2516,Coprococcus_eutactus,bacteria,456263.25,3078343.25,6.746857762486898
2517,Coprococcus_sp,bacteria,518955.3333333333,2929159.1666666665,5.64433772720324
2518,Coprothermobacter_proteolyticus,bacteria,663821.0,1424912.0,2.1465304652910953
2519,Coraliomargarita_akajimensis,bacteria,1695162.0,3750771.0,2.212632774920627
2520,Coraliomargarita_sinensis,bacteria,501358.0,3569655.0,7.119972155625321
2521,Coraliomargarita_sp,bacteria,147242.5,2067224.0,14.039587754894137
2522,Corallincola_holothuriorum,bacteria,568497.0,4308247.0,7.578310879388986
2523,Corallococcus_aberystwythensis,bacteria,93022.0,9981836.0,107.30618563350605
2524,Corallococcus_carmarthensis,bacteria,159325.0,10793792.0,67.74700768868665
2525,Corallococcus_coralloides,bacteria,4498032.0,9834253.5,2.186345828575697
2526,Corallococcus_exercitus,bacteria,74645.0,10148184.0,135.952629111126
2527,Corallococcus_exiguus,bacteria,88890.0,10460822.0,117.68277646529418
2528,Corallococcus_interemptor,bacteria,177335.0,9471940.0,53.41269348972284
2529,Corallococcus_llansteffanensis,bacteria,67005.0,10526383.0,157.0984702634132
2530,Corallococcus_macrosporus,bacteria,4056449.0,8988552.5,2.2158672523677727
2531,Corallococcus_sicarius,bacteria,128176.0,10393104.0,81.08463362876046
2532,Corallococcus_sp,bacteria,456776.6,10088012.8,22.085222404124906
2533,Corallococcus_terminator,bacteria,112289.0,10351705.0,92.18805938248626
2534,Corchorus_capsularis,plants,253792.0,317178409.0,1249.7573170155088
2535,Coriobacteriaceae_bacterium,bacteria,439636.0,2149188.0,4.888562356130981
2536,Corticibacter_populi,bacteria,1006846.0,4201169.0,4.172603357415136
2537,Corvus_moneduloides,ensembl,16066683.0,1112734094.0,69.25723834845064
2538,Corylus_avellana,plants,18155518.0,369779143.0,20.36731438893674
2539,Corymbia_citriodora,plants,20571074.0,544191601.0,26.454214349722335
2540,Corynebacterium_accolens,bacteria,647267.6666666666,2513509.0,3.8832605573273913
2541,Corynebacterium_afermentans,bacteria,162655.0,2326687.0,14.304429620976915
2542,Corynebacterium_alimapuense,bacteria,565127.0,2287550.0,4.047851190971233
2543,Corynebacterium_ammoniagenes,bacteria,392801.0,2764167.0,7.037067115409584
2544,Corynebacterium_amycolatum,bacteria,398045.0,2551346.5,6.409693627604919
2545,Corynebacterium_appendicis,bacteria,310784.0,2248056.0,7.233499794069193
2546,Corynebacterium_aquilae,bacteria,1252522.0,2926437.0,2.336435607518271
2547,Corynebacterium_argentoratense,bacteria,933397.0,2031902.0,2.1768893621899363
2548,Corynebacterium_aurimucosum,bacteria,696559.0,2768769.3333333335,3.974924354338015
2549,Corynebacterium_bovis,bacteria,305392.6666666667,2641354.3333333335,8.649043089879914
2550,Corynebacterium_callunae,bacteria,1288179.0,2928683.0,2.2735062440856435
2551,Corynebacterium_camporealensis,bacteria,1116026.5,2450919.5,2.196112278695891
2552,Corynebacterium_casei,bacteria,793131.0,3122474.5,3.9368963008632876
2553,Corynebacterium_choanae,bacteria,1181881.0,2986773.0,2.527135134586308
2554,Corynebacterium_coyleae,bacteria,629995.6666666666,2495893.6666666665,3.9617632290592475
2555,Corynebacterium_crenatum,bacteria,314322.0,3346700.0,10.64736162279446
2556,Corynebacterium_crudilactis,bacteria,1393581.0,3217288.0,2.308648008260733
2557,Corynebacterium_cystitidis,bacteria,401734.0,2948772.0,7.340110620460305
2558,Corynebacterium_diphtheriae,bacteria,1036045.1666666666,2633089.8333333335,2.541481701811263
2559,Corynebacterium_doosanense,bacteria,1226312.0,2698995.0,2.2009040113772027
2560,Corynebacterium_durum,bacteria,596733.0,2809576.0,4.708263159570528
2561,Corynebacterium_efficiens,bacteria,1408956.0,3219505.0,2.2850287730773706
2562,Corynebacterium_epidermidicanis,bacteria,1207214.0,2692072.0,2.229987392459001
2563,Corynebacterium_falsenii,bacteria,773551.5,2649772.0,3.4254629459059935
2564,Corynebacterium_flavescens,bacteria,698386.5,2631532.5,3.7680174230171977
2565,Corynebacterium_frankenforstense,bacteria,1156698.0,2604152.0,2.251367254028277
2566,Corynebacterium_freneyi,bacteria,182225.0,3042317.0,16.69538757031143
2567,Corynebacterium_genitalium,bacteria,676176.0,2333642.0,3.451234589810937
2568,Corynebacterium_gerontici,bacteria,1040628.0,2263210.0,2.1748501866180807
2569,Corynebacterium_glaucum,bacteria,1164146.0,2518659.0,2.163525021775619
2570,Corynebacterium_glucuronolyticum,bacteria,339970.5,2848165.5,8.377684240250257
2571,Corynebacterium_glutamicum,bacteria,955571.1111111111,3304346.222222222,3.457980451481022
2572,Corynebacterium_glyciniphilum,bacteria,1624297.0,3568218.0,2.1967768209877874
2573,Corynebacterium_gottingense,bacteria,253108.0,2623280.0,10.364271378225896
2574,Corynebacterium_hadale,bacteria,259629.0,2689254.0,10.358064777047248
2575,Corynebacterium_halotolerans,bacteria,1406056.0,3222008.0,2.291521817054228
2576,Corynebacterium_heidelbergense,bacteria,56867.0,2293936.0,40.33861466228217
2577,Corynebacterium_humireducens,bacteria,1235069.0,2681312.0,2.1709815403026065
2578,Corynebacterium_imitans,bacteria,1173334.0,2565463.5,2.1864733315492435
2579,Corynebacterium_jeikeium,bacteria,976982.5,2483796.0,2.542313705721443
2580,Corynebacterium_kefirresidentii,bacteria,369784.0,2628783.0,7.108969019752071
2581,Corynebacterium_kroppenstedtii,bacteria,526486.75,2501327.25,4.750978538396265
2582,Corynebacterium_kutscheri,bacteria,1022759.0,2354065.0,2.3016810411837003
2583,Corynebacterium_lactis,bacteria,1242232.0,2769745.0,2.229651949072315
2584,Corynebacterium_liangguodongii,bacteria,1070275.0,2357924.0,2.203101072154353
2585,Corynebacterium_lipophiloflavum,bacteria,551506.0,2385784.0,4.325943870057624
2586,Corynebacterium_lowii,bacteria,503458.0,2354433.0,4.676523165785428
2587,Corynebacterium_macginleyi,bacteria,272209.0,2349818.0,8.63240377797942
2588,Corynebacterium_marinum,bacteria,1221007.0,2729219.0,2.235219781704773
2589,Corynebacterium_maris,bacteria,1275159.0,2833547.0,2.2221126933974507
2590,Corynebacterium_mastitidis,bacteria,155358.0,2264319.0,14.574846483605608
2591,Corynebacterium_matruchotii,bacteria,906085.3333333334,2909028.3333333335,3.2105456586870407
2592,Corynebacterium_minutissimum,bacteria,926517.0,2737451.6666666665,2.9545617259766055
2593,Corynebacterium_mustelae,bacteria,1521077.0,3474226.0,2.2840566256672084
2594,Corynebacterium_mycetoides,bacteria,1041498.0,2266470.0,2.1761635644043484
2595,Corynebacterium_oculi,bacteria,646903.0,2413873.0,3.731429596090913
2596,Corynebacterium_otitidis,bacteria,506227.0,2118285.0,4.184456775320163
2597,Corynebacterium_pelargi,bacteria,1075296.0,2370062.0,2.204101940302949
2598,Corynebacterium_phocae,bacteria,1231552.0,2791883.0,2.266963148937276
2599,Corynebacterium_pilosum,bacteria,1189060.0,2593653.0,2.1812633508822095
2600,Corynebacterium_pollutisoli,bacteria,467766.0,2540854.0,5.431891159254841
2601,Corynebacterium_propinquum,bacteria,282755.0,2773166.0,9.807663878622837
2602,Corynebacterium_provencense,bacteria,1413266.0,3111650.0,2.201744045353104
2603,Corynebacterium_pseudodiphtheriticum,bacteria,270004.5,2815765.0,10.428585449501767
2604,Corynebacterium_pseudogenitalium,bacteria,501550.0,2601426.0,5.1867730036885655
2605,Corynebacterium_pseudopelargi,bacteria,1064129.0,2348160.0,2.2066497576891524
2606,Corynebacterium_pseudotuberculosis,bacteria,1043569.0,2345131.0,2.2472217936715255
2607,Corynebacterium_pyruviciproducens,bacteria,632834.0,2796019.5,4.418251073741297
2608,Corynebacterium_renale,bacteria,1070074.0,2348927.0,2.1951070673616964
2609,Corynebacterium_resistens,bacteria,1163742.0,2601311.0,2.23529871741331
2610,Corynebacterium_riegelii,bacteria,801484.5,2530370.0,3.1571040987068373
2611,Corynebacterium_segmentosum,bacteria,1068771.0,2373440.0,2.2207189379202843
2612,Corynebacterium_silvaticum,bacteria,674150.0,2554413.0,3.789086998442483
2613,Corynebacterium_simulans,bacteria,1240014.0,2737971.0,2.2080161998170986
2614,Corynebacterium_sp,bacteria,346763.45652173914,2584895.065217391,7.454346807894794
2615,Corynebacterium_sphenisci,bacteria,1182968.0,2594799.0,2.193465081050375
2616,Corynebacterium_spheniscorum,bacteria,296313.0,2455506.0,8.286865577953042
2617,Corynebacterium_stationis,bacteria,803029.0,2792801.0,3.47783330365404
2618,Corynebacterium_striatum,bacteria,720279.0,2908587.0,4.038139387653951
2619,Corynebacterium_tapiri,bacteria,269851.0,2253722.0,8.351727434769558
2620,Corynebacterium_terpenotabidum,bacteria,1244704.0,2751233.0,2.210351216032085
2621,Corynebacterium_testudinoris,bacteria,1247456.0,2721226.0,2.1814204268527306
2622,Corynebacterium_timonense,bacteria,1173176.0,2633185.0,2.2444927274339057
2623,Corynebacterium_tuberculostearicum,bacteria,329545.0,2372261.0,7.198595032544873
2624,Corynebacterium_tuscaniense,bacteria,178311.0,2241341.5,12.569844260870052
2625,Corynebacterium_ulcerans,bacteria,888635.6,2556223.2,2.8765707788434316
2626,Corynebacterium_urealyticum,bacteria,1054300.0,2369219.0,2.247196243953334
2627,Corynebacterium_ureicelerivorans,bacteria,1059681.0,2328278.0,2.197149896997304
2628,Corynebacterium_uterequi,bacteria,1096682.0,2419437.0,2.206142710466662
2629,Corynebacterium_variabile,bacteria,898745.5,3309278.5,3.682108561322421
2630,Corynebacterium_vitaeruminis,bacteria,1290883.0,2931780.0,2.271143085779269
2631,Corynebacterium_xerosis,bacteria,561807.3333333334,3388973.3333333335,6.032269663028013
2632,Corynebacterium_yudongzhengii,bacteria,172178.0,2450475.0,14.232218982680713
2633,Cottoperca_gobio,ensembl,18481889.0,609391784.0,32.972375496898614
2634,Coturnix_japonica,ensembl,15921464.0,927656957.0,58.26455136286462
2635,Couchioplanes_caeruleus,bacteria,1914380.5,8394546.5,4.384993735571377
2636,Coxiella_burnetii,bacteria,879902.5,2122872.0,2.412621852989394
2637,Crenarchaeota_archaeon,bacteria,223652.0909090909,1824958.2727272727,8.159808680121277
2638,Crenobacter_cavernae,bacteria,934952.0,3116927.0,3.3337829107804464
2639,Crenobacter_intestini,bacteria,378553.0,3428050.0,9.055667238141027
2640,Crenobacter_luteus,bacteria,270996.0,2859035.0,10.550100370485174
2641,Crenothrix_polyspora,bacteria,139605.0,3921813.0,28.092210164392394
2642,Crenothrix_sp,bacteria,314466.0,3633770.0,11.555366875910273
2643,Criblamydia_sequanensis,bacteria,487570.0,2969604.0,6.090620833931538
2644,Cribrihabitans_marinus,bacteria,476978.0,4175922.0,8.754957251697144
2645,Cricetibacter_osteomyelitidis,bacteria,203368.0,2732036.0,13.433952244207545
2646,Cricetulus_griseus,ensembl,20518094.0,2374862837.3333335,115.74480735556303
2647,Criibacterium_bergeronii,bacteria,186087.0,2176288.0,11.695002874999329
2648,Crinalium_epipsammum,bacteria,2267379.0,5620407.0,2.4788123203046335
2649,Croceibacter_atlanticus,bacteria,1363427.0,2952962.0,2.165837994993498
2650,Croceibacterium_atlanticum,bacteria,1576107.0,3475106.0,2.2048668015559856
2651,Croceibacterium_mercuriale,bacteria,1278305.0,3482341.0,2.724186324859873
2652,Croceicoccus_marinus,bacteria,1582257.0,4109188.0,2.597042073443189
2653,Croceicoccus_naphthovorans,bacteria,1674236.0,3863562.0,2.3076567461218134
2654,Croceicoccus_sp,bacteria,582001.0,3633781.5,6.24360009690705
2655,Croceitalea_dokdonensis,bacteria,671215.0,3883802.0,5.786226469909045
2656,Croceivirga_radicis,bacteria,527477.0,3602643.0,6.829952775192094
2657,Crocinitomicaceae_bacterium,bacteria,291489.8888888889,3150122.888888889,10.806971387229366
2658,Crocodylus_porosus,ensembl,15481742.0,2049536252.0,132.38408520178155
2659,Crocosphaera_subtropica,bacteria,2244035.0,5460377.0,2.433285131470766
2660,Crocosphaera_watsonii,bacteria,301228.0,6064330.0,20.132026239260625
2661,Cronobacter_condimenti,bacteria,153149.0,4480625.0,29.256638959444725
2662,Cronobacter_dublinensis,bacteria,1386215.3333333333,4664607.666666667,3.3649950007766956
2663,Cronobacter_malonaticus,bacteria,1283575.0,4513744.0,3.5165409111271253
2664,Cronobacter_muytjensii,bacteria,249411.0,4354489.0,17.459089615133255
2665,Cronobacter_sakazakii,bacteria,2016340.3333333333,5400016.666666667,2.6781275846124526
2666,Cronobacter_turicensis,bacteria,1159321.0,4617160.5,3.9826419947538256
2667,Cronobacter_universalis,bacteria,1933529.0,4436903.0,2.294717586340831
2668,Cruoricaptor_ignavus,bacteria,355285.0,2229574.0,6.275452101833739
2669,Cryobacterium_arcticum,bacteria,1568182.5,4328372.5,2.760120394150553
2670,Cryobacterium_levicorallinum,bacteria,332458.0,3754378.0,11.292788863555698
2671,Cryobacterium_luteum,bacteria,392991.0,3834069.0,9.756124186050062
2672,Cryobacterium_melibiosiphilum,bacteria,267682.0,4711041.0,17.599394057127487
2673,Cryobacterium_psychrotolerans,bacteria,343402.0,3247111.0,9.455713711626606
2674,Cryobacterium_roopkundense,bacteria,113722.0,4356826.0,38.311197481577885
2675,Cryobacterium_sp,bacteria,150404.5,4169150.0,27.719582858225653
2676,Cryobacterium_tepidiphilum,bacteria,238239.0,2862819.0,12.01658418646821
2677,Cryobacterium_zongtaii,bacteria,489363.0,4065648.0,8.308041269977501
2678,Cryomorphaceae_bacterium,bacteria,62430.166666666664,1920824.9166666667,30.767576305258412
2679,Cryptococcus_neoformans,fungi,1959586.0,19051922.0,9.72242198096945
2680,Cryptosporangium_aurantiacum,bacteria,1129917.0,9579923.0,8.478430716592458
2681,Cucumis_melo,plants,14517504.0,357857370.0,24.650061746151405
2682,Cucumis_sativus,plants,13843392.0,193829320.0,14.001577070128477
2683,Culicoidibacter_larvae,bacteria,381322.0,2502375.0,6.562367238187149
2684,Culturomica_sp,bacteria,255016.0,3829305.0,15.015940176302664
2685,Cuneatibacter_caecimuris,bacteria,820196.0,3462725.0,4.221826246409395
2686,Cuniculiplasma_sp,bacteria,610056.0,1606190.0,2.63285665578242
2687,Cupidesulfovibrio_sp,bacteria,1268765.0,3916380.0,3.0867654766643153
2688,Cupriavidus_agavae,bacteria,1381855.0,5791022.0,4.19075952252588
2689,Cupriavidus_alkaliphilus,bacteria,728342.5,6143037.0,8.434269591572646
2690,Cupriavidus_basilensis,bacteria,1571258.5,8483849.0,5.399397362050865
2691,Cupriavidus_gilardii,bacteria,2047851.0,5578743.0,2.72419380120917
2692,Cupriavidus_metallidurans,bacteria,2221788.25,6893129.0,3.1025139321895323
2693,Cupriavidus_nantongensis,bacteria,2640196.0,7136420.0,2.7029887175043066
2694,Cupriavidus_necator,bacteria,2051791.75,8085357.75,3.940632742089932
2695,Cupriavidus_oxalaticus,bacteria,1474748.5,8242377.0,5.589005176136813
2696,Cupriavidus_pauculus,bacteria,1473786.0,6790320.5,4.6073992424951795
2697,Cupriavidus_pinatubonensis,bacteria,2479196.0,7255290.0,2.9264689036284346
2698,Cupriavidus_plantarum,bacteria,1839290.0,6390750.0,3.4745744281760897
2699,Cupriavidus_sp,bacteria,750372.3,7452392.6,9.931593423691146
2700,Cupriavidus_taiwanensis,bacteria,946881.2142857143,5474436.5,5.781545158364637
2701,Curtobacterium_citreum,bacteria,90768.0,3453097.0,38.043109906575005
2702,Curtobacterium_flaccumfaciens,bacteria,335791.5,3746148.5,11.156174292678642
2703,Curtobacterium_luteum,bacteria,127558.0,3585292.0,28.107151256683235
2704,Curtobacterium_oceanosedimentum,bacteria,123532.0,3420440.0,27.688696046368552
2705,Curtobacterium_sp,bacteria,555194.35,3769905.25,6.790244263112548
2706,Curvibacter_sp,bacteria,660203.5,4151386.6666666665,6.288040985342651
2707,Cuspidothrix_issatschenkoi,bacteria,120345.0,4547138.0,37.78418712867173
2708,Cutibacterium_acnes,bacteria,611861.6607142857,2516256.6071428573,4.112460003140884
2709,Cutibacterium_avidum,bacteria,755765.0,2651936.25,3.5089429253802438
2710,Cutibacterium_granulosum,bacteria,353974.75,2437118.0,6.885005215767509
2711,Cutibacterium_modestum,bacteria,472021.0,2633573.0,5.579355579518708
2712,Cyanidioschyzon_merolae,plants,1185132.0,16728945.0,14.115680784925223
2713,Cyanistes_caeruleus,ensembl,12750904.0,1186980630.0,93.08991974216103
2714,Cyanobacteria_bacterium,bacteria,84415.85714285714,4424065.714285715,52.407993758789395
2715,Cyanobacterium_aponinum,bacteria,945518.0,4222900.0,4.466229093470457
2716,Cyanobacterium_endosymbiont,bacteria,869900.0,3020309.0,3.4720186228302103
2717,Cyanobacterium_sp,bacteria,264693.0,3410249.0,12.883789899997355
2718,Cyanobacterium_stanieri,bacteria,1384689.0,3163381.0,2.2845425940409725
2719,Cyanobium_gracile,bacteria,1498621.0,3342364.0,2.230293049410091
2720,Cyanobium_sp,bacteria,486957.14285714284,2967274.8571428573,6.093503095021563
2721,Cyanobium_usitatum,bacteria,284660.0,2515215.0,8.835856811634933
2722,Cyanosarcina_cf,bacteria,170144.0,7549128.0,44.36905209704721
2723,Cyanothece_sp,bacteria,1240123.0,5217781.0,4.207470549292288
2724,Cyclobacteriaceae_bacterium,bacteria,790151.0,5022377.0,6.356224316617963
2725,Cyclobacterium_amurskyense,bacteria,2651808.0,6158829.0,2.322501855337943
2726,Cyclobacterium_lianum,bacteria,580652.0,5675162.0,9.773774997761137
2727,Cyclobacterium_marinum,bacteria,2714843.0,6221273.0,2.2915774503350654
2728,Cyclobacterium_qasimii,bacteria,235151.0,6291928.0,26.75696892634945
2729,Cyclobacterium_xiamenense,bacteria,1032311.0,5662104.0,5.484881978396046
2730,Cycloclasticus_sp,bacteria,399687.28571428574,2261826.714285714,5.658990903960274
2731,Cycloclasticus_zancles,bacteria,1209049.0,2655425.0,2.196292292537358
2732,Cyclopterus_lumpus,ensembl,15615306.0,572885595.0,36.687439554498646
2733,Cylindrospermopsis_raciborskii,bacteria,245673.75,3686601.0,15.006084288614474
2734,Cylindrospermopsis_sp,bacteria,229893.0,3723955.0,16.198644586829523
2735,Cylindrospermum_sp,bacteria,2921284.0,7704857.0,2.6374898845849977
2736,Cylindrospermum_stagnale,bacteria,3006989.0,7610589.0,2.5309666912649167
2737,Cynara_cardunculus,plants,1102085.0,724667265.0,657.5420815998766
2738,Cynoglossus_semilaevis,ensembl,17197487.0,470199494.0,27.341174556491886
2739,Cyprinodon_variegatus,ensembl,2605134.0,1035184475.0,397.36323544201565
2740,Cyprinus_carpio,ensembl,12884823.75,1439172074.75,111.69513085113019
2741,Cystobacter_ferrugineus,bacteria,1312730.0,12051756.0,9.180681480578642
2742,Cystobacter_fuscus,bacteria,3223863.5,12316059.0,3.8202793015274996
2743,Cytobacillus_firmus,bacteria,799090.0,5082185.5,6.3599663367080055
2744,Cytobacillus_horneckiae,bacteria,341950.0,5494436.0,16.067951454891066
2745,Cytobacillus_kochii,bacteria,1964729.0,4694375.0,2.3893244310029527
2746,Cytobacillus_oceanisediminis,bacteria,1018115.5,5824068.75,5.72044011705941
2747,Cytobacillus_praedii,bacteria,298213.0,5428138.0,18.202217877825582
2748,Cytobacillus_solani,bacteria,2144886.0,5315603.0,2.478268308898468
2749,Cytophaga_hutchinsonii,bacteria,2000577.0,4433218.0,2.2159696927436436
2750,Cytophagaceae_bacterium,bacteria,269745.5,4616123.5,17.112884181571147
2751,Cytophagales_bacterium,bacteria,712909.25,5695429.5,7.988996495697033
2752,Dactylococcopsis_salina,bacteria,1575580.0,3781008.0,2.399756280226964
2753,Daejeonella_lutea,bacteria,1238804.0,4028641.0,3.2520406779442106
2754,Daejeonella_rubra,bacteria,290152.0,4279285.0,14.748424963467423
2755,Danio_rerio,ensembl,28218515.0,1373471384.0,48.67270244376786
2756,Dankookia_rubra,bacteria,318465.0,7782305.0,24.436923994787495
2757,Dasypus_novemcinctus,ensembl,4493570.0,3631522711.0,808.1598174725218
2758,Daucus_carota,plants,15774905.0,421502825.0,26.719832861117073
2759,Dechloromonas_aromatica,bacteria,2068494.0,4501104.0,2.176029517126953
2760,Dechloromonas_denitrificans,bacteria,683427.0,4238526.0,6.201870865505753
2761,Dechloromonas_sp,bacteria,1511659.0,3258300.0,2.155446433355671
2762,Deferribacter_desulfuricans,bacteria,1116672.0,2542933.0,2.2772425564534617
2763,Defluviimonas_aquaemixtae,bacteria,1358855.0,4235016.0,3.116606260417778
2764,Defluviimonas_denitrificans,bacteria,780840.0,4107985.0,5.260981763229343
2765,Defluviimonas_sp,bacteria,119242.0,4260257.0,35.72782241156639
2766,Defluviitoga_tunisiensis,bacteria,913680.0,2053097.0,2.247063523334209
2767,Dehalobacter_sp,bacteria,525813.75,3069434.75,5.837494264841876
2768,Dehalococcoidales_bacterium,bacteria,123830.0,1330181.0,10.74199305499475
2769,Dehalococcoides_mccartyi,bacteria,555529.0,1459117.142857143,2.6265364055830442
2770,Dehalococcoides_sp,bacteria,668281.0,1473548.0,2.204982634550436
2771,Dehalococcoidia_bacterium,bacteria,341690.0,3243494.0,9.492504902104246
2772,Dehalogenimonas_alkenigignens,bacteria,775800.0,1849792.0,2.3843671049239497
2773,Dehalogenimonas_formicexedens,bacteria,929897.0,2092789.0,2.2505600082589794
2774,Dehalogenimonas_lykanthroporepellens,bacteria,752931.0,1686510.0,2.2399263677548142
2775,Dehalogenimonas_sp,bacteria,759162.0,1725728.0,2.273201240314979
2776,Deinococcus_actinosclerus,bacteria,1549858.5,3638176.0,2.3474246197314144
2777,Deinococcus_aerius,bacteria,466563.0,4524446.0,9.697395635744797
2778,Deinococcus_arcticus,bacteria,375470.0,4067586.0,10.833318241137775
2779,Deinococcus_cavernae,bacteria,1527946.0,4566241.0,2.988483231737247
2780,Deinococcus_deserti,bacteria,1407763.0,3855329.0,2.7386207763664765
2781,Deinococcus_ficus,bacteria,1500677.0,4157290.0,2.770276348607995
2782,Deinococcus_geothermalis,bacteria,1277098.0,3247018.0,2.5424971302124035
2783,Deinococcus_gobiensis,bacteria,1585980.0,4406036.0,2.7781157391644284
2784,Deinococcus_hopiensis,bacteria,1604000.0,6650868.0,4.146426433915212
2785,Deinococcus_indicus,bacteria,600375.0,4467628.0,7.441395794295232
2786,Deinococcus_irradiatisoli,bacteria,1375549.0,3052043.0,2.2187817373281504
2787,Deinococcus_koreensis,bacteria,1709559.0,4500921.0,2.632796528227455
2788,Deinococcus_maricopensis,bacteria,1562487.0,3498530.0,2.239077829127538
2789,Deinococcus_marmoris,bacteria,187004.0,5286835.0,28.27124018737567
2790,Deinococcus_metallilatus,bacteria,424908.0,4058768.0,9.552110103834242
2791,Deinococcus_peraridilitoris,bacteria,1842485.0,4513714.0,2.4497968775865204
2792,Deinococcus_phoenicis,bacteria,208250.0,3807137.0,18.281570228091237
2793,Deinococcus_proteolyticus,bacteria,1070144.0,2886836.0,2.6976145266431435
2794,Deinococcus_psychrotolerans,bacteria,1469467.0,4397705.0,2.992721170329106
2795,Deinococcus_puniceus,bacteria,1291717.0,2971983.0,2.3008004075196036
2796,Deinococcus_radiodurans,bacteria,1288938.0,3284156.0,2.5479549830946095
2797,Deinococcus_radiophilus,bacteria,223378.0,2753082.0,12.324767882244446
2798,Deinococcus_radiopugnans,bacteria,937631.5,3929062.5,4.190412224845262
2799,Deinococcus_reticulitermitis,bacteria,398258.0,3501127.0,8.791102752487081
2800,Deinococcus_soli,bacteria,1452783.0,3236984.0,2.2281262927773797
2801,Deinococcus_sp,bacteria,509958.625,4095570.625,8.031182186594059
2802,Deinococcus_thermus,bacteria,67264.0,2521039.0,37.47976629400571
2803,Deinococcus_wulumuqiensis,bacteria,1363575.0,3778576.0,2.7710804319527713
2804,Deinococcus_yavapaiensis,bacteria,416290.0,4738722.0,11.383223233803358
2805,Delftia_acidovorans,bacteria,1676422.375,6780532.625,4.044644551466333
2806,Delftia_lacustris,bacteria,575080.0,7174982.0,12.476493705223621
2807,Delftia_sp,bacteria,1416298.5,6813152.75,4.810534467133871
2808,Delftia_tsuruhatensis,bacteria,1404220.6666666667,6816874.666666667,4.854560845375205
2809,Dellaglioa_algida,bacteria,237051.5,1613035.0,6.804576220779029
2810,Delphinapterus_leucas,ensembl,16371359.0,2362774659.0,144.3236727629026
2811,Delta_proteobacterium,bacteria,124137.66666666667,5380291.333333333,43.34132804171712
2812,Deltaproteobacteria_bacterium,bacteria,182977.97619047618,3770768.1904761903,20.607770776472577
2813,Demequina_mangrovi,bacteria,627961.0,2973201.0,4.734690530144388
2814,Deminuibacter_soli,bacteria,1002734.0,5834569.0,5.818660781423588
2815,Dendrosporobacter_quercicolus,bacteria,727318.0,4130502.0,5.679086726851254
2816,Denitrovibrio_acetiphilus,bacteria,1475963.0,3222077.0,2.1830337210350126
2817,Denitrovibrio_sp,bacteria,339414.0,2878086.0,8.47957361805936
2818,Denticeps_clupeoides,ensembl,18576149.0,567401054.0,30.544600713527867
2819,Dermabacter_hominis,bacteria,390719.0,2394773.5,6.129145242488847
2820,Dermabacter_sp,bacteria,650520.0,2293585.6666666665,3.525772715161204
2821,Dermabacter_vaginalis,bacteria,1095084.0,2392314.0,2.184594058537975
2822,Dermacoccus_abyssi,bacteria,298605.0,3160906.0,10.58557626295608
2823,Dermacoccus_nishinomiyaensis,bacteria,851366.5,3122117.0,3.6671832871037324
2824,Dermacoccus_sp,bacteria,697031.0,3122436.25,4.4796232161840726
2825,Dermatophilus_congolensis,bacteria,1178900.0,2627910.0,2.229120366443295
2826,Desemzia_incerta,bacteria,427157.0,2330788.0,5.456513647206999
2827,Desertifilum_sp,bacteria,230123.0,6090726.0,26.467263159267002
2828,Desertihabitans_brevis,bacteria,548414.0,4048519.0,7.382231307005291
2829,Desmospora_activa,bacteria,1392729.0,3793187.0,2.723564311506402
2830,Desmospora_sp,bacteria,1521914.0,3693727.0,2.4270274141640065
2831,Desulfacinum_hydrothermale,bacteria,388247.0,3696795.0,9.521760631762769
2832,Desulfacinum_infernum,bacteria,215743.0,4239823.0,19.65219265514988
2833,Desulfallas_arcticus,bacteria,423367.0,5215335.0,12.318709299496653
2834,Desulfamplus_magnetovallimortis,bacteria,192798.0,6654198.0,34.513833131049076
2835,Desulfarculus_baarsii,bacteria,1656435.0,3655731.0,2.20698729500403
2836,Desulfarculus_sp,bacteria,190012.0,3600587.0,18.94926109929899
2837,Desulfatibacillum_aliphaticivorans,bacteria,2849749.0,6517073.0,2.286893687830051
2838,Desulfatibacillum_alkenivorans,bacteria,392630.0,6467702.0,16.47276570817309
2839,Desulfatitalea_sp,bacteria,407375.0,5997605.0,14.722565204050323
2840,Desulfitibacter_sp,bacteria,349899.0,3853576.0,11.013395294070575
2841,Desulfitobacterium_chlororespirans,bacteria,584159.0,5606984.0,9.598386740596311
2842,Desulfitobacterium_dehalogenans,bacteria,1865423.0,4321753.0,2.3167683683539875
2843,Desulfitobacterium_dichloroeliminans,bacteria,1586486.0,3624449.0,2.2845767312160334
2844,Desulfitobacterium_hafniense,bacteria,1451282.0,5393757.25,3.7165466463444043
2845,Desulfitobacterium_metallireducens,bacteria,1393654.0,3176073.0,2.278953743181593
2846,Desulfobacca_acetoxidans,bacteria,1411148.0,3282536.0,2.32614580469235
2847,Desulfobacca_sp,bacteria,77107.0,2653461.0,34.412712205117565
2848,Desulfobacter_hydrogenophilus,bacteria,180507.0,4962092.0,27.48974832000975
2849,Desulfobacter_postgatei,bacteria,1755917.0,3974658.0,2.263579656669421
2850,Desulfobacter_sp,bacteria,101418.0,3918761.0,38.63969906722672
2851,Desulfobacteraceae_bacterium,bacteria,114015.25,4924136.125,43.18839913958878
2852,Desulfobacterales_bacterium,bacteria,87726.5,3627263.0,41.34740357816623
2853,Desulfobacula_phenolica,bacteria,540912.0,4871344.0,9.005797615878368
2854,Desulfobacula_toluolica,bacteria,2310575.0,5197905.0,2.2496153554851066
2855,Desulfobulbaceae_bacterium,bacteria,253165.5,4188543.75,16.544686183543966
2856,Desulfobulbus_oralis,bacteria,1209410.0,2774417.0,2.294025185834415
2857,Desulfobulbus_propionicus,bacteria,1714438.0,3851869.0,2.2467239993513908
2858,Desulfobulbus_sp,bacteria,173925.0,4211782.0,24.21608164438695
2859,Desulfocapsa_sulfexigens,bacteria,1804234.0,4023512.0,2.2300388973935754
2860,Desulfocarbo_indianensis,bacteria,991326.0,5114044.0,5.158791356223886
2861,Desulfocicer_vacuolatum,bacteria,356413.0,5035799.0,14.129111452163642
2862,Desulfococcus_multivorans,bacteria,315454.0,4403007.0,13.957683212132356
2863,Desulfococcus_oleovorans,bacteria,1748219.0,3944167.0,2.2561057853735718
2864,Desulfocucumis_palustris,bacteria,219586.0,3701809.0,16.85812847813613
2865,Desulfocurvibacter_africanus,bacteria,1102105.5,4065010.5,3.6884041500564146
2866,Desulfofaba_hansenii,bacteria,210807.0,6711238.0,31.835935239342145
2867,Desulfofarcimen_acetoxidans,bacteria,1903460.0,4545624.0,2.3880848559990753
2868,Desulfofundulus_australicus,bacteria,164808.0,2881643.0,17.48484903645454
2869,Desulfofundulus_kuznetsovii,bacteria,1563159.0,3601386.0,2.3039153406659207
2870,Desulfofundulus_salinum,bacteria,1258303.0,2886683.0,2.294108016908487
2871,Desulfofundulus_thermosubterraneus,bacteria,185563.0,3413166.0,18.39356983881485
2872,Desulfofustis_glycolicus,bacteria,346034.0,4977298.0,14.383840894247387
2873,Desulfofustis_sp,bacteria,91796.5,3476558.0,37.872446117226694
2874,Desulfoglaeba_alkanexedens,bacteria,1421697.0,3365583.0,2.367299783287156
2875,Desulfohalobium_retbaense,bacteria,1235492.0,2909567.0,2.354986515493423
2876,Desulfohalovibrio_alkalitolerans,bacteria,367046.0,3202328.0,8.724595827226015
2877,Desulfoluna_spongiiphila,bacteria,558205.0,6535106.0,11.707358407753423
2878,Desulfomicrobium_apsheronum,bacteria,399815.0,4254075.0,10.64010855020447
2879,Desulfomicrobium_baculatum,bacteria,1765780.0,3942657.0,2.2328132609951408
2880,Desulfomicrobium_norvegicum,bacteria,608563.0,4352996.0,7.152909394754528
2881,Desulfomicrobium_orale,bacteria,1241342.0,2783374.0,2.2422297803506206
2882,Desulfomonile_tiedjei,bacteria,2718648.0,6527027.0,2.400835635948457
2883,Desulfonatronospira_thiodismutans,bacteria,1035885.0,4107394.0,3.965106165259657
2884,Desulfonatronum_sp,bacteria,229624.0,4164174.0,18.13475072292095
2885,Desulfonatronum_thiosulfatophilum,bacteria,277356.0,3602125.0,12.98737002264238
2886,Desulfonauticus_sp,bacteria,77914.0,2133833.0,27.38702928870293
2887,Desulfonauticus_submarinus,bacteria,362872.0,2100696.0,5.789082651733945
2888,Desulfonema_ishimotonii,bacteria,2650200.0,6638737.0,2.5049947173798204
2889,Desulfonispora_thiosulfatigenes,bacteria,310257.0,2412168.0,7.774741585201945
2890,Desulfopila_aestuarii,bacteria,375015.0,6065581.0,16.174235697238778
2891,Desulfopila_sp,bacteria,657394.0,5633479.0,8.569410429666227
2892,Desulfoplanes_formicivorans,bacteria,521004.0,3000979.0,5.759992245740915
2893,Desulforamulus_aeronauticus,bacteria,248089.0,4020963.0,16.207743995098532
2894,Desulforamulus_ferrireducens,bacteria,1400468.0,3240180.0,2.313640868623917
2895,Desulforamulus_hydrothermalis,bacteria,450258.0,2695031.0,5.985526076160779
2896,Desulforamulus_putei,bacteria,300781.0,3116019.0,10.359760091229166
2897,Desulforamulus_reducens,bacteria,1555020.0,3608104.0,2.3202942727424727
2898,Desulforamulus_ruminis,bacteria,1700367.0,3969014.0,2.334210202856207
2899,Desulforapulum_autotrophicum,bacteria,2492064.0,5657782.0,2.270319702864774
2900,Desulforhopalus_singaporensis,bacteria,249814.0,5008860.0,20.05035746595467
2901,Desulforhopalus_sp,bacteria,386525.0,5748492.0,14.872238535670396
2902,Desulfoscipio_geothermicus,bacteria,220835.0,3652244.0,16.538338578576766
2903,Desulfoscipio_gibsoniae,bacteria,2018307.0,4855529.0,2.4057435266290015
2904,Desulfosediminicola_flagellatus,bacteria,571147.0,6702505.0,11.73516625317125
2905,Desulfosediminicola_ganghwensis,bacteria,365017.0,5670346.0,15.534470997241224
2906,Desulfosoma_caldarium,bacteria,520115.0,3423351.0,6.581911692606443
2907,Desulfosporosinus_acididurans,bacteria,392449.0,4637866.0,11.817754663663305
2908,Desulfosporosinus_acidiphilus,bacteria,2061025.0,4991181.0,2.4216984267536783
2909,Desulfosporosinus_hippei,bacteria,326190.0,4939873.0,15.144158312639872
2910,Desulfosporosinus_lacus,bacteria,650639.0,5558020.0,8.54240216156732
2911,Desulfosporosinus_meridiei,bacteria,2059801.0,4873567.0,2.366037787145457
2912,Desulfosporosinus_metallidurans,bacteria,244396.0,5292883.0,21.656995204504167
2913,Desulfosporosinus_orientis,bacteria,2515224.0,5863081.0,2.3310373151655677
2914,Desulfosporosinus_sp,bacteria,173347.0,4899148.142857143,28.262087851864425
2915,Desulfosporosinus_youngiae,bacteria,2417132.0,5660978.0,2.342022694664586
2916,Desulfotalea_psychrophila,bacteria,1536680.0,3659634.0,2.381519900044251
2917,Desulfotalea_sp,bacteria,271805.0,4123694.0,15.171516344438109
2918,Desulfotignum_phosphitoxidans,bacteria,729192.0,4998761.0,6.855205487717912
2919,Desulfotomaculum_copahuensis,bacteria,215306.0,3628787.0,16.85409138621311
2920,Desulfotomaculum_nigrificans,bacteria,1255819.0,2892255.0,2.303082689464007
2921,Desulfotomaculum_sp,bacteria,225368.5,3205985.0,14.22552397517843
2922,Desulfovibrio_aespoeensis,bacteria,1623530.0,3629109.0,2.235319950971032
2923,Desulfovibrio_carbinoliphilus,bacteria,1832722.0,4221670.0,2.3034972025217137
2924,Desulfovibrio_desulfuricans,bacteria,899028.0,3225016.0,3.587225314450718
2925,Desulfovibrio_fairfieldensis,bacteria,1589361.0,3699310.0,2.327545472677384
2926,Desulfovibrio_ferrophilus,bacteria,1647177.0,3720107.0,2.2584743473227222
2927,Desulfovibrio_gilichinskyi,bacteria,823677.0,3962538.0,4.810791123219417
2928,Desulfovibrio_legallii,bacteria,259240.0,2704428.0,10.432140101836136
2929,Desulfovibrio_litoralis,bacteria,449328.0,2741424.0,6.101164405512232
2930,Desulfovibrio_piger,bacteria,905152.5,2837373.5,3.134691115585495
2931,Desulfovibrio_sp,bacteria,427516.3846153846,3866835.769230769,9.044883210054207
2932,Desulfovibrio_vulgaris,bacteria,1602171.75,3802302.75,2.373217946203333
2933,Desulfovibrionaceae_bacterium,bacteria,112129.0,3906080.0,34.83559114947962
2934,Desulfurella_acetivorans,bacteria,860109.0,1819992.0,2.116001576544368
2935,Desulfurella_amilsii,bacteria,681838.0,2002780.0,2.9373252884116168
2936,Desulfurella_multipotens,bacteria,192420.0,1775491.0,9.227164535911028
2937,Desulfurella_sp,bacteria,26282.0,1795049.0,68.29955863328514
2938,Desulfuribacillus_alkaliarsenatis,bacteria,461586.0,3106435.0,6.729915985320178
2939,Desulfuribacillus_stibiiarsenatis,bacteria,339203.0,3119699.0,9.197144482802333
2940,Desulfurispirillum_indicum,bacteria,1309442.0,2928377.0,2.2363548748245434
2941,Desulfurivibrio_alkaliphilus,bacteria,1394071.0,3097763.0,2.2220984440534233
2942,Desulfurivibrio_sp,bacteria,155697.0,4224438.0,27.132430297308233
2943,Desulfurobacterium_atlanticum,bacteria,239625.0,1739348.0,7.258624934793949
2944,Desulfurobacterium_indicum,bacteria,107102.0,1607407.0,15.008188455864502
2945,Desulfurobacterium_thermolithotrophum,bacteria,732945.0,1541968.0,2.1037976928691786
2946,Desulfurococcaceae_archaeon,bacteria,144635.5,1815952.0,12.555368495286427
2947,Desulfurococcales_archaeon,bacteria,40754.4,1438751.6,35.30297587499755
2948,Desulfurococcus_amylolyticus,bacteria,605811.0,1365223.0,2.2535460729501446
2949,Desulfurococcus_fermentans,bacteria,621371.0,1384116.0,2.2275194690450633
2950,Desulfurococcus_mucosus,bacteria,595013.0,1314639.0,2.209429037684891
2951,Desulfuromonadales_bacterium,bacteria,218622.0,4041633.0,18.486854022010593
2952,Desulfuromonas_acetoxidans,bacteria,269668.0,3828328.0,14.19644896687779
2953,Desulfuromonas_soudanensis,bacteria,1756154.0,3958620.0,2.254141721056354
2954,Desulfuromonas_sp,bacteria,281204.6,3179206.6,11.30567067537302
2955,Desulfuromonas_thiophila,bacteria,373989.0,2789967.0,7.4600242253114395
2956,Desulfuromusa_kysingii,bacteria,513952.0,3744894.0,7.286466440445801
2957,Dethiobacter_alkaliphilus,bacteria,312017.0,3116746.0,9.98902623895493
2958,Dethiosulfatarculus_sandiegensis,bacteria,422603.0,5934994.0,14.043899357079813
2959,Dethiosulfatibacter_aminovorans,bacteria,357378.0,4034121.0,11.28810671054178
2960,Dethiosulfovibrio_peptidovorans,bacteria,698249.0,2316005.5,3.3168762146454918
2961,Dethiosulfovibrio_salsuginis,bacteria,212163.0,2684322.0,12.652168379972002
2962,Devosia_chinhatensis,bacteria,1282478.0,3497719.0,2.7273130611207366
2963,Devosia_crocina,bacteria,1167568.0,3724570.0,3.190024049991093
2964,Devosia_elaeis,bacteria,173538.0,3878148.0,22.347543477509248
2965,Devosia_enhydra,bacteria,1281740.0,4221709.0,3.2937327383088615
2966,Devosia_epidermidihirudinis,bacteria,615549.0,3859784.0,6.2704739996328485
2967,Devosia_equisanguinis,bacteria,351968.0,4128236.0,11.729009455405038
2968,Devosia_geojensis,bacteria,172758.0,4465063.0,25.845766910939002
2969,Devosia_insulae,bacteria,129601.0,5750119.0,44.36785981589648
2970,Devosia_limi,bacteria,398281.5,4385995.5,11.012300345358748
2971,Devosia_lucknowensis,bacteria,1433421.0,3719665.0,2.594956401503815
2972,Devosia_psychrophila,bacteria,318578.0,4328295.0,13.586295977751131
2973,Devosia_riboflavina,bacteria,424638.0,5052234.0,11.897743489748915
2974,Devosia_soli,bacteria,684627.0,4136371.0,6.041787717983661
2975,Devosia_sp,bacteria,833808.5333333333,4442460.666666667,5.32791460997281
2976,Dialister_invisus,bacteria,546699.0,1834770.0,3.356088085033995
2977,Dialister_micraerophilus,bacteria,558365.0,1281836.0,2.295695468018232
2978,Dialister_microaerophilus,bacteria,160960.0,1395825.0,8.671875
2979,Dialister_pneumosintes,bacteria,574578.0,1274073.0,2.2174065139980996
2980,Dialister_sp,bacteria,65840.0,2103265.0,31.945094167679223
2981,Dialister_succinatiphilus,bacteria,705085.0,2499879.0,3.5455001879206054
2982,Diaminobutyricimonas_aerilata,bacteria,1609910.0,3494536.0,2.1706405948158594
2983,Diaphorobacter_nitroreducens,bacteria,1239937.5,3857640.5,3.1111572155854628
2984,Diaphorobacter_sp,bacteria,280240.5,4175808.0,14.900801276046824
2985,Dicentrarchus_labrax,ensembl,24495591.0,695892153.0,28.40887378467415
2986,Dichelobacter_nodosus,bacteria,641051.0,1389350.0,2.167300261601651
2987,Dichotomicrobium_thermohalophilum,bacteria,1098649.0,2988045.0,2.719744886674452
2988,Dickeya_aquatica,bacteria,1960142.0,4501560.0,2.296547903162118
2989,Dickeya_chrysanthemi,bacteria,2068423.0,4813854.0,2.327306358515642
2990,Dickeya_dadantii,bacteria,2114591.0,4922802.0,2.3280161506409516
2991,Dickeya_dianthicola,bacteria,2114912.0,4909058.0,2.3211641902830946
2992,Dickeya_fangzhongdai,bacteria,2178197.0,5032447.0,2.3103727532450002
2993,Dickeya_parazeae,bacteria,2084777.0,4818394.0,2.311227531769585
2994,Dickeya_solani,bacteria,2136112.0,4922468.0,2.304405386983454
2995,Dickeya_zeae,bacteria,2011099.0,4636208.0,2.3053106783902733
2996,Dictyobacter_alpinus,bacteria,3119634.0,8961382.0,2.8725747956330774
2997,Dictyobacter_aurantiacus,bacteria,3201844.0,8881661.0,2.773920590759575
2998,Dictyobacter_kobayashii,bacteria,3162847.0,8854844.0,2.7996434857582426
2999,Dictyoglomus_sp,bacteria,314406.0,1927013.0,6.129059241871975
3000,Dictyoglomus_thermophilum,bacteria,921050.0,1959987.0,2.1279919656913306
3001,Dictyoglomus_turgidum,bacteria,864912.0,1855560.0,2.145374327099173
3002,Dictyostelium_discoideum,protists,5843586.0,34134454.0,5.841353922060872
3003,Dielma_fastidiosa,bacteria,491229.5,3599156.5,7.326832977254012
3004,Dietzia_alimentaria,bacteria,61785.0,3713923.0,60.11043133446629
3005,Dietzia_cinnamea,bacteria,213297.0,3748230.6666666665,17.57282412160821
3006,Dietzia_kunjamensis,bacteria,753823.0,3544285.0,4.70174696181995
3007,Dietzia_lutea,bacteria,1718557.0,3911842.0,2.2762364006547355
3008,Dietzia_maris,bacteria,217531.0,3722509.0,17.112544878660973
3009,Dietzia_natronolimnaea,bacteria,222424.0,3791351.0,17.045602093299284
3010,Dietzia_psychralcaliphila,bacteria,659484.0,3984317.0,6.041567346592184
3011,Dietzia_sp,bacteria,767925.0,3723793.4,4.849162873978578
3012,Dietzia_timorensis,bacteria,1612183.0,3607892.0,2.2378923484492765
3013,Digitaria_exilis,plants,23277401.0,716471022.0,30.77968292078656
3014,Dinghuibacter_silviterrae,bacteria,2502456.0,6497175.0,2.59631937584517
3015,Dinoroseobacter_shibae,bacteria,1796817.0,4417868.0,2.4587189457802325
3016,Dioscorea_rotundata,plants,14610692.0,584153202.0,39.98121389459171
3017,Dipodomys_ordii,ensembl,10693988.0,2236368823.0,209.1239323440423
3018,Dissulfuribacter_thermophilus,bacteria,313600.0,2524199.0,8.049103954081632
3019,Dokdonella_fugitiva,bacteria,694225.0,4280142.0,6.165352731463142
3020,Dokdonella_immobilis,bacteria,303142.0,4635835.0,15.292618640769012
3021,Dokdonella_koreensis,bacteria,1973523.0,4446619.0,2.2531376629509765
3022,Dokdonia_donghaensis,bacteria,1454950.0,3219590.0,2.2128526753496685
3023,Dokdonia_pacifica,bacteria,1029272.0,5520745.0,5.363737670897489
3024,Dokdonia_sinensis,bacteria,383220.0,3651050.0,9.527295026355619
3025,Dokdonia_sp,bacteria,1587625.5,3506720.0,2.20878286472471
3026,Dolichospermum_compactum,bacteria,2045361.0,5165988.0,2.525709642454315
3027,Dolichospermum_planctonicum,bacteria,189092.0,4571002.0,24.173428807141498
3028,Dolosicoccus_paucivorans,bacteria,122866.0,1757345.0,14.30293978806179
3029,Dolosigranulum_pigrum,bacteria,411543.0,1959354.0,4.7609945983773265
3030,Domibacillus_aminovorans,bacteria,465869.5,3886662.0,8.342812740477752
3031,Domibacillus_antri,bacteria,278487.0,3191515.0,11.460193833105315
3032,Domibacillus_enclensis,bacteria,630158.0,3835730.0,6.086933753122233
3033,Domibacillus_epiphyticus,bacteria,295310.0,3237069.0,10.96159628864583
3034,Domibacillus_iocasae,bacteria,519907.0,3464277.0,6.6632628527794395
3035,Domibacillus_mangrovi,bacteria,429418.0,3324250.0,7.741291701791727
3036,Donghicola_sp,bacteria,448526.5,3668144.5,8.178211320847263
3037,Donghicola_tyrosinivorans,bacteria,446110.0,4687719.0,10.507989060993925
3038,Dongia_mobilis,bacteria,713198.0,4189767.0,5.874619670834747
3039,Dorea_formicigenerans,bacteria,310939.38095238095,3269869.3333333335,10.516099065091083
3040,Dorea_longicatena,bacteria,282857.6666666667,3491412.0833333335,12.343353194127081
3041,Dorea_sp,bacteria,427871.375,3382757.625,7.906015271528739
3042,Dothistroma_septosporum,fungi,3665009.0,30209431.0,8.242662159901927
3043,Draconibacterium_orientale,bacteria,1266306.5,5102608.0,4.029520499184044
3044,Draconibacterium_sediminis,bacteria,1482119.0,5992231.0,4.043016114090704
3045,Drancourtella_sp,bacteria,264330.75,3230807.25,12.222593285117226
3046,Dromaius_novaehollandiae,ensembl,5412342.0,1192237364.0,220.28123204335571
3047,Drosophila_melanogaster,ensembl,16565952.0,143726002.0,8.675988074817553
3048,Dubosiella_newyorkensis,bacteria,142389.0,2254642.0,15.83438327398886
3049,Duganella_phyllosphaerae,bacteria,255976.0,6183250.0,24.15558489858424
3050,Duganella_sacchari,bacteria,722756.0,6675676.0,9.23641726945193
3051,Duganella_sp,bacteria,997157.7142857143,6627319.214285715,6.646209641002484
3052,Duncaniella_dubosii,bacteria,1618467.0,3691168.0,2.280656942650051
3053,Duncaniella_muris,bacteria,187650.0,3268790.0,17.41961097788436
3054,Duncaniella_sp,bacteria,1529003.0,3424529.0,2.239713721948224
3055,Dyadobacter_fermentans,bacteria,3165713.0,6967790.0,2.201017590665989
3056,Dyadobacter_frigoris,bacteria,738149.0,8332369.0,11.288193847041722
3057,Dyadobacter_jejuensis,bacteria,767034.0,5761522.0,7.511429741054504
3058,Dyadobacter_jiangsuensis,bacteria,734063.0,8265804.0,11.260346863961267
3059,Dyadobacter_koreensis,bacteria,978699.0,7340093.0,7.499847246191117
3060,Dyadobacter_luteus,bacteria,573591.0,6949675.0,12.116080970587056
3061,Dyadobacter_luticola,bacteria,1846182.0,6408711.0,3.4713321871841454
3062,Dyadobacter_psychrophilus,bacteria,1324067.0,6736930.0,5.088058232702726
3063,Dyadobacter_psychrotolerans,bacteria,857788.0,7925083.0,9.23897629717366
3064,Dyadobacter_sediminis,bacteria,1255455.0,6199851.0,4.938329928193364
3065,Dyadobacter_soli,bacteria,532702.0,8744781.0,16.415896692709996
3066,Dyadobacter_sp,bacteria,1076174.0,7421862.333333333,6.89652633619966
3067,Dyella_choica,bacteria,482888.0,5488740.0,11.366486638723678
3068,Dyella_dinghuensis,bacteria,750526.0,4218720.0,5.6210177928546115
3069,Dyella_japonica,bacteria,1158180.5,4534445.0,3.9151453508326206
3070,Dyella_jiangningensis,bacteria,1918109.5,5077522.0,2.647149185174256
3071,Dyella_marensis,bacteria,568005.0,5005584.0,8.812570311881057
3072,Dyella_monticola,bacteria,639557.0,4940170.0,7.724362332051717
3073,Dyella_psychrodurans,bacteria,878472.0,4538842.0,5.16674635048129
3074,Dyella_soli,bacteria,1902913.0,8185998.0,4.301824623616529
3075,Dyella_solisilvae,bacteria,1133461.0,4601888.0,4.060032061094295
3076,Dyella_sp,bacteria,1088335.1666666667,4683851.333333333,4.303684633915624
3077,Dyella_thiooxydans,bacteria,1903103.0,4227172.0,2.2211997984344514
3078,Dysgonamonadaceae_bacterium,bacteria,188855.0,2850607.0,15.094156892854306
3079,Dysgonomonas_alginatilytica,bacteria,404741.0,5120703.0,12.65180201659827
3080,Dysgonomonas_gadei,bacteria,736207.0,5176087.0,7.030749503875948
3081,Dysgonomonas_macrotermitis,bacteria,628854.0,4661550.0,7.412769895715063
3082,Dysgonomonas_mossii,bacteria,728630.0,3954365.0,5.42712350575738
3083,Dysgonomonas_sp,bacteria,355896.0,4410792.0,12.393485737406433
3084,Dysosmobacter_welbionis,bacteria,1548777.0,3576111.0,2.30899025489144
3085,Echeneis_naucrates,ensembl,16030977.0,544212633.0,33.94756495502426
3086,Echinicola_strongylocentroti,bacteria,2680455.0,6252144.0,2.3324935505352635
3087,Echinicola_vietnamensis,bacteria,2442785.0,5608040.0,2.295756687551299
3088,Echinochloa_crusgalli,plants,39374943.0,1340710827.0,34.04984807216102
3089,Echinops_telfairi,ensembl,581160.0,3833584941.0,6596.4363359487925
3090,Ectothiorhodosinus_mongolicus,bacteria,664982.0,1990961.0,2.994007356590103
3091,Ectothiorhodospira_haloalkaliphila,bacteria,1526181.0,3460134.0,2.2671845606779275
3092,Ectothiorhodospira_magna,bacteria,171871.0,2721342.0,15.833631037231411
3093,Ectothiorhodospira_marina,bacteria,369392.0,3185852.0,8.624583098713561
3094,Ectothiorhodospira_mobilis,bacteria,291829.0,2624954.0,8.994836016982548
3095,Ectothiorhodospira_sp,bacteria,887493.0,3246645.0,3.6582204028651493
3096,Edaphobacillus_lindanitolerans,bacteria,853150.0,3052035.0,3.5773720916603176
3097,Edaphobacter_aggregans,bacteria,2706651.0,6152256.0,2.273014141830624
3098,Edaphobacter_dinghuensis,bacteria,1774375.0,4462202.0,2.5148021134202185
3099,Edaphobacter_modestus,bacteria,2847676.0,7445115.0,2.6144529784989583
3100,Edwardsiella_hoshinae,bacteria,1640877.0,3874870.0,2.361462803122964
3101,Edwardsiella_ictaluri,bacteria,1607575.0,3812301.0,2.371460740556428
3102,Edwardsiella_piscicida,bacteria,1053044.5,3930851.0,3.732844148561623
3103,Edwardsiella_tarda,bacteria,1558394.0,3969109.8,2.546923178605667
3104,Eggerthella_lenta,bacteria,891566.5,3557315.5,3.9899609283211066
3105,Eggerthia_catenaformis,bacteria,334569.5,2152037.0,6.432256975008182
3106,Egibacter_rhizosphaerae,bacteria,2065283.0,4637169.0,2.245294712637445
3107,Ehrlichia_canis,bacteria,479037.0,1315030.0,2.7451532971357118
3108,Ehrlichia_cf,bacteria,311574.0,1148958.0,3.6875926746134144
3109,Ehrlichia_chaffeensis,bacteria,460086.0,1176248.0,2.556582899718748
3110,Ehrlichia_minasensis,bacteria,114974.0,1335478.0,11.615478282046375
3111,Ehrlichia_muris,bacteria,450071.0,1196717.0,2.658951587638395
3112,Ehrlichia_ruminantium,bacteria,333466.6666666667,1488851.6666666667,4.4647690923630545
3113,Ehrlichia_sp,bacteria,441202.0,1148904.0,2.6040317133648534
3114,Eikenella_corrodens,bacteria,569934.4285714285,2300979.8571428573,4.037271204882968
3115,Eikenella_halliae,bacteria,205478.0,2545600.0,12.388674213297774
3116,Eikenella_longinqua,bacteria,267498.0,2235900.0,8.358567166857322
3117,Eikenella_sp,bacteria,379449.4,1980948.0,5.22058540611739
3118,Eilatimonas_milleporae,bacteria,773544.0,4423874.0,5.718968798154985
3119,Eisenbergiella_massiliensis,bacteria,483442.0,6852337.5,14.174063279566111
3120,Eisenbergiella_sp,bacteria,566443.0,7234838.0,12.772402518876568
3121,Eisenbergiella_tayi,bacteria,1450170.3333333333,7662356.0,5.2837627579840625
3122,Ekhidna_lutea,bacteria,815984.0,4228306.0,5.181849153904978
3123,Electrophorus_electricus,ensembl,16540538.0,589358956.0,35.63118418518189
3124,Elizabethkingia_anophelis,bacteria,1376478.0,4110673.4285714286,2.9863705984196107
3125,Elizabethkingia_meningoseptica,bacteria,1219740.0,4157643.0,3.4086305278174036
3126,Elizabethkingia_miricola,bacteria,997606.25,4290722.0,4.301017560786132
3127,Elizabethkingia_occulta,bacteria,582270.0,4154012.0,7.1341679976643135
3128,Elizabethkingia_sp,bacteria,1272096.5,4221426.0,3.3184793763680664
3129,Elizabethkingia_ursingii,bacteria,609999.0,4184835.0,6.860396492453266
3130,Elstera_cyanobacteriorum,bacteria,536278.0,3950134.0,7.365832646500509
3131,Elusimicrobia_bacterium,bacteria,165385.81818181818,2670046.909090909,16.144352269404216
3132,Elusimicrobium_minutum,bacteria,750290.0,1643562.0,2.1905689799944024
3133,Elusimicrobium_sp,bacteria,393448.0,1501445.0,3.8161205546857526
3134,Embleya_hyalina,bacteria,814021.0,12054215.0,14.808235905461899
3135,Embleya_scabrispora,bacteria,3600918.0,10958352.0,3.043210647951439
3136,Emergencia_timonensis,bacteria,945379.0,4252614.0,4.498316548178033
3137,Emiliania_huxleyi,protists,1909648.0,167675649.0,87.80447967374091
3138,Empedobacter_brevis,bacteria,657113.0,3484649.0,5.30296767831408
3139,Empedobacter_falsenii,bacteria,908732.5,3437627.5,3.7828816510909427
3140,Emticicia_agri,bacteria,268752.0,6650851.0,24.747168393165445
3141,Emticicia_oligotrophica,bacteria,2217556.0,5220361.0,2.3541056009408554
3142,Emticicia_sp,bacteria,786392.5,5981378.0,7.60609746405262
3143,Endomicrobium_proavitum,bacteria,732170.0,1588979.0,2.170232323094363
3144,Endosymbiont_of,bacteria,413243.77777777775,3266991.4444444445,7.905724466107443
3145,Endozoicomonadaceae_bacterium,bacteria,1358492.0,3663152.0,2.696484042600177
3146,Endozoicomonas_elysicola,bacteria,2387439.0,5606375.0,2.3482798932244973
3147,Endozoicomonas_montiporae,bacteria,1732483.5,5516276.5,3.1840283038770645
3148,Endozoicomonas_numazuensis,bacteria,1235300.0,6342227.0,5.134159313527078
3149,Endozoicomonas_sp,bacteria,75450.0,4049356.0,53.66939695162359
3150,Enemella_dayhoffiae,bacteria,429647.0,3720766.0,8.66005348576855
3151,Enemella_evansiae,bacteria,839719.5,4483841.5,5.339689622546577
3152,Enhydrobacter_aerosaccus,bacteria,678111.0,4109402.6666666665,6.0600737440723815
3153,Enhydrobacter_sp,bacteria,312892.0,2730481.0,8.726592562289863
3154,Enhygromyxa_salina,bacteria,271417.3333333333,10016147.0,36.90312212926711
3155,Ensifer_adhaerens,bacteria,1273662.8,6954510.0,5.460244265593688
3156,Ensifer_alkalisoli,bacteria,623523.0,5973319.0,9.579949737218996
3157,Ensifer_glycinis,bacteria,973606.0,6039294.0,6.203016415264491
3158,Ensifer_sojae,bacteria,2144052.0,6094027.0,2.8422944033073825
3159,Ensifer_sp,bacteria,726333.6,7186356.6,9.894016468465729
3160,Entamoeba_histolytica,protists,304441.0,20835395.0,68.43820313295515
3161,Enteractinococcus_helveticum,bacteria,371001.0,3670653.0,9.893916727987255
3162,Enterobacillus_tribolii,bacteria,736977.0,4931017.0,6.690869592945234
3163,Enterobacter_asburiae,bacteria,1112543.0,5043260.4,4.5330925636132715
3164,Enterobacter_bugandensis,bacteria,725520.0,4773312.333333333,6.579160234498474
3165,Enterobacter_cancerogenus,bacteria,1449883.6,5037306.4,3.4742833148812773
3166,Enterobacter_chengduensis,bacteria,343847.0,5287051.0,15.376173123511329
3167,Enterobacter_chuandaensis,bacteria,518975.0,4634324.0,8.929763476082663
3168,Enterobacter_cloacae,bacteria,864248.2972972973,5419043.135135135,6.270238717370605
3169,Enterobacter_genomosp,bacteria,326167.0,5005331.0,15.345914822774835
3170,Enterobacter_hormaechei,bacteria,939395.4705882353,5148409.470588235,5.480555987101342
3171,Enterobacter_huaxiensis,bacteria,766660.0,4990363.0,6.509225732397673
3172,Enterobacter_kobei,bacteria,632519.0,5154983.666666667,8.149926985065536
3173,Enterobacter_ludwigii,bacteria,2229115.6666666665,4962463.0,2.2262025583538585
3174,Enterobacter_mori,bacteria,694902.5,5198993.0,7.481615046715187
3175,Enterobacter_quasihormaechei,bacteria,472487.0,4556005.0,9.64260392349419
3176,Enterobacter_quasiroggenkampii,bacteria,667453.0,4788302.0,7.173991277288438
3177,Enterobacter_roggenkampii,bacteria,744010.75,5294597.75,7.116292002501308
3178,Enterobacter_sichuanensis,bacteria,164382.0,5201228.0,31.64110425715711
3179,Enterobacter_soli,bacteria,318927.0,4960767.0,15.554553236320537
3180,Enterobacter_sp,bacteria,1005121.6153846154,5004999.807692308,4.979496740578121
3181,Enterobacter_wuhouensis,bacteria,680722.0,4897369.0,7.194374502366605
3182,Enterobacterales_bacterium,bacteria,342292.0,4042716.5,11.810724469166676
3183,Enterobacteriaceae_bacterium,bacteria,1841224.0,5239390.333333333,2.8456018025690155
3184,Enterocloster_aldenensis,bacteria,878922.5,6392864.5,7.273524685054712
3185,Enterocloster_asparagiformis,bacteria,539537.0,6235959.0,11.557982121708058
3186,Enterocloster_bolteae,bacteria,1039506.2,6528487.0,6.280373315714712
3187,Enterocloster_citroniae,bacteria,1004113.0,6476507.0,6.449978239500933
3188,Enterocloster_clostridioformis,bacteria,827720.6666666666,6166415.333333333,7.449874796730942
3189,Enterocloster_lavalensis,bacteria,440078.5,6448303.0,14.652619930307889
3190,Enterococcus_aquimarinus,bacteria,275014.0,2512430.0,9.135644003578
3191,Enterococcus_asini,bacteria,864955.0,2598724.0,3.004461503777653
3192,Enterococcus_avium,bacteria,1646454.0,4719059.25,2.8661956240502318
3193,Enterococcus_caccae,bacteria,950683.0,3559587.0,3.7442417714422156
3194,Enterococcus_canintestini,bacteria,326670.0,2712386.0,8.303137723084458
3195,Enterococcus_canis,bacteria,517187.0,2818251.0,5.44919149166549
3196,Enterococcus_casseliflavus,bacteria,943582.25,3607127.0833333335,3.822800909336026
3197,Enterococcus_cecorum,bacteria,436460.0,2378258.0,5.448971268844796
3198,Enterococcus_columbae,bacteria,532554.0,2545099.0,4.779044003049456
3199,Enterococcus_devriesei,bacteria,471331.0,3320653.0,7.045267550829459
3200,Enterococcus_dispar,bacteria,1212769.0,2822228.0,2.327094442552539
3201,Enterococcus_durans,bacteria,927655.25,3228388.25,3.4801595204684066
3202,Enterococcus_faecalis,bacteria,413428.3195876289,2961268.592783505,7.162713468049797
3203,Enterococcus_faecium,bacteria,238782.11961722487,2847377.043062201,11.924582324784764
3204,Enterococcus_florum,bacteria,227209.0,3994908.0,17.582525340105366
3205,Enterococcus_gallinarum,bacteria,987113.4,3598941.2,3.645924774195143
3206,Enterococcus_gilvus,bacteria,1530193.5,4053734.0,2.649164305037239
3207,Enterococcus_haemoperoxidus,bacteria,1278081.0,3580916.0,2.8017911227848624
3208,Enterococcus_hermanniensis,bacteria,369650.0,2613534.0,7.070293520898147
3209,Enterococcus_hirae,bacteria,510231.625,3137177.0,6.148534991338493
3210,Enterococcus_italicus,bacteria,964776.0,2415788.0,2.503988490592635
3211,Enterococcus_malodoratus,bacteria,1122212.0,4654237.0,4.147377679083809
3212,Enterococcus_moraviensis,bacteria,1075841.0,3601841.0,3.347930595692114
3213,Enterococcus_mundtii,bacteria,638534.25,3295457.875,5.160972766926754
3214,Enterococcus_pallens,bacteria,1165742.0,5490614.0,4.7099735619030625
3215,Enterococcus_phoeniculicola,bacteria,1048405.0,3931286.0,3.7497779960988358
3216,Enterococcus_plantarum,bacteria,186961.0,3383271.0,18.0961323484577
3217,Enterococcus_pseudoavium,bacteria,1294432.0,3459498.0,2.672599255889842
3218,Enterococcus_quebecensis,bacteria,487424.0,3162767.0,6.488738757221639
3219,Enterococcus_raffinosus,bacteria,644994.5,4243950.0,6.579823548882975
3220,Enterococcus_ratti,bacteria,167486.0,2485659.0,14.84099566530934
3221,Enterococcus_rivorum,bacteria,221890.0,3806353.0,17.154234079949525
3222,Enterococcus_rotai,bacteria,1558127.0,3746111.0,2.404239834108516
3223,Enterococcus_saccharolyticus,bacteria,1002392.0,2638500.0,2.6322037685855433
3224,Enterococcus_silesiacus,bacteria,1693862.0,3928141.0,2.319044290503004
3225,Enterococcus_sp,bacteria,1176444.5185185184,3669332.814814815,3.119002007366704
3226,Enterococcus_sulfureus,bacteria,606523.0,2301651.0,3.7948288853019587
3227,Enterococcus_termitis,bacteria,738448.0,4257382.5,5.7653111661213785
3228,Enterococcus_thailandicus,bacteria,601534.6666666666,2674601.3333333335,4.446296251144296
3229,Enterococcus_ureasiticus,bacteria,749290.0,3585398.0,4.785060523962684
3230,Enterococcus_ureilyticus,bacteria,315106.0,3472706.0,11.020754920566413
3231,Enterococcus_villorum,bacteria,541991.0,3037458.0,5.604259111313657
3232,Enterorhabdus_sp,bacteria,82813.0,2810686.0,33.94015432359654
3233,Enterovibrio_nigricans,bacteria,172578.0,5037269.0,29.18836120478856
3234,Enterovibrio_norvegicus,bacteria,314505.6,5410301.8,17.20256109907105
3235,Enterovibrio_pacificus,bacteria,267604.0,5288133.0,19.76103869897311
3236,Enterovirga_rhinocerotis,bacteria,1394213.0,5166770.0,3.7058684720340436
3237,Entomomonas_moraniae,bacteria,1487283.0,3337477.0,2.244009378174833
3238,Entomoplasma_ellychniae,bacteria,404980.0,900037.0,2.222423329547138
3239,Entomoplasma_freundtii,bacteria,384984.0,838114.0,2.177009953660412
3240,Entomoplasma_melaleucae,bacteria,363376.0,845295.0,2.326226828409141
3241,Eoetvoesia_caeni,bacteria,613128.0,4752396.0,7.751066661447528
3242,Ephemeroptericola_cinctiostellae,bacteria,1182816.0,2723407.0,2.3024773083894705
3243,Epibacterium_ulvae,bacteria,468139.0,3994069.0,8.531801452132807
3244,Epilithonimonas_arachidiradicis,bacteria,587988.0,3646603.0,6.201832350320075
3245,Epilithonimonas_bovis,bacteria,165229.0,3346045.0,20.250954735548845
3246,Epilithonimonas_hispanica,bacteria,157969.0,3777625.0,23.913710917964917
3247,Epilithonimonas_hominis,bacteria,170028.5,2854662.0,16.789314732530134
3248,Epilithonimonas_hungarica,bacteria,1096222.0,3960224.0,3.6126113141316267
3249,Epilithonimonas_lactis,bacteria,855975.0,4236390.0,4.949198282660125
3250,Epilithonimonas_mollis,bacteria,1090992.0,3695355.0,3.387151326499186
3251,Epilithonimonas_vandammei,bacteria,1481185.0,3321988.5,2.2427910760640972
3252,Epilithonimonas_xixisoli,bacteria,1042966.0,3389369.0,3.2497406435109104
3253,Epilithonimonas_zeae,bacteria,1467294.0,4079566.0,2.7803330484551836
3254,Epsilonproteobacteria_bacterium,bacteria,102437.5,1718908.5,16.780070774862722
3255,Eptatretus_burgeri,ensembl,5231846.0,2608383542.0,498.558929677976
3256,Epulopiscium_sp,bacteria,105304.25,2940623.75,27.925024393602346
3257,Equus_asinus,ensembl,34471955.0,2431907375.0,70.54741673339966
3258,Equus_caballus,ensembl,54887888.0,2506966135.0,45.674304957771376
3259,Eragrostis_curvula,plants,25791692.0,603072269.0,23.38242365022039
3260,Eragrostis_tef,plants,24298658.0,575076302.0,23.666998481973778
3261,Ereboglobus_luteus,bacteria,1876123.0,4175033.0,2.225351429517148
3262,Eremococcus_coleocola,bacteria,305822.0,1773745.0,5.799926100803735
3263,Erinaceus_europaeus,ensembl,497415.0,3377541562.0,6790.188398017752
3264,Erpetoichthys_calabaricus,ensembl,21967028.0,3811022027.0,173.48828557964237
3265,Erwinia_amylovora,bacteria,1638048.0,3833832.0,2.340488190822247
3266,Erwinia_aphidicola,bacteria,2133576.0,4947598.0,2.3189227850332026
3267,Erwinia_billingiae,bacteria,2314948.0,5372268.0,2.3206862529957477
3268,Erwinia_gerundensis,bacteria,1809572.0,4481256.0,2.476417628035801
3269,Erwinia_iniecta,bacteria,249132.5,4778331.5,19.17988018423931
3270,Erwinia_mallotivora,bacteria,348441.0,4640069.0,13.316656191435566
3271,Erwinia_persicina,bacteria,1266520.5,5136779.5,4.055820257153358
3272,Erwinia_piriflorinigrans,bacteria,626331.0,3930655.0,6.2756833048340255
3273,Erwinia_psidii,bacteria,471513.0,4503018.0,9.550146019303815
3274,Erwinia_pyrifoliae,bacteria,1739431.0,4072827.0,2.341470860298569
3275,Erwinia_rhapontici,bacteria,900003.0,5287686.0,5.875187082709724
3276,Erwinia_sp,bacteria,629657.1428571428,4627634.571428572,7.349451402123606
3277,Erwinia_tasmaniensis,bacteria,1706846.0,4067864.0,2.383263633625998
3278,Erwinia_tracheiphila,bacteria,1952012.0,5073352.5,2.5990375571461652
3279,Erwinia_typographi,bacteria,297159.0,5749517.0,19.34828492490552
3280,Erwiniaceae_bacterium,bacteria,853233.0,4851875.0,5.686459618884877
3281,Erysipelatoclostridium_ramosum,bacteria,431667.3333333333,3738700.3333333335,8.661068477114322
3282,Erysipelatoclostridium_sp,bacteria,169906.66666666666,2703258.6666666665,15.910256611472965
3283,Erysipelothrix_larvae,bacteria,1109054.0,2511486.0,2.26452995075082
3284,Erysipelothrix_rhusiopathiae,bacteria,561234.0,1746468.0,3.111835704893146
3285,Erysipelotrichaceae_bacterium,bacteria,506764.14285714284,3389656.285714286,6.688824245936896
3286,Erythrobacter_aureus,bacteria,1451702.0,3372129.0,2.3228796268104612
3287,Erythrobacter_dokdonensis,bacteria,620493.0,2995154.0,4.827055260897383
3288,Erythrobacter_litoralis,bacteria,948807.0,3133134.5,3.302183162645301
3289,Erythrobacter_longus,bacteria,829929.0,3602162.0,4.340325497723299
3290,Erythrobacter_neustonensis,bacteria,1411663.0,3090363.0,2.1891648360833993
3291,Erythrobacter_sanguineus,bacteria,254238.0,2978798.0,11.716572660263218
3292,Erythrobacter_sp,bacteria,543655.5238095238,3282922.095238095,6.0386070801486165
3293,Erythrobacteraceae_bacterium,bacteria,420411.0,2649178.0,6.301400296376641
3294,Erythrura_gouldiae,ensembl,10586116.0,1070785140.0,101.14995339178222
3295,Escherichia_albertii,bacteria,1254643.8333333333,4867314.0,3.879438826131666
3296,Escherichia_coli,bacteria,665525.8001592357,5252860.579617835,7.892797812437954
3297,Escherichia_fergusonii,bacteria,1577645.3333333333,4859040.333333333,3.079931991474214
3298,Escherichia_marmotae,bacteria,274140.0,4967385.0,18.119884000875466
3299,Escherichia_sp,bacteria,849836.052631579,4852717.947368421,5.710181313609405
3300,Esox_lucius,ensembl,26914173.0,918748614.0,34.13623795908572
3301,Estrella_lausannensis,bacteria,396821.0,2820195.0,7.10697014522921
3302,Ethanoligenens_harbinense,bacteria,1319700.5,3054349.5,2.314426265656488
3303,Eubacteriaceae_bacterium,bacteria,213175.8,2635273.0,12.361970730261127
3304,Eubacterium_aggregans,bacteria,198897.0,2833471.0,14.245921255725325
3305,Eubacterium_barkeri,bacteria,253283.0,2954329.0,11.664142480940292
3306,Eubacterium_brachy,bacteria,368035.0,1544525.0,4.19667966361895
3307,Eubacterium_callanderi,bacteria,597199.0,4368996.0,7.315812652064053
3308,Eubacterium_coprostanoligenes,bacteria,170717.0,1823434.0,10.681033523316366
3309,Eubacterium_dolichum,bacteria,67528.0,2025104.0,29.989100817438693
3310,Eubacterium_eligens,bacteria,188034.0,2585433.0,13.749816522543796
3311,Eubacterium_hallii,bacteria,93708.0,2722180.0,29.04960088786443
3312,Eubacterium_infirmum,bacteria,764398.0,1910927.0,2.499911041106858
3313,Eubacterium_limosum,bacteria,1171039.5,4230324.25,3.61245222727329
3314,Eubacterium_maltosivorans,bacteria,1941209.0,4337501.0,2.2344327684448198
3315,Eubacterium_minutum,bacteria,815023.0,1906764.0,2.33952170674938
3316,Eubacterium_nodatum,bacteria,177403.0,1829558.0,10.313004853356482
3317,Eubacterium_oxidoreducens,bacteria,318770.0,2912287.0,9.136013426608526
3318,Eubacterium_plexicaudatum,bacteria,838952.0,6508819.0,7.758273417311122
3319,Eubacterium_pyruvativorans,bacteria,223570.0,2277081.0,10.18509191752024
3320,Eubacterium_ramulus,bacteria,199362.25,3349853.25,16.802846326222742
3321,Eubacterium_rectale,bacteria,177043.0,2752847.0,15.549030461526296
3322,Eubacterium_ruminantium,bacteria,447267.0,3172807.5,7.093766139688374
3323,Eubacterium_saphenum,bacteria,496804.0,1084901.0,2.183760597740759
3324,Eubacterium_siraeum,bacteria,79533.0,2623534.0,32.98673506594747
3325,Eubacterium_sp,bacteria,254994.5625,2744559.25,10.76320696054058
3326,Eubacterium_sulci,bacteria,274255.0,1728669.0,6.303144883411424
3327,Eubacterium_uniforme,bacteria,318492.0,2872342.0,9.018568755259158
3328,Eubacterium_ventriosum,bacteria,323861.1666666667,2679774.8333333335,8.27445556660853
3329,Eucalyptus_grandis,plants,23388200.0,691269672.0,29.55634345524666
3330,Euhalothece_sp,bacteria,25843.0,5113178.0,197.8554347405487
3331,Euryarchaeota_archaeon,bacteria,52392.2,842350.5333333333,16.07778511559609
3332,Eutrema_salsugineum,plants,10557220.0,243110105.0,23.02785250283692
3333,Euzebya_pacifica,bacteria,2793947.0,6371455.0,2.2804494859780804
3334,Euzebyella_marina,bacteria,2155469.0,4707469.0,2.183965067463276
3335,Evansella_caseinilytica,bacteria,682373.0,5872627.0,8.606183128582169
3336,Evansella_cellulosilytica,bacteria,1919875.0,4681672.0,2.4385295917702976
3337,Evtepia_gabavorous,bacteria,249385.0,2494407.0,10.002233494396215
3338,Ewingella_americana,bacteria,1008361.6666666666,5527952.666666667,5.482113064591574
3339,Exiguobacterium_antarcticum,bacteria,1265521.0,2815863.0,2.225062247090329
3340,Exiguobacterium_aurantiacum,bacteria,1360075.0,3125661.0,2.2981534106575006
3341,Exiguobacterium_chiriqhucha,bacteria,656836.0,3019504.0,4.597044010985999
3342,Exiguobacterium_enclense,bacteria,801302.0,3252807.0,4.059402073125987
3343,Exiguobacterium_mexicanum,bacteria,1097734.0,3359295.0,3.060208575119291
3344,Exiguobacterium_sibiricum,bacteria,1365611.0,3040786.0,2.226685344508795
3345,Exiguobacterium_sp,bacteria,724977.8,3101091.066666667,4.27749796844354
3346,Extensimonas_vulgaris,bacteria,514944.0,3093613.0,6.007668795053442
3347,Extibacter_muris,bacteria,336379.0,3711428.0,11.03347117388422
3348,Ezakiella_coagulans,bacteria,274982.0,1806048.0,6.5678771701420455
3349,Facklamia_hominis,bacteria,829188.0,1897623.0,2.288531671948943
3350,Facklamia_languida,bacteria,728345.0,1717767.0,2.3584523817696286
3351,Facklamia_miroungae,bacteria,352201.0,2028290.0,5.758899037765367
3352,Faecalibacterium_cf,bacteria,243968.0,2928734.0,12.004582568205667
3353,Faecalibacterium_duncaniae,bacteria,547592.0,3090349.0,5.64352474104808
3354,Faecalibacterium_prausnitzii,bacteria,506782.85714285716,3001967.4857142856,5.923577412698592
3355,Faecalibacterium_sp,bacteria,311000.0,3037451.769230769,9.766725946079642
3356,Faecalibaculum_rodentium,bacteria,621526.5,2479138.5,3.9887896976235124
3357,Faecalicatena_contorta,bacteria,447388.3333333333,4988881.333333333,11.151120763840511
3358,Faecalicatena_orotica,bacteria,622924.0,5717637.0,9.178707193814976
3359,Faecalicoccus_pleomorphus,bacteria,546897.5,2266833.5,4.144896438546528
3360,Faecalimonas_umbilicata,bacteria,168376.0,3080497.0,18.29534494227206
3361,Faecalitalea_cylindroides,bacteria,138592.5,1959108.5,14.135746883850135
3362,Falco_tinnunculus,ensembl,12690911.0,1179901403.0,92.97215960304189
3363,Falseniella_ignava,bacteria,354748.0,1686373.0,4.753720951210437
3364,Falsibacillus_albus,bacteria,475414.0,4485249.0,9.434406643472848
3365,Falsibacillus_pallidus,bacteria,546239.0,3865655.0,7.076856467590194
3366,Falsigemmobacter_faecalis,bacteria,222115.0,4240178.0,19.09001193075659
3367,Falsihalocynthiibacter_arcticus,bacteria,1930669.0,4376120.0,2.266634000960289
3368,Falsiroseomonas_bella,bacteria,1264445.0,5944573.0,4.701329832456137
3369,Falsiruegeria_litorea,bacteria,1501679.0,4691634.0,3.1242589128568756
3370,Falsiruegeria_mediterranea,bacteria,564620.0,5278962.0,9.349583790868195
3371,Falsochrobactrum_ovis,bacteria,526300.0,3271822.0,6.216648299448983
3372,Falsochrobactrum_shanghaiense,bacteria,701420.0,3839416.0,5.4737760542898695
3373,Felis_catus,ensembl,9128067.0,2521863845.0,276.27578160852676
3374,Fermentimonas_caenicola,bacteria,1285270.0,2808926.0,2.1854754253969984
3375,Ferrimonas_aestuarii,bacteria,518544.0,4753108.0,9.16625782961523
3376,Ferrimonas_balearica,bacteria,1922129.0,4279159.0,2.226260048102911
3377,Ferrimonas_marina,bacteria,680303.0,4983771.0,7.325810704935889
3378,Ferrimonas_sediminicola,bacteria,565019.0,3966543.0,7.020194011174845
3379,Ferrimonas_sediminum,bacteria,442852.0,4375383.0,9.880011832395473
3380,Ferriphaselus_amnicola,bacteria,1259759.0,2717229.0,2.1569435106238575
3381,Ferroglobus_placidus,bacteria,1015499.0,2196266.0,2.1627456058548558
3382,Ferroplasma_acidarmanus,bacteria,851813.0,1935211.0,2.2718730519491954
3383,Ferroplasma_acidiphilum,bacteria,800469.0,1826943.0,2.2823407277483576
3384,Ferroplasma_sp,bacteria,103706.0,2487652.0,23.98754170443369
3385,Ferrovibrio_sp,bacteria,599335.0,4232879.0,7.062626077235603
3386,Ferrovum_myxofaciens,bacteria,133829.0,2473037.0,18.479081514469957
3387,Ferrovum_sp,bacteria,493552.3333333333,1961549.0,3.974348549326414
3388,Fervidicella_metallireducens,bacteria,133104.0,2892465.0,21.730864587089794
3389,Fervidicoccus_fontis,bacteria,239730.66666666666,1106275.6666666667,4.614660619139257
3390,Fervidicoccus_sp,bacteria,40468.0,1456853.0,36.00012355441336
3391,Fervidicola_ferrireducens,bacteria,155262.0,2439065.0,15.709349357859617
3392,Fervidobacterium_changbaicum,bacteria,133959.0,2184031.0,16.30372725983323
3393,Fervidobacterium_gondwanense,bacteria,336993.0,2146020.0,6.368144145427353
3394,Fervidobacterium_islandicum,bacteria,1025530.0,2237377.0,2.1816787417237915
3395,Fervidobacterium_nodosum,bacteria,897865.0,1948941.0,2.1706392386383255
3396,Fervidobacterium_pennivorans,bacteria,968600.5,2114116.5,2.182650638730829
3397,Fervidobacterium_thailandense,bacteria,243815.0,2040210.0,8.367860878124807
3398,Fibrella_aestuarina,bacteria,3076985.0,6937263.0,2.2545651018773247
3399,Fibrella_sp,bacteria,2873008.0,6408035.0,2.2304271342091635
3400,Fibrisoma_limi,bacteria,1644425.0,7452326.0,4.531873451206349
3401,Fibrisoma_montanum,bacteria,1089189.0,7799645.0,7.160965635899738
3402,Fibrobacter_intestinalis,bacteria,124454.0,3292368.0,26.454497243961626
3403,Fibrobacter_sp,bacteria,647462.3703703703,3592943.3703703703,5.549269787393336
3404,Fibrobacter_succinogenes,bacteria,1408750.5,3677391.0,2.610391975016158
3405,Ficedula_albicollis,ensembl,16748087.0,1118343587.0,66.77440754875467
3406,Fictibacillus_aquaticus,bacteria,982419.0,3900789.0,3.970596049139929
3407,Fictibacillus_arsenicus,bacteria,1357208.0,3982512.0,2.9343416779152496
3408,Fictibacillus_enclensis,bacteria,1221904.0,4500536.0,3.6832157027065957
3409,Fictibacillus_macauensis,bacteria,329213.0,3736359.0,11.349366519548134
3410,Fictibacillus_phosphorivorans,bacteria,1271189.5,4190560.5,3.296566326263708
3411,Fictibacillus_solisalsi,bacteria,1662173.0,4797611.0,2.8863487735632813
3412,Fictibacillus_sp,bacteria,1787409.5,4331129.5,2.4231321921473508
3413,Ficus_carica,plants,13446178.0,333439967.0,24.798122336324866
3414,Filamentous_cyanobacterium,bacteria,67733.66666666667,6186439.166666667,91.33477443516517
3415,Filibacter_tadaridae,bacteria,394861.0,3123030.0,7.909188296641097
3416,Filifactor_alocis,bacteria,804608.0,1931012.0,2.399941337893732
3417,Filimonas_effusa,bacteria,1892043.0,6004915.0,3.173773006216032
3418,Filimonas_lacunae,bacteria,1228830.0,7763674.0,6.317939828942978
3419,Filimonas_sp,bacteria,1223608.0,7784966.0,6.362303940477669
3420,Filomicrobium_sp,bacteria,117327.0,4964254.0,42.311266801333026
3421,Fimbriiglobus_ruber,bacteria,1538641.0,12363577.0,8.035387722022227
3422,Fimbriimonas_ginsengisoli,bacteria,2356204.0,5231762.0,2.2204197938718377
3423,Finegoldia_magna,bacteria,303123.27777777775,1898684.1666666667,6.2637359314206424
3424,Firmicutes_bacterium,bacteria,186617.1081081081,2753414.1486486485,14.754350105208916
3425,Fischerella_major,bacteria,681736.0,5639496.0,8.27225788281681
3426,Fischerella_muscicola,bacteria,46346.0,6758464.0,145.82626332369568
3427,Fischerella_sp,bacteria,2500591.0,6538853.5,2.61492323214792
3428,Fischerella_thermalis,bacteria,111941.0,6067163.875,54.1996576321455
3429,Flammeovirga_pacifica,bacteria,2550589.0,6610326.0,2.5916860772158903
3430,Flammeovirga_pectinis,bacteria,2691048.0,6680108.0,2.4823444249229296
3431,Flammeovirga_sp,bacteria,1711981.0,7909627.5,4.6201607961770605
3432,Flammeovirgaceae_bacterium,bacteria,1632922.5,7155895.5,4.38226278344502
3433,Flaviaesturariibacter_aridisoli,bacteria,298219.0,4374430.0,14.668515419875996
3434,Flaviaesturariibacter_flavus,bacteria,651035.0,3958893.0,6.080921916640427
3435,Flaviflexus_ciconiae,bacteria,1228048.0,2830639.0,2.304990521543132
3436,Flaviflexus_salsibiostraticola,bacteria,1183488.0,2608471.0,2.204053611020982
3437,Flavihumibacter_petaseus,bacteria,1582442.0,5693518.0,3.5979315513617562
3438,Flavihumibacter_solisilvae,bacteria,394274.0,5410659.0,13.723093584664472
3439,Flavihumibacter_sp,bacteria,413790.0,4527566.0,10.941699896082554
3440,Flavilitoribacter_nigricans,bacteria,492384.0,11332409.0,23.015388396048614
3441,Flavimaricola_marinus,bacteria,870706.0,4792571.0,5.504235643259608
3442,Flavimobilis_marinus,bacteria,799677.0,2899750.0,3.626151558691822
3443,Flavimobilis_soli,bacteria,1316960.0,2886687.0,2.1919321771352207
3444,Flavipsychrobacter_stenotrophus,bacteria,1011719.0,5429324.0,5.3664347511512585
3445,Flaviramulus_basaltis,bacteria,1122765.0,4188560.0,3.730575855143329
3446,Flavisolibacter_ginsengisoli,bacteria,424523.0,4677460.0,11.018154493396118
3447,Flavisolibacter_tropicus,bacteria,2534936.0,5940863.0,2.343594867878321
3448,Flavivirga_eckloniae,bacteria,2506317.0,5665358.0,2.2604315415807337
3449,Flavivirga_rizhaonensis,bacteria,350154.0,4911176.0,14.025760094130012
3450,Flavobacteria_bacterium,bacteria,399877.5,2549864.25,6.376613462873005
3451,Flavobacteriaceae_bacterium,bacteria,451501.53846153844,3135521.7435897435,6.9446535094295045
3452,Flavobacteriales_bacterium,bacteria,206854.54166666666,2549555.0416666665,12.325352013663386
3453,Flavobacteriia_bacterium,bacteria,307256.5,3532031.0,11.495382522420194
3454,Flavobacterium_aciduliphilum,bacteria,391075.0,2736439.0,6.997223039059004
3455,Flavobacterium_akiainvivens,bacteria,2037873.0,4533022.0,2.224388860346057
3456,Flavobacterium_album,bacteria,1792960.0,3983546.0,2.221770703194717
3457,Flavobacterium_alvei,bacteria,608899.0,3823090.0,6.278693182284747
3458,Flavobacterium_amnicola,bacteria,785941.0,2663846.0,3.389371466814939
3459,Flavobacterium_anhuiense,bacteria,703212.5,5320567.0,7.5660870647208345
3460,Flavobacterium_aquariorum,bacteria,557914.0,4378418.0,7.847836763372133
3461,Flavobacterium_aquaticum,bacteria,473451.0,2821499.0,5.959431915868802
3462,Flavobacterium_aquatile,bacteria,707940.0,3490856.0,4.931005452439472
3463,Flavobacterium_aquicola,bacteria,570724.0,5124726.0,8.979342028721414
3464,Flavobacterium_aquidurense,bacteria,793177.5,5395055.5,6.801826199053806
3465,Flavobacterium_araucananum,bacteria,410695.0,5896739.0,14.35795176469156
3466,Flavobacterium_arcticum,bacteria,1364092.0,2970356.0,2.1775334801465003
3467,Flavobacterium_aurantiibacter,bacteria,93735.0,3247176.0,34.64208673387742
3468,Flavobacterium_beibuense,bacteria,376762.0,3759273.0,9.97784543027163
3469,Flavobacterium_bomense,bacteria,420459.0,3820548.0,9.08661248778121
3470,Flavobacterium_branchiophilum,bacteria,605057.6666666666,3535346.6666666665,5.842991274109961
3471,Flavobacterium_caeni,bacteria,435825.0,3700245.0,8.490208225778696
3472,Flavobacterium_caseinilyticum,bacteria,747033.0,3838245.0,5.137985872110067
3473,Flavobacterium_cauense,bacteria,580449.0,3113956.0,5.36473660907332
3474,Flavobacterium_cellulosilyticum,bacteria,701073.0,4657187.0,6.6429416052251336
3475,Flavobacterium_cerinum,bacteria,494751.0,4110170.0,8.307552688119882
3476,Flavobacterium_cheniae,bacteria,748930.0,2744241.0,3.6642156142763675
3477,Flavobacterium_cheongpyeongense,bacteria,481254.0,5223205.0,10.853322777576913
3478,Flavobacterium_chilense,bacteria,1216039.0,6113833.0,5.027661941763381
3479,Flavobacterium_columnare,bacteria,817135.5714285715,3323598.4285714286,4.067376999340379
3480,Flavobacterium_commune,bacteria,1728709.0,3851214.0,2.227797738080845
3481,Flavobacterium_crassostreae,bacteria,309003.0,2762845.0,8.941159147322194
3482,Flavobacterium_croceum,bacteria,267271.0,2945400.0,11.020275301098884
3483,Flavobacterium_crocinum,bacteria,2588960.0,5877431.0,2.2701899604474383
3484,Flavobacterium_cucumis,bacteria,813608.0,2854482.0,3.5084242042851104
3485,Flavobacterium_cupreum,bacteria,544605.0,5929114.0,10.886998834017316
3486,Flavobacterium_cutihirudinis,bacteria,1082950.0,4903770.0,4.5281591947920035
3487,Flavobacterium_cyanobacteriorum,bacteria,102773.0,3238290.0,31.50915123621963
3488,Flavobacterium_daejeonense,bacteria,501859.0,3755556.0,7.483289131010902
3489,Flavobacterium_dankookense,bacteria,538315.0,3211787.0,5.966370990962541
3490,Flavobacterium_dauae,bacteria,295591.0,2874246.0,9.723726365146435
3491,Flavobacterium_defluvii,bacteria,758594.0,4871623.0,6.421910798134443
3492,Flavobacterium_degerlachei,bacteria,403393.0,3856409.0,9.559930390462899
3493,Flavobacterium_endophyticum,bacteria,1152445.0,3745791.0,3.2502991465970177
3494,Flavobacterium_enshiense,bacteria,468013.0,3375260.0,7.211893686713831
3495,Flavobacterium_faecale,bacteria,2001584.0,4621116.0,2.3087294862468926
3496,Flavobacterium_flevense,bacteria,629685.0,4230539.0,6.718500520101321
3497,Flavobacterium_fluviale,bacteria,2141280.0,4839571.0,2.2601299222894715
3498,Flavobacterium_fluvii,bacteria,872959.0,4129111.0,4.73001710275053
3499,Flavobacterium_fontis,bacteria,375422.0,3084632.0,8.2164391005322
3500,Flavobacterium_frigidimaris,bacteria,492469.0,5739183.0,11.65389699656222
3501,Flavobacterium_frigoris,bacteria,539817.5,3989904.0,7.391209066026945
3502,Flavobacterium_fryxellicola,bacteria,445593.0,3721009.0,8.350689979420682
3503,Flavobacterium_gillisiae,bacteria,539874.0,4377959.0,8.109223633662669
3504,Flavobacterium_gilvum,bacteria,142496.0,4321991.0,30.330612789130925
3505,Flavobacterium_glaciei,bacteria,351756.0,3143612.0,8.936910813177317
3506,Flavobacterium_glycines,bacteria,573824.0,3958831.0,6.899033501561455
3507,Flavobacterium_granuli,bacteria,542143.0,3798137.0,7.005784451703702
3508,Flavobacterium_haoranii,bacteria,849981.0,2846831.0,3.349287807609817
3509,Flavobacterium_hercynium,bacteria,334589.0,5260169.0,15.721284919707461
3510,Flavobacterium_hibernum,bacteria,492819.0,5283672.0,10.721323650265107
3511,Flavobacterium_hiemivividum,bacteria,590584.0,3745432.0,6.341912412120884
3512,Flavobacterium_hydatis,bacteria,337940.0,5877671.0,17.392646623661005
3513,Flavobacterium_hydrophilum,bacteria,1433047.0,5571628.0,3.887959013207522
3514,Flavobacterium_indicum,bacteria,1376907.0,2993089.0,2.173777168683143
3515,Flavobacterium_johnsoniae,bacteria,1026362.8,5047503.6,4.9178551677827755
3516,Flavobacterium_kingsejongi,bacteria,1898064.0,4224053.0,2.225453409368704
3517,Flavobacterium_lacus,bacteria,337801.0,3525384.0,10.436274611383626
3518,Flavobacterium_laiguense,bacteria,439012.0,3966695.0,9.03550472424444
3519,Flavobacterium_limicola,bacteria,980435.0,3305187.0,3.371143421032501
3520,Flavobacterium_limnosediminis,bacteria,480072.0,3466544.0,7.220883534136546
3521,Flavobacterium_lindanitolerans,bacteria,1023062.0,3721860.0,3.637961335676626
3522,Flavobacterium_magnum,bacteria,1582541.0,3464207.0,2.1890156400371303
3523,Flavobacterium_micromati,bacteria,394834.0,3692790.0,9.352765972535293
3524,Flavobacterium_nackdongense,bacteria,1885332.0,4217227.0,2.2368617304538403
3525,Flavobacterium_noncentrifugens,bacteria,868011.0,4032617.0,4.645813244302204
3526,Flavobacterium_omnivorum,bacteria,408744.0,3808360.0,9.317225451627424
3527,Flavobacterium_oncorhynchi,bacteria,439415.0,4730796.0,10.766123140994276
3528,Flavobacterium_pallidum,bacteria,1634821.0,3552756.0,2.173177369265504
3529,Flavobacterium_pectinovorum,bacteria,1074024.0,5610979.0,5.224258489568204
3530,Flavobacterium_petrolei,bacteria,954581.0,3738413.0,3.9162868316046517
3531,Flavobacterium_phragmitis,bacteria,593738.0,6041292.0,10.17501322131984
3532,Flavobacterium_piscinae,bacteria,341346.0,3374625.0,9.886229807878223
3533,Flavobacterium_psychrolimnae,bacteria,403965.0,3652041.0,9.040488656195462
3534,Flavobacterium_psychrophilum,bacteria,805269.3333333334,3617358.0,4.492109472275942
3535,Flavobacterium_psychrotolerans,bacteria,319211.0,3240564.0,10.151793014651751
3536,Flavobacterium_reichenbachii,bacteria,2101640.0,5501401.0,2.6176704859062445
3537,Flavobacterium_rhamnosiphilum,bacteria,550779.0,3776925.0,6.857423757986416
3538,Flavobacterium_rivuli,bacteria,393314.0,4479972.0,11.390319185180289
3539,Flavobacterium_saccharophilum,bacteria,1029817.0,5209309.0,5.058480293100619
3540,Flavobacterium_saliperosum,bacteria,584191.0,2890139.0,4.947250128810611
3541,Flavobacterium_sandaracinum,bacteria,357056.0,4029235.0,11.284602415307402
3542,Flavobacterium_sangjuense,bacteria,1460040.0,3130338.0,2.1440083833319634
3543,Flavobacterium_sediminis,bacteria,1580544.0,3441304.0,2.177290856818918
3544,Flavobacterium_segetis,bacteria,463633.0,3463995.0,7.471415969096246
3545,Flavobacterium_seoulense,bacteria,350124.0,3792640.0,10.832276564874158
3546,Flavobacterium_sinopsychrotolerans,bacteria,698237.0,3520953.0,5.0426330887649895
3547,Flavobacterium_sp,bacteria,829926.9375,4567372.5,5.50334287709513
3548,Flavobacterium_stagni,bacteria,647366.0,3179833.0,4.911955524386514
3549,Flavobacterium_subsaxonicum,bacteria,565827.0,4637174.0,8.195391877729412
3550,Flavobacterium_succinicans,bacteria,550987.5,3489710.0,6.333555661426076
3551,Flavobacterium_sufflavum,bacteria,646811.0,4331586.0,6.696834160210633
3552,Flavobacterium_suncheonense,bacteria,293335.0,2883777.0,9.831002096578997
3553,Flavobacterium_supellecticarium,bacteria,757840.0,3856681.0,5.089043861501108
3554,Flavobacterium_swingsii,bacteria,502099.0,2573799.0,5.12607872152703
3555,Flavobacterium_tangerinum,bacteria,166197.0,3453487.0,20.779478570611985
3556,Flavobacterium_terrae,bacteria,746509.0,3161259.0,4.234723225038144
3557,Flavobacterium_terrigena,bacteria,601232.0,3172415.0,5.276523870984911
3558,Flavobacterium_tibetense,bacteria,282445.0,2737708.0,9.692888881021084
3559,Flavobacterium_tructae,bacteria,926501.0,5359952.0,5.785155115860642
3560,Flavobacterium_ummariense,bacteria,277651.0,3493887.0,12.583736417300855
3561,Flavobacterium_urocaniciphilum,bacteria,611271.0,2848114.0,4.659331131363994
3562,Flavobacterium_urumqiense,bacteria,487743.0,3439151.0,7.05115398888349
3563,Flavobacterium_viscosum,bacteria,200435.0,3006188.0,14.998318656921196
3564,Flavobacterium_weaverense,bacteria,689551.0,3397857.0,4.927636969564253
3565,Flavobacterium_xanthum,bacteria,189078.0,3755582.0,19.86260696643713
3566,Flavobacterium_xinjiangense,bacteria,443547.0,3902806.0,8.799081044398902
3567,Flavobacterium_xueshanense,bacteria,409940.0,3471047.0,8.467207396204323
3568,Flavonifractor_plautii,bacteria,581764.4285714285,4661511.714285715,8.01271354065502
3569,Flavonifractor_sp,bacteria,267534.2,3434460.3,12.837462649635073
3570,Flectobacillus_sp,bacteria,475337.0,6634341.0,13.957131466727816
3571,Flexibacter_flexilis,bacteria,658547.0,4249974.0,6.453562160331761
3572,Flexilinea_flocculi,bacteria,1232301.0,3510630.0,2.8488413139322293
3573,Flexistipes_sinusarabici,bacteria,1120947.0,2526590.0,2.25397810958056
3574,Flexivirga_caeni,bacteria,394776.0,4144872.0,10.49930086935376
3575,Floricoccus_penangensis,bacteria,324805.0,2049722.0,6.310623297055156
3576,Floricoccus_tropicus,bacteria,351129.0,2157756.0,6.145194501166238
3577,Fluoribacter_dumoffii,bacteria,1722574.0,4123357.0,2.3937183540445868
3578,Fluoribacter_gormanii,bacteria,1679027.0,3872652.0,2.306485839715502
3579,Fluviicoccus_keumensis,bacteria,721064.0,3682372.0,5.106858753175862
3580,Fluviicola_sp,bacteria,367548.0,4152766.0,11.298567806109679
3581,Fluviicola_taffensis,bacteria,2105642.0,4633577.0,2.2005530854722695
3582,Fluviispira_sanaruensis,bacteria,1583815.0,3668465.0,2.316220644456581
3583,Fontibacillus_panacisegetis,bacteria,359887.0,5264638.0,14.628586195111243
3584,Fontibacillus_phaseoli,bacteria,947483.0,5444741.0,5.746531600039262
3585,Fonticella_tunisiensis,bacteria,208631.0,3103119.0,14.873719629393522
3586,Fontimonas_thermophila,bacteria,339595.0,2733540.0,8.049411799349224
3587,Formivibrio_citricus,bacteria,250945.0,3072471.0,12.243603179979678
3588,Formosa_agariphila,bacteria,1885396.0,4228350.0,2.2426853562858944
3589,Formosa_algae,bacteria,294577.0,4531744.0,15.383903020262954
3590,Formosa_sp,bacteria,935148.5,2404489.0,2.5712376162716404
3591,Fournierella_massiliensis,bacteria,202918.0,3732710.0,18.39516454922678
3592,Francisella_adeliensis,bacteria,950567.0,2054094.0,2.160914485775332
3593,Francisella_frigiditurris,bacteria,869716.0,1861609.0,2.1404791909082963
3594,Francisella_halioticida,bacteria,961489.0,2197430.0,2.285444763278623
3595,Francisella_hispaniensis,bacteria,528855.0,1920222.5,3.6309054466725286
3596,Francisella_opportunistica,bacteria,825375.0,1824967.0,2.211076177495078
3597,Francisella_orientalis,bacteria,812346.0,1847202.0,2.273910378090124
3598,Francisella_persica,bacteria,571611.0,1540768.0,2.695483466903191
3599,Francisella_philomiragia,bacteria,922562.0,2060712.6,2.233684673767183
3600,Francisella_salina,bacteria,944926.0,2035931.0,2.1545930580807386
3601,Francisella_sp,bacteria,683992.0,1990441.0,2.9100354974911986
3602,Francisella_tularensis,bacteria,710979.7,1915895.8,2.6947264457761597
3603,Francisella_uliginis,bacteria,1031352.0,2237379.0,2.169365066437065
3604,Franconibacter_pulveris,bacteria,456976.0,4856096.0,10.62658870487728
3605,Frankia_asymbiotica,bacteria,281606.0,9435764.0,33.5069707321577
3606,Frankia_canadensis,bacteria,165242.0,7673585.0,46.43846600743152
3607,Frankia_casuarinae,bacteria,1178637.5,5210108.0,4.4204498838701465
3608,Frankia_inefficax,bacteria,3780299.0,8815781.0,2.3320327307443143
3609,Frankia_irregularis,bacteria,571530.0,9537992.0,16.6885237870278
3610,Frankia_sp,bacteria,781322.375,8196349.0,10.490354893522664
3611,Frankia_torreyi,bacteria,265407.0,7624758.0,28.728548983259675
3612,Frankineae_bacterium,bacteria,1914164.0,4228702.0,2.2091638960924977
3613,Franklinella_schreckenbergeri,bacteria,238199.33333333334,2773802.6666666665,11.64488005843845
3614,Frateuria_aurantia,bacteria,1579522.0,3603458.0,2.281359803788741
3615,Frateuria_sp,bacteria,607299.0,4548162.0,7.4891643160947075
3616,Frateuria_terrea,bacteria,667655.0,3840840.0,5.7527315754394115
3617,Fraxinus_excelsior,plants,500764.0,867455155.0,1732.263411507217
3618,Frederiksenia_canicola,bacteria,667436.0,2124926.0,3.1837149928981954
3619,Fremyella_diplosiphon,bacteria,3650597.0,10126555.0,2.773944919146101
3620,Fretibacterium_sp,bacteria,172943.0,2864106.0,16.560982520252338
3621,Friedmanniella_luteola,bacteria,2116217.0,4717614.0,2.229267603464106
3622,Frigidibacter_mobilis,bacteria,2148464.0,4987611.0,2.3214775765384013
3623,Frigoribacterium_sp,bacteria,935224.2307692308,3433444.846153846,3.671253089037059
3624,Frischella_perrara,bacteria,767704.5,2625438.0,3.419854905109974
3625,Frisingicoccus_caecimuris,bacteria,371151.0,2716364.0,7.318757055753588
3626,Frondihabitans_australicus,bacteria,1836923.0,4036723.0,2.1975461138000885
3627,Frondihabitans_sp,bacteria,1354879.8,3823342.8,2.8219055299222853
3628,Fructilactobacillus_florum,bacteria,140263.5,1315620.0,9.379631907089157
3629,Fructilactobacillus_fructivorans,bacteria,287905.25,1379255.75,4.79065855867512
3630,Fructilactobacillus_lindneri,bacteria,321677.0,1442612.0,4.484660078277278
3631,Fructilactobacillus_sanfranciscensis,bacteria,203827.2857142857,1340170.0,6.575027456719309
3632,Fructobacillus_durionis,bacteria,318082.0,1327392.0,4.173112593607938
3633,Fructobacillus_ficulneus,bacteria,367260.0,1552198.0,4.226428143549529
3634,Fructobacillus_fructosus,bacteria,159238.0,1484857.0,9.32476544543388
3635,Fructobacillus_pseudoficulneus,bacteria,316869.0,1413733.0,4.461569292041822
3636,Fructobacillus_sp,bacteria,115175.0,1637196.0,14.214855654438898
3637,Fructobacillus_tropaeoli,bacteria,247588.0,1686944.0,6.813512771216699
3638,Fuerstiella_marisgermanici,bacteria,3908390.0,8920478.0,2.282391982376375
3639,Fukomys_damarensis,ensembl,9013506.0,2333908851.0,258.93463109693386
3640,Fulvimarina_endophytica,bacteria,668262.0,4372088.0,6.542475855278319
3641,Fulvimarina_manganoxydans,bacteria,428737.0,4827577.0,11.259996221459776
3642,Fulvimarina_pelagi,bacteria,1633785.0,3806238.0,2.3297055610132302
3643,Fulvimarina_sp,bacteria,268441.0,5621037.0,20.93956213842148
3644,Fulvimonas_soli,bacteria,410414.0,3768430.0,9.182021081152202
3645,Fulvivirga_imtechensis,bacteria,254849.0,6737864.0,26.438651907600185
3646,Fundulus_heteroclitus,ensembl,3886531.0,1021898560.0,262.93333566617633
3647,Furfurilactobacillus_rossiae,bacteria,325963.0,2865290.0,8.79023079306547
3648,Furfurilactobacillus_siliginis,bacteria,248214.0,2070447.0,8.341378810220213
3649,Fusarium_culmorum,fungi,6974765.0,41928875.0,6.011510782083698
3650,Fusarium_fujikuroi,fungi,4731670.0,43847810.0,9.266878290328785
3651,Fusarium_graminearum,fungi,7641407.0,38047942.0,4.979180143133326
3652,Fusarium_oxysporum,fungi,4841325.0,61470697.0,12.697081274237942
3653,Fusarium_pseudograminearum,fungi,598805.0,36932859.0,61.67760623241289
3654,Fusarium_solani,fungi,4464850.0,51291997.0,11.487955250456343
3655,Fusarium_verticillioides,fungi,4508821.0,41885085.0,9.289587011770926
3656,Fuscovulum_blasticum,bacteria,349959.0,3588034.0,10.25272674799048
3657,Fusibacter_sp,bacteria,413406.0,4611179.5,11.154118469494879
3658,Fusicatenibacter_saccharivorans,bacteria,351048.0,3777024.6666666665,10.759282681190795
3659,Fusicatenibacter_sp,bacteria,547166.0,7927659.0,14.488581161841196
3660,Fusobacterium_canifelinum,bacteria,240652.0,2224456.0,9.243455279823147
3661,Fusobacterium_equinum,bacteria,145501.0,1793919.0,12.329255469034576
3662,Fusobacterium_gonidiaformans,bacteria,590950.0,1930430.0,3.2666553853963958
3663,Fusobacterium_hwasookii,bacteria,892320.6666666666,2473489.6666666665,2.771973976470342
3664,Fusobacterium_mortiferum,bacteria,493098.0,2686687.5,5.4485872990764515
3665,Fusobacterium_naviforme,bacteria,485853.0,2400574.0,4.940947158914322
3666,Fusobacterium_necrogenes,bacteria,898566.0,2015236.0,2.24272451884447
3667,Fusobacterium_necrophorum,bacteria,497786.8181818182,2407718.6363636362,4.83684691603105
3668,Fusobacterium_nucleatum,bacteria,749668.0512820513,2434713.0256410255,3.2477214701590658
3669,Fusobacterium_periodonticum,bacteria,916383.75,2443124.0833333335,2.6660491124306094
3670,Fusobacterium_sp,bacteria,311449.21428571426,2458437.5714285714,7.893542377580936
3671,Fusobacterium_ulcerans,bacteria,1586110.0,3537675.0,2.2304096185006084
3672,Fusobacterium_varium,bacteria,1055193.75,3508585.0,3.325062340446956
3673,Gadus_morhua,ensembl,21066596.0,677109112.5,32.14136315615489
3674,Gaetbulibacter_sp,bacteria,847331.0,3649834.5,4.307448328929309
3675,Gaeumannomyces_graminis,fungi,6004035.0,43768664.0,7.2898748924681485
3676,Galbibacter_marinus,bacteria,333885.0,3572447.0,10.699633107207571
3677,Galdieria_sulphuraria,plants,359971.0,13712004.0,38.09196851968631
3678,Gallaecimonas_pentaromativorans,bacteria,534486.0,4190752.0,7.840714256313542
3679,Gallaecimonas_xiamenensis,bacteria,232994.0,4062282.0,17.435135668729668
3680,Gallibacterium_anatis,bacteria,321030.3846153846,2547467.923076923,7.935286020134686
3681,Gallibacterium_genomosp,bacteria,141063.16666666666,2366107.6666666665,16.77339111674557
3682,Gallibacterium_salpingitidis,bacteria,142457.0,2600121.5,18.251974279958162
3683,Gallionella_capsiferriformans,bacteria,1447166.0,3162471.0,2.185285585758648
3684,Gallionella_sp,bacteria,667867.0,2849160.0,4.266058960841006
3685,Gallionellales_bacterium,bacteria,363369.75,3024483.75,8.323432949495658
3686,Gallus_gallus,ensembl,37528008.333333336,1055678112.0,28.130406032294545
3687,Gambusia_affinis,ensembl,11180242.0,598663367.0,53.54654818741848
3688,Gamma_proteobacterium,bacteria,588058.3076923077,3858985.0,6.5622489292663015
3689,Gammaproteobacteria_bacterium,bacteria,235361.734375,3743593.078125,15.905699743699044
3690,Garciella_nitratireducens,bacteria,306394.0,2163332.0,7.060621291539651
3691,Gardnerella_sp,bacteria,529023.5,1655981.0,3.130259808874275
3692,Gardnerella_vaginalis,bacteria,354502.4,1634518.18,4.610739391327111
3693,Gasterosteus_aculeatus,ensembl,6828030.25,444157499.25,65.04914052628868
3694,Geitlerinema_sp,bacteria,1958556.0,4681111.0,2.3900827956923365
3695,Gelidibacter_algens,bacteria,374661.5,4483203.5,11.966010652282126
3696,Gelidibacter_gilvus,bacteria,711757.0,4632641.0,6.508739640073789
3697,Gelidibacter_sediminis,bacteria,1115162.0,3564323.0,3.196237856024506
3698,Geminicoccus_sp,bacteria,112074.66666666667,2718930.3333333335,24.259990363567145
3699,Geminocystis_sp,bacteria,1733734.0,4234068.5,2.4421673105562904
3700,Gemmata_obscuriglobus,bacteria,3795040.0,8998893.0,2.3712248092246724
3701,Gemmata_sp,bacteria,3906057.0,9045424.0,2.315742960228179
3702,Gemmatimonadetes_bacterium,bacteria,177022.41379310345,3875266.379310345,21.89138819358546
3703,Gemmatimonas_aurantiaca,bacteria,2158872.0,4636964.0,2.1478642550368896
3704,Gemmatimonas_phototrophica,bacteria,2185145.0,4716552.0,2.1584617954414926
3705,Gemmatirosa_kalamazoonensis,bacteria,2863226.0,7479215.0,2.6121636922827607
3706,Gemmiger_formicilis,bacteria,327697.0,3241569.0,9.891970326246502
3707,Gemmiger_sp,bacteria,285766.0,3358370.5,11.752169607301079
3708,Gemmobacter_aestuarii,bacteria,1086028.0,3758696.0,3.4609568077434467
3709,Gemmobacter_aquarius,bacteria,1760248.0,4206589.0,2.389770645954434
3710,Gemmobacter_aquatilis,bacteria,599897.0,3964038.0,6.607864350046758
3711,Gemmobacter_caeni,bacteria,470458.0,5135347.0,10.915633276509274
3712,Gemmobacter_intermedius,bacteria,226705.0,4059775.0,17.907743543371343
3713,Gemmobacter_lutimaris,bacteria,573166.0,4661677.0,8.133205737953752
3714,Gemmobacter_megaterium,bacteria,738162.0,4168088.0,5.64657622581493
3715,Geoalkalibacter_ferrihydriticus,bacteria,781383.5,3828989.0,4.900268562108107
3716,Geoalkalibacter_subterraneus,bacteria,1599744.0,3717645.0,2.323899948991839
3717,Geobacillus_genomosp,bacteria,1513137.0,3486308.0,2.304026667776943
3718,Geobacillus_kaustophilus,bacteria,1235147.0,3622355.5,2.932732298260855
3719,Geobacillus_lituanicus,bacteria,1497841.0,3499511.0,2.3363701487674593
3720,Geobacillus_proteiniphilus,bacteria,158333.0,3574950.0,22.578679113008658
3721,Geobacillus_sp,bacteria,679126.0454545454,3508857.090909091,5.166724372293188
3722,Geobacillus_stearothermophilus,bacteria,469189.77777777775,3132538.0,6.6764839055885465
3723,Geobacillus_subterraneus,bacteria,1504225.0,3474426.0,2.309778124948063
3724,Geobacillus_thermocatenulatus,bacteria,1606528.0,3742258.0,2.3294072683451517
3725,Geobacillus_thermodenitrificans,bacteria,1558558.5,3682251.5,2.3626007621786416
3726,Geobacillus_thermoleovorans,bacteria,881317.0,3508352.5,3.9808065656284857
3727,Geobacillus_zalihae,bacteria,142428.0,3553583.0,24.950030892801976
3728,Geobacter_metallireducens,bacteria,1822079.0,4011182.0,2.201431441776125
3729,Geobacter_pickeringii,bacteria,1630343.0,3618700.0,2.2195942816940977
3730,Geobacter_soli,bacteria,1647739.0,3657208.0,2.21953112719915
3731,Geobacter_sp,bacteria,1028457.75,4429337.0,4.306775849566985
3732,Geobacter_sulfurreducens,bacteria,1834875.3333333333,4035561.0,2.1993652248127304
3733,Geobacteraceae_bacterium,bacteria,146399.66666666666,5018198.666666667,34.27739134196572
3734,Geodermatophilus_africanus,bacteria,536737.0,5471205.0,10.193456012907625
3735,Geodermatophilus_amargosae,bacteria,479441.0,5869713.0,12.242826541743405
3736,Geodermatophilus_dictyosporus,bacteria,694565.0,4690050.0,6.752499766040615
3737,Geodermatophilus_nigrescens,bacteria,1202422.0,4740866.0,3.9427638549527537
3738,Geodermatophilus_normandii,bacteria,2083488.0,4621196.0,2.2180094149810317
3739,Geodermatophilus_obscurus,bacteria,1098405.0,5173666.0,4.710162462843851
3740,Geodermatophilus_poikilotrophus,bacteria,741328.0,4828156.0,6.512847214728163
3741,Geodermatophilus_pulveris,bacteria,631462.0,4379198.0,6.935014300147911
3742,Geodermatophilus_ruber,bacteria,513143.0,4992138.0,9.728551300514672
3743,Geodermatophilus_sabuli,bacteria,786383.0,5519188.0,7.018447753829877
3744,Geodermatophilus_saharensis,bacteria,756543.0,4892778.0,6.467283419448729
3745,Geodermatophilus_siccatus,bacteria,595753.0,5206703.0,8.739700849177428
3746,Geodermatophilus_sp,bacteria,676774.2,4979505.4,7.357705716323111
3747,Geodermatophilus_telluris,bacteria,907321.0,4806788.0,5.297781049926101
3748,Geodermatophilus_tzadiensis,bacteria,488764.0,4869823.0,9.963546824234191
3749,Geofilum_rubicundum,bacteria,262394.0,4921400.0,18.75576423241385
3750,Geoglobus_acetivorans,bacteria,859105.0,1860815.0,2.1659925154666775
3751,Geomicrobium_sp,bacteria,317036.75,4058349.75,12.800881128134199
3752,Geomonas_terrae,bacteria,1197916.0,4696900.0,3.920892616844587
3753,Georgenia_muralis,bacteria,1859117.0,4143265.0,2.2286198232816976
3754,Georgenia_satyanarayanai,bacteria,576122.0,3906813.0,6.781225157171571
3755,Georgenia_soli,bacteria,1843384.0,4273660.0,2.3183775057177454
3756,Georgenia_yuyongxinii,bacteria,1852409.0,4171640.0,2.2520080608548114
3757,Geospiza_fortis,ensembl,7340008.0,1065292181.0,145.13501633785685
3758,Geosporobacter_ferrireducens,bacteria,2516228.0,5817221.0,2.3118815147117036
3759,Geosporobacter_subterraneus,bacteria,142172.0,3858006.0,27.13618715358861
3760,Geotalea_daltonii,bacteria,1949254.0,4304501.0,2.208281219379311
3761,Geotalea_uraniireducens,bacteria,2257072.0,5136364.0,2.2756757427321768
3762,Geothermobacter_hydrogeniphilus,bacteria,250359.0,3786448.0,15.124073829980148
3763,Geotoga_petraea,bacteria,381983.0,2166325.0,5.671260239330023
3764,Geovibrio_thiophilus,bacteria,1367227.0,2997552.0,2.1924318346551086
3765,Giardia_lamblia,protists,680899.0,11192215.0,16.437408484958855
3766,Gibbsiella_quercinecans,bacteria,2413024.0,5548506.0,2.2993994257827524
3767,Giesbergeria_anulus,bacteria,620974.0,3420562.0,5.508381993449001
3768,Gilliamella_apicola,bacteria,285026.53846153844,2679686.0384615385,9.401531706224388
3769,Gilliamella_apis,bacteria,345028.6666666667,2593152.3333333335,7.515759077023552
3770,Gilliamella_bombicola,bacteria,334164.0,2319664.0,6.941693300295663
3771,Gilliamella_intestini,bacteria,111386.0,2521485.0,22.6373601709371
3772,Gilliamella_sp,bacteria,168005.0,2709822.0,16.12941281509479
3773,Gillisia_limnaea,bacteria,1637753.0,3966857.0,2.422133862676484
3774,Gillisia_mitskevichiae,bacteria,966116.0,3586284.0,3.712063561725507
3775,Gillisia_sp,bacteria,1578589.0,3476061.0,2.2020050817533887
3776,Gilvibacter_sp,bacteria,1438461.0,3100211.0,2.155227705165451
3777,Gimesia_sp,bacteria,238212.33333333334,7786523.0,32.687320975544225
3778,Glaciecola_nitratireducens,bacteria,1842020.0,4134229.0,2.244399626496998
3779,Glaciecola_pallidula,bacteria,279100.0,4360693.0,15.62412396990326
3780,Glaciecola_punicea,bacteria,338325.0,3076861.0,9.094394443212886
3781,Glaciecola_sp,bacteria,1176119.0,4711046.666666667,4.005586736262799
3782,Glaciibacter_flavus,bacteria,724400.0,3402707.0,4.697276366648261
3783,Glaciihabitans_sp,bacteria,1438880.0,3172742.0,2.2050080618258647
3784,Glaciihabitans_tibetensis,bacteria,599791.0,3728823.0,6.216870543239228
3785,Glaciimonas_sp,bacteria,1726346.0,5317254.0,3.0800627452434215
3786,Glaesserella_australis,bacteria,238288.0,2301024.0,9.656482911434903
3787,Glaesserella_parasuis,bacteria,479443.8888888889,2265648.6666666665,4.725576275291164
3788,Gleimia_coleocanis,bacteria,408156.0,1723843.0,4.223490528131401
3789,Gleimia_europaea,bacteria,686528.5,1988478.0,2.8964245475606623
3790,Gleimia_hominis,bacteria,732923.0,2153798.0,2.9386415762638096
3791,Globicatella_sanguinis,bacteria,95297.0,2411251.0,25.30248591246314
3792,Globicatella_sp,bacteria,70025.0,2461756.0,35.15538736165655
3793,Globicatella_sulfidifaciens,bacteria,206408.0,2217574.0,10.743643657222588
3794,Gloeobacter_kilaueensis,bacteria,2126304.0,4724791.0,2.222067493641549
3795,Gloeobacter_violaceus,bacteria,2083991.0,4659019.0,2.235623378411903
3796,Gloeocapsa_sp,bacteria,1240550.5,4953912.0,3.993317482843302
3797,Gloeomargarita_lithophora,bacteria,1320600.0,3049282.0,2.3090125700439192
3798,Gloeothece_citriformis,bacteria,2581840.0,6554169.0,2.5385651318439564
3799,Gloeothece_verrucosa,bacteria,2920753.0,7841948.0,2.6849062553389484
3800,Gluconacetobacter_diazotrophicus,bacteria,1761562.5,3957269.0,2.2464539293950683
3801,Gluconacetobacter_entanii,bacteria,202536.0,3604084.0,17.794782162183512
3802,Gluconacetobacter_liquefaciens,bacteria,610841.0,4176944.0,6.838021678309086
3803,Gluconacetobacter_sp,bacteria,369188.0,4233336.0,11.466613216030856
3804,Gluconobacter_albidus,bacteria,913005.5,3515246.5,3.8501920306066064
3805,Gluconobacter_cerinus,bacteria,579050.0,3661689.0,6.323614541058631
3806,Gluconobacter_frateurii,bacteria,777910.6666666666,3267401.6666666665,4.200227361153723
3807,Gluconobacter_japonicus,bacteria,234712.25,3397209.25,14.473932442810293
3808,Gluconobacter_morbifer,bacteria,668977.0,2887061.0,4.315635664604314
3809,Gluconobacter_oxydans,bacteria,753282.4285714285,3142411.1428571427,4.171624112906239
3810,Gluconobacter_roseus,bacteria,413247.0,2881212.0,6.972130469186709
3811,Gluconobacter_sp,bacteria,304752.0,2834424.0,9.300756024570799
3812,Gluconobacter_thailandicus,bacteria,353484.5,3491477.0,9.877312866617913
3813,Glutamicibacter_arilaitensis,bacteria,1510855.0,3933039.0,2.603187599074696
3814,Glutamicibacter_halophytocola,bacteria,1738910.0,3918424.0,2.253379415840958
3815,Glutamicibacter_mysorens,bacteria,1536805.0,3459735.0,2.2512517853598863
3816,Glutamicibacter_soli,bacteria,630619.0,3840670.0,6.090317608571895
3817,Glutamicibacter_sp,bacteria,399635.2,3671778.6,9.18782579712698
3818,Glycine_max,plants,32769902.0,978491270.0,29.859450601957857
3819,Glycine_soja,plants,30961524.0,1013766566.0,32.74278636930146
3820,Glycocaulis_alkaliphilus,bacteria,1368096.0,3019659.0,2.2071981790751525
3821,Glycomyces_artemisiae,bacteria,789383.0,5787645.0,7.331859186225191
3822,Glycomyces_buryatensis,bacteria,323286.0,5820492.0,18.00415730962677
3823,Glycomyces_fuscus,bacteria,493984.0,6555505.0,13.270682856124894
3824,Glycomyces_harbinensis,bacteria,632269.0,6171523.0,9.760913471955766
3825,Glycomyces_paridis,bacteria,436545.0,5399008.0,12.367586388573915
3826,Glycomyces_sambucus,bacteria,925283.0,5604480.0,6.057044169189318
3827,Glycomyces_sp,bacteria,2189237.0,4991871.0,2.280187572199812
3828,Glycomyces_terrestris,bacteria,985865.0,5240684.0,5.315823160371856
3829,Gopherus_agassizii,ensembl,902307.0,2184966080.0,2421.5328929067377
3830,Gopherus_evgoodei,ensembl,18432196.0,2298547364.0,124.70284951397001
3831,Gordonia_aichiensis,bacteria,558942.0,5092029.0,9.110120549180415
3832,Gordonia_alkanivorans,bacteria,1001648.6666666666,5025445.666666667,5.01717401910051
3833,Gordonia_amarae,bacteria,264581.0,5306375.0,20.055767420941034
3834,Gordonia_amicalis,bacteria,238667.0,4915471.0,20.595520117988663
3835,Gordonia_araii,bacteria,211524.0,3906554.0,18.468608763071803
3836,Gordonia_bronchialis,bacteria,2378654.0,5290012.0,2.223951865214529
3837,Gordonia_effusa,bacteria,148833.0,4703019.0,31.59930257402592
3838,Gordonia_hirsuta,bacteria,241661.0,3489460.0,14.439483408576477
3839,Gordonia_insulae,bacteria,2751691.0,5962176.0,2.166731657006546
3840,Gordonia_iterans,bacteria,1819841.0,4006485.0,2.201557718503979
3841,Gordonia_lacunae,bacteria,318975.0,5756417.0,18.046608668390938
3842,Gordonia_malaquae,bacteria,279033.0,4465464.0,16.003354441947728
3843,Gordonia_namibiensis,bacteria,322803.0,4941607.0,15.30842959947708
3844,Gordonia_neofelifaecis,bacteria,394553.0,4257286.0,10.790149865797497
3845,Gordonia_oryzae,bacteria,390635.0,4519536.0,11.569715975271032
3846,Gordonia_otitidis,bacteria,128223.0,5295895.0,41.302223470048276
3847,Gordonia_paraffinivorans,bacteria,281821.5,4688372.5,16.6359646088038
3848,Gordonia_phthalatica,bacteria,2024936.0,4428727.0,2.1870948020085574
3849,Gordonia_polyisoprenivorans,bacteria,1864205.3333333333,6103429.666666667,3.274011482283068
3850,Gordonia_rhizosphera,bacteria,146124.0,6434991.0,44.03787878787879
3851,Gordonia_rubripertincta,bacteria,1332568.0,5268149.0,3.9533809906886552
3852,Gordonia_sihwensis,bacteria,261585.0,4140890.0,15.829997897432957
3853,Gordonia_soli,bacteria,388604.0,5375815.0,13.833658428631718
3854,Gordonia_sp,bacteria,606382.25,5624805.0,9.276005358006438
3855,Gordonia_sputi,bacteria,230133.0,4952979.0,21.522245831758156
3856,Gordonia_terrae,bacteria,370071.3333333333,5514133.333333333,14.900190413740054
3857,Gordonia_westfalica,bacteria,2341807.0,6405003.0,2.7350686884102746
3858,Gorilla_gorilla,ensembl,25142797.0,3063362794.0,121.83858438661379
3859,Gossypium_raimondii,plants,27393987.0,761405269.0,27.794613065998753
3860,Gottfriedia_luciferensis,bacteria,420582.0,4894118.0,11.6365369892197
3861,Gottschalkia_acidurici,bacteria,1305184.0,3108248.0,2.3814634564934907
3862,Gottschalkia_purinilytica,bacteria,309148.0,3397304.0,10.989247868334907
3863,Gouania_willdenowi,ensembl,20609848.0,937150793.0,45.47101914579865
3864,Gracilibacillus_boraciitolerans,bacteria,355654.0,3651580.0,10.267226011797984
3865,Gracilibacillus_dipsosauri,bacteria,681296.0,4186855.0,6.145427244545689
3866,Gracilibacillus_halophilus,bacteria,204976.0,3034425.0,14.803806299274061
3867,Gracilibacillus_kekensis,bacteria,773511.0,3981756.0,5.147639787928032
3868,Gracilibacillus_orientalis,bacteria,582705.0,4611824.0,7.914509056898431
3869,Gracilibacillus_ureilyticus,bacteria,388645.0,4071593.0,10.476380758790155
3870,Gracilibacter_sp,bacteria,206751.0,4105436.0,19.856910002853674
3871,Gracilinema_caldarium,bacteria,1506906.0,3239340.0,2.1496629517700505
3872,Gramella_flava,bacteria,1862511.0,4007868.0,2.1518627272536914
3873,Gramella_forsetii,bacteria,1711113.0,3798465.0,2.2198796923405992
3874,Gramella_fulva,bacteria,1995951.0,4380140.0,2.1945127911456743
3875,Gramella_gaetbulicola,bacteria,1056121.0,3643289.0,3.449689003438053
3876,Gramella_salexigens,bacteria,1373228.0,2978889.0,2.1692603121987024
3877,Gramella_sp,bacteria,926646.75,3379983.5,3.6475426045577777
3878,Granulibacter_bethesdensis,bacteria,1240217.5,2714965.5,2.189104330490418
3879,Granulicatella_adiacens,bacteria,530290.0,1947166.0,3.6718889664146035
3880,Granulicatella_balaenopterae,bacteria,109127.0,2135967.0,19.57322202571316
3881,Granulicatella_sp,bacteria,124851.0,1914376.0,15.33328527604905
3882,Granulicella_mallensis,bacteria,2740484.0,6237577.0,2.2760859030740557
3883,Granulicella_pectinivorans,bacteria,2207520.0,5275857.0,2.3899475429441184
3884,Granulicella_rosea,bacteria,986246.0,5293785.0,5.3676111233911215
3885,Granulicella_sibirica,bacteria,1722151.0,6139630.0,3.5650938854955228
3886,Granulicella_sp,bacteria,2727192.0,6237028.0,2.2869779612143186
3887,Granulicella_tundricola,bacteria,2099884.0,5503984.0,2.621089545898726
3888,Granulosicoccus_antarcticus,bacteria,3514722.0,7783862.0,2.214645141208892
3889,Grimontella_sp,bacteria,666469.0,5790929.0,8.688969779539633
3890,Grimontia_celer,bacteria,1556365.0,5607486.0,3.6029376142485856
3891,Grimontia_hollisae,bacteria,1276814.0,4039035.5,3.163370310789199
3892,Grimontia_marina,bacteria,249358.0,5690703.0,22.8214173998829
3893,Grimontia_sp,bacteria,243800.5,5509132.5,22.596887619180436
3894,Gryllotalpicola_protaetiae,bacteria,1697486.0,3677803.0,2.1666175744601133
3895,Guillardia_theta,protists,1259742.0,87266873.0,69.27360761171732
3896,Gulbenkiania_indica,bacteria,584574.0,2848002.0,4.871927249586879
3897,Gulosibacter_macacae,bacteria,281183.0,2821440.0,10.034177030617071
3898,Gulosibacter_molinativorax,bacteria,145849.0,3424928.0,23.482697858744316
3899,Gulosibacter_sp,bacteria,225497.0,3651988.0,16.19528419446822
3900,Guyparkeria_sp,bacteria,286516.0,2385904.3333333335,8.327298766328349
3901,Gynuella_sunshinyii,bacteria,2840448.0,6475959.0,2.2799076061241044
3902,Hadesarchaea_archaeon,bacteria,43528.8,853980.4,19.61874437154252
3903,Haematobacter_genomosp,bacteria,320306.0,4202463.0,13.120150730863612
3904,Haematobacter_massiliensis,bacteria,902852.0,4180796.0,4.630654858160584
3905,Haematobacter_missouriensis,bacteria,372430.0,4323477.0,11.60883118975378
3906,Haematospirillum_jordaniae,bacteria,1041809.0,2467625.0,2.3685963549940534
3907,Haemophilus_aegyptius,bacteria,890827.0,1993241.0,2.2375174977857655
3908,Haemophilus_haemolyticus,bacteria,306087.1,1950537.4,6.3724913594855845
3909,Haemophilus_influenzae,bacteria,369226.8125,1909154.875,5.170683196253522
3910,Haemophilus_paracuniculus,bacteria,289885.0,2047249.0,7.062279869603463
3911,Haemophilus_parahaemolyticus,bacteria,590920.75,2137864.0,3.6178523092986667
3912,Haemophilus_parainfluenzae,bacteria,623200.4545454546,2072519.2727272727,3.325606163491828
3913,Haemophilus_paraphrohaemolyticus,bacteria,303779.5,1994603.5,6.565958203236229
3914,Haemophilus_pittmaniae,bacteria,524501.5,2213466.5,4.2201337841741156
3915,Haemophilus_sp,bacteria,234370.16666666666,1999506.5,8.531403669835681
3916,Haemophilus_sputorum,bacteria,419879.0,2119328.0,5.047473200612558
3917,Hafnia_alvei,bacteria,1361751.2857142857,4868808.285714285,3.575402011212662
3918,Hafnia_paralvei,bacteria,600068.3333333334,4820183.333333333,8.032724050871982
3919,Hahella_chejuensis,bacteria,3175001.0,7215267.0,2.272524323614386
3920,Hahella_sp,bacteria,1868212.5,6800578.0,3.6401522846035985
3921,Hahellaceae_bacterium,bacteria,486283.0,4781580.0,9.83291622368045
3922,Haladaptatus_litoreus,bacteria,1184411.0,4671707.0,3.94432929109912
3923,Haladaptatus_paucihalophilus,bacteria,652405.0,4284251.5,6.5668587763735715
3924,Haladaptatus_sp,bacteria,474932.5,5044631.5,10.62178625383607
3925,Halalkaliarchaeum_desulfuricum,bacteria,1467310.0,3313120.0,2.257955033360367
3926,Halalkalibacillus_sediminis,bacteria,783057.0,2863218.0,3.656461790137883
3927,Halalkalibacterium_halodurans,bacteria,1823738.0,4202352.0,2.3042520362025685
3928,Halalkalicoccus_jeotgali,bacteria,867475.0,3656386.0,4.2149756477131906
3929,Halalkalicoccus_paucihalophilus,bacteria,644764.0,3980410.0,6.173437102567761
3930,Halanaeroarchaeum_sulfurireducens,bacteria,957043.0,2231619.0,2.3317855101599405
3931,Halanaerobium_congolense,bacteria,203302.66666666666,2802387.3333333335,13.78431173226126
3932,Halanaerobium_hydrogeniformans,bacteria,1174301.0,2613117.0,2.2252531505976747
3933,Halanaerobium_kushneri,bacteria,290631.0,3222148.0,11.086731972845293
3934,Halanaerobium_praevalens,bacteria,1041477.0,2309262.0,2.217295245118231
3935,Halanaerobium_saccharolyticum,bacteria,319664.2,3188563.6,9.974728480699435
3936,Halanaerobium_salsuginis,bacteria,156994.0,2991186.0,19.05286826248137
3937,Halanaerobium_sp,bacteria,107840.4,3064828.6,28.42004109777041
3938,Halapricum_salinum,bacteria,1546738.0,3452056.0,2.2318298250899633
3939,Halarchaeum_acidiphilum,bacteria,89757.0,2628974.0,29.28990496562942
3940,Halarchaeum_sp,bacteria,1106693.0,3216012.0,2.905965791777846
3941,Halarcobacter_anaerophilus,bacteria,408525.0,2975533.0,7.283600758827489
3942,Halarcobacter_arenosus,bacteria,636223.0,3134893.0,4.927349372782814
3943,Halarcobacter_bivalviorum,bacteria,1266825.0,2684688.0,2.1192256231129005
3944,Halarcobacter_ebronensis,bacteria,363159.5,3187635.5,8.777508229854925
3945,Halarcobacter_mediterraneus,bacteria,651341.0,2828874.0,4.343153586216744
3946,Halarsenatibacter_silvermanii,bacteria,182241.0,2718640.0,14.917828589614851
3947,Haliangium_ochraceum,bacteria,4182135.0,9446314.0,2.2587300505603
3948,Haliea_salexigens,bacteria,57351.0,3456339.0,60.26641209394779
3949,Haliea_sp,bacteria,371159.0,4035652.75,10.873110311214331
3950,Halieaceae_bacterium,bacteria,110347.0,3134254.3333333335,28.403620699550814
3951,Halioglobus_japonicus,bacteria,1024225.0,4064193.0,3.9680665869315823
3952,Halioglobus_sp,bacteria,437222.0,4894969.0,11.195614584810462
3953,Haliscomenobacter_hydrossis,bacteria,3813340.0,8771651.0,2.3002541079473637
3954,Hallerella_succinigenes,bacteria,1441274.0,3127022.0,2.1696235413946274
3955,Haloactinopolyspora_alba,bacteria,510550.0,5535374.0,10.841982176084615
3956,Haloarchaeobius_iranensis,bacteria,271372.0,3768606.0,13.887232286308093
3957,Haloarcula_amylolytica,bacteria,483627.0,4225424.0,8.736948102566647
3958,Haloarcula_argentinensis,bacteria,514362.0,4147107.0,8.062623210890385
3959,Haloarcula_californiae,bacteria,403670.0,4404932.0,10.912210468947407
3960,Haloarcula_hispanica,bacteria,1498958.5,3895750.0,2.598971219016404
3961,Haloarcula_japonica,bacteria,475975.0,4280359.0,8.992823152476495
3962,Haloarcula_mannanilytica,bacteria,865468.0,4217270.0,4.872820254475036
3963,Haloarcula_marismortui,bacteria,1527414.5,4229783.0,2.7692437121685045
3964,Haloarcula_quadrata,bacteria,1681283.0,4459149.0,2.652229874447074
3965,Haloarcula_rubripromontorii,bacteria,800364.0,3970989.0,4.961478777156394
3966,Haloarcula_sinaiiensis,bacteria,384295.0,4405164.0,11.4629750582235
3967,Haloarcula_sp,bacteria,977446.4,4285173.0,4.384049089545984
3968,Haloarcula_taiwanensis,bacteria,1484348.0,3721706.0,2.5073001748916024
3969,Haloarcula_vallismortis,bacteria,408010.5,3909921.0,9.582893087310254
3970,Halobacillus_aidingensis,bacteria,329402.0,4191840.0,12.7256057947432
3971,Halobacillus_alkaliphilus,bacteria,231313.0,4092525.0,17.692585371336673
3972,Halobacillus_dabanensis,bacteria,526902.0,4137344.0,7.8522078109401745
3973,Halobacillus_fulvus,bacteria,719698.0,3514261.0,4.8829661885957725
3974,Halobacillus_halophilus,bacteria,1731815.0,4170008.0,2.4078830591027334
3975,Halobacillus_karajensis,bacteria,1071347.0,4036026.0,3.7672444128746334
3976,Halobacillus_litoralis,bacteria,1789674.0,4280777.0,2.391931156177047
3977,Halobacillus_mangrovi,bacteria,1789546.0,4142697.0,2.314943007891387
3978,Halobacillus_sp,bacteria,99034.5,3886444.5,39.24333944231556
3979,Halobacillus_trueperi,bacteria,309616.0,4185521.0,13.518426050333316
3980,Halobacteriales_archaeon,bacteria,158718.33333333334,3422885.6666666665,21.565786351083155
3981,Halobacteriovoraceae_bacterium,bacteria,407955.0,3358635.0,8.232856565062322
3982,Halobacteriovorax_marinus,bacteria,1607888.0,3437906.0,2.1381501696635588
3983,Halobacteriovorax_sp,bacteria,870366.5,3371242.0,3.8733590964266202
3984,Halobacterium_hubeiense,bacteria,1232714.0,3130345.0,2.539392754523758
3985,Halobacterium_jilantaiense,bacteria,1301281.0,2952792.0,2.269142483445159
3986,Halobacterium_salinarum,bacteria,1018156.3333333334,2556488.6666666665,2.5108999305607616
3987,Halobacterium_sp,bacteria,1340661.0,3162560.0,2.3589557688334337
3988,Halobacteroides_halobius,bacteria,1184034.0,2649255.0,2.237482200680048
3989,Halobaculum_gomorrense,bacteria,541825.0,3208246.0,5.921184884418401
3990,Halobellus_clavatus,bacteria,508392.0,3754978.0,7.385989551369809
3991,Halobellus_limi,bacteria,1167559.5,3742927.0,3.2057698130159533
3992,Halobellus_sp,bacteria,537278.0,3709731.5,6.904677839033051
3993,Halobiforma_haloterrestris,bacteria,632602.0,4495442.0,7.106272190097407
3994,Halobiforma_lacisalsi,bacteria,1053440.0,4360059.5,4.138877866798299
3995,Halobiforma_nitratireducens,bacteria,173303.0,3688747.0,21.28495755988067
3996,Halocella_sp,bacteria,1773539.0,4035760.0,2.275540599896591
3997,Halococcoides_cellulosivorans,bacteria,1217890.0,2723120.0,2.2359326375945283
3998,Halococcus_hamelinensis,bacteria,210059.0,3419074.0,16.276731775358353
3999,Halococcus_morrhuae,bacteria,161991.0,2991556.0,18.467421029563372
4000,Halococcus_saccharolyticus,bacteria,349121.0,3449700.0,9.881101394645409
4001,Halococcus_salifodinae,bacteria,336697.0,4199784.0,12.473482092207533
4002,Halococcus_sp,bacteria,285124.0,3873359.0,13.584822743788667
4003,Halococcus_thailandensis,bacteria,254914.0,4052434.0,15.897259467898978
4004,Halodesulfovibrio_marinisediminis,bacteria,779758.0,3710653.0,4.7587238604797895
4005,Halodesulfovibrio_spirochaetisodalis,bacteria,231065.0,3614588.0,15.643165343085279
4006,Halodesulfurarchaeum_formicicum,bacteria,927239.0,2029114.5,2.1883403308100715
4007,Haloechinothrix_alba,bacteria,301260.0,4744155.0,15.74770961959769
4008,Haloferax_alexandrinus,bacteria,467582.0,3649262.0,7.80453909688568
4009,Haloferax_denitrificans,bacteria,440575.0,3825973.0,8.68404471429382
4010,Haloferax_elongans,bacteria,555144.0,3952136.0,7.119118643090801
4011,Haloferax_gibbonsii,bacteria,998595.5,3987888.0,3.993496866348787
4012,Haloferax_larsenii,bacteria,616698.5,3796012.5,6.155378195341808
4013,Haloferax_lucentense,bacteria,298145.0,3619064.0,12.13860369954217
4014,Haloferax_marisrubri,bacteria,648732.0,3904985.0,6.019411713928093
4015,Haloferax_massiliensis,bacteria,1099645.0,4015175.0,3.6513374770948808
4016,Haloferax_mediterranei,bacteria,1252424.75,3903354.75,3.1166381453256973
4017,Haloferax_mucosum,bacteria,587427.0,3368982.0,5.73515006971079
4018,Haloferax_prahovense,bacteria,464657.0,3998799.0,8.605915761518713
4019,Haloferax_profundi,bacteria,64882.0,3830759.0,59.04193767146512
4020,Haloferax_sp,bacteria,838811.2666666667,3893269.6666666665,4.641413177648464
4021,Haloferax_sulfurifontis,bacteria,319866.0,3812428.0,11.918828509438328
4022,Haloferax_volcanii,bacteria,853322.0,3939827.0,4.617046085768327
4023,Halogeometricum_borinquense,bacteria,1068340.0,3958250.6666666665,3.7050477064105682
4024,Halogeometricum_limi,bacteria,748932.0,3616269.0,4.828567880662063
4025,Halogeometricum_pallidum,bacteria,305836.0,4384515.0,14.336163826364457
4026,Halogeometricum_rufum,bacteria,1167117.0,4187125.0,3.587579480034992
4027,Halogranum_amylolyticum,bacteria,538437.0,5185690.0,9.631006041561037
4028,Halogranum_gelatinilyticum,bacteria,894877.0,3770187.0,4.213078445417638
4029,Halogranum_rubrum,bacteria,1083971.0,4566676.0,4.212913445101391
4030,Halogranum_salarium,bacteria,669926.0,4492306.0,6.7056749551443
4031,Halohasta_litchfieldiae,bacteria,838387.5,3308306.0,3.9460345007529334
4032,Halolactibacillus_alkaliphilus,bacteria,202752.0,2871467.0,14.162459556502526
4033,Halolactibacillus_halophilus,bacteria,157814.0,2704097.0,17.13470921464509
4034,Halolactibacillus_miurensis,bacteria,288969.0,3168606.0,10.965210801158602
4035,Halolamina_pelagica,bacteria,817147.0,3066587.5,3.752797844206734
4036,Halolamina_sp,bacteria,1376510.0,3472516.0,2.5226958031543543
4037,Halomarina_oriensis,bacteria,336034.0,3654689.0,10.875950052673241
4038,Halomicrobium_mukohataei,bacteria,1407845.5,3324203.0,2.361198725286262
4039,Halomicrobium_zhouii,bacteria,1149434.0,4250330.0,3.697759070986242
4040,Halomicronema_hongdechloris,bacteria,2332151.0,5577845.0,2.391716917129294
4041,Halomonadaceae_bacterium,bacteria,297149.0,3421069.0,11.512974972152017
4042,Halomonas_aestuarii,bacteria,1593428.0,3543891.0,2.2240672311519565
4043,Halomonas_alkaliantarctica,bacteria,518812.0,5031827.0,9.69874829417978
4044,Halomonas_alkaliphila,bacteria,1814251.0,4029514.0,2.221034465462607
4045,Halomonas_andesensis,bacteria,362257.0,3907727.0,10.78716767377856
4046,Halomonas_anticariensis,bacteria,1110022.0,5070590.0,4.568008561992465
4047,Halomonas_aquamarina,bacteria,115159.0,3497205.0,30.368490521800293
4048,Halomonas_arcis,bacteria,380270.0,4142129.0,10.892599994740578
4049,Halomonas_azerbaijanica,bacteria,466291.0,4576545.0,9.814783043206925
4050,Halomonas_beimenensis,bacteria,1812511.0,4053030.0,2.236140911696536
4051,Halomonas_boliviensis,bacteria,467942.0,4133395.0,8.833135303093119
4052,Halomonas_campaniensis,bacteria,901504.6666666666,4348187.666666667,4.823255860387486
4053,Halomonas_caseinilytica,bacteria,602680.0,3478746.0,5.772127829030331
4054,Halomonas_chromatireducens,bacteria,1770378.0,3973651.0,2.244521226540321
4055,Halomonas_cupida,bacteria,673177.0,4957973.0,7.365036238611836
4056,Halomonas_daqiaonensis,bacteria,273079.0,3716433.0,13.609369449866156
4057,Halomonas_desiderata,bacteria,267156.0,4729926.5,17.704736184102174
4058,Halomonas_elongata,bacteria,1151755.0,3892570.3333333335,3.3796860732823677
4059,Halomonas_endophytica,bacteria,315613.0,4980457.0,15.780265705151562
4060,Halomonas_gudaonensis,bacteria,405588.0,4166643.0,10.273092399183408
4061,Halomonas_heilongjiangensis,bacteria,206029.0,4816801.0,23.379237874279834
4062,Halomonas_huangheensis,bacteria,848725.0,4758798.0,5.606996376918318
4063,Halomonas_hydrothermalis,bacteria,1784843.0,3933432.0,2.2037971967282277
4064,Halomonas_ilicicola,bacteria,444830.0,3960292.0,8.902933705010904
4065,Halomonas_korlensis,bacteria,479827.0,4038005.0,8.415543518809905
4066,Halomonas_meridiana,bacteria,932637.5,3660854.5,3.9252705365160634
4067,Halomonas_montanilacus,bacteria,507863.0,4785753.0,9.423314949110292
4068,Halomonas_muralis,bacteria,667093.0,4138450.0,6.203707728907363
4069,Halomonas_nanhaiensis,bacteria,512936.0,4029604.0,7.855958638114696
4070,Halomonas_nigrificans,bacteria,493549.0,4929385.0,9.987630407517795
4071,Halomonas_nitroreducens,bacteria,369993.0,4352895.0,11.764803658447592
4072,Halomonas_olivaria,bacteria,2112918.0,4998083.0,2.365488390936137
4073,Halomonas_pantelleriensis,bacteria,421278.0,4402189.0,10.449605723536477
4074,Halomonas_populi,bacteria,788556.0,4044215.0,5.128633857329093
4075,Halomonas_rituensis,bacteria,252600.0,4474525.0,17.713875692794932
4076,Halomonas_saccharevitans,bacteria,212371.0,3681289.0,17.334235841993493
4077,Halomonas_salina,bacteria,217973.0,3358440.0,15.407596353676832
4078,Halomonas_salipaludis,bacteria,743124.0,5475884.0,7.368735231266922
4079,Halomonas_shengliensis,bacteria,494464.0,3530709.0,7.140477365389594
4080,Halomonas_songnenensis,bacteria,654520.0,3686518.0,5.632399315528938
4081,Halomonas_sp,bacteria,899672.6842105263,4275952.263157895,4.7527865836119
4082,Halomonas_subglaciescola,bacteria,1393046.0,3110197.0,2.232659223026375
4083,Halomonas_subterranea,bacteria,503317.0,3734199.0,7.419179165416626
4084,Halomonas_sulfidaeris,bacteria,574365.0,4254519.0,7.40734376224178
4085,Halomonas_taeanensis,bacteria,480155.5,3746395.0,7.802461910776821
4086,Halomonas_urmiana,bacteria,230434.0,4028094.0,17.48046729215307
4087,Halomonas_urumqiensis,bacteria,548852.0,3985154.0,7.260890003133814
4088,Halomonas_ventosae,bacteria,322252.0,3637114.0,11.28655213931954
4089,Halomonas_venusta,bacteria,2000117.0,4446698.0,2.223218941691911
4090,Halomonas_xianhensis,bacteria,379464.0,4487359.5,11.82552099803934
4091,Halonotius_aquaticus,bacteria,394010.0,2468392.0,6.264795309763712
4092,Halonotius_pteroides,bacteria,238402.0,3009688.0,12.62442429174252
4093,Halonotius_sp,bacteria,885609.0,2708829.5,3.0587194800414177
4094,Halopelagius_inordinatus,bacteria,941465.0,3529311.0,3.748743713255405
4095,Halopelagius_longus,bacteria,1162011.5,3875373.5,3.335056064419328
4096,Halopenitus_malekzadehii,bacteria,656292.0,3136824.0,4.779616390265309
4097,Halopenitus_persicus,bacteria,495174.0,3424491.0,6.915732651552788
4098,Halophilic_archaeon,bacteria,1055822.2,3384393.8,3.2054580780741304
4099,Halopiger_aswanensis,bacteria,1152847.0,4865231.0,4.220187934738955
4100,Halopiger_salifodinae,bacteria,934995.0,4272165.0,4.5691848619511335
4101,Halopiger_xanaduensis,bacteria,1715010.0,4355268.0,2.5395000612241327
4102,Haloplanus_aerogenes,bacteria,1080520.0,3505199.5,3.243993169955207
4103,Haloplanus_rubicundus,bacteria,1551847.5,3651483.5,2.3529911927557317
4104,Haloplanus_salinus,bacteria,1428445.0,3549098.0,2.484588486081018
4105,Haloplanus_vescus,bacteria,832835.0,2776859.0,3.3342246663504778
4106,Haloplasma_contractile,bacteria,488351.0,3404505.0,6.971430385112347
4107,Halopolyspora_algeriensis,bacteria,573973.0,4565527.0,7.954253945743092
4108,Haloprofundus_marisrubri,bacteria,708230.0,3929557.0,5.5484192988153564
4109,Haloprofundus_sp,bacteria,1320065.0,3051700.0,2.3117801017374147
4110,Halopseudomonas_aestusnigri,bacteria,593015.0,3829769.0,6.458131750461624
4111,Halopseudomonas_bauzanensis,bacteria,897907.6666666666,5231043.666666667,5.8258146810195415
4112,Halopseudomonas_formosensis,bacteria,524534.0,3443471.0,6.5648194397312665
4113,Halopseudomonas_gallaeciensis,bacteria,1046070.0,4246542.0,4.059519917405145
4114,Halopseudomonas_litoralis,bacteria,1814329.0,3987942.0,2.198025826627916
4115,Halopseudomonas_oceani,bacteria,397616.0,4155021.0,10.449833507705927
4116,Halopseudomonas_pachastrellae,bacteria,178953.0,3920464.0,21.907785843210227
4117,Halopseudomonas_pelagia,bacteria,332399.0,4533304.0,13.638139705594782
4118,Halopseudomonas_sabulinigri,bacteria,1831195.0,4030203.0,2.2008595480000763
4119,Halopseudomonas_salegens,bacteria,1731928.0,3796105.0,2.1918376514497138
4120,Halopseudomonas_xinjiangensis,bacteria,1619194.0,3537092.0,2.184476968170584
4121,Haloquadratum_sp,bacteria,872987.0,3019909.0,3.4592828988289632
4122,Haloquadratum_walsbyi,bacteria,1274139.75,3377469.25,2.6507839897468077
4123,Halorhabdus_tiamatea,bacteria,734422.0,3146362.0,4.284133645233939
4124,Halorhabdus_utahensis,bacteria,1379392.0,3116795.0,2.2595426100774834
4125,Halorhodospira_halochloris,bacteria,1259181.0,2834560.0,2.251114017762339
4126,Halorhodospira_halophila,bacteria,1238469.0,2678452.0,2.1627121873862003
4127,Halorientalis_pallida,bacteria,741758.0,4087668.0,5.51078384055177
4128,Halorientalis_persicus,bacteria,341307.0,4869758.0,14.26796989220848
4129,Halorientalis_regularis,bacteria,364478.0,4032197.0,11.062936583278002
4130,Halorientalis_sp,bacteria,1581651.0,3778989.0,2.3892685554524986
4131,Halorubrum_aidingense,bacteria,404108.0,3108525.0,7.692312451126926
4132,Halorubrum_arcis,bacteria,206701.0,3382601.0,16.3647055408537
4133,Halorubrum_californiensis,bacteria,221366.0,3682872.0,16.637026462961792
4134,Halorubrum_coriense,bacteria,289090.0,3645313.0,12.60961292331108
4135,Halorubrum_distributum,bacteria,159927.33333333334,2955715.6666666665,18.481616650895614
4136,Halorubrum_ezzemoulense,bacteria,361131.5,3497948.3,9.686079170606828
4137,Halorubrum_halodurans,bacteria,107631.0,3320122.0,30.847265193113508
4138,Halorubrum_hochstenium,bacteria,171331.0,3037532.0,17.729027438116862
4139,Halorubrum_kocurii,bacteria,175688.0,3619738.0,20.603217066618097
4140,Halorubrum_lacusprofundi,bacteria,1359768.0,3692576.0,2.71559265992434
4141,Halorubrum_lipolyticum,bacteria,260595.0,3425042.0,13.143160843454403
4142,Halorubrum_litoreum,bacteria,263888.0,3137757.0,11.890487631116232
4143,Halorubrum_persicum,bacteria,153126.0,3578349.0,23.368657184279613
4144,Halorubrum_saccharovorum,bacteria,210464.0,3353038.0,15.93164626729512
4145,Halorubrum_salipaludis,bacteria,535518.0,3506649.0,6.548144039976247
4146,Halorubrum_sodomense,bacteria,781921.0,3030553.0,3.8757790109230985
4147,Halorubrum_sp,bacteria,396247.48484848486,3622066.9393939395,9.140920959483005
4148,Halorubrum_tebenquichense,bacteria,188828.0,3328860.0,17.629059249687547
4149,Halorubrum_terrestre,bacteria,221322.0,3376225.0,15.25480973423338
4150,Halorubrum_tropicale,bacteria,710243.0,3567018.0,5.0222501312930925
4151,Halorubrum_vacuolatum,bacteria,367689.0,3477860.0,9.458700151486719
4152,Halosimplex_carlsbadense,bacteria,333971.0,4694889.0,14.057774477424687
4153,Halospina_denitrificans,bacteria,651354.0,3318232.0,5.094360363181925
4154,Halostagnicola_kamekurae,bacteria,1025383.0,4108147.0,4.006451247972708
4155,Halostagnicola_larsenii,bacteria,1426632.0,4131176.0,2.8957544762769936
4156,Halostagnicola_sp,bacteria,507653.0,3178490.0,6.2611468857664585
4157,Halotalea_alkalilenta,bacteria,1927757.0,4387428.0,2.2759237808499724
4158,Haloterrigena_daqingensis,bacteria,1205581.5,3833359.0,3.1796763636469207
4159,Haloterrigena_hispanica,bacteria,610023.0,4110012.5,6.73747137403016
4160,Haloterrigena_limicola,bacteria,261471.0,3522035.0,13.470078899763262
4161,Haloterrigena_saccharevitans,bacteria,1580623.0,3980616.0,2.518384206733674
4162,Haloterrigena_salina,bacteria,313853.0,4841607.0,15.426352464370263
4163,Haloterrigena_sp,bacteria,586033.0,3794337.0,6.474613204375863
4164,Haloterrigena_thermotolerans,bacteria,267254.0,3895275.0,14.575179417333324
4165,Haloterrigena_turkmenica,bacteria,1874468.0,5440782.0,2.9025739569840616
4166,Halothece_sp,bacteria,1812362.0,4179170.0,2.3059245338403698
4167,Halothermothrix_orenii,bacteria,1139517.0,2578146.0,2.2624901603047607
4168,Halothiobacillus_neapolitanus,bacteria,1163448.0,2582886.0,2.220027023124368
4169,Halothiobacillus_sp,bacteria,332039.4,2410905.8,7.260902772381831
4170,Halovenus_aranensis,bacteria,317056.0,3287116.0,10.367619600322971
4171,Halovibrio_salipaludis,bacteria,718681.0,3495096.0,4.863209128945944
4172,Halovivax_asiaticus,bacteria,458773.0,3238452.0,7.05894200399762
4173,Halovivax_ruber,bacteria,1382191.0,3223876.0,2.332438859752379
4174,Halpernia_frigidisoli,bacteria,760464.0,3021049.0,3.9726390729870182
4175,Halpernia_humi,bacteria,673351.0,3121186.0,4.635303133135616
4176,Hanamia_caeni,bacteria,572032.0,4963791.0,8.677470840792123
4177,Hansschlegelia_quercus,bacteria,649672.0,3579806.0,5.510174364910293
4178,Hansschlegelia_zhihuaiae,bacteria,380126.0,4621517.0,12.15785555315869
4179,Hanstruepera_neustonica,bacteria,662604.0,3049585.0,4.602424675975394
4180,Hapalosiphon_sp,bacteria,562416.0,7429720.0,13.210363858780688
4181,Hapalosiphonaceae_cyanobacterium,bacteria,361875.0,7145071.0,19.744583074265975
4182,Haplochromis_burtoni,ensembl,4415011.0,831411547.0,188.3147169961751
4183,Harryflintia_acetispora,bacteria,407829.0,2978322.0,7.302869585046674
4184,Hartmannibacter_diazotrophicus,bacteria,2338800.0,5449775.0,2.330158628356422
4185,Hasllibacter_halocynthiae,bacteria,968169.0,2784625.0,2.8761765766100753
4186,Hassallia_byssoidea,bacteria,1648543.0,13096531.0,7.944306578596979
4187,Hathewaya_histolytica,bacteria,1196777.0,2740791.0,2.2901434435989327
4188,Hathewaya_proteolytica,bacteria,259534.0,2818024.0,10.858014749512588
4189,Hazenella_coriacea,bacteria,555593.0,3031320.0,5.456008265042936
4190,Helcococcus_kunzii,bacteria,887975.0,2096464.0,2.36094935105155
4191,Helianthus_annuus,plants,42917621.0,3009595538.0,70.12493861204469
4192,Helicobacter_acinonychis,bacteria,695795.0,1557588.0,2.2385731429515876
4193,Helicobacter_ailurogastricus,bacteria,188519.75,1580531.75,8.383905399832113
4194,Helicobacter_anseris,bacteria,178695.0,1623876.0,9.087417107361706
4195,Helicobacter_apodemus,bacteria,930976.0,2067954.0,2.2212753067748254
4196,Helicobacter_aurati,bacteria,210086.0,1973922.0,9.395780775491941
4197,Helicobacter_bilis,bacteria,741849.3333333334,2570193.0,3.46457546635705
4198,Helicobacter_bizzozeronii,bacteria,462305.5,1791580.5,3.8753172955978243
4199,Helicobacter_brantae,bacteria,215054.0,1730760.0,8.048025147172337
4200,Helicobacter_canadensis,bacteria,759305.0,1623845.0,2.138593845687833
4201,Helicobacter_canis,bacteria,935001.5,2084954.0,2.229893748833558
4202,Helicobacter_cetorum,bacteria,853016.5,1903950.5,2.2320207170670203
4203,Helicobacter_cholecystus,bacteria,470892.0,1393982.5,2.96030193759928
4204,Helicobacter_cinaedi,bacteria,903432.0,2063445.0,2.2840069866907524
4205,Helicobacter_didelphidarum,bacteria,262013.0,2589753.0,9.88406300450741
4206,Helicobacter_enhydrae,bacteria,723609.0,1594790.0,2.203938867537579
4207,Helicobacter_equorum,bacteria,344551.0,1750486.0,5.080484456582625
4208,Helicobacter_felis,bacteria,781191.0,1672681.0,2.1411933829242784
4209,Helicobacter_fennelliae,bacteria,588195.5,2216246.5,3.767873946672492
4210,Helicobacter_ganmani,bacteria,301826.0,1818819.0,6.026051433607443
4211,Helicobacter_heilmannii,bacteria,249452.66666666666,1639004.6666666667,6.570403469996981
4212,Helicobacter_hepaticus,bacteria,842130.0,1799146.0,2.136423117570921
4213,Helicobacter_macacae,bacteria,874120.0,2369528.0,2.7107582482954284
4214,Helicobacter_marmotae,bacteria,213859.0,1957184.0,9.15174951720526
4215,Helicobacter_muridarum,bacteria,963274.0,2263336.0,2.3496284546245407
4216,Helicobacter_mustelae,bacteria,709283.0,1578097.0,2.2249186854894307
4217,Helicobacter_pametensis,bacteria,770803.0,1918356.0,2.488775990752501
4218,Helicobacter_pullorum,bacteria,454120.2,1898700.2,4.181052065069997
4219,Helicobacter_pylori,bacteria,279385.5506756757,1637349.1706081082,5.860536332850021
4220,Helicobacter_saguini,bacteria,1239432.0,2776103.0,2.239818723415242
4221,Helicobacter_sp,bacteria,216025.2,1948645.05,9.020452474989028
4222,Helicobacter_suis,bacteria,68826.0,1669960.0,24.263505070758143
4223,Helicobacter_typhlonius,bacteria,875218.0,1920832.0,2.1946897801462035
4224,Helicobacter_valdiviensis,bacteria,148107.0,2181291.0,14.727804897810367
4225,Helicobacter_winghamensis,bacteria,169661.0,1647035.0,9.707799671108859
4226,Helicobacteraceae_bacterium,bacteria,94396.0,2318166.0,24.55788380863596
4227,Heliomicrobium_modesticaldum,bacteria,1344068.0,3075407.0,2.2881334872937975
4228,Heliophilum_fasciatum,bacteria,192428.0,3142229.0,16.329375142910596
4229,Henriciella_algicola,bacteria,969035.0,3203764.0,3.306138581165799
4230,Henriciella_barbarensis,bacteria,912259.0,3327924.0,3.6480034726979946
4231,Henriciella_mobilis,bacteria,857723.0,3889725.0,4.534943099345593
4232,Henriciella_sp,bacteria,152775.5,3336349.0,21.838246315672343
4233,Hephaestia_caeni,bacteria,1282192.0,4524961.0,3.529082227934662
4234,Herbaspirillum_aquaticum,bacteria,445046.0,5424987.0,12.189721961325347
4235,Herbaspirillum_hiltneri,bacteria,2197363.0,4965474.0,2.2597422455916476
4236,Herbaspirillum_huttiense,bacteria,1749639.5,5747504.0,3.2849647027287623
4237,Herbaspirillum_robiniae,bacteria,791316.0,5534556.0,6.994116130597638
4238,Herbaspirillum_rubrisubalbicans,bacteria,1435812.0,5773876.5,4.021331831743988
4239,Herbaspirillum_seropedicae,bacteria,1899050.3333333333,5563318.666666667,2.9295267055410683
4240,Herbaspirillum_sp,bacteria,791833.375,5503098.25,6.949818514532808
4241,Herbiconiux_ginsengi,bacteria,1202287.0,4853715.0,4.037068520245166
4242,Herbidospora_galbida,bacteria,442131.0,8314612.0,18.805765711972242
4243,Herbihabitans_rhizosphaerae,bacteria,875013.0,6627535.0,7.574213183118422
4244,Herbinix_hemicellulosilytica,bacteria,956689.0,3284881.5,3.4335938847420637
4245,Herbinix_luporum,bacteria,1147266.0,2609352.0,2.274408899069614
4246,Herminiimonas_arsenicoxydans,bacteria,1517660.0,3424307.0,2.2563070780016603
4247,Herminiimonas_fonticola,bacteria,947696.0,3114653.0,3.2865528608330097
4248,Herminiimonas_sp,bacteria,749876.0,3643587.0,4.8589193413311005
4249,Herpetosiphon_aurantiacus,bacteria,2928931.0,6785430.0,2.3166916530297232
4250,Herpetosiphon_geysericola,bacteria,567439.0,6140412.0,10.821272418709324
4251,Hespellia_stercorisuis,bacteria,172495.0,4402942.0,25.525041305545088
4252,Heterocephalus_glaber,ensembl,34152410.0,2499804195.5,73.19554302317172
4253,Heyndrickxia_sporothermodurans,bacteria,222191.33333333334,3959929.3333333335,17.82215928013994
4254,Hippea_maritima,bacteria,806583.0,1694430.0,2.1007509456559337
4255,Hippocampus_comes,ensembl,5027494.0,493775940.0,98.21512268338859
4256,Hirschia_baltica,bacteria,1575041.0,3540114.0,2.2476329187621147
4257,Hirschia_sp,bacteria,481188.0,3864107.0,8.030347805847194
4258,Histidinibacterium_lentulum,bacteria,567520.0,4353029.0,7.670265365097265
4259,Histophilus_somni,bacteria,442026.7,2177672.2,4.926562580948165
4260,Histoplasma_capsulatum,fungi,1333799.0,39270953.0,29.44293180606673
4261,Hoeflea_halophila,bacteria,1001128.0,4192799.0,4.188074851567432
4262,Hoeflea_marina,bacteria,1096019.0,5261965.0,4.80097972754122
4263,Hoeflea_olei,bacteria,550303.0,4723612.0,8.583656640069199
4264,Hoeflea_phototrophica,bacteria,2000850.0,4468465.0,2.233283354574306
4265,Hoeflea_sp,bacteria,967469.0,4947211.5,5.113560744581997
4266,Holdemanella_biformis,bacteria,219388.5,2549412.75,11.620539590726041
4267,Holdemania_filiformis,bacteria,458234.0,3838889.5,8.37757455797693
4268,Holophagae_bacterium,bacteria,101641.0,4236048.0,41.67656752688384
4269,Holosporales_bacterium,bacteria,130114.0,1763749.0,13.555412945570808
4270,Holzapfelia_floricola,bacteria,310574.0,1289346.0,4.151493685884845
4271,Homo_sapiens,ensembl,64914352.0,3099750718.0,47.75139275826091
4272,Hordeum_vulgare,plants,23140600.0,4204217866.0,181.68145449988333
4273,Hornefia_porci,bacteria,1245648.0,2814507.0,2.259472178336095
4274,Hoyosella_subflava,bacteria,2211609.0,4863490.0,2.199073163475099
4275,Hucho_hucho,ensembl,2259268.0,2487549814.0,1101.0423792130903
4276,Humibacillus_sp,bacteria,427098.0,5023713.0,11.762436255847604
4277,Humibacter_sp,bacteria,1727291.0,3865684.0,2.2380039032218657
4278,Humidesulfovibrio_mexicanus,bacteria,641124.0,3535439.0,5.514438704525178
4279,Humitalea_rosea,bacteria,336456.0,4974508.0,14.785017951827282
4280,Hungateiclostridiaceae_bacterium,bacteria,1680839.0,3802844.0,2.262467731888658
4281,Hungatella_effluvii,bacteria,660225.0,6863335.0,10.395448521337423
4282,Hungatella_hathewayi,bacteria,609686.25,6514003.083333333,10.684188930508656
4283,Hwanghaeella_grinnelliae,bacteria,1558431.0,5323771.0,3.4161095358087716
4284,Hwanghaeicola_aestuarii,bacteria,399570.0,4545653.0,11.376362089245939
4285,Hyalangium_minutum,bacteria,1059854.0,11186183.0,10.55445655722392
4286,Hyaloperonospora_arabidopsidis,protists,926374.0,78897814.0,85.16842441605658
4287,Hydrobacter_penzbergensis,bacteria,480486.0,3961509.0,8.244795894157166
4288,Hydrocarboniclastica_marina,bacteria,1854972.0,4258501.0,2.295722523035388
4289,Hydrocarboniphaga_daqingensis,bacteria,620385.0,3800678.0,6.12632155838713
4290,Hydrocarboniphaga_effusa,bacteria,1606022.0,5193926.0,3.2340316633271526
4291,Hydrococcus_rivularis,bacteria,390752.0,5148315.0,13.175402813037426
4292,Hydrocoleum_sp,bacteria,29950.0,8387203.0,280.0401669449082
4293,Hydrogenimonas_thermophila,bacteria,128684.0,2444910.0,18.999331696248174
4294,Hydrogenispora_ethanolica,bacteria,331847.0,5983490.0,18.03086964775936
4295,Hydrogenivirga_caldilitoris,bacteria,847632.0,1753429.0,2.0686205806293296
4296,Hydrogenoanaerobacterium_saccharovorans,bacteria,1120316.0,3178920.0,2.8375208423337703
4297,Hydrogenobacter_hydrogenophilus,bacteria,321371.0,1601489.0,4.983302787121427
4298,Hydrogenobacter_thermophilus,bacteria,836944.0,1743135.0,2.082737913169818
4299,Hydrogenobaculum_sp,bacteria,510659.0,1537274.0,3.0103728711331827
4300,Hydrogenophaga_borbori,bacteria,610470.0,4583034.0,7.507386112339673
4301,Hydrogenophaga_crassostreae,bacteria,2223389.0,4944132.0,2.2236918505938457
4302,Hydrogenophaga_intermedia,bacteria,269324.0,5288135.0,19.63484501938186
4303,Hydrogenophaga_pseudoflava,bacteria,2266359.0,4905973.0,2.1646936782742716
4304,Hydrogenophaga_sp,bacteria,1104917.1,4728360.6,4.279380416865663
4305,Hydrogenophilaceae_bacterium,bacteria,176055.0,2267640.0,12.880293090227486
4306,Hydrogenophilales_bacterium,bacteria,147066.07692307694,2988209.923076923,20.318825289940314
4307,Hydrogenophilus_thermoluteolus,bacteria,1077369.0,2288780.0,2.1244160542952324
4308,Hydrogenothermus_marinus,bacteria,380158.0,1604000.0,4.2192982917628985
4309,Hydrogenothermus_sp,bacteria,27586.0,1492261.0,54.09486696150221
4310,Hydrogenovibrio_crunogenus,bacteria,1111153.0,2440496.5,2.1963640470754253
4311,Hydrogenovibrio_marinus,bacteria,1118797.0,2618064.0,2.3400706294350093
4312,Hydrogenovibrio_sp,bacteria,223763.0,2452073.0,10.95834878867373
4313,Hydrogenovibrio_thermophilus,bacteria,1185548.0,2612894.0,2.2039546268898436
4314,Hydromonas_duriensis,bacteria,195263.0,2427609.0,12.432508975074644
4315,Hydrotalea_sandarakina,bacteria,525325.0,3268305.0,6.221491457669062
4316,Hydrotalea_sp,bacteria,313141.0,3931870.0,12.556228663764886
4317,Hylemonella_gracilis,bacteria,1216335.0,3754222.6666666665,3.086503855160516
4318,Hymenobacter_actinosclerus,bacteria,1091739.0,4405206.0,4.035035846479791
4319,Hymenobacter_amundsenii,bacteria,322300.0,4582236.0,14.217300651566863
4320,Hymenobacter_chitinivorans,bacteria,1763707.0,5870407.0,3.3284479791711434
4321,Hymenobacter_coccineus,bacteria,112786.0,5700921.0,50.54635327079602
4322,Hymenobacter_crusticola,bacteria,729600.0,7293861.0,9.997068256578947
4323,Hymenobacter_daecheongensis,bacteria,620953.0,4385746.0,7.0629274679404075
4324,Hymenobacter_edaphi,bacteria,1165316.0,6041327.0,5.1842822032822
4325,Hymenobacter_gelipurpurascens,bacteria,1645443.0,5060948.0,3.0757358352735404
4326,Hymenobacter_glacialis,bacteria,237038.0,4231675.0,17.852306381255325
4327,Hymenobacter_gummosus,bacteria,631736.0,6519694.0,10.32028252307926
4328,Hymenobacter_jejuensis,bacteria,2241810.0,5086993.0,2.269145467278672
4329,Hymenobacter_jeollabukensis,bacteria,785670.0,6177743.0,7.863025188692453
4330,Hymenobacter_lapidarius,bacteria,206043.0,4662079.0,22.626728401353116
4331,Hymenobacter_metallilatus,bacteria,607506.0,5206901.0,8.57094580135834
4332,Hymenobacter_mucosus,bacteria,787060.0,5534940.0,7.032424465733235
4333,Hymenobacter_nivis,bacteria,2125623.0,5027597.0,2.3652345688769834
4334,Hymenobacter_oligotrophus,bacteria,1794977.0,4188814.0,2.333631015884883
4335,Hymenobacter_perfusus,bacteria,995783.0,5113260.0,5.134913932051461
4336,Hymenobacter_persicinus,bacteria,200313.0,4817468.0,24.04970221603191
4337,Hymenobacter_psychrophilus,bacteria,520734.0,4758215.0,9.137515506957486
4338,Hymenobacter_psychrotolerans,bacteria,447640.0,4767747.0,10.65085113037262
4339,Hymenobacter_rigui,bacteria,703459.0,5284593.0,7.5122970919413925
4340,Hymenobacter_roseosalivarius,bacteria,226021.0,4948485.0,21.89391693692179
4341,Hymenobacter_rubripertinctus,bacteria,277017.0,5099443.0,18.408411758123147
4342,Hymenobacter_sedentarius,bacteria,2106564.0,4868852.0,2.311276562212209
4343,Hymenobacter_sp,bacteria,1532601.75,4811367.75,3.1393463761867686
4344,Hymenobacter_swuensis,bacteria,2224095.0,5252070.0,2.361441395264141
4345,Hyperthermus_butylicus,bacteria,682595.0,1667163.0,2.4423897039972458
4346,Hyphomicrobiaceae_bacterium,bacteria,117327.0,4964254.0,42.311266801333026
4347,Hyphomicrobiales_bacterium,bacteria,275698.5,5193686.0,18.838281673639862
4348,Hyphomicrobium_denitrificans,bacteria,1631252.0,3723828.0,2.2828036379418997
4349,Hyphomicrobium_facile,bacteria,1150917.0,4425354.0,3.8450678893438885
4350,Hyphomicrobium_nitrativorans,bacteria,1582606.0,3653837.0,2.3087470918219695
4351,Hyphomicrobium_sp,bacteria,737479.5,3843133.25,5.211172988537308
4352,Hyphomicrobium_sulfonivorans,bacteria,225247.0,3703619.0,16.44247870115917
4353,Hyphomonadaceae_bacterium,bacteria,311097.6,3494841.6,11.233907301117078
4354,Hyphomonas_adhaerens,bacteria,687329.5,3683337.5,5.358910828067179
4355,Hyphomonas_atlantica,bacteria,451600.0,3604440.0,7.9814880425155
4356,Hyphomonas_beringensis,bacteria,253175.0,3802763.0,15.020294262861658
4357,Hyphomonas_chukchiensis,bacteria,411484.0,3857634.0,9.37493073849773
4358,Hyphomonas_hirschiana,bacteria,427198.0,3690521.0,8.63890046301715
4359,Hyphomonas_jannaschiana,bacteria,464033.0,3640843.0,7.846086377477464
4360,Hyphomonas_johnsonii,bacteria,683853.0,3618770.0,5.291736674402247
4361,Hyphomonas_neptunium,bacteria,1686153.0,3705021.0,2.1973219512108333
4362,Hyphomonas_oceanitis,bacteria,258900.0,4280175.0,16.53215527230591
4363,Hyphomonas_pacifica,bacteria,206525.0,3511702.0,17.003762256385425
4364,Hyphomonas_polymorpha,bacteria,288907.0,4050957.0,14.021664411038847
4365,Hyphomonas_sp,bacteria,519933.0,3784947.9,7.279683920812873
4366,Hypnocyclicus_thermotrophus,bacteria,356994.0,2218931.0,6.215597461021754
4367,Hyunsoonleella_flava,bacteria,523373.0,3807999.0,7.275879726313738
4368,Hyunsoonleella_jejuensis,bacteria,1020363.0,3480311.0,3.4108557444752505
4369,Hyunsoonleella_pacifica,bacteria,730893.0,4127878.0,5.647718612710753
4370,Ichthyenterobacterium_magnum,bacteria,808942.0,3009115.0,3.719815512113353
4371,Ictalurus_punctatus,ensembl,23898737.0,1036985268.0,43.39079793212503
4372,Ictidomys_tridecemlineatus,ensembl,12599212.0,2478410228.0,196.71152672087746
4373,Ideonella_sakaiensis,bacteria,257538.0,6142063.0,23.84915235809861
4374,Idiomarina_abyssalis,bacteria,598396.0,2794880.0,4.670619456012407
4375,Idiomarina_aquatica,bacteria,307728.0,2951409.0,9.590966697863047
4376,Idiomarina_fontislapidosi,bacteria,443415.0,2869890.0,6.472243834782314
4377,Idiomarina_loihiensis,bacteria,1323670.0,2839318.0,2.1450346385428394
4378,Idiomarina_piscisalsi,bacteria,599260.0,2576487.0,4.299447652104262
4379,Idiomarina_ramblicola,bacteria,522240.0,2712360.0,5.193704044117647
4380,Idiomarina_seosinensis,bacteria,852159.0,2685339.0,3.151218258564423
4381,Idiomarina_sp,bacteria,534058.0,3065133.111111111,5.739326273758864
4382,Idiomarina_tyrosinivorans,bacteria,336277.0,2426240.0,7.215004297052728
4383,Idiomarina_xiamenensis,bacteria,257888.0,2899282.0,11.24240755676883
4384,Idiomarina_zobellii,bacteria,341094.0,2582063.0,7.569945528212164
4385,Idiomarinaceae_bacterium,bacteria,281583.4,2627692.4,9.33184413569834
4386,Ignatzschineria_cameli,bacteria,509909.0,2490549.0,4.884300924282568
4387,Ignatzschineria_indica,bacteria,709721.0,2503968.0,3.5281018879249735
4388,Ignatzschineria_sp,bacteria,588705.0,2488993.0,4.2279121121784256
4389,Ignatzschineria_ureiclastica,bacteria,522612.0,2446067.0,4.680464665947204
4390,Ignavibacteria_bacterium,bacteria,97271.53333333334,3577040.066666667,36.77376046297889
4391,Ignavibacteriae_bacterium,bacteria,196935.27272727274,3387021.090909091,17.198651333525365
4392,Ignavibacteriales_bacterium,bacteria,121783.3,3322831.8,27.284790279126938
4393,Ignavibacterium_album,bacteria,1690117.0,3658997.0,2.164937101987614
4394,Ignavigranum_ruoffiae,bacteria,311637.0,1958489.0,6.284520130793198
4395,Ignicoccus_hospitalis,bacteria,604900.0,1297538.0,2.1450454620598447
4396,Ignicoccus_islandicus,bacteria,636014.0,1394664.0,2.1928196549132566
4397,Ignisphaera_aggregans,bacteria,820627.0,1875953.0,2.2859996076171027
4398,Ileibacterium_valens,bacteria,62109.0,2740565.0,44.125086541403014
4399,Ilyobacter_polytropus,bacteria,1152090.0,3132314.0,2.7188101624005068
4400,Ilyomonas_limi,bacteria,567255.0,5883685.0,10.372204740372496
4401,Imhoffiella_purpurea,bacteria,184081.0,4766665.0,25.894388883154697
4402,Immundisolibacter_cernigliae,bacteria,1471061.0,3243537.0,2.204896329927855
4403,Imtechella_halotolerans,bacteria,509049.0,3086951.0,6.064152959734721
4404,Indibacter_alkaliphilus,bacteria,520817.0,5036047.0,9.669513475942605
4405,Infirmifilum_uzonense,bacteria,728498.0,1611988.0,2.2127555600701716
4406,Inhella_crocodyli,bacteria,1045493.0,3760480.0,3.5968485680918
4407,Inmirania_thermothiophila,bacteria,864921.0,2608718.0,3.016134421525203
4408,Inquilinus_limosus,bacteria,170119.0,7311437.0,42.978368083518006
4409,Insolitispirillum_peregrinum,bacteria,787890.0,4638036.0,5.886654228382135
4410,Intestinibacter_bartlettii,bacteria,710915.0,2938633.0,4.133592623590725
4411,Intestinibaculum_porci,bacteria,1424739.0,3212924.0,2.255096547508
4412,Intestinimonas_butyriciproducens,bacteria,992935.0,3288019.0,3.311414140905497
4413,Intrasporangium_calvum,bacteria,1823833.0,4024382.0,2.206551806004168
4414,Intrasporangium_chromatireducens,bacteria,67911.0,4804251.0,70.74334054865928
4415,Intrasporangium_oryzae,bacteria,171636.0,4636528.0,27.013726723997298
4416,Iodobacter_ciconiae,bacteria,1661329.0,3877377.0,2.333900750543691
4417,Iodobacter_fluviatilis,bacteria,1743345.0,5098455.0,2.9245244056684134
4418,Iodobacter_sp,bacteria,148795.0,4807169.0,32.30732887529823
4419,Ipomoea_triloba,plants,18125356.0,461827428.0,25.47963350347436
4420,Isobaculum_melis,bacteria,322018.0,2821134.0,8.760795980348925
4421,Isoptericola_dokdonensis,bacteria,1753304.0,3826972.0,2.182720167181504
4422,Isoptericola_jiangsuensis,bacteria,1844463.0,4041252.0,2.1910181987928192
4423,Isoptericola_sp,bacteria,432748.0,3869116.0,8.940806196677974
4424,Isoptericola_variabilis,bacteria,1510428.0,3307740.0,2.1899355679317387
4425,Isosphaera_pallida,bacteria,2331844.0,5529304.0,2.371215227090663
4426,Izhakiella_australiensis,bacteria,550052.0,5015434.0,9.118108833346666
4427,Izhakiella_capsodis,bacteria,543341.0,3508271.0,6.456849381879888
4428,Jaculus_jaculus,ensembl,11602455.0,2835250225.0,244.3664056443227
4429,Janibacter_hoylei,bacteria,292187.0,3122502.5,10.686657859521471
4430,Janibacter_indicus,bacteria,963243.5,3410364.0,3.5405004030652685
4431,Janibacter_limosus,bacteria,1639524.0,3545254.0,2.16236785798805
4432,Janibacter_melonis,bacteria,1141122.0,3277465.0,2.872142505358761
4433,Janibacter_sp,bacteria,744799.0,3637840.0,4.884324495602169
4434,Jannaschia_aquimarina,bacteria,289281.0,4098947.0,14.16943041540924
4435,Jannaschia_donghaensis,bacteria,1103466.0,3486999.0,3.1600420855740006
4436,Jannaschia_faecimaris,bacteria,421921.0,3810757.0,9.03192066761313
4437,Jannaschia_helgolandensis,bacteria,837842.0,3562860.0,4.252424681503195
4438,Jannaschia_pohangensis,bacteria,933789.0,3733035.0,3.997728608925571
4439,Jannaschia_rubra,bacteria,580292.0,3660824.0,6.308589468750215
4440,Jannaschia_seohaensis,bacteria,722940.0,4842958.0,6.698976401914405
4441,Jannaschia_seosinensis,bacteria,109074.0,3833324.0,35.144250692190624
4442,Jannaschia_sp,bacteria,1162987.0,4492017.5,3.8624829856223672
4443,Janthinobacterium_agaricidamnosum,bacteria,2744770.5,6153368.0,2.2418515500658436
4444,Janthinobacterium_lividum,bacteria,1596443.8,6454261.4,4.042899223887493
4445,Janthinobacterium_psychrotolerans,bacteria,456536.0,5844062.0,12.800878791595844
4446,Janthinobacterium_sp,bacteria,1577735.2692307692,6181844.076923077,3.918175753234608
4447,Janthinobacterium_svalbardensis,bacteria,2818029.0,6274078.0,2.2264064706218423
4448,Jatrophihabitans_endophyticus,bacteria,957922.0,4480046.0,4.6768379888968
4449,Jatrophihabitans_sp,bacteria,2202522.0,4880021.0,2.215651421415995
4450,Jejubacter_calystegiae,bacteria,2298771.0,5182800.0,2.254596042842023
4451,Jejuia_pallidilutea,bacteria,460417.6666666667,3896383.3333333335,8.4627146511175
4452,Jeongeupia_sp,bacteria,1701674.0,3788814.0,2.226521648682415
4453,Jeotgalibaca_ciconiae,bacteria,1279135.0,2950593.0,2.3067096123552244
4454,Jeotgalibaca_dankookensis,bacteria,954321.0,2116498.0,2.2178051200801407
4455,Jeotgalibaca_sp,bacteria,1004744.0,2300992.0,2.290127634501923
4456,Jeotgalibacillus_alimentarius,bacteria,434145.0,3364745.0,7.750279284570823
4457,Jeotgalibacillus_campisalis,bacteria,616627.0,3650490.0,5.920094319580556
4458,Jeotgalibacillus_malaysiensis,bacteria,1691774.0,4119509.0,2.4350232359641417
4459,Jeotgalibacillus_marinus,bacteria,986800.0,4099760.0,4.154600729631131
4460,Jeotgalibacillus_proteolyticus,bacteria,581860.0,4233077.0,7.275078197504555
4461,Jeotgalibacillus_soli,bacteria,696990.0,3776953.0,5.418948621931448
4462,Jeotgalibacillus_sp,bacteria,937957.0,3978119.0,4.241259460721547
4463,Jeotgalicoccus_aerolatus,bacteria,279121.0,2277311.0,8.158866584742817
4464,Jeotgalicoccus_halotolerans,bacteria,442605.0,2232970.0,5.045062753470928
4465,Jeotgalicoccus_saudimassiliensis,bacteria,991210.0,2191063.0,2.2104932355404
4466,Jeotgalicoccus_sp,bacteria,401393.0,2144620.0,5.342943200304938
4467,Jezberella_montanilacus,bacteria,605414.0,3162714.0,5.224051640695458
4468,Jhaorihella_thermophila,bacteria,469114.0,3771953.0,8.040589281070273
4469,Jiangella_alba,bacteria,2597769.0,7681885.0,2.9571085804780948
4470,Jiangella_alkaliphila,bacteria,3517332.0,7716600.0,2.19387876947641
4471,Jiangella_asiatica,bacteria,342943.0,7034063.0,20.51088081692876
4472,Jiangella_aurantiaca,bacteria,310505.0,6620775.0,21.32260350074878
4473,Jiangella_rhizosphaerae,bacteria,107638.0,6500878.0,60.39575242943942
4474,Jiangella_sp,bacteria,1805188.0,7246015.0,4.013994664267655
4475,Jiangella_ureilytica,bacteria,183456.0,6345964.0,34.591204430490144
4476,Jinshanibacter_zhutongyuii,bacteria,2010406.0,4631943.0,2.303983871914429
4477,Jishengella_sp,bacteria,449781.0,5963223.0,13.258058922008711
4478,Jishengella_zingiberis,bacteria,562522.0,6506033.0,11.565828536483906
4479,Jiulongibacter_sediminis,bacteria,1013262.0,4474039.0,4.415480892404926
4480,Johnsonella_ignava,bacteria,441040.0,2687075.0,6.09258797387992
4481,Jonesia_denitrificans,bacteria,1262933.0,2749646.0,2.1771907139967044
4482,Jonquetella_anthropi,bacteria,757334.5,1732996.0,2.288283446746451
4483,Joostella_marina,bacteria,1867330.0,4508243.0,2.414272249682702
4484,Juglans_regia,plants,18029059.0,572786133.0,31.7701624360983
4485,Junco_hyemalis,ensembl,14791589.0,958315288.0,64.78785261002047
4486,Kaistella_antarctica,bacteria,1401398.0,3137220.0,2.2386359906322117
4487,Kaistella_carnis,bacteria,1432479.0,3230102.0,2.2549035622860787
4488,Kaistella_chaponensis,bacteria,356871.0,3043150.0,8.527310989124922
4489,Kaistella_daneshvariae,bacteria,701177.0,2642212.0,3.7682525239704097
4490,Kaistella_haifensis,bacteria,682529.5,2717542.0,3.9815744227905165
4491,Kaistella_jeonii,bacteria,569830.0,3261282.0,5.723254303915203
4492,Kaistella_solincola,bacteria,806841.0,2345236.0,2.90668917419913
4493,Kaistella_treverensis,bacteria,732677.0,2379279.0,3.2473777667375936
4494,Kaistia_algarum,bacteria,748024.0,6214553.0,8.307959370287584
4495,Kaistia_soli,bacteria,1251914.0,5237791.0,4.183826524825188
4496,Kalanchoe_fedtschenkoi,plants,6126620.0,256351415.0,41.842225403240285
4497,Kamptonema_sp,bacteria,95998.0,6676705.0,69.55045938457052
4498,Kandleria_vitulina,bacteria,144153.0,2138417.0,14.834356551719354
4499,Kangiella_geojedonensis,bacteria,1137165.0,2495242.0,2.1942655639243207
4500,Kangiella_koreensis,bacteria,1288814.0,2852073.0,2.212943838288535
4501,Kangiella_profundi,bacteria,1200818.0,2653010.0,2.209335636207985
4502,Kangiella_sediminilitoris,bacteria,1140206.0,2496140.0,2.1892008987849563
4503,Kangiella_spongicola,bacteria,799035.0,2825399.0,3.5360140669682805
4504,Keratinibaculum_paraultunense,bacteria,281905.0,2248613.0,7.976492080665472
4505,Kerstersia_gyiorum,bacteria,793165.5,3962882.5,4.9962870296300075
4506,Ketobacter_alkanivorans,bacteria,2256495.0,4914503.0,2.177936578631905
4507,Ketobacter_sp,bacteria,569266.5,5354992.75,9.406829226732997
4508,Ketogulonicigenium_robustum,bacteria,1179951.0,2713835.0,2.299955676125534
4509,Ketogulonicigenium_vulgare,bacteria,1384638.5,3282752.5,2.3708372257452037
4510,Kibdelosporangium_aridum,bacteria,1131860.0,12348588.5,10.909996377643878
4511,Kibdelosporangium_phytohabitans,bacteria,5292282.0,11759770.0,2.2220603512813564
4512,Kiloniella_litopenaei,bacteria,471200.0,4312119.0,9.15135611205433
4513,Kiloniella_spongiae,bacteria,611065.0,4475311.0,7.323788794972711
4514,Kineobactrum_sediminis,bacteria,654097.0,4060980.0,6.208528704458208
4515,Kineococcus_radiotolerans,bacteria,2195471.0,4956672.0,2.2576804703865365
4516,Kineococcus_rhizosphaerae,bacteria,671846.0,5610032.0,8.350175486644261
4517,Kineococcus_xinjiangensis,bacteria,512622.0,4617682.0,9.007966883980789
4518,Kineosphaera_limosa,bacteria,168694.0,4847237.0,28.7339028062646
4519,Kineothrix_alysoides,bacteria,388107.0,4617194.0,11.896703744070578
4520,Kingella_denitrificans,bacteria,941815.0,2220455.0,2.357633930230459
4521,Kingella_kingae,bacteria,712960.5,2057709.0,2.886147269028228
4522,Kingella_negevensis,bacteria,113253.0,2109050.0,18.62246474707072
4523,Kingella_oralis,bacteria,696857.0,2406675.0,3.4536138691295344
4524,Kingella_potus,bacteria,791170.0,2483983.0,3.139632443090613
4525,Kinneretia_asaccharophila,bacteria,770238.0,4358700.0,5.6589002360309415
4526,Kiritimatiella_glycovorans,bacteria,1317878.0,2949723.0,2.238236771537274
4527,Kiritimatiellaceae_bacterium,bacteria,179840.0,1647829.0,9.162750222419929
4528,Kitasatospora_albolonga,bacteria,3545522.0,8027788.0,2.2642048194877935
4529,Kitasatospora_aureofaciens,bacteria,1642360.0,8333889.5,5.074337843103827
4530,Kitasatospora_cheerisanensis,bacteria,491888.0,8035179.0,16.335383257977426
4531,Kitasatospora_cineracea,bacteria,3127498.0,8759731.0,2.800875012549968
4532,Kitasatospora_griseola,bacteria,2458887.0,7966157.0,3.2397409885041486
4533,Kitasatospora_niigatensis,bacteria,3180109.0,8578249.0,2.6974701181626166
4534,Kitasatospora_setae,bacteria,3835955.0,8783278.0,2.2897239409742816
4535,Kitasatospora_sp,bacteria,1741921.6666666667,8094830.0,4.647068898046506
4536,Klebsiella_aerogenes,bacteria,1426199.9166666667,5507317.833333333,3.8615328531256043
4537,Klebsiella_grimontii,bacteria,950225.5,6063413.0,6.381025346088902
4538,Klebsiella_huaxiensis,bacteria,2770878.0,6300829.0,2.273946741790869
4539,Klebsiella_indica,bacteria,297272.0,5244638.0,17.64255631206437
4540,Klebsiella_michiganensis,bacteria,1031878.9285714285,6249483.0,6.0564111030467656
4541,Klebsiella_oxytoca,bacteria,1460717.55,6222914.05,4.260176137405893
4542,Klebsiella_pneumoniae,bacteria,601982.9867841409,5603087.549926579,9.307717448725398
4543,Klebsiella_quasipneumoniae,bacteria,1159014.125,5741554.0,4.953825735298955
4544,Klebsiella_quasivariicola,bacteria,1058117.75,5797049.25,5.478642854257005
4545,Klebsiella_sp,bacteria,1845249.75,5811941.25,3.149677299780152
4546,Klebsiella_variicola,bacteria,656412.5714285715,5750345.857142857,8.760261621175532
4547,Klenkia_brasiliensis,bacteria,792330.0,4451590.0,5.618353463834514
4548,Klenkia_marina,bacteria,863663.0,4219224.0,4.885266591251448
4549,Klenkia_soli,bacteria,461915.0,4758105.0,10.30082374462834
4550,Klenkia_taihuensis,bacteria,1116584.0,4316910.0,3.8661757646536223
4551,Kluyvera_ascorbata,bacteria,820902.0,5253196.666666667,6.399298170386559
4552,Kluyvera_cryocrescens,bacteria,270610.0,4816895.0,17.80013672813274
4553,Kluyvera_georgiana,bacteria,217418.0,5068984.0,23.314463383896456
4554,Kluyvera_intermedia,bacteria,1175059.5,5079568.5,4.32281812112493
4555,Kluyvera_sp,bacteria,260002.0,5743888.0,22.091706986869333
4556,Knoellia_aerolata,bacteria,196179.0,4087970.0,20.837959210720822
4557,Knoellia_flava,bacteria,264161.0,3561699.0,13.483061466302747
4558,Knoellia_remsis,bacteria,242436.0,3573222.0,14.738825916943028
4559,Knoellia_sinensis,bacteria,456742.0,3987063.0,8.729354865547727
4560,Knoellia_sp,bacteria,990129.0,3605744.0,3.641691133175576
4561,Knoellia_subterranea,bacteria,556226.0,3566056.0,6.411163807517088
4562,Kocuria_flava,bacteria,1596709.0,3767808.5,2.359733990351404
4563,Kocuria_indica,bacteria,760060.5,2859465.0,3.7621544600725865
4564,Kocuria_kristinae,bacteria,222399.0,2356130.0,10.594157347829801
4565,Kocuria_marina,bacteria,397055.0,3066141.0,7.722207250884638
4566,Kocuria_palustris,bacteria,363079.5,2852768.5,7.857145611360598
4567,Kocuria_polaris,bacteria,406039.5,3806760.0,9.375344024411419
4568,Kocuria_rhizophila,bacteria,549816.8,3140047.8,5.711080127053228
4569,Kocuria_rosea,bacteria,1137517.4285714286,3845349.5714285714,3.3804753007238064
4570,Kocuria_soli,bacteria,289096.0,2952089.0,10.211448792096743
4571,Kocuria_sp,bacteria,339623.36363636365,3240910.090909091,9.542659421921128
4572,Kocuria_tytonicola,bacteria,962411.0,2636759.0,2.7397432074238552
4573,Kocuria_tytonis,bacteria,833231.0,2723281.0,3.2683385519741823
4574,Komagataeibacter_europaeus,bacteria,253564.5,3872583.5,15.272577588739749
4575,Komagataeibacter_hansenii,bacteria,1518697.0,3636659.0,2.3945915478861157
4576,Komagataeibacter_intermedius,bacteria,280801.0,4465062.0,15.901161320650568
4577,Komagataeibacter_medellinensis,bacteria,1450559.0,3513191.0,2.421956638785461
4578,Komagataeibacter_melaceti,bacteria,107713.0,3493909.0,32.437208136436645
4579,Komagataeibacter_nataicola,bacteria,1564166.0,3760301.0,2.4040293677269546
4580,Komagataeibacter_oboediens,bacteria,282297.0,3777265.0,13.380464546204884
4581,Komagataeibacter_rhaeticus,bacteria,177542.0,2202920.0,12.40788095211274
4582,Komagataeibacter_saccharivorans,bacteria,1507628.0,3768311.0,2.4994965601594026
4583,Komagataeibacter_sucrofermentans,bacteria,286685.0,3363922.0,11.733861206550744
4584,Komagataeibacter_swingsii,bacteria,331820.0,3732982.0,11.250021095774818
4585,Komagataeibacter_xylinus,bacteria,1093523.0,3595247.6666666665,3.287765933287792
4586,Komagataella_pastoris,fungi,2140068.0,9216378.0,4.306581846931967
4587,Kordia_periserrulae,bacteria,727693.0,4725576.0,6.493914329256981
4588,Kordia_sp,bacteria,1344582.5,4602941.0,3.42332359672984
4589,Kordiimonas_lacus,bacteria,618014.0,4000817.0,6.473667263201158
4590,Kordiimonas_sp,bacteria,656679.0,2399875.0,3.654563340688525
4591,Kosakonia_arachidis,bacteria,1072195.0,5135597.0,4.78979756480864
4592,Kosakonia_cowanii,bacteria,2083983.0,4685999.0,2.248578323335651
4593,Kosakonia_oryzae,bacteria,2465852.0,5532429.0,2.243617621819963
4594,Kosakonia_oryzendophytica,bacteria,581622.0,4841527.0,8.324181341145968
4595,Kosakonia_oryziphila,bacteria,205205.0,4814900.0,23.46385321995078
4596,Kosakonia_quasisacchari,bacteria,376597.0,5149797.0,13.674556621534425
4597,Kosakonia_radicincitans,bacteria,2664495.0,6122453.0,2.2977911386585452
4598,Kosakonia_sp,bacteria,1407568.0,4899920.0,3.4811248905914316
4599,Kosmotoga_arenicorallina,bacteria,284920.0,2113627.0,7.4183174224343675
4600,Kosmotoga_olearia,bacteria,1034850.0,2302126.0,2.2245987341160554
4601,Kosmotoga_pacifica,bacteria,996856.0,2169170.0,2.1760113797780223
4602,Kosmotogaceae_bacterium,bacteria,83645.0,1869669.0,22.35242991212864
4603,Kozakia_baliensis,bacteria,1414378.0,3505604.0,2.478548167463012
4604,Krasilnikovia_cinnamomea,bacteria,3337673.0,7616132.0,2.2818688349637606
4605,Krasilnikoviella_flava,bacteria,837472.0,4846016.0,5.786481219670628
4606,Kribbella_albertanoniae,bacteria,160012.0,9727339.0,60.79130940179486
4607,Kribbella_antibiotica,bacteria,156542.0,9279240.0,59.27636033780072
4608,Kribbella_capetownensis,bacteria,1386906.0,8831527.0,6.367790607294221
4609,Kribbella_flavida,bacteria,3411444.0,7579488.0,2.2217829165596736
4610,Kribbella_jiaozuonensis,bacteria,1847656.0,8659701.0,4.686857835008248
4611,Kribbella_pittospori,bacteria,1031287.0,9491812.0,9.203851110311678
4612,Kribbella_sindirgiensis,bacteria,795582.0,8891727.0,11.17638031026343
4613,Kribbella_soli,bacteria,1861347.0,8711400.5,4.680159314732825
4614,Kribbella_sp,bacteria,1502729.1666666667,8606273.666666666,5.72709564542291
4615,Kribbella_speibonae,bacteria,1933317.0,9285392.0,4.8028295411461235
4616,Kribbella_turkmenica,bacteria,108854.0,7447142.0,68.41404082532567
4617,Kriegella_aquimaris,bacteria,846029.0,6057242.0,7.159615095936427
4618,Kroppenstedtia_eburnea,bacteria,540578.0,3532052.0,6.533843404652058
4619,Kryptolebias_marmoratus,ensembl,6713077.0,680366784.0,101.34946820958557
4620,Ktedonobacter_racemifer,bacteria,2970064.0,13661586.0,4.599761486621164
4621,Ktedonobacter_sp,bacteria,36774.0,4425780.333333333,120.3508003843295
4622,Ktedonosporobacter_rubrisoli,bacteria,4677520.0,11340617.0,2.42449353503566
4623,Kurthia_sibirica,bacteria,284573.0,3496665.0,12.287409557477343
4624,Kurthia_sp,bacteria,916205.0,3450599.5,3.766187152438592
4625,Kurthia_zopfii,bacteria,743369.5,2970083.5,3.9954336302471383
4626,Kushneria_avicenniae,bacteria,640156.0,3605329.0,5.631953773767644
4627,Kushneria_indalinina,bacteria,1005848.0,3752699.0,3.7308808090287995
4628,Kushneria_konosiri,bacteria,1604880.0,3584631.0,2.2335819500523404
4629,Kushneria_marisflavi,bacteria,1646527.0,3667185.0,2.227224333399938
4630,Kushneria_phosphatilytica,bacteria,547834.0,3604292.0,6.579168142174455
4631,Kushneria_phyllosphaerae,bacteria,962900.0,3764595.0,3.9096427458718455
4632,Kushneria_sinocarnis,bacteria,491097.0,3510707.0,7.148703820222889
4633,Kutzneria_albida,bacteria,4454963.0,9874926.0,2.216612348969004
4634,Kutzneria_buriramensis,bacteria,877582.0,11968322.0,13.637838971173064
4635,Kutzneria_sp,bacteria,4999666.0,11646492.0,2.329454007527703
4636,Kyrpidia_spormannii,bacteria,1472083.0,3352175.0,2.277164399018262
4637,Kyrpidia_tusciae,bacteria,1485078.0,3384766.0,2.2791839889891303
4638,Kytococcus_aerolatus,bacteria,852898.0,2402416.0,2.816768241923419
4639,Kytococcus_schroeteri,bacteria,199201.0,2485236.0,12.47602170671834
4640,Kytococcus_sedentarius,bacteria,1263893.0,2785024.0,2.203528305006832
4641,Kytococcus_sp,bacteria,40446.0,2321898.0,57.407357958759825
4642,Labedaea_rhizosphaerae,bacteria,1551733.0,8317180.0,5.359929833289619
4643,Labedella_endophytica,bacteria,1036232.0,3665080.0,3.5369299539099353
4644,Labedella_gwakjiensis,bacteria,1766989.0,3838939.0,2.1725879448032783
4645,Labedella_phragmitis,bacteria,756499.0,3524121.0,4.658460883623111
4646,Labedella_populi,bacteria,832229.0,3417745.0,4.106736246874358
4647,Labilibacter_sediminis,bacteria,495377.0,6372092.0,12.863116373993948
4648,Labilibaculum_euxinus,bacteria,497894.0,5055185.0,10.153135004639541
4649,Labilithrix_luteola,bacteria,5484578.0,12191466.0,2.222863089922324
4650,Labrenzia_sp,bacteria,1092257.4,5824246.2,5.332301891477229
4651,Labrus_bergylta,ensembl,3354049.0,805480521.0,240.15168561938123
4652,Labrys_okinawensis,bacteria,747827.0,6508340.0,8.703002164939218
4653,Laceyella_sacchari,bacteria,1177882.0,3327363.5,2.8248699784868094
4654,Laceyella_sediminis,bacteria,381733.0,3392166.0,8.886226760589208
4655,Lachnoanaerobaculum_gingivalis,bacteria,633695.0,3097953.0,4.888713024404485
4656,Lachnoanaerobaculum_orale,bacteria,1115517.0,2800999.0,2.5109424598639016
4657,Lachnoanaerobaculum_saburreum,bacteria,527721.0,3022938.0,5.728288243219429
4658,Lachnoanaerobaculum_sp,bacteria,602356.3333333334,2861042.6666666665,4.749751116310445
4659,Lachnoanaerobaculum_umeaense,bacteria,1276426.0,2810441.0,2.2018048833226525
4660,Lachnobacterium_bovis,bacteria,224761.5,2626387.0,11.685217441599207
4661,Lachnoclostridium_phytofermentans,bacteria,1029987.5,4463029.5,4.333090935569606
4662,Lachnoclostridium_sp,bacteria,552135.6363636364,4063560.909090909,7.359714971222487
4663,Lachnospira_eligens,bacteria,380106.8333333333,3126097.5,8.224260197023556
4664,Lachnospira_multipara,bacteria,278126.0,2841494.0,10.216570906711347
4665,Lachnospira_pectinoschiza,bacteria,541651.0,2869764.0,5.2981790857950966
4666,Lachnospiraceae_bacterium,bacteria,442936.0,3561666.313253012,8.041040496263596
4667,Lachnospiraceae_oral,bacteria,476508.0,3288100.0,6.900408807407221
4668,Lachnotalea_glycerini,bacteria,550706.0,4882106.5,8.865177608379062
4669,Lachnotalea_sp,bacteria,516065.0,5162566.0,10.00371271060816
4670,Lacibacter_luteus,bacteria,1176015.0,5067509.0,4.309051330127592
4671,Lacimicrobium_alkaliphilum,bacteria,1955601.0,4378835.0,2.239124954425775
4672,Lacinutrix_sp,bacteria,1180035.6666666667,3332956.6666666665,2.8244541761025865
4673,Lacinutrix_venerupis,bacteria,486691.0,3123464.0,6.41775582453754
4674,Lacrimispora_algidixylanolytica,bacteria,480946.0,4639933.0,9.647513442257551
4675,Lacrimispora_celerecrescens,bacteria,373478.0,5038011.0,13.489445161428518
4676,Lacrimispora_indolis,bacteria,1206669.0,2886490.0,2.392114158895273
4677,Lacrimispora_saccharolytica,bacteria,279661.0,3491619.0,12.4851838475869
4678,Lacrimispora_sphenoides,bacteria,2356885.0,5620427.5,2.384684657927731
4679,Lacticaseibacillus_brantae,bacteria,518109.0,1929842.0,3.7247799208274706
4680,Lacticaseibacillus_camelliae,bacteria,137592.0,2562179.0,18.62156956799814
4681,Lacticaseibacillus_casei,bacteria,479163.5833333333,2999848.1666666665,6.26059298120701
4682,Lacticaseibacillus_chiayiensis,bacteria,204856.0,2872085.0,14.020018940133557
4683,Lacticaseibacillus_fabifermentans,bacteria,127240.5,3429756.5,26.95491215454199
4684,Lacticaseibacillus_manihotivorans,bacteria,95889.0,3125880.0,32.59894252729719
4685,Lacticaseibacillus_nasuensis,bacteria,341678.0,2280237.0,6.673643020621755
4686,Lacticaseibacillus_pantheris,bacteria,301560.0,2541966.0,8.429387186629526
4687,Lacticaseibacillus_paracasei,bacteria,532207.0476190476,3026431.095238095,5.686567114767723
4688,Lacticaseibacillus_rhamnosus,bacteria,794603.7272727273,3081594.272727273,3.8781523002717995
4689,Lacticaseibacillus_saniviri,bacteria,239855.0,2435824.0,10.155402222175898
4690,Lacticaseibacillus_sharpeae,bacteria,200247.0,2444304.0,12.206445040375137
4691,Lacticaseibacillus_thailandensis,bacteria,515612.0,2060676.0,3.996563307293081
4692,Lacticaseibacillus_zeae,bacteria,384485.6666666667,3098489.0,8.05878936102516
4693,Lactiplantibacillus_argentoratensis,bacteria,784472.5,3268324.0,4.1662696907794725
4694,Lactiplantibacillus_garii,bacteria,125888.0,2972201.0,23.609883388408743
4695,Lactiplantibacillus_mudanjiangensis,bacteria,356686.0,3673891.0,10.300070650375961
4696,Lactiplantibacillus_paraplantarum,bacteria,281172.0,3411784.8,12.134155605821347
4697,Lactiplantibacillus_pentosus,bacteria,851039.1428571428,3764933.4285714286,4.42392510399891
4698,Lactiplantibacillus_plantarum,bacteria,742212.4210526316,3385583.052631579,4.561474527507943
4699,Lactiplantibacillus_xiangfangensis,bacteria,360311.0,2989578.0,8.297215461087783
4700,Lactobacillus_acetotolerans,bacteria,422650.0,1644967.5,3.8920324145273866
4701,Lactobacillus_acidophilus,bacteria,876368.2,2355660.6,2.6879804630063027
4702,Lactobacillus_amylolyticus,bacteria,412147.0,1588421.5,3.8540168920312414
4703,Lactobacillus_amylovorus,bacteria,466387.1111111111,2026255.7777777778,4.34457927653804
4704,Lactobacillus_apis,bacteria,565714.6666666666,1681884.3333333333,2.973025859915246
4705,Lactobacillus_bombicola,bacteria,299408.6666666667,1650747.6666666667,5.513359666720848
4706,Lactobacillus_crispatus,bacteria,206137.94444444444,2150908.3333333335,10.43431542470347
4707,Lactobacillus_delbrueckii,bacteria,468794.5714285714,1933356.0,4.124100656943249
4708,Lactobacillus_equicursoris,bacteria,86387.0,2204195.5,25.515361107574055
4709,Lactobacillus_gallinarum,bacteria,291651.6666666667,2070405.1666666667,7.0988970861358585
4710,Lactobacillus_gasseri,bacteria,483682.8333333333,1983755.5,4.101356019457654
4711,Lactobacillus_gigeriorum,bacteria,115417.0,1927182.0,16.697557552180356
4712,Lactobacillus_hamsteri,bacteria,132407.0,1837804.0,13.879961029250719
4713,Lactobacillus_helsingborgensis,bacteria,577555.5,1929878.5,3.341459825073088
4714,Lactobacillus_helveticus,bacteria,468229.5882352941,2080090.5882352942,4.442458658101739
4715,Lactobacillus_hominis,bacteria,267886.0,1928135.0,7.197595245738859
4716,Lactobacillus_iners,bacteria,221949.5,1321432.0,5.953750740596397
4717,Lactobacillus_intestinalis,bacteria,212588.5,2012356.5,9.46597064281464
4718,Lactobacillus_jensenii,bacteria,387116.0,1683156.3333333333,4.347937913528073
4719,Lactobacillus_johnsonii,bacteria,558339.5,1932297.0714285714,3.46079235201624
4720,Lactobacillus_kalixensis,bacteria,129368.0,2078190.0,16.06417352049966
4721,Lactobacillus_kefiranofaciens,bacteria,183926.33333333334,2167189.6666666665,11.782922148178889
4722,Lactobacillus_kimbladii,bacteria,258802.0,2145544.0,8.290291419695366
4723,Lactobacillus_kitasatonis,bacteria,215598.0,1911334.0,8.8652677668624
4724,Lactobacillus_kullabergensis,bacteria,558675.5,2048980.0,3.6675673087507863
4725,Lactobacillus_melliventris,bacteria,571531.5,2068524.0,3.6192650798774872
4726,Lactobacillus_paragasseri,bacteria,488397.0,2027615.0,4.151571365098476
4727,Lactobacillus_pasteurii,bacteria,237962.0,1905398.0,8.007152402484431
4728,Lactobacillus_plantarum,bacteria,1420395.0,3348624.0,2.357530123662784
4729,Lactobacillus_psittaci,bacteria,244580.0,1541412.0,6.302281462098291
4730,Lactobacillus_rodentium,bacteria,224734.0,1521745.0,6.771316311728532
4731,Lactobacillus_ruminis,bacteria,87522.0,1953965.0,22.325415324147073
4732,Lactobacillus_selangorensis,bacteria,438347.5,2134385.5,4.869163163928162
4733,Lactobacillus_sp,bacteria,332232.76666666666,2273379.1666666665,6.842730142110205
4734,Lactobacillus_taiwanensis,bacteria,312573.5,2060252.0,6.591256136556682
4735,Lactobacillus_ultunensis,bacteria,571754.0,2248406.0,3.9324709577895387
4736,Lactobacillus_xujianguonis,bacteria,150130.0,2215750.0,14.758875641111038
4737,Lactococcus_allomyrinae,bacteria,1159913.0,2758410.0,2.3781180140234657
4738,Lactococcus_chungangensis,bacteria,237340.0,2214941.0,9.332354428246397
4739,Lactococcus_cremoris,bacteria,464267.5714285714,2535433.785714286,5.461147712541383
4740,Lactococcus_fujiensis,bacteria,287793.0,2075869.0,7.213062861153676
4741,Lactococcus_garvieae,bacteria,448682.125,2099725.0,4.6797607548996965
4742,Lactococcus_lactis,bacteria,526894.4318181818,2595097.090909091,4.925269530661115
4743,Lactococcus_petauri,bacteria,432479.0,2397176.0,5.542872601906682
4744,Lactococcus_piscium,bacteria,425276.4,2316310.0,5.446598964814412
4745,Lactococcus_plantarum,bacteria,205328.0,1989201.0,9.687918842047845
4746,Lactococcus_raffinolactis,bacteria,356822.25,2283502.75,6.399552578349584
4747,Lactococcus_reticulitermitis,bacteria,553358.0,2169598.0,3.920785458961468
4748,Lactococcus_sp,bacteria,415539.0,2119620.6666666665,5.100894661311373
4749,Lactococcus_termiticola,bacteria,239661.0,1734781.0,7.238478517572738
4750,Lactonifactor_longoviformis,bacteria,423837.0,4839287.0,11.417802126760995
4751,Lactuca_sativa,plants,23785140.0,2391062152.0,100.52756267148312
4752,Lacunisphaera_limnophila,bacteria,1904324.0,4199284.0,2.205131059630609
4753,Lampropedia_aestuarii,bacteria,294260.0,4173824.0,14.184136477944675
4754,Lampropedia_cohaerens,bacteria,246623.0,3158922.0,12.808708028042803
4755,Lampropedia_hyalina,bacteria,182147.0,3184472.0,17.482978034225106
4756,Lampropedia_puyangensis,bacteria,457043.0,3974686.0,8.696525272239155
4757,Lancefieldella_parvulum,bacteria,696051.0,1543805.0,2.2179481101241145
4758,Lapidilactobacillus_concavus,bacteria,142417.0,1898108.0,13.327819010370954
4759,Lapidilactobacillus_dextrinicus,bacteria,323780.0,1807288.0,5.581839520662178
4760,Laribacter_hongkongensis,bacteria,1458894.0,3296800.5,2.2597944058992634
4761,Larimichthys_crocea,ensembl,20039556.0,657939657.0,32.83204762620489
4762,Larkinella_arboricola,bacteria,1314487.0,7020148.0,5.340599032169965
4763,Larkinella_knui,bacteria,1565268.0,7652494.0,4.888935313313758
4764,Larkinella_punicea,bacteria,435372.0,8006342.0,18.389657580184302
4765,Larkinella_rosea,bacteria,1692610.0,8176205.0,4.830530955152103
4766,Larkinella_sp,bacteria,1545485.0,7274818.0,4.707142418075879
4767,Lates_calcarifer,ensembl,6757295.0,668464831.0,98.92491462930063
4768,Latescibacteria_bacterium,bacteria,239676.0,3519707.0,14.685270949114638
4769,Laticauda_laticaudata,ensembl,440080.0,1558706106.0,3541.869900927104
4770,Latilactobacillus_curvatus,bacteria,609973.625,1977865.875,3.2425432738997526
4771,Latilactobacillus_fuchuensis,bacteria,148402.0,2081273.5,14.02456503281627
4772,Latilactobacillus_graminis,bacteria,267389.0,1834154.0,6.859496837940229
4773,Latilactobacillus_sakei,bacteria,681744.7142857143,2014397.7142857143,2.9547683642787947
4774,Latimeria_chalumnae,ensembl,3727104.0,2860591921.0,767.5106251395185
4775,Lautropia_dentalis,bacteria,1304953.0,3827229.0,2.9328481562171205
4776,Lautropia_mirabilis,bacteria,1366744.0,3151925.0,2.306156090679747
4777,Lautropia_sp,bacteria,225073.0,3808117.0,16.919475014772985
4778,Lawsonella_clevelandensis,bacteria,591667.5,1752971.0,2.962763714417304
4779,Lawsonibacter_asaccharolyticus,bacteria,1643184.0,4282156.0,2.606011256195289
4780,Leadbettera_azotonutricia,bacteria,1805834.0,3855671.0,2.1351192856043246
4781,Leadbetterella_byssophila,bacteria,1861298.0,4059653.0,2.1810870693462303
4782,Lebetimonas_natsushimae,bacteria,529984.0,1639064.0,3.0926669484361793
4783,Leclercia_adecarboxylata,bacteria,1771206.3333333333,5209676.0,2.9413151375738456
4784,Leclercia_sp,bacteria,1404575.75,5267914.0,3.750537484361381
4785,Lederbergia_galactosidilytica,bacteria,377421.0,4841992.0,12.829153650697762
4786,Lederbergia_lenta,bacteria,1856449.0,4384366.0,2.3616948270596176
4787,Leersia_perrieri,plants,16113501.0,266687832.0,16.550582769070484
4788,Leeuwenhoekiella_aequorea,bacteria,690226.0,3458071.0,5.010056126544059
4789,Leeuwenhoekiella_aestuarii,bacteria,728204.0,4361611.0,5.98954551197192
4790,Leeuwenhoekiella_blandensis,bacteria,1918208.0,4244565.0,2.2127761952822635
4791,Leeuwenhoekiella_marinoflava,bacteria,359293.0,4747764.0,13.214184523494753
4792,Leeuwenhoekiella_nanhaiensis,bacteria,673403.0,4370016.0,6.489451338945624
4793,Leeuwenhoekiella_palythoae,bacteria,788015.0,4029999.0,5.114114579037201
4794,Leeuwenhoekiella_polynyae,bacteria,547974.0,4794008.0,8.748604860814565
4795,Leeuwenhoekiella_sp,bacteria,287691.0,4424228.666666667,15.378404839451589
4796,Legionella_adelaidensis,bacteria,804080.0,2367659.0,2.9445565117898718
4797,Legionella_anisa,bacteria,1867965.0,4362280.0,2.3353114217878814
4798,Legionella_beliardensis,bacteria,1423147.0,3538304.0,2.486253352605177
4799,Legionella_birminghamensis,bacteria,1655251.0,3789238.0,2.289222601285243
4800,Legionella_bozemanae,bacteria,566322.0,4124313.0,7.282628963734412
4801,Legionella_brunensis,bacteria,494402.0,3750738.0,7.586413485382341
4802,Legionella_busanensis,bacteria,1520863.0,3934006.0,2.5866932129981466
4803,Legionella_cherrii,bacteria,1426864.0,3982132.0,2.790827997622759
4804,Legionella_cincinnatiensis,bacteria,1746292.0,4098995.0,2.347256358043214
4805,Legionella_clemsonensis,bacteria,1460541.0,3272100.0,2.240334232315286
4806,Legionella_donaldsonii,bacteria,1556566.0,3606555.0,2.3169945893717325
4807,Legionella_drancourtii,bacteria,269208.0,4152613.0,15.42529568214912
4808,Legionella_drozanskii,bacteria,753263.0,3558106.0,4.723590565313841
4809,Legionella_erythra,bacteria,526454.0,3239140.0,6.15275028777443
4810,Legionella_fallonii,bacteria,1870665.0,4434890.0,2.3707558542015805
4811,Legionella_feeleii,bacteria,822873.6666666666,3621403.3333333335,4.400922620361733
4812,Legionella_geestiana,bacteria,688713.0,2619539.0,3.8035277394212104
4813,Legionella_gratiana,bacteria,1711488.0,3976384.0,2.323349038964924
4814,Legionella_hackeliae,bacteria,1577204.0,3570857.0,2.2640425715379875
4815,Legionella_israelensis,bacteria,752825.0,3014515.5,4.004271244977252
4816,Legionella_jamestowniensis,bacteria,1177625.0,3341467.0,2.837462689735697
4817,Legionella_jordanis,bacteria,1279984.0,3086499.0,2.4113574857185713
4818,Legionella_lansingensis,bacteria,217411.0,2908590.0,13.378301925845518
4819,Legionella_londiniensis,bacteria,395526.0,2401343.0,6.071264594489364
4820,Legionella_longbeachae,bacteria,1502264.5,3462633.0,2.304942305432898
4821,Legionella_maceachernii,bacteria,363322.0,3600316.0,9.909435707168848
4822,Legionella_massiliensis,bacteria,1168110.0,4387007.0,3.755645444350275
4823,Legionella_moravica,bacteria,1667628.0,3825910.0,2.294222692351052
4824,Legionella_nautarum,bacteria,843210.0,3649429.0,4.328019117420334
4825,Legionella_oakridgensis,bacteria,1163010.3333333333,3201411.0,2.752693512897994
4826,Legionella_parisiensis,bacteria,198254.0,4232284.0,21.347786173292846
4827,Legionella_pneumophila,bacteria,553634.393442623,3484286.8360655736,6.293479735605831
4828,Legionella_qingyii,bacteria,256772.0,5241559.0,20.413281043104387
4829,Legionella_quateirensis,bacteria,1801892.0,4281523.0,2.3761263161166153
4830,Legionella_quinlivanii,bacteria,599295.5,3615221.0,6.032451436728626
4831,Legionella_rubrilucens,bacteria,722891.0,3129674.0,4.3293857580188435
4832,Legionella_sainthelensi,bacteria,1438802.3333333333,4271826.0,2.9690152017638747
4833,Legionella_santicrucis,bacteria,556878.0,4820916.0,8.657041578227188
4834,Legionella_septentrionalis,bacteria,133174.0,2569255.0,19.292466998062686
4835,Legionella_shakespearei,bacteria,282679.0,3507052.0,12.406482264335164
4836,Legionella_sp,bacteria,232568.66666666666,3750905.0,16.12816143189252
4837,Legionella_spiritensis,bacteria,423399.0,3313534.0,7.826031710041828
4838,Legionella_steelei,bacteria,1339066.0,4227172.0,3.1568063112647176
4839,Legionella_steigerwaltii,bacteria,1703720.0,3998094.0,2.346684901274857
4840,Legionella_taurinensis,bacteria,348859.1111111111,3074924.888888889,8.814231278338406
4841,Legionella_tucsonensis,bacteria,1313211.0,3356485.0,2.5559373170038935
4842,Legionella_wadsworthii,bacteria,1562704.0,3602617.0,2.3053738903848715
4843,Legionella_waltersii,bacteria,556383.0,3650667.0,6.561428009123212
4844,Legionella_worsleiensis,bacteria,411272.0,3067721.0,7.459104923262464
4845,Legionellales_bacterium,bacteria,174592.66666666666,1871281.1666666667,10.71798261859032
4846,Leifsonia_aquatica,bacteria,60110.0,4226099.0,70.30608883713192
4847,Leifsonia_rubra,bacteria,240231.0,2775399.0,11.553042696404711
4848,Leifsonia_sp,bacteria,1028935.15,3756733.0,3.6510882148403616
4849,Leifsonia_xyli,bacteria,866573.8333333334,3115018.3333333335,3.5946369639978744
4850,Leishmania_major,protists,1860078.0,32855089.0,17.66328562565656
4851,Leisingera_aquaemixtae,bacteria,548140.0,4614060.0,8.417667019374612
4852,Leisingera_methylohalidivorans,bacteria,1905930.0,4650996.0,2.440276400497395
4853,Leisingera_sp,bacteria,896760.0,5008688.428571428,5.585316504495548
4854,Lelliottia_amnigena,bacteria,2032240.5,4542865.0,2.2353973360928494
4855,Lelliottia_nimipressuralis,bacteria,1353155.3333333333,4808044.333333333,3.5532094615400154
4856,Lelliottia_sp,bacteria,464664.0,4773413.0,10.272827247215192
4857,Leminorella_grimontii,bacteria,602268.0,4235612.0,7.032769464756553
4858,Leminorella_richardii,bacteria,1730350.0,3976274.0,2.2979593723813103
4859,Lentibacillus_amyloliquefaciens,bacteria,1619478.0,3858284.0,2.3824244602273077
4860,Lentibacillus_cibarius,bacteria,1514136.0,3660127.0,2.4173039938288237
4861,Lentibacillus_halodurans,bacteria,374342.0,3670765.0,9.80591277494911
4862,Lentibacillus_lipolyticus,bacteria,252815.0,3146740.0,12.446808931432075
4863,Lentibacillus_persicus,bacteria,396668.0,3314552.0,8.35598535803241
4864,Lentibacter_algarum,bacteria,932621.0,3293487.0,3.5314313102535757
4865,Lentilactobacillus_buchneri,bacteria,469978.1666666667,2547933.3333333335,5.421386596327702
4866,Lentilactobacillus_curieae,bacteria,684406.5,2033789.5,2.971610439117688
4867,Lentilactobacillus_diolivorans,bacteria,293126.0,3261379.0,11.126201701657308
4868,Lentilactobacillus_farraginis,bacteria,158062.5,2852096.5,18.044105970739423
4869,Lentilactobacillus_hilgardii,bacteria,749661.5,2932847.5,3.9122290527124575
4870,Lentilactobacillus_kefiri,bacteria,134024.0,2587790.0,19.308407449412044
4871,Lentilactobacillus_kisonensis,bacteria,239059.5,2996637.0,12.535109460197148
4872,Lentilactobacillus_otakiensis,bacteria,453322.0,2347132.0,5.177626499486016
4873,Lentilactobacillus_parabuchneri,bacteria,272723.3333333333,2721812.3333333335,9.980122712883631
4874,Lentilactobacillus_parafarraginis,bacteria,170031.33333333334,2966596.3333333335,17.44735088042596
4875,Lentilactobacillus_parakefiri,bacteria,121912.33333333333,3337974.6666666665,27.3801228751808
4876,Lentilactobacillus_rapi,bacteria,318124.0,2854844.0,8.973997560699601
4877,Lentilactobacillus_senioris,bacteria,444168.0,1566789.0,3.5274693359269467
4878,Lentilactobacillus_sunkii,bacteria,260633.5,2743883.0,10.527744898487724
4879,Lentimicrobium_saccharophilum,bacteria,1692795.0,4514407.0,2.6668362087553423
4880,Lentisphaerae_bacterium,bacteria,159909.0,5377291.3,33.627196092777766
4881,Lentisphaeria_bacterium,bacteria,195166.83333333334,5035392.0,25.800449359138035
4882,Lentzea_aerocolonigenes,bacteria,161539.0,10250719.0,63.45662038269396
4883,Lentzea_albida,bacteria,854927.0,9441135.0,11.043206028117021
4884,Lentzea_albidocapillata,bacteria,819920.5,8655280.5,10.556243562638086
4885,Lentzea_atacamensis,bacteria,1251165.0,9529573.0,7.616559766297811
4886,Lentzea_flaviverrucosa,bacteria,1015209.0,9473544.0,9.33161940053723
4887,Lentzea_fradiae,bacteria,720036.0,8508028.0,11.816114749818064
4888,Lentzea_guizhouensis,bacteria,4510434.0,9997872.0,2.2166097541833003
4889,Lentzea_jiangxiensis,bacteria,1091139.0,8591279.0,7.873679705335434
4890,Lentzea_waywayandensis,bacteria,1185004.0,10153412.0,8.568251246409295
4891,Lentzea_xinjiangensis,bacteria,812576.0,8684108.0,10.68713326507305
4892,Lepidothrix_coronata,ensembl,6300283.0,1079577334.0,171.35378426651627
4893,Lepisosteus_oculatus,ensembl,20289272.0,945878036.0,46.619614345945976
4894,Leptobrachium_leishanense,ensembl,29506336.0,3549060464.0,120.28130039595564
4895,Leptolinea_tardivitalis,bacteria,638260.0,3676575.0,5.760309278350515
4896,Leptolyngbya_boryana,bacteria,2934120.0,7233668.0,2.465362016550107
4897,Leptolyngbya_foveolarum,bacteria,74287.0,4750982.0,63.954420019653504
4898,Leptolyngbya_sp,bacteria,1466648.9090909092,6510732.363636363,4.439189449690444
4899,Leptolyngbyaceae_cyanobacterium,bacteria,2377301.0,5530491.0,2.326373900486308
4900,Leptonema_illini,bacteria,2019265.0,4522760.0,2.239805077590113
4901,Leptosphaeria_maculans,fungi,2704437.0,45124619.0,16.68540217427879
4902,Leptospira_adleri,bacteria,391473.0,4388198.0,11.209452503748663
4903,Leptospira_alexanderi,bacteria,286789.0,4223825.0,14.727988172489182
4904,Leptospira_alstonii,bacteria,275012.5,4436855.5,16.133286668787783
4905,Leptospira_barantonii,bacteria,751626.0,4392226.0,5.843632338423631
4906,Leptospira_borgpetersenii,bacteria,847668.7142857143,3961850.5714285714,4.673819505969397
4907,Leptospira_brenneri,bacteria,633751.0,4113151.0,6.490168851804573
4908,Leptospira_broomii,bacteria,1405206.0,4395904.0,3.1282986266782236
4909,Leptospira_ellinghausenii,bacteria,1017786.0,4193578.0,4.120294443036159
4910,Leptospira_ellisii,bacteria,41877.5,4199912.5,100.29043042206436
4911,Leptospira_fainei,bacteria,1086452.0,4287324.0,3.9461697341438002
4912,Leptospira_haakeii,bacteria,729447.0,4191261.0,5.745806069529383
4913,Leptospira_harrisiae,bacteria,1171487.0,3946761.0,3.369018179459098
4914,Leptospira_hartskeerlii,bacteria,572316.0,4048089.0,7.073171115258004
4915,Leptospira_inadai,bacteria,900345.0,4457871.0,4.95129200473152
4916,Leptospira_interrogans,bacteria,495421.13636363635,4777533.7727272725,9.643378980142238
4917,Leptospira_johnsonii,bacteria,1046113.0,4063992.0,3.8848499158312726
4918,Leptospira_kirschneri,bacteria,291685.8,4521484.8,15.501216720183155
4919,Leptospira_kmetyi,bacteria,615808.0,4706154.0,7.64224238723758
4920,Leptospira_kobayashii,bacteria,703535.0,4294786.0,6.104580440205534
4921,Leptospira_levettii,bacteria,100962.0,4264788.0,42.24151661020978
4922,Leptospira_macculloughii,bacteria,250297.0,6923300.0,27.660339516654215
4923,Leptospira_mayottensis,bacteria,1673182.0,4216282.0,2.5199183352438648
4924,Leptospira_meyeri,bacteria,1585268.0,4237206.0,2.6728641466300966
4925,Leptospira_neocaledonica,bacteria,499501.0,4213808.0,8.436035163092766
4926,Leptospira_noguchii,bacteria,318296.4,4747309.4,14.914744244672576
4927,Leptospira_perolatii,bacteria,581458.0,3985918.0,6.8550402608614895
4928,Leptospira_ryugenii,bacteria,799648.0,3951395.0,4.94141797390852
4929,Leptospira_saintgironsiae,bacteria,755888.0,4083319.0,5.402015907118515
4930,Leptospira_santarosai,bacteria,581705.7272727273,4094679.4545454546,7.039090836775795
4931,Leptospira_sp,bacteria,237582.16666666666,4013674.8333333335,16.893838833301885
4932,Leptospira_stimsonii,bacteria,1004172.0,4837465.0,4.817366945105022
4933,Leptospira_terpstrae,bacteria,761837.0,4092188.0,5.371474475511166
4934,Leptospira_tipperaryensis,bacteria,1930125.0,4591888.0,2.3790624959523345
4935,Leptospira_vanthielii,bacteria,344172.0,4232327.0,12.297127598991201
4936,Leptospira_weilii,bacteria,266819.0,4247036.333333333,15.917293496090357
4937,Leptospira_wolbachii,bacteria,1367622.0,4081981.0,2.9847289675071034
4938,Leptospira_wolffii,bacteria,888344.5,4318365.5,4.861138330906535
4939,Leptospira_yasudae,bacteria,582867.0,4458090.0,7.648554472975825
4940,Leptospirillum_ferriphilum,bacteria,675975.5,2375931.5,3.5148189542372466
4941,Leptospirillum_ferrooxidans,bacteria,1149403.0,2559538.0,2.2268412384516134
4942,Leptospirillum_sp,bacteria,689716.0,2657315.0,3.852766935956249
4943,Leptothrix_cholodnii,bacteria,2257305.0,4909403.0,2.174895727427175
4944,Leptothrix_mobilis,bacteria,919932.0,4651965.0,5.056857463377728
4945,Leptotrichia_buccalis,bacteria,1062276.0,2465610.0,2.32106345243609
4946,Leptotrichia_hofstadii,bacteria,804296.0,2456453.0,3.0541653818992014
4947,Leptotrichia_sp,bacteria,529758.5714285715,2347576.0,4.4314072987425535
4948,Leptotrichia_wadei,bacteria,139859.0,2362822.0,16.89431498866716
4949,Leucobacter_chromiiresistens,bacteria,763657.0,3004607.5,3.93449873437944
4950,Leucobacter_komagatae,bacteria,308225.0,3669365.0,11.904826019952957
4951,Leucobacter_luti,bacteria,615763.0,3727705.5,6.0537991077736075
4952,Leucobacter_massiliensis,bacteria,563290.0,3136406.0,5.568012924071082
4953,Leucobacter_muris,bacteria,1437728.0,3211982.0,2.23406791827105
4954,Leucobacter_sp,bacteria,325104.85714285716,3014066.1428571427,9.271058480472673
4955,Leucobacter_triazinivorans,bacteria,1560463.0,3478815.0,2.229347956343726
4956,Leuconostoc_carnosum,bacteria,538367.0,1780166.5,3.306604045195935
4957,Leuconostoc_citreum,bacteria,474614.0,1915519.5,4.035952373929129
4958,Leuconostoc_fallax,bacteria,351687.0,1660517.0,4.721576288006096
4959,Leuconostoc_gelidum,bacteria,548035.5,1975800.0,3.6052409013649664
4960,Leuconostoc_kimchii,bacteria,909730.0,2101787.0,2.310341529904477
4961,Leuconostoc_lactis,bacteria,396827.6666666667,1758052.0,4.430265698880202
4962,Leuconostoc_mesenteroides,bacteria,610422.5714285715,1972811.0,3.2318775424424953
4963,Leuconostoc_pseudomesenteroides,bacteria,206131.33333333334,2036714.0,9.880661843420214
4964,Leuconostoc_suionicum,bacteria,683916.0,2069527.0,3.025995882535282
4965,Leuconostocaceae_bacterium,bacteria,282623.0,1589448.0,5.623915958715321
4966,Leucothrix_arctica,bacteria,520628.0,4752604.0,9.128598538687893
4967,Leucothrix_pacifica,bacteria,234728.0,5022804.0,21.39840155413926
4968,Leucothrix_sargassi,bacteria,652287.0,6846159.0,10.49562385882288
4969,Levilactobacillus_acidifarinae,bacteria,558878.0,2918319.0,5.221746069804143
4970,Levilactobacillus_bambusae,bacteria,522001.0,1966274.0,3.7668012130244963
4971,Levilactobacillus_brevis,bacteria,1012466.6666666666,2663460.5,2.630664877856061
4972,Levilactobacillus_hammesii,bacteria,308079.0,2815465.0,9.13877609314494
4973,Levilactobacillus_koreensis,bacteria,160916.0,2957112.0,18.376743145492057
4974,Levilactobacillus_namurensis,bacteria,142515.0,2476425.0,17.37659193769077
4975,Levilactobacillus_parabrevis,bacteria,117222.0,2614213.0,22.30138540546996
4976,Levilactobacillus_paucivorans,bacteria,122949.0,2362603.0,19.216122131940885
4977,Levilactobacillus_senmaizukei,bacteria,178153.0,2222963.0,12.477830853255348
4978,Levilactobacillus_spicheri,bacteria,401963.5,2802204.5,6.971290925668624
4979,Levilactobacillus_suantsaii,bacteria,182573.0,2430870.0,13.31450981251335
4980,Levilactobacillus_zymae,bacteria,697861.5,2719315.0,3.89663994933092
4981,Levilinea_saccharolytica,bacteria,269539.0,4230078.0,15.693751182574692
4982,Lewinella_agarilytica,bacteria,424107.0,6220808.0,14.668015382910445
4983,Lewinella_marina,bacteria,902272.0,4519134.0,5.008616027096042
4984,Lewinella_sp,bacteria,1151220.0,5270236.666666667,4.577957876571522
4985,Lewinella_xylanilytica,bacteria,1693476.0,5375778.0,3.174404597407935
4986,Lewinellaceae_bacterium,bacteria,309219.0,5481126.0,17.725708963550105
4987,Liberibacter_crescens,bacteria,641437.0,1504659.0,2.345762717149151
4988,Lichenibacterium_minor,bacteria,375786.0,5916175.0,15.743468356990414
4989,Lichenibacterium_ramalinae,bacteria,406386.0,5801291.0,14.275321984517182
4990,Lichenicoccus_roseus,bacteria,909194.0,4788108.0,5.2663215991306584
4991,Ligilactobacillus_acidipiscis,bacteria,401521.6666666667,2506687.3333333335,6.2429690386156
4992,Ligilactobacillus_agilis,bacteria,331154.75,2154122.5,6.5048817811008295
4993,Ligilactobacillus_animalis,bacteria,398668.4,1949040.6,4.8888765701018695
4994,Ligilactobacillus_apodemi,bacteria,506833.0,2091181.0,4.125976406429731
4995,Ligilactobacillus_aviarius,bacteria,194615.5,1601211.75,8.227565378913807
4996,Ligilactobacillus_ceti,bacteria,411124.0,1397811.0,3.3999742170245475
4997,Ligilactobacillus_equi,bacteria,126603.5,2229899.5,17.613253188103016
4998,Ligilactobacillus_hayakitensis,bacteria,235480.0,1685542.0,7.157898759979616
4999,Ligilactobacillus_murinus,bacteria,286462.2,2270262.0,7.925171279142588
5000,Ligilactobacillus_pobuzihii,bacteria,209500.0,2340699.0,11.172787589498807
5001,Ligilactobacillus_ruminis,bacteria,391564.0,2063324.2857142857,5.269443272911416
5002,Ligilactobacillus_saerimneri,bacteria,181592.5,1663473.5,9.16047468920798
5003,Ligilactobacillus_salitolerans,bacteria,129488.0,2529335.0,19.533354442110465
5004,Ligilactobacillus_salivarius,bacteria,457568.24,2089002.0,4.565443615579613
5005,Lihuaxuella_thermophila,bacteria,345263.0,3808945.0,11.032010380492553
5006,Limihaloglobus_sulfuriphilus,bacteria,1730022.0,3868357.0,2.236016073784033
5007,Limimaricola_cinnabarinus,bacteria,289892.5,3839515.0,13.244616538889415
5008,Limimaricola_pyoseonensis,bacteria,662267.0,3911774.0,5.906641883107568
5009,Limimaricola_soesokkakensis,bacteria,483778.0,3883838.5,8.028142040357354
5010,Limimonas_halophila,bacteria,501100.0,3039361.0,6.065378168030334
5011,Limnobacter_sp,bacteria,116040.0,3217513.0,27.72761978628059
5012,Limnobacter_thiooxidans,bacteria,1086111.0,3533643.0,3.2534823788728775
5013,Limnobaculum_parvum,bacteria,1659984.0,3841771.0,2.3143421864307125
5014,Limnochorda_pilosa,bacteria,1690348.0,3817036.0,2.258136194440435
5015,Limnohabitans_curvus,bacteria,1383988.0,3029942.0,2.1892834330933506
5016,Limnohabitans_parvus,bacteria,747928.0,2972530.0,3.9743531462921564
5017,Limnohabitans_planktonicus,bacteria,337869.0,4873611.0,14.424558038766504
5018,Limnohabitans_sp,bacteria,730032.25,3591673.0416666665,4.919882706095062
5019,Limnospira_maxima,bacteria,262373.0,6003314.0,22.880837586184555
5020,Limnothrix_rosea,bacteria,153878.0,4065636.0,26.42116481888249
5021,Limnothrix_sp,bacteria,275796.5,4577939.5,16.59897605662146
5022,Limosilactobacillus_antri,bacteria,616009.0,2302896.0,3.738412912798352
5023,Limosilactobacillus_coleohominis,bacteria,438507.0,1725829.0,3.935693158832128
5024,Limosilactobacillus_equigenerosi,bacteria,195823.0,1599963.0,8.170454951665535
5025,Limosilactobacillus_fermentum,bacteria,516392.17647058825,2078348.6470588236,4.024748518197581
5026,Limosilactobacillus_frumenti,bacteria,362548.0,1733578.0,4.781650981387292
5027,Limosilactobacillus_gastricus,bacteria,105822.0,1876666.5,17.734180983160403
5028,Limosilactobacillus_ingluviei,bacteria,137968.0,2139002.0,15.503609532645251
5029,Limosilactobacillus_mucosae,bacteria,429823.0,2143081.5,4.985962826558839
5030,Limosilactobacillus_oris,bacteria,569609.3333333334,2461253.3333333335,4.320949797170926
5031,Limosilactobacillus_panis,bacteria,103190.0,2006512.0,19.444829925380365
5032,Limosilactobacillus_pontis,bacteria,226492.0,1770641.5,7.817677887077689
5033,Limosilactobacillus_reuteri,bacteria,379133.2571428571,2195939.714285714,5.79199970700087
5034,Limosilactobacillus_secaliphilus,bacteria,409554.0,1646143.0,4.0193552010235525
5035,Limosilactobacillus_vaginalis,bacteria,443483.0,1877332.0,4.233154371193485
5036,Liquorilactobacillus_aquaticus,bacteria,329316.0,2407726.0,7.311293711814792
5037,Liquorilactobacillus_cacaonum,bacteria,420213.0,1919106.0,4.566983886743151
5038,Liquorilactobacillus_capillatus,bacteria,242791.0,2232918.0,9.19687303071366
5039,Liquorilactobacillus_ghanensis,bacteria,366804.0,2605329.0,7.102782412405535
5040,Liquorilactobacillus_hordei,bacteria,615089.5,2444210.0,3.973746910002528
5041,Liquorilactobacillus_mali,bacteria,151291.5,2515233.5,16.6250813826289
5042,Liquorilactobacillus_nagelii,bacteria,364935.0,2498521.0,6.846482250263746
5043,Liquorilactobacillus_oeni,bacteria,535343.0,2117633.0,3.955656466975378
5044,Liquorilactobacillus_satsumensis,bacteria,267394.0,2639652.0,9.871769748012296
5045,Liquorilactobacillus_sucicola,bacteria,547190.0,2459509.0,4.494798881558508
5046,Liquorilactobacillus_uvarum,bacteria,189412.0,2686405.0,14.182865921905687
5047,Liquorilactobacillus_vini,bacteria,75897.0,2238031.0,29.48773996337141
5048,Lishizhenia_tianjinensis,bacteria,942598.0,3567068.0,3.784294046878945
5049,Listeria_aquatica,bacteria,319701.0,2601148.0,8.136189752299805
5050,Listeria_booriae,bacteria,448886.0,3436956.0,7.656634423884906
5051,Listeria_cornellensis,bacteria,268251.0,3347833.0,12.480225609596982
5052,Listeria_fleischmannii,bacteria,416973.0,2905157.25,6.967255074069544
5053,Listeria_floridensis,bacteria,235736.0,2794388.0,11.853887399463806
5054,Listeria_grandensis,bacteria,384393.0,3181727.0,8.277276121053193
5055,Listeria_grayi,bacteria,1078018.0,2650734.6666666665,2.4588964810111396
5056,Listeria_innocua,bacteria,1146243.5,2992617.0,2.610803899869443
5057,Listeria_ivanovii,bacteria,1310511.6666666667,2938560.6666666665,2.242300272031153
5058,Listeria_kieliensis,bacteria,871358.0,2610016.0,2.995342901539895
5059,Listeria_marthii,bacteria,986985.0,2884551.0,2.922588489186766
5060,Listeria_monocytogenes,bacteria,1035311.25,3031049.125,2.9276694568903796
5061,Listeria_riparia,bacteria,402317.0,3291042.0,8.18022106945518
5062,Listeria_rocourtiae,bacteria,509618.0,3187944.0,6.255556122428956
5063,Listeria_seeligeri,bacteria,955890.3333333334,2971187.6666666665,3.1082934548628485
5064,Listeria_sp,bacteria,557036.0,3576895.0,6.421299521036342
5065,Listeria_weihenstephanensis,bacteria,861203.0,3411322.0,3.9611125367654316
5066,Listeria_welshimeri,bacteria,1266828.0,2814130.0,2.2213986429096924
5067,Listeriaceae_bacterium,bacteria,483905.0,3603945.0,7.4476291834141
5068,Litchfieldia_salsa,bacteria,614015.0,4789739.0,7.800687279626719
5069,Litoreibacter_albidus,bacteria,727866.0,3580729.0,4.919489301602218
5070,Litoreibacter_ascidiaceicola,bacteria,571069.0,3743875.0,6.55590655419923
5071,Litoreibacter_halocynthiae,bacteria,1049546.0,3680113.0,3.5063856181625197
5072,Litoreibacter_janthinus,bacteria,1679069.0,3754758.0,2.2362142353887777
5073,Litoreibacter_meonggei,bacteria,767232.0,3949755.0,5.148058214464465
5074,Litoreibacter_ponti,bacteria,1533629.0,3885483.0,2.5335221230167138
5075,Litorilituus_sediminis,bacteria,1901784.0,4275717.0,2.2482663646344694
5076,Litorimonas_taeanensis,bacteria,1048001.0,2778231.0,2.6509812490636935
5077,Litorivita_pollutaquae,bacteria,533400.0,3421523.0,6.414553805774278
5078,Loigolactobacillus_backii,bacteria,789797.0,2758012.0,3.4920517550712398
5079,Loigolactobacillus_bifermentans,bacteria,203809.0,3133992.0,15.377103071993877
5080,Loigolactobacillus_coryniformis,bacteria,490101.3333333333,2895563.6666666665,5.908091795982328
5081,Loigolactobacillus_rennini,bacteria,108565.0,2269330.0,20.902961359554183
5082,Loktanella_atrilutea,bacteria,718677.0,4206024.0,5.852453884011871
5083,Loktanella_fryxellensis,bacteria,331499.0,3551153.0,10.712409388866934
5084,Loktanella_salsilacus,bacteria,292556.0,4130155.0,14.117485199414812
5085,Loktanella_sp,bacteria,705812.1111111111,3649551.777777778,5.170712885660946
5086,Lolium_perenne,plants,22542330.0,2276788877.0,101.00060095828603
5087,Lonchura_striata,ensembl,5150330.0,1060169706.0,205.84500527150686
5088,Lonepinella_koalarum,bacteria,455621.0,2486773.0,5.45798591373093
5089,Longibacter_salinarum,bacteria,706002.0,4406485.0,6.241462488774819
5090,Longibaculum_muris,bacteria,310202.0,3167958.0,10.212564715894803
5091,Longicatena_caecimuris,bacteria,241025.0,2945084.0,12.218998029250077
5092,Longilinea_arvoryzae,bacteria,1940090.0,4438311.0,2.2876830456319035
5093,Longimonas_halophila,bacteria,459357.0,3729970.0,8.119980755708523
5094,Lonsdalea_britannica,bacteria,172745.0,3923000.0,22.709774523141046
5095,Lonsdalea_iberica,bacteria,163560.0,3781823.0,23.121930789924185
5096,Lonsdalea_populi,bacteria,349398.0,3691993.0,10.566726197631354
5097,Lonsdalea_quercina,bacteria,519630.0,3779259.0,7.272980774782057
5098,Loxodonta_africana,ensembl,13148679.0,3196760833.0,243.12410645966793
5099,Lucifera_butyrica,bacteria,253492.0,5281299.0,20.834184116264023
5100,Luminiphilus_syltensis,bacteria,1470782.0,3261541.0,2.217555694861645
5101,Lunatimonas_lonarensis,bacteria,310509.0,5392044.0,17.365177820932725
5102,Lupinus_angustifolius,plants,14134309.0,609203021.0,43.10101194193505
5103,Luteibacter_rhizovicinus,bacteria,1491883.0,4618404.5,3.095688133720942
5104,Luteibacter_sp,bacteria,1015430.6,4394223.0,4.3274478827011915
5105,Luteibacter_yeojuensis,bacteria,228162.0,4548902.0,19.937158685495394
5106,Luteimicrobium_subarcticum,bacteria,783764.0,3632746.0,4.634999821374802
5107,Luteimonas_aestuarii,bacteria,465750.0,3727962.0,8.004212560386474
5108,Luteimonas_chenhongjianii,bacteria,1481109.0,3351776.0,2.2630177792451467
5109,Luteimonas_gilva,bacteria,1161172.0,3632536.0,3.1283358537753236
5110,Luteimonas_sp,bacteria,863552.0,3468763.0,4.016854804342993
5111,Luteimonas_terrae,bacteria,1067580.0,3569262.0,3.3433204069015905
5112,Luteimonas_weifangensis,bacteria,339488.0,2764764.0,8.14392261287586
5113,Luteipulveratus_halotolerans,bacteria,1983870.0,4464286.0,2.250291601768261
5114,Luteipulveratus_mongoliensis,bacteria,2498104.0,5420910.0,2.1700097353833145
5115,Luteitalea_pratensis,bacteria,3324667.0,7480314.0,2.2499438289609155
5116,Luteococcus_japonicus,bacteria,897739.0,3423656.0,3.8136429407656345
5117,Luteovulum_sphaeroides,bacteria,866484.0,4858213.0,5.606812128094691
5118,Lutibacter_agarilyticus,bacteria,578224.0,4101932.0,7.094018926921055
5119,Lutibacter_flavus,bacteria,915572.0,3903672.0,4.263642837483016
5120,Lutibacter_maritimus,bacteria,568147.0,3484703.0,6.1334531380082975
5121,Lutibacter_oceani,bacteria,923789.0,3388514.0,3.6680605636135524
5122,Lutibacter_oricola,bacteria,786620.0,4129954.0,5.250252981109049
5123,Lutibacter_profundi,bacteria,1348774.0,2966978.0,2.199759188715085
5124,Lutibacter_sp,bacteria,233233.5,3444746.5,14.769518529713785
5125,Lutibaculum_baratangense,bacteria,486886.0,4300776.0,8.833229955266736
5126,Lutimaribacter_saemankumensis,bacteria,641618.0,3772513.0,5.879686978856578
5127,Lutispora_thermophila,bacteria,312809.0,3583033.0,11.454379509540965
5128,Lyngbya_aestuarii,bacteria,212874.0,6867625.0,32.26145513308342
5129,Lyngbya_confervoides,bacteria,2386852.0,8799693.0,3.686735918272268
5130,Lynx_canadensis,ensembl,22037459.0,2408883772.0,109.30859914475622
5131,Lysinibacillus_antri,bacteria,250749.0,4103755.0,16.36598750144567
5132,Lysinibacillus_boronitolerans,bacteria,332562.0,4564150.0,13.72420781688828
5133,Lysinibacillus_composti,bacteria,442572.0,4259757.0,9.625003389279033
5134,Lysinibacillus_contaminans,bacteria,1245585.0,4100313.0,3.2918773106612558
5135,Lysinibacillus_endophyticus,bacteria,192223.0,3534833.0,18.38923021698756
5136,Lysinibacillus_fusiformis,bacteria,835819.75,4724181.75,5.652153768800031
5137,Lysinibacillus_halotolerans,bacteria,202756.0,3548511.0,17.501385902266765
5138,Lysinibacillus_macroides,bacteria,1068687.0,4866035.0,4.553283608764774
5139,Lysinibacillus_mangiferihumi,bacteria,178027.0,5285597.0,29.689861650199127
5140,Lysinibacillus_odysseyi,bacteria,561276.0,4512819.0,8.040284993479144
5141,Lysinibacillus_sp,bacteria,824328.6666666666,4727561.066666666,5.735043870042127
5142,Lysinibacillus_sphaericus,bacteria,1523962.2,4544887.5,2.9822836156959798
5143,Lysinibacillus_tabacifolii,bacteria,1333719.0,4505022.0,3.3777894743945316
5144,Lysinibacillus_telephonicus,bacteria,125833.0,4346674.0,34.543196140916926
5145,Lysinibacillus_varians,bacteria,1110859.5,4636196.0,4.173521493942303
5146,Lysinibacillus_xylanilyticus,bacteria,632336.6666666666,5360112.666666667,8.476675399707963
5147,Lysinibacillus_yapensis,bacteria,624618.0,3785739.0,6.060886814020729
5148,Lysobacter_antibioticus,bacteria,2500259.0,5916388.0,2.3663100502787913
5149,Lysobacter_arseniciresistens,bacteria,242497.0,3085112.0,12.72226872909768
5150,Lysobacter_capsici,bacteria,2591377.3333333335,6310810.0,2.435311106114483
5151,Lysobacter_concretionis,bacteria,480597.0,3032117.0,6.309063518915016
5152,Lysobacter_daejeonensis,bacteria,229730.0,3275062.0,14.256135463370043
5153,Lysobacter_defluvii,bacteria,59743.0,2691386.0,45.04939490819008
5154,Lysobacter_dokdonensis,bacteria,424728.0,3274406.0,7.709418733872031
5155,Lysobacter_enzymogenes,bacteria,1509658.3333333333,6147425.166666667,4.072063877588197
5156,Lysobacter_gummosus,bacteria,2574952.0,6056618.0,2.3521285056964167
5157,Lysobacter_maris,bacteria,1769150.0,4018049.0,2.271174857982647
5158,Lysobacter_oculi,bacteria,1178486.0,2592821.0,2.200128809336725
5159,Lysobacter_psychrotolerans,bacteria,695977.0,3910744.0,5.619070745153935
5160,Lysobacter_pythonis,bacteria,244308.0,2929486.0,11.990954041619595
5161,Lysobacter_silvestris,bacteria,1070807.0,2847002.0,2.658744292855762
5162,Lysobacter_silvisoli,bacteria,1453452.0,4536546.0,3.1212217534531583
5163,Lysobacter_soli,bacteria,556807.0,3953742.0,7.1007404720127445
5164,Lysobacter_sp,bacteria,936337.1111111111,4612886.444444444,4.926523139695413
5165,Lysobacter_spongiicola,bacteria,555098.0,3099673.0,5.584010390957993
5166,Lysobacter_tolerans,bacteria,564408.0,2541122.0,4.5022784935720255
5167,Macaca_fascicularis,ensembl,33999919.0,2906155132.0,85.47535457363884
5168,Macaca_mulatta,ensembl,12666003.0,2971331530.0,234.59109633875818
5169,Macaca_nemestrina,ensembl,16500846.0,2948703511.0,178.70014125336363
5170,Macellibacteroides_sp,bacteria,352740.0,4081835.0,11.57179508986789
5171,Macrococcus_bohemicus,bacteria,438357.5,2480189.0,5.657913917293533
5172,Macrococcus_bovicus,bacteria,342244.0,2095263.0,6.122132163018198
5173,Macrococcus_brunensis,bacteria,174393.0,2101371.0,12.049629285579122
5174,Macrococcus_canis,bacteria,869577.0,2247138.0,2.5841736844465757
5175,Macrococcus_carouselicus,bacteria,648758.0,2076527.0,3.20077286137512
5176,Macrococcus_caseolyticus,bacteria,493673.3333333333,2273630.3333333335,4.605536049479413
5177,Macrococcus_epidermidis,bacteria,658456.0,2493652.0,3.78712017203883
5178,Macrococcus_goetzii,bacteria,678194.0,2560158.0,3.7749640958191906
5179,Macrococcus_hajekii,bacteria,644402.0,2069051.0,3.2108078497583805
5180,Macrococcus_lamae,bacteria,205668.0,2043275.0,9.934822140537177
5181,Macrococcus_sp,bacteria,778371.5,2355925.0,3.02673594806593
5182,Mageeibacillus_indolicus,bacteria,678901.5,1793960.5,2.642445921831076
5183,Magnaporthe_oryzae,fungi,6156602.0,41027733.0,6.664022296714974
5184,Magnaporthe_poae,fungi,4516616.0,39503331.0,8.74622305726234
5185,Magnetococcales_bacterium,bacteria,536877.5,2255601.0,4.201332706250494
5186,Magnetococcus_marinus,bacteria,2041354.0,4719581.0,2.3119855742806
5187,Magnetofaba_australis,bacteria,1019297.0,4986701.0,4.892294395058555
5188,Magnetospira_sp,bacteria,1830514.0,4052370.0,2.213788039862028
5189,Magnetospirillum_caucaseum,bacteria,173707.0,4870514.0,28.03867431939991
5190,Magnetospirillum_fulvum,bacteria,263586.0,3787231.5,14.368105665703034
5191,Magnetospirillum_gryphiswaldense,bacteria,1993721.0,4365796.0,2.1897727916794776
5192,Magnetospirillum_kuznetsovii,bacteria,462442.0,4405793.0,9.527233685521644
5193,Magnetospirillum_magneticum,bacteria,2241781.0,4967148.0,2.2157150943825465
5194,Magnetospirillum_magnetotacticum,bacteria,895916.0,4523935.0,5.049507989588309
5195,Magnetospirillum_marisnigri,bacteria,290582.0,4619819.0,15.898503692589355
5196,Magnetospirillum_molischianum,bacteria,346376.0,3805617.0,10.986953484075109
5197,Magnetospirillum_moscoviense,bacteria,190235.0,4164497.0,21.891329145530527
5198,Magnetospirillum_sp,bacteria,1253595.5,4412700.0,3.5200349714082413
5199,Magnetovibrio_blakemorei,bacteria,209474.0,3638804.0,17.371148686710523
5200,Magnetovibrio_sp,bacteria,231054.0,3451229.0,14.936893540038259
5201,Mahella_australiensis,bacteria,1432336.0,3135972.0,2.189410864489896
5202,Malaciobacter_canalis,bacteria,317534.0,2782711.0,8.763505640340878
5203,Malaciobacter_halophilus,bacteria,129098.0,2746292.0,21.272924444995276
5204,Malaciobacter_marinus,bacteria,766876.0,2867946.0,3.7397780084394348
5205,Malaciobacter_molluscorum,bacteria,248355.0,2756560.0,11.099273217772947
5206,Malaciobacter_mytili,bacteria,1387359.0,3037595.0,2.189480156181637
5207,Malacoplasma_iowae,bacteria,65071.0,1195147.0,18.366814710085904
5208,Malacoplasma_penetrans,bacteria,603790.0,1358633.0,2.2501747296245385
5209,Maledivibacter_halophilus,bacteria,640310.0,5802910.0,9.062657150442755
5210,Malikia_granosa,bacteria,263366.0,3832968.0,14.553769279253967
5211,Malikia_spinosa,bacteria,188400.0,3778566.0,20.05608280254777
5212,Maliponia_aquimaris,bacteria,549508.0,5313976.0,9.670425180343143
5213,Malonomonas_rubra,bacteria,490712.0,3961631.0,8.073230326545916
5214,Malurus_cyaneus,ensembl,11795479.0,1078874851.0,91.46511565999143
5215,Malus_domestica,plants,22539497.0,702961352.0,31.18797868470623
5216,Mameliella_alba,bacteria,391065.0,5837382.0,14.926884277549767
5217,Mameliella_sp,bacteria,341455.0,5521072.0,16.169252170857067
5218,Mammaliicoccus_fleurettii,bacteria,107017.0,2671140.0,24.95995963258174
5219,Mammaliicoccus_lentus,bacteria,159221.0,2644425.0,16.60851897676814
5220,Mammaliicoccus_sciuri,bacteria,156189.25,2987182.25,19.125402356436183
5221,Mammaliicoccus_stepanovicii,bacteria,1089191.0,2439098.0,2.2393666491919233
5222,Mammaliicoccus_vitulinus,bacteria,166403.0,2608645.0,15.676670492719483
5223,Manacus_vitellinus,ensembl,11502252.0,1213150360.0,105.47068174127988
5224,Mandrillus_leucophaeus,ensembl,6349434.0,3062009387.0,482.2491874078855
5225,Mangrovibacter_phragmitis,bacteria,826496.0,4947475.0,5.986084627148831
5226,Mangrovibacter_plantisponsor,bacteria,495854.0,5352990.0,10.795496254946013
5227,Mangrovibacter_sp,bacteria,526766.0,5361575.0,10.178285994160595
5228,Mangrovibacterium_diazotrophicum,bacteria,2058446.0,5800440.0,2.8178732888790865
5229,Mangrovibacterium_marinum,bacteria,373154.0,4598241.0,12.322636230617922
5230,Mangrovimonas_sp,bacteria,837859.0,3730281.0,4.452158418063182
5231,Mangrovimonas_spongiae,bacteria,692259.0,2776420.0,4.010666527990247
5232,Mangrovimonas_yunxiaonensis,bacteria,636120.0,2670033.0,4.197373137143935
5233,Manihot_esculenta,plants,20236205.5,639586700.0,31.60605875444386
5234,Mannheimia_granulomatis,bacteria,388996.0,2321045.0,5.966758012935865
5235,Mannheimia_haemolytica,bacteria,1143492.75,2630786.0,2.300658224549303
5236,Mannheimia_sp,bacteria,1078082.0,2393449.0,2.2200992132323885
5237,Mannheimia_varigena,bacteria,790993.0,2224844.0,2.8127227421734453
5238,Marchantia_polymorpha,plants,3262444.0,225760816.0,69.1999053470343
5239,Margalitia_camelliae,bacteria,479094.0,4956718.0,10.34602395354565
5240,Margalitia_shackletonii,bacteria,1882550.0,5297592.0,2.8140511540198134
5241,Maribacter_algarum,bacteria,1377456.0,5110706.0,3.710249909978976
5242,Maribacter_algicola,bacteria,1377135.0,4114314.0,2.9875894520145083
5243,Maribacter_aquivivus,bacteria,1486364.0,4578396.0,3.080265668436534
5244,Maribacter_arcticus,bacteria,536511.0,4211145.0,7.849130772714819
5245,Maribacter_aurantiacus,bacteria,755219.0,4158743.0,5.506671574735275
5246,Maribacter_caenipelagi,bacteria,742852.0,4281860.0,5.7640822128768585
5247,Maribacter_cobaltidurans,bacteria,2119763.0,4639957.0,2.1889036651738896
5248,Maribacter_dokdonensis,bacteria,2118394.0,4622542.0,2.182097381318112
5249,Maribacter_hydrothermalis,bacteria,604115.0,4221554.0,6.987997318391366
5250,Maribacter_orientalis,bacteria,692912.0,4163533.0,6.008747142494285
5251,Maribacter_polysiphoniae,bacteria,775326.0,5129962.0,6.616522598236097
5252,Maribacter_sedimenticola,bacteria,922168.0,4269365.0,4.629704132001978
5253,Maribacter_sp,bacteria,879538.0,4216115.8,4.793557299400367
5254,Maribacter_spongiicola,bacteria,1198410.0,4455565.0,3.717897046920503
5255,Maribacter_stanieri,bacteria,1411942.0,4460741.0,3.1592947868963455
5256,Maribacter_ulvicola,bacteria,1104756.0,4511475.0,4.083684542107036
5257,Maribacter_vaceletii,bacteria,1117654.0,3889815.0,3.4803391747356516
5258,Maribius_pelagius,bacteria,651092.0,3858435.0,5.926098001511307
5259,Maribius_salinus,bacteria,480677.0,3574415.0,7.436209762480835
5260,Maricaulis_maris,bacteria,1045151.0,3468814.0,3.3189596527200376
5261,Maricaulis_salignorans,bacteria,332392.0,3117768.0,9.379792534116344
5262,Maricaulis_sp,bacteria,437781.0,3790208.5,8.657772950402142
5263,Marichromatium_gracile,bacteria,543588.0,3830035.0,7.0458417036432
5264,Marichromatium_purpuratum,bacteria,1679821.0,3779112.0,2.2497111299358683
5265,Maridesulfovibrio_ferrireducens,bacteria,861979.0,3872848.0,4.492972566617052
5266,Maridesulfovibrio_hydrothermalis,bacteria,1625975.0,3708362.0,2.280700502775258
5267,Maridesulfovibrio_salexigens,bacteria,1921879.0,4289847.0,2.232110866500961
5268,Marinactinospora_thermotolerans,bacteria,594418.0,5663707.0,9.528155271206458
5269,Marinateneraspora_sediminis,bacteria,69940.0,6015607.0,86.01096654275094
5270,Marine_actinobacterium,bacteria,1288956.0,2772187.0,2.1507227554703188
5271,Marine_bacterium,bacteria,1331385.0,11346547.0,8.522363553742906
5272,Marine_gamma,bacteria,498583.0,4326936.0,8.678466774839896
5273,Marine_group,bacteria,119635.5,1334933.1666666667,11.158336502682454
5274,Marinibacterium_profundimaris,bacteria,804635.0,6152202.0,7.64595375542948
5275,Marinicauda_algicola,bacteria,882271.0,3426473.0,3.883696732636571
5276,Marinicauda_pacifica,bacteria,897784.0,3050377.0,3.397673605232439
5277,Marinicauda_salina,bacteria,729646.0,2887656.0,3.9576123215915664
5278,Marinicaulis_flavus,bacteria,891934.0,4924481.0,5.521127123755794
5279,Marinicella_litoralis,bacteria,676961.0,3343788.0,4.939410098956956
5280,Marinifilaceae_bacterium,bacteria,2458900.0,5718991.0,2.325833096099882
5281,Marinifilum_breve,bacteria,769746.0,5613963.0,7.293266869850574
5282,Marinifilum_flexuosum,bacteria,1423157.0,5169742.0,3.632587269008268
5283,Marinifilum_sp,bacteria,404930.0,4610229.0,11.385249302348553
5284,Mariniflexile_fucanivorans,bacteria,725872.0,4735576.0,6.5239821896973575
5285,Mariniflexile_sp,bacteria,2124841.0,4858325.0,2.2864416678706783
5286,Marinilabilia_rubra,bacteria,527366.0,5377742.0,10.19736198389733
5287,Marinilabilia_salmonicolor,bacteria,344660.5,4967897.5,14.413886998945339
5288,Marinilabiliaceae_bacterium,bacteria,123789.0,4816828.5,38.91160361583016
5289,Marinilabiliales_bacterium,bacteria,156761.8,4236207.2,27.023211011866415
5290,Marinilactibacillus_piezotolerans,bacteria,122939.0,2554689.0,20.780134863631556
5291,Marinilactibacillus_psychrotolerans,bacteria,143639.33333333334,2593252.3333333335,18.053915130024738
5292,Marinilactibacillus_sp,bacteria,1191583.0,2767908.0,2.32288308913437
5293,Marinimicrobium_koreense,bacteria,1506751.0,3848416.0,2.554115444423133
5294,Marinimicrobium_sp,bacteria,232387.0,3750272.0,16.138045587748024
5295,Marininema_halotolerans,bacteria,430916.0,3568596.0,8.28141911648674
5296,Marininema_mesophilum,bacteria,352532.0,3331831.0,9.451144860608398
5297,Mariniphaga_anaerophila,bacteria,711288.0,5048302.0,7.097409206959769
5298,Mariniphaga_sediminis,bacteria,516628.0,5826160.0,11.27728268696238
5299,Mariniradius_saccharolyticus,bacteria,398260.0,4854424.0,12.189082508913774
5300,Marinirhabdus_gelatinilytica,bacteria,856306.0,3293993.0,3.846747541182708
5301,Marinisporobacter_balticus,bacteria,281732.0,3865388.0,13.720088594834808
5302,Marinithermus_hydrothermalis,bacteria,1056781.0,2269167.0,2.1472443202517835
5303,Marinitoga_hydrogenitolerans,bacteria,139217.0,2312367.0,16.609803400446786
5304,Marinitoga_piezophila,bacteria,1041213.0,2244793.0,2.1559402350911867
5305,Marinitoga_sp,bacteria,179199.5,2354978.0,13.141654971135521
5306,Marinobacter_adhaerens,bacteria,1484879.5,4449116.5,2.9962811797186237
5307,Marinobacter_antarcticus,bacteria,1315984.0,3740786.0,2.842577113399555
5308,Marinobacter_daqiaonensis,bacteria,1451277.0,3933786.0,2.710568692262056
5309,Marinobacter_excellens,bacteria,323129.5,4080143.0,12.626959160336645
5310,Marinobacter_flavimaris,bacteria,721569.0,4462136.0,6.183935285468195
5311,Marinobacter_fuscus,bacteria,370243.0,4125126.0,11.141671820939221
5312,Marinobacter_gudaonensis,bacteria,1466890.0,3839018.0,2.6171137576778083
5313,Marinobacter_guineae,bacteria,1131769.0,4458854.0,3.939720914780313
5314,Marinobacter_halodurans,bacteria,246856.0,5266295.0,21.33346971513757
5315,Marinobacter_halophilus,bacteria,723589.0,3917476.0,5.413951842827903
5316,Marinobacter_litoralis,bacteria,920579.0,3452504.0,3.7503614573002424
5317,Marinobacter_lutaoensis,bacteria,636574.0,3827309.0,6.012355201437696
5318,Marinobacter_manganoxydans,bacteria,361083.0,4549590.0,12.599845464893113
5319,Marinobacter_maroccanus,bacteria,452317.0,4340695.0,9.596577179279134
5320,Marinobacter_mobilis,bacteria,487968.0,3971609.0,8.13907674273723
5321,Marinobacter_nanhaiticus,bacteria,1619194.0,5358309.0,3.309244599473565
5322,Marinobacter_nauticus,bacteria,1254609.5,4269198.166666667,3.402810329960571
5323,Marinobacter_nitratireducens,bacteria,721387.0,3890033.0,5.392435682927472
5324,Marinobacter_orientalis,bacteria,1016257.0,4001490.0,3.9374784134328227
5325,Marinobacter_pelagius,bacteria,528748.5,3966118.5,7.500954612637199
5326,Marinobacter_persicus,bacteria,293731.0,3369018.5,11.469741021546925
5327,Marinobacter_psychrophilus,bacteria,1788790.0,3998597.0,2.2353641288245125
5328,Marinobacter_salarius,bacteria,2071339.0,4630160.0,2.2353463146302945
5329,Marinobacter_salinus,bacteria,1892978.0,4121005.0,2.1769957178583166
5330,Marinobacter_santoriniensis,bacteria,718070.0,4033468.0,5.617095826312198
5331,Marinobacter_segnicrescens,bacteria,435073.0,4218891.0,9.696972691939054
5332,Marinobacter_shengliensis,bacteria,828134.0,4171270.0,5.036950541820526
5333,Marinobacter_sp,bacteria,997918.2285714286,4275992.285714285,4.28491249411847
5334,Marinobacter_subterrani,bacteria,1818864.0,4453613.0,2.448568447118641
5335,Marinobacter_vinifirmus,bacteria,454243.0,3836576.0,8.446087226440474
5336,Marinobacter_zhejiangensis,bacteria,957299.0,4029256.0,4.208983818012972
5337,Marinobacterium_aestuarii,bacteria,2264212.0,5191608.0,2.2928983681740047
5338,Marinobacterium_georgiense,bacteria,440038.0,3925261.0,8.9202773396843
5339,Marinobacterium_halophilum,bacteria,250751.0,3653655.0,14.570849169096036
5340,Marinobacterium_lutimaris,bacteria,1378925.0,5568333.0,4.038169588628823
5341,Marinobacterium_mangrovicola,bacteria,1114175.0,4979947.0,4.4696273027127695
5342,Marinobacterium_sp,bacteria,400651.0,4552885.0,11.363718048875455
5343,Marinobacterium_stanieri,bacteria,713823.0,4680330.0,6.556709436372882
5344,Marinococcus_halophilus,bacteria,360736.0,3261616.0,9.041559478399716
5345,Marinococcus_luteus,bacteria,656915.0,2908575.0,4.427627623056256
5346,Marinomonas_agarivorans,bacteria,231807.0,3235607.0,13.958193669733873
5347,Marinomonas_alcarazii,bacteria,752817.0,3969578.0,5.272965408591995
5348,Marinomonas_aquimarina,bacteria,336053.0,3659629.0,10.890035202780513
5349,Marinomonas_aquiplantarum,bacteria,570995.0,3765697.0,6.594973686284469
5350,Marinomonas_balearica,bacteria,592762.0,3882032.0,6.549056788390619
5351,Marinomonas_communis,bacteria,889797.0,3854463.0,4.33184535349074
5352,Marinomonas_foliarum,bacteria,197492.0,4161572.0,21.072104186498695
5353,Marinomonas_fungiae,bacteria,485431.0,4189249.0,8.629957707686572
5354,Marinomonas_gallaica,bacteria,451985.0,3828797.0,8.471070942619777
5355,Marinomonas_hwangdonensis,bacteria,559166.0,3456993.0,6.182409159355182
5356,Marinomonas_mediterranea,bacteria,2062058.0,4684316.0,2.2716703409894388
5357,Marinomonas_polaris,bacteria,407331.0,5038537.0,12.369637960282915
5358,Marinomonas_pollencensis,bacteria,498233.0,3870684.0,7.76882302055464
5359,Marinomonas_posidonica,bacteria,1749115.0,3899940.0,2.2296647161564564
5360,Marinomonas_primoryensis,bacteria,2015772.0,4585666.0,2.2748931922856355
5361,Marinomonas_profundimaris,bacteria,374191.0,3833369.0,10.244417957674022
5362,Marinomonas_rhizomae,bacteria,388928.0,4425672.0,11.379155010696067
5363,Marinomonas_sp,bacteria,810419.2,4626057.2,5.708227544460941
5364,Marinomonas_spartinae,bacteria,711795.0,4718223.0,6.628626219627843
5365,Marinomonas_ushuaiensis,bacteria,463784.0,3342098.0,7.206152001793939
5366,Marinoscillum_furvescens,bacteria,458661.0,5966820.0,13.009215956883189
5367,Marinospirillum_alkaliphilum,bacteria,498165.0,3137549.0,6.298212439653528
5368,Marinospirillum_celere,bacteria,686518.0,3083561.0,4.491595267713301
5369,Marinovum_algicola,bacteria,1808330.0,5252390.0,2.904552819452202
5370,Marinovum_sp,bacteria,106052.0,2597784.0,24.49537962508958
5371,Mariprofundus_aestuarium,bacteria,1164204.0,2537610.0,2.179695311131039
5372,Mariprofundus_erugo,bacteria,301789.5,2939824.5,9.7413080972002
5373,Mariprofundus_ferrinatatus,bacteria,1066923.0,2301665.0,2.1572925131429352
5374,Mariprofundus_ferrooxydans,bacteria,1017232.0,2992730.0,2.9420328892524026
5375,Mariprofundus_micogutta,bacteria,211665.0,2497805.0,11.800746462570572
5376,Marispirochaeta_aestuarii,bacteria,297623.0,4216685.0,14.167873450640576
5377,Maritalea_mobilis,bacteria,1085839.0,3467317.0,3.193214647843741
5378,Maritalea_myrionectae,bacteria,1603971.0,3703346.0,2.3088609457402907
5379,Maritimibacter_sp,bacteria,694944.5,4247130.0,6.111466455234915
5380,Marivirga_sericea,bacteria,835361.0,4741005.0,5.6753966249322145
5381,Marivirga_tractuosa,bacteria,2028991.0,4516490.0,2.2259783311015178
5382,Marivita_cryptomonadis,bacteria,358177.0,4610381.0,12.871795229732786
5383,Marivita_geojedonensis,bacteria,462234.0,4313167.0,9.331133149011107
5384,Marivita_hallyeonensis,bacteria,869857.0,4193223.0,4.820588901394137
5385,Marivita_sp,bacteria,222594.0,4431730.0,19.909476445905998
5386,Marivivens_niveibacter,bacteria,791720.0,3072121.0,3.88031248421159
5387,Marixanthomonas_ophiurae,bacteria,1286490.0,3303244.0,2.5676406345949054
5388,Marixanthomonas_spongiae,bacteria,470056.0,3406541.0,7.247096090678557
5389,Marmoricola_aurantiacus,bacteria,1836427.0,4060008.0,2.210819161338839
5390,Marmoricola_ginsengisoli,bacteria,1111551.0,4457833.0,4.010461958110784
5391,Marmoricola_mangrovicus,bacteria,917808.0,4108260.0,4.4761649495319284
5392,Marmoricola_pocheonensis,bacteria,705540.0,4923315.0,6.978080619100264
5393,Marmoricola_scoriae,bacteria,1865947.0,4058582.0,2.1750789277508953
5394,Marmoricola_solisilvae,bacteria,1351553.0,3828516.0,2.8326791476175925
5395,Marmoricola_sp,bacteria,1083746.0,3814797.0,3.520010223797827
5396,Marmota_marmota,ensembl,13676069.0,2510587379.0,183.57522026248918
5397,Marortus_luteolus,bacteria,313914.0,4132473.0,13.164347560159788
5398,Martelella_endophytica,bacteria,2152791.0,4817335.0,2.2377160625439254
5399,Martelella_lutilitoris,bacteria,525664.0,4447501.0,8.460729667620381
5400,Martelella_mediterranea,bacteria,987863.6666666666,4877633.666666667,4.937557510466188
5401,Martelella_sp,bacteria,1175887.0,5182006.0,4.406891138349178
5402,Marvinbryantia_formatexigens,bacteria,307309.0,4548960.0,14.80256028948062
5403,Massilia_atriviolacea,bacteria,628960.0,7355585.0,11.694837509539557
5404,Massilia_aurea,bacteria,89615.0,5923330.0,66.09752831557218
5405,Massilia_cavernae,bacteria,124981.0,5439412.0,43.52191133052224
5406,Massilia_eurypsychrophila,bacteria,554850.0,5949316.0,10.72238623051275
5407,Massilia_glaciei,bacteria,125571.0,6288546.0,50.0796043672504
5408,Massilia_oculi,bacteria,2610431.0,5844653.0,2.2389609225449743
5409,Massilia_phosphatilytica,bacteria,701261.0,7183282.0,10.243378713488987
5410,Massilia_psychrophila,bacteria,304991.0,4730650.0,15.510785564164188
5411,Massilia_sp,bacteria,1109879.8235294118,6427005.235294118,5.790721751167866
5412,Massilia_timonae,bacteria,2141249.0,6052880.5,2.826798985078335
5413,Massilia_violaceinigra,bacteria,3339800.0,7530059.0,2.2546436912389964
5414,Massilia_yuzhufengensis,bacteria,362134.0,5580237.0,15.409315336311973
5415,Massilimicrobiota_sp,bacteria,140445.75,2634707.5,18.75961002735932
5416,Massilimicrobiota_timonensis,bacteria,129567.0,2784379.0,21.4898778238286
5417,Mastacembelus_armatus,ensembl,17237365.0,591951587.0,34.341187704733294
5418,Mastigocoleus_testarum,bacteria,294474.0,12700239.0,43.12855803907985
5419,Maylandia_zebra,ensembl,21956728.0,957485262.0,43.60783000089995
5420,Medicago_truncatula,plants,26119233.0,429196467.0,16.43220024875922
5421,Mediterranea_sp,bacteria,260604.0,3844582.0,14.752582462279934
5422,Mediterraneibacter_butyricigenes,bacteria,1323608.0,3034489.0,2.2925888933883747
5423,Mediterraneibacter_sp,bacteria,421301.0,3568648.0,8.470542438778926
5424,Megamonas_funiformis,bacteria,857106.0,2562512.0,2.98972589154667
5425,Megamonas_hypermegale,bacteria,1073662.5,2423532.0,2.2572568195312774
5426,Megamonas_rupellensis,bacteria,191219.5,2458645.5,12.857713256231714
5427,Megamonas_sp,bacteria,123708.0,2215744.0,17.911080932518512
5428,Megasphaera_cerevisiae,bacteria,140021.0,3236325.0,23.11314017183137
5429,Megasphaera_elsdenii,bacteria,555664.0,2419957.8,4.355073929568948
5430,Megasphaera_genomosp,bacteria,199724.0,1661089.5,8.316924856301696
5431,Megasphaera_hexanoica,bacteria,1287254.0,2877851.0,2.2356512389940137
5432,Megasphaera_hutchinsoni,bacteria,167360.0,1564925.0,9.350651290630974
5433,Megasphaera_micronuciformis,bacteria,470364.0,1765528.0,3.7535355596941944
5434,Megasphaera_paucivorans,bacteria,187200.0,2912276.0,15.557029914529915
5435,Megasphaera_sp,bacteria,203072.0,2452987.875,12.079399794161677
5436,Megasphaera_stantonii,bacteria,1176418.0,2652760.0,2.2549467961217866
5437,Megasphaera_vaginalis,bacteria,175377.0,2214431.0,12.626689930834717
5438,Meinhardsimonia_xiamenensis,bacteria,612313.0,3127641.0,5.107912129907417
5439,Meiothermus_granaticius,bacteria,123008.0,3271032.0,26.59202653485952
5440,Meiothermus_hypogaeus,bacteria,126996.0,3684677.0,29.014118554915115
5441,Meiothermus_luteus,bacteria,70096.0,2874609.0,41.0096011184661
5442,Meiothermus_ruber,bacteria,1401159.0,3064084.0,2.186821053142434
5443,Meiothermus_silvanus,bacteria,914821.0,3532205.5,3.8610892185465793
5444,Meiothermus_sp,bacteria,443651.0,2959533.5,6.670859526970524
5445,Meiothermus_taiwanensis,bacteria,78867.0,2921326.0,37.041170578315395
5446,Melaminivora_alkalimesophila,bacteria,530291.0,2948345.0,5.559862415164504
5447,Melaminivora_sp,bacteria,1613893.5,3556223.5,2.2035056836154308
5448,Melampsora_laricipopulina,fungi,2474967.0,101129028.0,40.86075814344191
5449,Meleagris_gallopavo,ensembl,13811831.0,1115474681.0,80.76225961641147
5450,Melghiribacillus_thermohalophilus,bacteria,337095.0,3015078.0,8.944297601566324
5451,Melghirimyces_profundicolus,bacteria,261283.0,3768904.0,14.42460473892293
5452,Melghirimyces_thermohalophilus,bacteria,221776.0,3188902.0,14.378931895245653
5453,Melioribacter_roseus,bacteria,1541061.0,3300414.0,2.1416504602997546
5454,Melioribacter_sp,bacteria,527812.0,4399495.0,8.335344781854145
5455,Melissococcus_plutonius,bacteria,799256.0,2068281.5,2.587758490396068
5456,Melissococcus_sp,bacteria,517108.0,2039736.0,3.9445067568090226
5457,Melittangium_boletus,bacteria,4525436.0,9910441.0,2.189941698435245
5458,Melopsittacus_undulatus,ensembl,15773912.0,1171617451.0,74.27564265605133
5459,Meridianimaribacter_sp,bacteria,791751.0,3332696.0,4.209272864827452
5460,Meridianimarinicoccus_roseus,bacteria,263110.0,4294927.0,16.323693512219222
5461,Meriones_unguiculatus,ensembl,2437627.0,2523124066.0,1035.073891944912
5462,Merismopedia_glauca,bacteria,82038.0,5204926.0,63.44530583388186
5463,Mesoaciditoga_sp,bacteria,101920.0,1766325.0,17.33050431711146
5464,Mesobacillus_boroniphilus,bacteria,136031.0,4364535.0,32.08485565790151
5465,Mesobacillus_campisalis,bacteria,376002.0,5182058.0,13.781995840447657
5466,Mesobacillus_foraminis,bacteria,495122.0,5730823.0,11.57456748033818
5467,Mesobacillus_persicus,bacteria,433177.0,4643403.0,10.719412618860188
5468,Mesobacillus_selenatarsenatis,bacteria,143402.0,4756255.0,33.16728497510495
5469,Mesobacillus_subterraneus,bacteria,229543.0,4235578.5,18.45222245940848
5470,Mesobacillus_zeae,bacteria,348456.0,4242481.0,12.175083798241385
5471,Mesobaculum_littorinae,bacteria,822621.0,3969393.0,4.825299864700756
5472,Mesocricetibacter_intestinalis,bacteria,436847.0,2214771.0,5.069900903519997
5473,Mesocricetus_auratus,ensembl,12317885.0,2504925039.0,203.35674825670154
5474,Mesoflavibacter_sp,bacteria,520735.0,3057059.0,5.870661660921582
5475,Mesoflavibacter_zeaxanthinifaciens,bacteria,418607.0,3110697.0,7.431067803452881
5476,Mesohalobacter_halotolerans,bacteria,685538.0,2651256.0,3.8674092464604444
5477,Mesomycoplasma_bovoculi,bacteria,353824.0,760240.0,2.148638871303247
5478,Mesomycoplasma_conjunctivae,bacteria,496777.5,1481858.0,2.9829410551001203
5479,Mesomycoplasma_dispar,bacteria,482991.0,1075129.5,2.2259824717230754
5480,Mesomycoplasma_hyopneumoniae,bacteria,431049.0,956514.0,2.219037742808822
5481,Mesomycoplasma_hyorhinis,bacteria,381198.0,838256.0,2.1990041920471777
5482,Mesomycoplasma_neurolyticum,bacteria,457312.0,1040908.0,2.276144076691624
5483,Mesomycoplasma_ovipneumoniae,bacteria,509573.0,1190886.0,2.337027275777955
5484,Mesonia_algae,bacteria,536518.0,3088900.0,5.757309167632773
5485,Mesonia_phycicola,bacteria,465669.0,3280715.0,7.045165128020117
5486,Mesonia_sp,bacteria,225977.5,3452208.0,15.276777555287584
5487,Mesoplasma_chauliocola,bacteria,393805.0,854780.0,2.170566651007478
5488,Mesoplasma_coleopterae,bacteria,372401.0,800407.0,2.149314851463879
5489,Mesoplasma_corruscae,bacteria,331998.0,839085.0,2.5273796830101385
5490,Mesoplasma_entomophilum,bacteria,396854.0,847967.0,2.1367228250187726
5491,Mesoplasma_florum,bacteria,375686.8,800965.4,2.1320030408308197
5492,Mesoplasma_lactucae,bacteria,382377.0,837471.0,2.1901709569351713
5493,Mesoplasma_syrphidae,bacteria,415412.0,908214.0,2.186296977458523
5494,Mesoplasma_tabanidae,bacteria,395044.0,846907.0,2.143829548100971
5495,Mesorhizobium_alhagi,bacteria,132052.0,6968952.0,52.774301032926424
5496,Mesorhizobium_amorphae,bacteria,183307.5,5822971.5,31.76613886502189
5497,Mesorhizobium_atlanticum,bacteria,905462.0,6536078.0,7.2185006107379435
5498,Mesorhizobium_australicum,bacteria,2621971.5,6029642.0,2.2996596263536806
5499,Mesorhizobium_ciceri,bacteria,2889440.5,6816828.0,2.359220755713779
5500,Mesorhizobium_delmotii,bacteria,1024374.0,7599012.0,7.418200774326564
5501,Mesorhizobium_denitrificans,bacteria,435271.0,4375801.0,10.053049709261586
5502,Mesorhizobium_ephedrae,bacteria,324329.0,6112273.0,18.84590338822615
5503,Mesorhizobium_erdmanii,bacteria,800235.0,7351627.0,9.186835117184327
5504,Mesorhizobium_hawassense,bacteria,727560.0,7338563.0,10.08653994172302
5505,Mesorhizobium_helmanticense,bacteria,341467.0,6879637.0,20.147296810526345
5506,Mesorhizobium_huakuii,bacteria,2902214.0,6881675.0,2.3711811051838354
5507,Mesorhizobium_hungaricum,bacteria,1085242.0,6303257.0,5.808157996096723
5508,Mesorhizobium_japonicum,bacteria,2148247.5,7477049.0,3.480534249428895
5509,Mesorhizobium_jarvisii,bacteria,718469.0,6635082.0,9.235028929571074
5510,Mesorhizobium_kowhaii,bacteria,946341.0,8062617.0,8.51977986793344
5511,Mesorhizobium_loti,bacteria,1266811.75,6826615.0,5.388815662627064
5512,Mesorhizobium_mediterraneum,bacteria,679715.0,7196835.0,10.588018507756928
5513,Mesorhizobium_metallidurans,bacteria,200813.0,6232533.0,31.036501620910997
5514,Mesorhizobium_muleiense,bacteria,649712.0,6809960.0,10.481505651734922
5515,Mesorhizobium_opportunistum,bacteria,2998161.0,6884444.0,2.2962222509064723
5516,Mesorhizobium_plurifarium,bacteria,669088.8,6707935.4,10.025478531399719
5517,Mesorhizobium_prunaredense,bacteria,618945.0,7013874.0,11.331982647892785
5518,Mesorhizobium_qingshengii,bacteria,609311.0,7063626.0,11.59280892680421
5519,Mesorhizobium_sanjuanii,bacteria,113737.0,6399702.0,56.26754706032338
5520,Mesorhizobium_soli,bacteria,626272.0,6267176.0,10.007115119309182
5521,Mesorhizobium_sp,bacteria,525973.4962962962,6836164.686419753,12.997165702373607
5522,Mesorhizobium_tamadayense,bacteria,305417.0,7534097.0,24.66823064858865
5523,Mesorhizobium_temperatum,bacteria,481507.0,7165358.0,14.881108685855034
5524,Mesorhizobium_waimense,bacteria,464740.0,8154593.0,17.546570125231312
5525,Mesorhizobium_wenxiniae,bacteria,789564.0,6681850.0,8.462708532810513
5526,Mesosutterella_multiformis,bacteria,944599.0,2662066.5,2.818197457333747
5527,Mesotoga_infera,bacteria,1095622.0,3036963.5,2.771908103342211
5528,Mesotoga_prima,bacteria,1273590.0,2975953.0,2.3366648607479643
5529,Mesotoga_sp,bacteria,311651.8333333333,3029157.5,9.719684519744524
5530,Metabacillus_indicus,bacteria,872770.0,4072175.0,4.665805424109444
5531,Metabacillus_litoralis,bacteria,559073.0,5616296.0,10.04572926970181
5532,Metabacillus_sediminilitoris,bacteria,380286.0,5494188.0,14.447515817042962
5533,Metakosakonia_sp,bacteria,2683388.0,6191129.0,2.3072060395291327
5534,Metallibacterium_scheffleri,bacteria,163184.0,3598362.0,22.050948622413962
5535,Metallosphaera_cuprina,bacteria,819704.0,1840348.0,2.2451372690629787
5536,Metallosphaera_hakonensis,bacteria,1056238.0,2544108.0,2.4086503231279313
5537,Metallosphaera_prunae,bacteria,985114.0,2202576.0,2.2358589970297853
5538,Metallosphaera_sedula,bacteria,979152.5714285715,2191524.0,2.238184389183183
5539,Metallosphaera_yellowstonensis,bacteria,807514.0,2817452.0,3.4890441527948743
5540,Metamycoplasma_alkalescens,bacteria,90746.0,783239.0,8.631113217111498
5541,Metamycoplasma_anseris,bacteria,346999.0,750009.0,2.161415450764988
5542,Metamycoplasma_auris,bacteria,127208.0,750874.0,5.902726243632476
5543,Metamycoplasma_canadense,bacteria,313598.0,693241.0,2.210604021709322
5544,Metamycoplasma_cloacale,bacteria,307933.0,659552.0,2.141868523347611
5545,Metamycoplasma_hominis,bacteria,349015.0,758769.0,2.174029769494148
5546,Metamycoplasma_hyosynoviae,bacteria,163692.2857142857,875004.7142857143,5.345424254219154
5547,Metamycoplasma_orale,bacteria,349870.0,806218.0,2.3043358961900133
5548,Metamycoplasma_phocicerebrale,bacteria,339929.0,740800.0,2.179278614063525
5549,Metamycoplasma_salivarium,bacteria,636465.0,1737288.0,2.7295892154321133
5550,Metamycoplasma_subdolum,bacteria,141719.0,651570.0,4.597619232424727
5551,Methanobacterium_bryantii,bacteria,538686.0,3466370.0,6.4348618675814855
5552,Methanobacterium_congolense,bacteria,1001047.0,2469575.0,2.4669920593138985
5553,Methanobacterium_formicicum,bacteria,874259.75,2526709.5,2.8901130356281413
5554,Methanobacterium_lacus,bacteria,1086261.0,2583753.0,2.378574762418977
5555,Methanobacterium_paludis,bacteria,1014011.0,2546541.0,2.511354413315043
5556,Methanobacterium_sp,bacteria,445105.125,2444609.125,5.492206195109526
5557,Methanobacterium_subterraneum,bacteria,1044912.5,2511021.0,2.403092124938691
5558,Methanobrevibacter_arboriphilus,bacteria,282786.0,2445031.0,8.646223646149386
5559,Methanobrevibacter_curvatus,bacteria,60644.0,2414608.0,39.81610711694479
5560,Methanobrevibacter_cuticularis,bacteria,92255.0,2608702.0,28.27707983307138
5561,Methanobrevibacter_filiformis,bacteria,59654.0,2606143.0,43.68764877460019
5562,Methanobrevibacter_gottschalkii,bacteria,388348.0,1871253.0,4.818495267131542
5563,Methanobrevibacter_millerae,bacteria,1129631.0,2543538.0,2.2516538586494175
5564,Methanobrevibacter_olleyae,bacteria,486760.0,2161818.0,4.441240036157449
5565,Methanobrevibacter_oralis,bacteria,127447.0,2140433.0,16.79469112650749
5566,Methanobrevibacter_ruminantium,bacteria,1151045.0,2937203.0,2.5517707822022597
5567,Methanobrevibacter_smithii,bacteria,670433.4,1766240.2,2.6344752513821654
5568,Methanobrevibacter_sp,bacteria,358829.3333333333,1938006.6666666667,5.4009148267328575
5569,Methanobrevibacter_thaueri,bacteria,218137.0,2243115.0,10.283056061099218
5570,Methanobrevibacter_woesei,bacteria,429100.0,1543150.0,3.596247960848287
5571,Methanocalculus_sp,bacteria,66357.33333333333,1814073.0,27.337943055778815
5572,Methanocaldococcus_bathoardescens,bacteria,725707.0,1607556.0,2.2151584592679967
5573,Methanocaldococcus_fervens,bacteria,680633.0,1507251.0,2.214484164006153
5574,Methanocaldococcus_infernus,bacteria,619216.0,1328194.0,2.144960724529082
5575,Methanocaldococcus_jannaschii,bacteria,747398.0,1739927.0,2.327979202513253
5576,Methanocaldococcus_sp,bacteria,790007.0,1773136.0,2.244456061781731
5577,Methanocaldococcus_villosus,bacteria,67520.0,1207361.0,17.881531398104265
5578,Methanocaldococcus_vulcanius,bacteria,751929.0,1761737.0,2.342956582336896
5579,Methanocella_arvoryzae,bacteria,1345664.0,3179916.0,2.3630832065062304
5580,Methanocella_conradii,bacteria,1067361.0,2378438.0,2.228335118109056
5581,Methanocella_paludicola,bacteria,1294057.0,2957635.0,2.285552336566318
5582,Methanococcoides_burtonii,bacteria,1102891.0,2575032.0,2.3348018979210092
5583,Methanococcoides_methylutens,bacteria,837050.5,2451573.5,2.9288238881644535
5584,Methanococcoides_vulcani,bacteria,468634.0,2314846.0,4.939560509907518
5585,Methanococcus_aeolicus,bacteria,671835.0,1569500.0,2.336139081768589
5586,Methanococcus_maripaludis,bacteria,775255.3333333334,1738114.1666666667,2.2419893058888984
5587,Methanococcus_vannielii,bacteria,755756.0,1720048.0,2.2759303267192057
5588,Methanococcus_voltae,bacteria,778966.0,1936387.0,2.4858427710580435
5589,Methanocorpusculum_labreanum,bacteria,803915.0,1804962.0,2.245214979195562
5590,Methanoculleus_bourgensis,bacteria,1115907.0,2670481.5,2.3931039952254087
5591,Methanoculleus_chikugoensis,bacteria,144624.0,2649157.0,18.31754757163403
5592,Methanoculleus_marisnigri,bacteria,1082714.0,2478101.0,2.2887863276913385
5593,Methanoculleus_sediminis,bacteria,617771.0,2489717.0,4.030161661845571
5594,Methanoculleus_sp,bacteria,492224.0,2344912.3333333335,4.7639130423005245
5595,Methanoculleus_taiwanensis,bacteria,832211.0,2750720.0,3.305315599048799
5596,Methanofollis_fontis,bacteria,584607.0,2357249.0,4.032194277523191
5597,Methanofollis_liminatans,bacteria,1104340.0,2475100.0,2.241248166325588
5598,Methanogenic_archaeon,bacteria,878213.0,1937883.0,2.206620717297512
5599,Methanohalobium_evestigatum,bacteria,1011699.0,2406232.0,2.378407016316118
5600,Methanohalophilus_euhalobius,bacteria,411167.0,1915199.0,4.657958931529038
5601,Methanohalophilus_halophilus,bacteria,588056.0,2023686.0,3.4413151128463957
5602,Methanohalophilus_mahii,bacteria,904609.0,2012424.0,2.224634068420721
5603,Methanohalophilus_portucalensis,bacteria,612034.75,2060862.75,3.3672315991861574
5604,Methanohalophilus_sp,bacteria,226286.25,1919426.0,8.482291787503659
5605,Methanolacinia_petrolearia,bacteria,1256063.0,2843290.0,2.2636523804936535
5606,Methanolobus_profundi,bacteria,705093.0,3107200.0,4.40679456468863
5607,Methanolobus_psychrophilus,bacteria,1327187.0,3072769.0,2.315249471250095
5608,Methanolobus_sp,bacteria,72612.0,2654040.0,36.55098330854404
5609,Methanolobus_tindarius,bacteria,1386285.0,3151883.0,2.2736183396632006
5610,Methanolobus_vulcani,bacteria,439371.0,2947907.0,6.7093800000455195
5611,Methanomassiliicoccales_archaeon,bacteria,84461.25,1611958.75,19.085186994035727
5612,Methanomethylovorans_hollandica,bacteria,1130024.0,2714013.0,2.401730405725896
5613,Methanomicrobiales_archaeon,bacteria,204990.42857142858,2290493.0,11.173658282303077
5614,Methanonatronarchaeum_thermophilum,bacteria,465218.0,1513137.0,3.2525332209845708
5615,Methanophagales_archaeon,bacteria,81027.5,2271572.25,28.034583937552064
5616,Methanoplanus_limicola,bacteria,1387516.0,3200946.0,2.3069615053087675
5617,Methanopyrus_kandleri,bacteria,757010.0,1694969.0,2.2390311884915657
5618,Methanoregula_boonei,bacteria,1106479.0,2542943.0,2.298229790172249
5619,Methanoregula_formicica,bacteria,1231918.0,2820858.0,2.289809873709127
5620,Methanoregula_sp,bacteria,285524.6666666667,2689551.6666666665,9.41968236252793
5621,Methanoregulaceae_archaeon,bacteria,40922.0,2445953.0,59.771101119202385
5622,Methanosaeta_harundinacea,bacteria,1121156.0,2571034.0,2.2931991622932046
5623,Methanosaeta_sp,bacteria,52130.5,1833265.1875,35.166844505615714
5624,Methanosalsum_zhilinae,bacteria,939068.0,2138444.0,2.2771982433646976
5625,Methanosarcina_acetivorans,bacteria,2134526.0,5751492.0,2.6945054780311883
5626,Methanosarcina_barkeri,bacteria,1674201.3333333333,4650840.333333333,2.777945663245599
5627,Methanosarcina_horonobensis,bacteria,1910888.0,5018607.0,2.626321898510012
5628,Methanosarcina_lacustris,bacteria,1527056.0,4139808.0,2.710973271445186
5629,Methanosarcina_mazei,bacteria,310219.375,4069437.90625,13.117935996905416
5630,Methanosarcina_siciliae,bacteria,1975399.0,5128854.333333333,2.5963637388362213
5631,Methanosarcina_sp,bacteria,581870.5,4062187.8571428573,6.981257611689985
5632,Methanosarcina_spelaei,bacteria,68599.0,5088600.0,74.17892389101883
5633,Methanosarcina_thermophila,bacteria,1189580.0,3128803.5,2.6301749356915884
5634,Methanosarcina_vacuolata,bacteria,1662829.0,4563885.0,2.7446508330080843
5635,Methanosarcinales_archaeon,bacteria,21706.75,1778423.0,81.92949197830168
5636,Methanosphaera_cuniculi,bacteria,182434.5,1904839.0,10.441221369861513
5637,Methanosphaera_sp,bacteria,185076.0,1886604.1,10.1936723292053
5638,Methanosphaera_stadtmanae,bacteria,422387.0,1734401.5,4.106190531432075
5639,Methanosphaerula_palustris,bacteria,1264209.0,2922917.0,2.3120520420278607
5640,Methanospirillum_hungatei,bacteria,1534553.0,3544738.0,2.309948238998588
5641,Methanospirillum_lacunae,bacteria,673976.0,3743701.0,5.554650313957767
5642,Methanospirillum_stamsii,bacteria,240943.0,3740742.0,15.525423025362846
5643,Methanothermobacter_defluvii,bacteria,604324.0,1709557.0,2.828874908161847
5644,Methanothermobacter_marburgensis,bacteria,746796.0,1639135.0,2.194889902998945
5645,Methanothermobacter_sp,bacteria,779544.5,1725498.5,2.213470173928493
5646,Methanothermobacter_thermautotrophicus,bacteria,795983.0,1751377.0,2.2002693524861714
5647,Methanothermobacter_wolfeii,bacteria,759200.0,1686891.0,2.2219322971549
5648,Methanothermococcus_okinawensis,bacteria,703008.0,1677455.0,2.386110826619327
5649,Methanothermus_fervidus,bacteria,587146.0,1243342.0,2.1176027768221193
5650,Methanothrix_harundinacea,bacteria,119939.0,2321025.0,19.351712120327832
5651,Methanothrix_soehngenii,bacteria,1307135.0,3026645.0,2.3154800384046026
5652,Methanothrix_sp,bacteria,35667.0,3161014.0,88.62573246979001
5653,Methanothrix_thermoacetophila,bacteria,794092.0,1879471.0,2.366817698704936
5654,Methanotorris_formicicus,bacteria,70948.0,1818783.0,25.635437221627107
5655,Methanotorris_igneus,bacteria,775051.0,1854197.0,2.392354825682439
5656,Methylacidiphilum_fumariolicum,bacteria,142277.0,2365421.0,16.62546300526438
5657,Methylacidiphilum_infernorum,bacteria,1020298.0,2287145.0,2.241644107897889
5658,Methylacidiphilum_kamchatkense,bacteria,349823.0,2210643.0,6.3193186268484345
5659,Methylarcula_marina,bacteria,531347.0,4232558.0,7.96571355441924
5660,Methylibium_petroleiphilum,bacteria,1981156.0,4643639.0,2.343903761238388
5661,Methylibium_sp,bacteria,615730.2,4362493.4,7.0850729751439845
5662,Methylobacillus_flagellatus,bacteria,1348793.0,2971517.0,2.203093432424397
5663,Methylobacillus_rhizosphaerae,bacteria,351122.0,2368811.0,6.7464043836615195
5664,Methylobacillus_sp,bacteria,618127.0,2955797.0,4.781860362029162
5665,Methylobacter_sp,bacteria,106061.0,4467756.0,42.124400109371024
5666,Methylobacter_tundripaludum,bacteria,898629.6666666666,4545708.0,5.058488684066741
5667,Methylobacterium_aquaticum,bacteria,1438983.5,7491645.5,5.20620667297436
5668,Methylobacterium_brachiatum,bacteria,1539478.0,6073410.0,3.9451099658455657
5669,Methylobacterium_currus,bacteria,3041518.0,7745135.0,2.546470216516884
5670,Methylobacterium_durans,bacteria,2796968.0,6788375.0,2.4270477888913997
5671,Methylobacterium_frigidaeris,bacteria,27431.0,6395331.0,233.14246655244068
5672,Methylobacterium_gossipiicola,bacteria,315316.0,4524655.0,14.349588983749635
5673,Methylobacterium_indicum,bacteria,94316.5,6637791.5,70.37783950846352
5674,Methylobacterium_mesophilicum,bacteria,836429.0,6214449.0,7.429738806282422
5675,Methylobacterium_nodulans,bacteria,3401981.0,8839022.0,2.5981985202151336
5676,Methylobacterium_organophilum,bacteria,481926.0,6750984.0,14.00834152961243
5677,Methylobacterium_oryzae,bacteria,2690450.0,6286629.0,2.3366459142522626
5678,Methylobacterium_oryzihabitans,bacteria,398327.0,6327435.0,15.885026623854271
5679,Methylobacterium_phyllostachyos,bacteria,481074.0,6015046.0,12.503369543978682
5680,Methylobacterium_platani,bacteria,301119.0,7023890.0,23.32596083276047
5681,Methylobacterium_pseudosasicola,bacteria,367810.0,6845277.0,18.6109050868655
5682,Methylobacterium_radiodurans,bacteria,2369710.0,5539695.0,2.3377100995480458
5683,Methylobacterium_radiotolerans,bacteria,2903792.5,7298040.5,2.513278927471574
5684,Methylobacterium_sp,bacteria,836740.2941176471,5818225.176470588,6.953442086359637
5685,Methylobacterium_tarhaniae,bacteria,122643.0,6743422.0,54.98415726947319
5686,Methylobacterium_terrae,bacteria,2645863.0,6162702.0,2.3291840885185664
5687,Methylobacterium_terricola,bacteria,727610.0,7873283.0,10.820746004040625
5688,Methylobacterium_variabile,bacteria,99267.0,7433592.0,74.88482577291548
5689,Methylobrevis_pamukkalensis,bacteria,103238.0,4380693.0,42.43295104515779
5690,Methylocaldum_marinum,bacteria,2599612.0,6088916.0,2.342240303552992
5691,Methylocaldum_sp,bacteria,360286.0,5191585.0,14.409621800458524
5692,Methylocapsa_palsarum,bacteria,423785.0,4105299.0,9.68722111448022
5693,Methyloceanibacter_caenitepidi,bacteria,1527555.0,3424964.0,2.242121560271152
5694,Methyloceanibacter_methanicus,bacteria,451018.0,3139022.0,6.959859695178463
5695,Methyloceanibacter_stevinii,bacteria,520483.0,3216104.0,6.179075973662925
5696,Methylocella_silvestris,bacteria,1156876.0,4298401.0,3.7155243950086265
5697,Methylococcales_bacterium,bacteria,57381.5,2823854.0,49.211923703632706
5698,Methylococcus_capsulatus,bacteria,1506230.0,3304561.0,2.193928550088632
5699,Methylococcus_sp,bacteria,77440.0,1979174.0,25.55751549586777
5700,Methylocystaceae_bacterium,bacteria,48970.0,4333111.0,88.48501123136614
5701,Methylocystis_bryophila,bacteria,1983273.0,4707971.0,2.373839103340791
5702,Methylocystis_heyeri,bacteria,1613228.0,4690566.0,2.90756545262046
5703,Methylocystis_hirsuta,bacteria,1735639.0,4213043.0,2.4273728580655307
5704,Methylocystis_rosea,bacteria,1719544.0,4209683.0,2.448139157823237
5705,Methylocystis_sp,bacteria,987446.0,4068903.5,4.12063393846347
5706,Methyloglobulus_morosus,bacteria,107738.0,4136943.0,38.39817891551727
5707,Methyloligella_halotolerans,bacteria,599056.0,3191628.0,5.327762346091183
5708,Methylomagnum_ishizawai,bacteria,2188016.0,5480099.0,2.5045973155589354
5709,Methylomicrobium_album,bacteria,1917510.0,4493444.0,2.3433744804459953
5710,Methylomonas_denitrificans,bacteria,2299228.0,5172098.0,2.2494933081886614
5711,Methylomonas_koyamae,bacteria,879345.6666666666,5203405.333333333,5.917360522236799
5712,Methylomonas_lenta,bacteria,156226.0,4703858.0,30.109315990936206
5713,Methylomonas_methanica,bacteria,778358.75,5239433.5,6.731386394769764
5714,Methylomonas_sp,bacteria,880426.0,4911603.25,5.578666747688051
5715,Methylomusa_anaerophila,bacteria,2060114.0,4781198.0,2.320841467996431
5716,Methylophaga_aminisulfidivorans,bacteria,1271258.0,3261960.0,2.565930755204687
5717,Methylophaga_frappieri,bacteria,1265336.0,2745290.0,2.1696134465470043
5718,Methylophaga_lonarensis,bacteria,91527.0,2637625.0,28.81799906038655
5719,Methylophaga_muralis,bacteria,237071.0,2846920.0,12.008723125139726
5720,Methylophaga_nitratireducenticrescens,bacteria,1447384.0,3220828.0,2.225275393399402
5721,Methylophaga_sp,bacteria,380121.22222222225,3207097.4444444445,8.437038652289576
5722,Methylophaga_sulfidovorans,bacteria,253231.0,3006884.0,11.874075448898436
5723,Methylophaga_thiooxydans,bacteria,486962.5,2818652.5,5.788233180173012
5724,Methylophilaceae_bacterium,bacteria,496207.5,2497044.75,5.032259185925243
5725,Methylophilales_bacterium,bacteria,364027.5,1797348.5,4.937397586720784
5726,Methylophilus_rhizosphaerae,bacteria,621181.0,2761335.0,4.4452985522738135
5727,Methylophilus_sp,bacteria,776650.0,2935359.0,3.7795132942767014
5728,Methylopila_sp,bacteria,402918.0,4421505.0,10.973709290724168
5729,Methyloprofundus_sedimenti,bacteria,1447327.0,4290526.0,2.964448255300979
5730,Methylorubrum_extorquens,bacteria,2138349.285714286,6099506.571428572,2.852436976586412
5731,Methylorubrum_populi,bacteria,1820445.3333333333,6271143.0,3.4448400537890365
5732,Methylorubrum_salsuginis,bacteria,482405.0,5323773.0,11.035899296234492
5733,Methylorubrum_sp,bacteria,370393.0,5525230.0,14.917209558495976
5734,Methylorubrum_zatmanii,bacteria,2376305.0,5610348.0,2.3609545071024134
5735,Methylosinus_sp,bacteria,385455.6666666667,4804577.0,12.46466822384243
5736,Methylosinus_sporium,bacteria,307064.0,3785845.0,12.329172420081807
5737,Methylosinus_trichosporium,bacteria,2084743.0,5183433.0,2.4863654656713083
5738,Methylotenera_mobilis,bacteria,1147414.0,2547570.0,2.2202709745566986
5739,Methylotenera_sp,bacteria,116310.33333333333,2263167.0,19.45800459116559
5740,Methylotenera_versatilis,bacteria,1387859.0,3059871.0,2.204741980273212
5741,Methylothermaceae_bacteria,bacteria,426073.0,3040136.0,7.135246776960756
5742,Methylotuvimicrobium_alcaliphilum,bacteria,1960833.0,4796711.0,2.4462618693177847
5743,Methylotuvimicrobium_buryatense,bacteria,2080653.0,4998879.0,2.40255294852145
5744,Methyloversatilis_sp,bacteria,1787812.0,3937190.0,2.2022393853492424
5745,Methyloversatilis_universalis,bacteria,506016.0,4234613.0,8.368535777524821
5746,Methylovirgula_ligni,bacteria,777832.0,3292724.0,4.2332071707000996
5747,Methylovirgula_sp,bacteria,1035377.0,5003122.0,4.8321741742379825
5748,Methylovorus_glucosetrophus,bacteria,1392474.0,3082007.0,2.213331810863255
5749,Methylovorus_sp,bacteria,911590.0,2424881.0,2.6600566043945193
5750,Methylovulum_psychrotolerans,bacteria,1447352.5,5056411.0,3.493558756419048
5751,Micavibrio_aeruginosavorus,bacteria,485416.4,2320639.4,4.780718986832747
5752,Micavibrio_sp,bacteria,480724.75,2527459.5,5.257602193354929
5753,Microbacteriaceae_bacterium,bacteria,295057.6666666667,2461777.0,8.343375814671257
5754,Microbacterium_agarici,bacteria,1499452.0,3233920.0,2.1567345937049
5755,Microbacterium_aurum,bacteria,1554995.0,3424892.0,2.202509975916321
5756,Microbacterium_azadirachtae,bacteria,319433.0,4140382.5,12.961661756925553
5757,Microbacterium_bovistercoris,bacteria,307338.0,3743511.0,12.180436522655839
5758,Microbacterium_chocolatum,bacteria,742949.5,3324421.0,4.474625798927114
5759,Microbacterium_enclense,bacteria,348093.0,3537135.5,10.16146690683237
5760,Microbacterium_esteraromaticum,bacteria,411416.5,3499860.5,8.50685497543244
5761,Microbacterium_foliorum,bacteria,1103434.5,3651187.0,3.3089295286670843
5762,Microbacterium_ginsengisoli,bacteria,148689.5,2983728.0,20.066837268267093
5763,Microbacterium_ginsengiterrae,bacteria,1923096.0,4140872.0,2.153232079937767
5764,Microbacterium_hominis,bacteria,776153.3333333334,3339616.3333333335,4.302779090042345
5765,Microbacterium_humi,bacteria,1487920.0,3356220.0,2.255645464809936
5766,Microbacterium_hydrocarbonoxydans,bacteria,1244678.5,3774186.0,3.03225772759793
5767,Microbacterium_ketosireducens,bacteria,340988.0,3922504.0,11.50334909146363
5768,Microbacterium_laevaniformans,bacteria,378341.0,3219101.6666666665,8.508466348259022
5769,Microbacterium_lemovicicum,bacteria,1629180.0,3555647.0,2.1824764605507063
5770,Microbacterium_mangrovi,bacteria,692334.0,4416601.0,6.37929236466792
5771,Microbacterium_maritypicum,bacteria,438081.0,3996920.0,9.1237008681043
5772,Microbacterium_oleivorans,bacteria,669679.75,2973599.0,4.440329874092804
5773,Microbacterium_oxydans,bacteria,1133574.5,3888040.25,3.429893888756319
5774,Microbacterium_paraoxydans,bacteria,1637243.0,3552313.0,2.1696919760841853
5775,Microbacterium_protaetiae,bacteria,1717464.0,3790483.0,2.207023262205205
5776,Microbacterium_pygmaeum,bacteria,1697245.0,3668670.0,2.1615441494893193
5777,Microbacterium_sediminis,bacteria,836676.0,2839912.5,3.394279864607088
5778,Microbacterium_sorbitolivorans,bacteria,824764.0,3055665.0,3.7048961884854332
5779,Microbacterium_sp,bacteria,823366.1547619047,3586587.2023809524,4.356005140165248
5780,Microbacterium_telephonicum,bacteria,848220.0,3118122.0,3.676076961165735
5781,Microbacterium_testaceum,bacteria,556505.2,3749467.0,6.737523746408839
5782,Microbacterium_trichothecenolyticum,bacteria,1290568.0,4706536.5,3.6468721524166106
5783,Microbispora_catharanthi,bacteria,603830.0,9251614.0,15.321554079790669
5784,Microbispora_rosea,bacteria,515848.0,8866369.0,17.18794877560832
5785,Microbispora_sp,bacteria,557127.5,8791478.0,15.780010859273686
5786,Microbispora_triticiradicis,bacteria,215609.0,8096094.0,37.54988891929372
5787,Microbotryum_violaceum,fungi,674200.0,26138885.0,38.770223969148624
5788,Microbulbifer_agarilyticus,bacteria,1893488.0,4255625.0,2.2475056615093414
5789,Microbulbifer_aggregans,bacteria,1711500.0,3864326.0,2.257859187846918
5790,Microbulbifer_donghaiensis,bacteria,1253127.0,4314257.0,3.4427931087591284
5791,Microbulbifer_harenosus,bacteria,415803.0,4667156.0,11.22444042010279
5792,Microbulbifer_marinus,bacteria,1168745.0,3982390.0,3.407407090511617
5793,Microbulbifer_sp,bacteria,1479512.0,4339424.5,2.9330106819005186
5794,Microbulbifer_thermotolerans,bacteria,1114518.0,3932105.0,3.528076711188155
5795,Microbulbifer_yueqingensis,bacteria,721811.0,3664854.0,5.077304169651058
5796,Microcebus_murinus,ensembl,25536670.0,2487409138.0,97.40538363067698
5797,Microcella_alkaliphila,bacteria,852807.5,2695319.5,3.1605250891907026
5798,Microcella_putealis,bacteria,694078.0,2544518.0,3.666040416206824
5799,Microcella_sp,bacteria,1044219.0,2259425.0,2.16374630226035
5800,Micrococcaceae_bacterium,bacteria,1155970.0,2589920.0,2.2404733686860387
5801,Micrococcales_bacterium,bacteria,609294.7142857143,2959913.0,4.857933165348319
5802,Micrococcus_luteus,bacteria,524534.0,2577253.6666666665,4.9134158446672025
5803,Micrococcus_lylae,bacteria,161437.0,2670883.0,16.544429096179933
5804,Micrococcus_sp,bacteria,363084.1111111111,2495713.0,6.873649723648362
5805,Micrococcus_terreus,bacteria,439080.0,3087520.0,7.031793750569372
5806,Microcoleus_vaginatus,bacteria,757019.0,6698929.0,8.84908965296776
5807,Microcystis_aeruginosa,bacteria,629234.1538461539,5007084.961538462,7.957427184988247
5808,Microcystis_flos,bacteria,617145.5,5015707.0,8.127268204985697
5809,Microcystis_panniformis,bacteria,2276491.0,5686839.0,2.498072252427091
5810,Microcystis_sp,bacteria,788534.3333333334,4605720.0,5.8408617168645796
5811,Microcystis_viridis,bacteria,2352062.0,5874197.0,2.4974669035084958
5812,Microcystis_wesenbergii,bacteria,311617.0,4556116.0,14.620883969744911
5813,Microlunatus_flavus,bacteria,731222.0,4788555.0,6.548702035770258
5814,Microlunatus_phosphovorus,bacteria,2548884.0,5683123.0,2.2296514866898614
5815,Microlunatus_sagamiharensis,bacteria,1985938.0,4405285.0,2.2182389379728873
5816,Microlunatus_soli,bacteria,3054421.0,6733014.0,2.2043503498699097
5817,Micromonospora_acroterricola,bacteria,134284.0,6509818.0,48.47798695302493
5818,Micromonospora_arborensis,bacteria,405131.0,7299236.0,18.01697722465079
5819,Micromonospora_arida,bacteria,131099.0,7149450.0,54.53474092098338
5820,Micromonospora_aurantiaca,bacteria,2322924.6666666665,7311265.333333333,3.1474397074722185
5821,Micromonospora_auratinigra,bacteria,3034656.0,6758600.0,2.227138759714445
5822,Micromonospora_avicenniae,bacteria,573835.0,6823298.0,11.890696803087996
5823,Micromonospora_carbonacea,bacteria,726233.0,7941928.0,10.935785071733177
5824,Micromonospora_chaiyaphumensis,bacteria,917516.0,6743815.0,7.3500789087056795
5825,Micromonospora_chersina,bacteria,2982545.0,6683691.0,2.2409355097743706
5826,Micromonospora_chokoriensis,bacteria,3065262.0,6897819.0,2.250319548541038
5827,Micromonospora_citrea,bacteria,3138255.0,7208999.0,2.297136147317538
5828,Micromonospora_coriariae,bacteria,3079195.0,6929787.0,2.2505190479979347
5829,Micromonospora_costi,bacteria,1595235.0,7182425.0,4.5024244076891495
5830,Micromonospora_coxensis,bacteria,3003808.0,6769793.0,2.253736923265402
5831,Micromonospora_craniellae,bacteria,469461.0,6714237.0,14.302012307731633
5832,Micromonospora_craterilacus,bacteria,109105.0,7306627.0,66.96876403464553
5833,Micromonospora_cremea,bacteria,2849329.0,7759667.0,2.7233313527500687
5834,Micromonospora_eburnea,bacteria,3190463.0,7185375.0,2.252141773780169
5835,Micromonospora_echinaurantiaca,bacteria,3155630.0,7203233.0,2.2826608315930574
5836,Micromonospora_echinofusca,bacteria,3105530.0,7002627.0,2.2548895035629988
5837,Micromonospora_echinospora,bacteria,3437889.0,7775586.0,2.2617327086476613
5838,Micromonospora_endolithica,bacteria,901465.0,6971005.0,7.732973548612536
5839,Micromonospora_endophytica,bacteria,98363.0,6518152.0,66.2662993198662
5840,Micromonospora_globbae,bacteria,471644.0,7087181.0,15.026547565536719
5841,Micromonospora_globispora,bacteria,81959.5,6626258.5,80.84796149317651
5842,Micromonospora_haikouensis,bacteria,1463643.5,7604143.0,5.195351873594902
5843,Micromonospora_halophytica,bacteria,508780.0,6275885.0,12.335164511183615
5844,Micromonospora_humi,bacteria,592177.0,6662588.0,11.251007722353283
5845,Micromonospora_inaquosa,bacteria,132215.0,7748575.0,58.605869228151114
5846,Micromonospora_inositola,bacteria,2919370.0,6708094.0,2.297788221431336
5847,Micromonospora_inyonensis,bacteria,2447333.0,6923970.0,2.8291899794592728
5848,Micromonospora_kangleipakensis,bacteria,3147832.0,7267142.0,2.3086181219328097
5849,Micromonospora_krabiensis,bacteria,3153765.0,7074838.0,2.243299040987518
5850,Micromonospora_lupini,bacteria,3201045.0,7325824.0,2.2885726379979037
5851,Micromonospora_marina,bacteria,449589.0,6060597.0,13.480305345548935
5852,Micromonospora_maris,bacteria,2994799.0,6732271.0,2.247987594492986
5853,Micromonospora_matsumotoense,bacteria,737374.0,7755577.0,10.517833555292158
5854,Micromonospora_mirobrigensis,bacteria,1090824.0,6168719.0,5.655100181147463
5855,Micromonospora_narathiwatensis,bacteria,2957227.0,6612057.0,2.2358976838774973
5856,Micromonospora_nigra,bacteria,2797354.0,6363764.0,2.274922659055665
5857,Micromonospora_noduli,bacteria,533001.0,7254227.0,13.610156453740236
5858,Micromonospora_pallida,bacteria,3406970.0,7762826.0,2.278513165657461
5859,Micromonospora_pattaloongensis,bacteria,892120.0,5353873.0,6.001292427027754
5860,Micromonospora_peucetia,bacteria,3217970.0,7365767.0,2.2889483121346688
5861,Micromonospora_phaseoli,bacteria,847345.0,6507138.0,7.679443438032915
5862,Micromonospora_pisi,bacteria,3835361.0,8739867.0,2.278759939416394
5863,Micromonospora_purpureochromogenes,bacteria,2932900.0,6674234.0,2.2756432200211396
5864,Micromonospora_rhizosphaerae,bacteria,3126914.0,7181580.0,2.2966989178467974
5865,Micromonospora_rifamycinica,bacteria,1617521.5,6929956.5,4.284305649105746
5866,Micromonospora_rosaria,bacteria,150872.0,7383286.0,48.93741714831115
5867,Micromonospora_saelicesensis,bacteria,999628.0,7241445.5,7.244140320199114
5868,Micromonospora_sediminicola,bacteria,2630970.0,6885700.0,2.6171716135113665
5869,Micromonospora_sediminimaris,bacteria,503881.0,6407610.0,12.716514415109916
5870,Micromonospora_siamensis,bacteria,2786612.0,6250219.0,2.242945555391278
5871,Micromonospora_sp,bacteria,1128804.1764705882,7043557.617647059,6.23984014629537
5872,Micromonospora_tulbaghiae,bacteria,2065572.0,6858321.5,3.3203013499408396
5873,Micromonospora_ureilytica,bacteria,163220.0,7270680.0,44.54527631417719
5874,Micromonospora_violae,bacteria,3193192.0,7139733.0,2.2359234897243887
5875,Micromonospora_viridifaciens,bacteria,3107514.0,7073985.0,2.276412913988481
5876,Micromonospora_wenchangensis,bacteria,263014.0,7513761.0,28.567912734683325
5877,Micromonospora_yangpuensis,bacteria,2875821.0,6524299.0,2.2686735370525497
5878,Micromonospora_zamorensis,bacteria,3180634.0,7096032.0,2.2310118045647505
5879,Micromonosporaceae_bacterium,bacteria,104426.0,7094513.0,67.93818589240227
5880,Micropruina_glycogenica,bacteria,1708069.0,3844677.0,2.250890918341121
5881,Microscillaceae_bacterium,bacteria,54678.0,7233359.5,132.29012582757233
5882,Microterricola_gilva,bacteria,1674038.0,3666811.0,2.1903989037285894
5883,Microterricola_pindariensis,bacteria,141434.0,3679576.0,26.016205438579124
5884,Microterricola_sp,bacteria,1188478.0,3817043.0,3.2117069058072594
5885,Microterricola_viridarii,bacteria,1694190.0,3763773.5,2.221576977788796
5886,Microtus_ochrogaster,ensembl,17567251.0,2287357235.0,130.20575814622333
5887,Microvirga_guangxiensis,bacteria,601126.0,4721732.0,7.854812468600593
5888,Microvirga_lotononidis,bacteria,1666787.0,7082538.0,4.249216006604323
5889,Microvirga_ossetica,bacteria,3061126.0,9631051.0,3.1462445518413813
5890,Microvirga_sp,bacteria,873435.0,5640940.333333333,6.458340155058285
5891,Microvirga_subterranea,bacteria,773206.0,5147802.0,6.657736748033512
5892,Microvirga_vignae,bacteria,319727.0,6472445.0,20.243660998289165
5893,Microvirgula_aerodenitrificans,bacteria,1847190.0,4127211.0,2.2343186136780733
5894,Microvirgula_sp,bacteria,546578.0,4033129.0,7.378871817014223
5895,Minicystis_rosea,bacteria,7001577.0,16040666.0,2.2910075830059426
5896,Miniimonas_arenae,bacteria,169994.0,3402690.0,20.0165299951763
5897,Minwuia_thermotolerans,bacteria,343017.0,4752482.0,13.854945964777256
5898,Miscellaneous_crenarchaeota,bacteria,49303.5,1253510.3333333333,25.424368114501675
5899,Mitsuaria_chitinivorans,bacteria,179217.0,5738122.0,32.0177326927691
5900,Mitsuaria_noduli,bacteria,713409.0,6502356.0,9.114485519526667
5901,Mitsuaria_sp,bacteria,2286459.5,5968599.5,2.610411205621617
5902,Mitsuokella_jalaludinii,bacteria,315190.0,2395159.0,7.599095783495669
5903,Mitsuokella_multacida,bacteria,578838.0,2541326.5,4.390393339760002
5904,Mitsuokella_sp,bacteria,235734.0,2490424.6666666665,10.564554398884617
5905,Mixta_gaviniae,bacteria,1952014.0,4527605.0,2.319453139168059
5906,Mixta_theicola,bacteria,452416.0,4291231.0,9.485144203564861
5907,Mizugakiibacter_sediminis,bacteria,142734.0,3123558.0,21.883769809575856
5908,Mobilicoccus_pelagius,bacteria,244268.0,3544917.0,14.512408502136998
5909,Mobilisporobacter_senegalensis,bacteria,547096.0,4039008.0,7.382631201836606
5910,Mobiluncus_curtisii,bacteria,970712.5,2217487.5,2.284391619557799
5911,Mobiluncus_holmesii,bacteria,946083.0,2098776.0,2.2183846448990203
5912,Mobiluncus_mulieris,bacteria,808283.3333333334,2537347.5,3.1391807740684987
5913,Modestobacter_caceresii,bacteria,260887.0,4953652.0,18.987730320023612
5914,Modestobacter_marinus,bacteria,2513973.0,5575517.0,2.217811010699001
5915,Modestobacter_sp,bacteria,536419.5,4890347.5,9.116647511882025
5916,Modestobacter_versicolor,bacteria,55744.0,4518559.0,81.05910950057405
5917,Moellerella_wisconsensis,bacteria,283418.5,3413035.0,12.042386082771591
5918,Mogibacterium_diversum,bacteria,820080.0,1815831.0,2.21421202809482
5919,Mogibacterium_pumilum,bacteria,804054.0,1862768.0,2.3167200212921024
5920,Mogibacterium_sp,bacteria,235540.0,1888523.0,8.017844102912456
5921,Mogibacterium_timidum,bacteria,174263.0,1806210.0,10.364850828919506
5922,Moheibacter_sediminis,bacteria,489424.0,3229237.0,6.598035650070287
5923,Mola_mola,ensembl,9738318.0,639451992.0,65.66349466098765
5924,Monaibacterium_marinum,bacteria,796006.0,3734267.0,4.69125483978764
5925,Mongoliibacter_ruber,bacteria,591851.0,4999712.0,8.447585625436131
5926,Monodelphis_domestica,ensembl,29520918.0,3600504728.0,121.96452454493455
5927,Monodon_monoceros,ensembl,19535652.0,2355574979.0,120.57826270656336
5928,Monoglobus_pectinilyticus,bacteria,1154941.0,2759678.0,2.389453660403432
5929,Monopterus_albus,ensembl,5847688.0,684144148.0,116.99395521785704
5930,Moorella_glycerini,bacteria,200037.0,3577805.0,17.885716142513633
5931,Moorella_humiferrea,bacteria,203530.0,2628568.0,12.914892153490886
5932,Moorella_mulderi,bacteria,456554.0,2999839.0,6.570611581543476
5933,Moorella_thermoacetica,bacteria,825048.4285714285,2707652.1428571427,3.281809950896389
5934,Moorena_bouillonii,bacteria,3162339.0,8319104.0,2.6306806449276943
5935,Moorena_producens,bacteria,2573793.0,9190677.0,3.5708687528484226
5936,Moraxella_atlantae,bacteria,449914.3333333333,2333805.6666666665,5.187222308246829
5937,Moraxella_bovis,bacteria,1115045.5,2875690.0,2.5789889291513215
5938,Moraxella_bovoculi,bacteria,775274.3333333334,2198276.3333333335,2.8354818917862623
5939,Moraxella_canis,bacteria,373542.0,2143754.0,5.7389905285081735
5940,Moraxella_caprae,bacteria,1155349.0,2761843.0,2.3904837412764453
5941,Moraxella_catarrhalis,bacteria,397666.2,2006336.8,5.045278678449413
5942,Moraxella_caviae,bacteria,493110.0,2617070.0,5.307274239013608
5943,Moraxella_cuniculi,bacteria,598474.5,2253117.5,3.764767755351314
5944,Moraxella_equi,bacteria,1257248.0,2971068.0,2.363151900022907
5945,Moraxella_lacunata,bacteria,595573.75,2880618.5,4.836711658295887
5946,Moraxella_lincolnii,bacteria,415110.0,2076923.0,5.003307557033075
5947,Moraxella_macacae,bacteria,760387.0,2084664.0,2.741582904494685
5948,Moraxella_nonliquefaciens,bacteria,381521.0,2237219.0,5.863947200809392
5949,Moraxella_osloensis,bacteria,869885.8,2777849.8,3.1933499776637344
5950,Moraxella_ovis,bacteria,1013082.0,2322490.0,2.2924995212628394
5951,Moraxella_pluranimalium,bacteria,273102.0,2288711.0,8.380425628519747
5952,Moraxella_porci,bacteria,401502.0,2179000.0,5.4271211600440346
5953,Moraxella_sp,bacteria,179490.66666666666,2186840.0,12.183586147469136
5954,Moraxellaceae_bacterium,bacteria,83557.33333333333,4899069.0,58.631227261122106
5955,Morganella_morganii,bacteria,1038741.1538461539,4138481.6923076925,3.984131828207738
5956,Morganella_psychrotolerans,bacteria,640935.6666666666,4238113.0,6.6123843942735805
5957,Morganella_sp,bacteria,458730.0,4148476.0,9.043393717437272
5958,Moritella_sp,bacteria,785924.5,4865405.0,6.190677348778413
5959,Moritella_viscosa,bacteria,1240043.0,5202566.5,4.1954726569965715
5960,Moritella_yayanosii,bacteria,1913247.0,4433651.0,2.317343761678445
5961,Morococcus_cerebrosus,bacteria,77518.0,2451909.0,31.63018911736629
5962,Moschus_moschiferus,ensembl,13008079.0,3069608437.0,235.97707524685237
5963,Motilibacter_peucedani,bacteria,656278.0,4187555.0,6.38076394454789
5964,Motilibacter_rhizosphaerae,bacteria,988516.0,4315149.0,4.365279874073864
5965,Motilimonas_pumila,bacteria,409488.0,4542577.0,11.093309205642168
5966,Motiliproteus_coralliicola,bacteria,1036518.0,4185419.0,4.037960749355052
5967,Motiliproteus_sp,bacteria,535211.0,6003883.0,11.217787003630344
5968,Mucilaginibacter_auburnensis,bacteria,1492220.0,4037925.0,2.7059850424200187
5969,Mucilaginibacter_celer,bacteria,3151895.0,7149106.0,2.2681929442446527
5970,Mucilaginibacter_conchicola,bacteria,1501160.0,5335313.0,3.554126808601348
5971,Mucilaginibacter_gilvus,bacteria,756717.0,5418978.0,7.161168574249026
5972,Mucilaginibacter_gossypii,bacteria,708469.0,7109178.0,10.034564673965974
5973,Mucilaginibacter_gossypiicola,bacteria,1067222.0,8225572.0,7.707461053089236
5974,Mucilaginibacter_gracilis,bacteria,2969718.0,6660733.0,2.242884004474499
5975,Mucilaginibacter_hurinus,bacteria,590792.0,3881846.0,6.570579831818982
5976,Mucilaginibacter_kameinonensis,bacteria,3319038.0,7565189.0,2.2793318425399165
5977,Mucilaginibacter_lappiensis,bacteria,752943.0,6790845.0,9.019069172566848
5978,Mucilaginibacter_limnophilus,bacteria,824371.0,4628845.0,5.615002225939534
5979,Mucilaginibacter_mallensis,bacteria,2662472.0,6014056.0,2.2588241303570515
5980,Mucilaginibacter_oryzae,bacteria,955388.0,5939202.0,6.216534015499462
5981,Mucilaginibacter_paludis,bacteria,3638009.0,8408322.0,2.3112427704274507
5982,Mucilaginibacter_pedocola,bacteria,750086.0,7035113.0,9.379075199377137
5983,Mucilaginibacter_pineti,bacteria,848008.0,7206603.0,8.498272421958283
5984,Mucilaginibacter_polytrichastri,bacteria,2575612.0,5843004.0,2.268588591759939
5985,Mucilaginibacter_rubeus,bacteria,1883357.5,7379298.5,3.9181613156291357
5986,Mucilaginibacter_sp,bacteria,1253504.0,5932868.916666667,4.733027510615576
5987,Mucilaginibacter_terrenus,bacteria,1418024.0,4615028.0,3.2545485830987344
5988,Mucilaginibacter_terrigena,bacteria,752523.0,4277082.0,5.683656180608433
5989,Mucilaginibacter_xinganensis,bacteria,2370668.0,5301339.0,2.236221605049716
5990,Mucilaginibacter_yixingensis,bacteria,921759.0,5315671.0,5.76687724231605
5991,Mucinivorans_hirudinis,bacteria,1410719.0,3149227.0,2.2323559830129174
5992,Mucispirillum_schaedleri,bacteria,605644.0,2332248.0,3.8508562786059137
5993,Mumia_flava,bacteria,1695147.0,4402465.0,2.5970992486197364
5994,Mumia_zhuanghuii,bacteria,967442.0,4622342.0,4.77790089741814
5995,Muribacter_muris,bacteria,113022.0,2457363.0,21.742342198863938
5996,Muribaculaceae_bacterium,bacteria,284166.63157894736,3371668.8947368423,11.865111945067072
5997,Muribaculum_gordoncarteri,bacteria,1531714.0,3430462.0,2.2396230627910954
5998,Muribaculum_intestinale,bacteria,599334.0,3367096.6666666665,5.618063828627554
5999,Muribaculum_sp,bacteria,381930.0,2769668.5,7.251769957845679
6000,Muricauda_aequoris,bacteria,652796.0,4238297.0,6.492529059614336
6001,Muricauda_alvinocaridis,bacteria,753128.0,3747248.0,4.975579184414867
6002,Muricauda_antarctica,bacteria,598013.0,4484398.0,7.498830292986942
6003,Muricauda_aurantiaca,bacteria,1718716.0,3772469.0,2.194934474340147
6004,Muricauda_eckloniae,bacteria,1918208.0,4132279.0,2.154239269151208
6005,Muricauda_flava,bacteria,928305.0,3836163.0,4.132438153408632
6006,Muricauda_hymeniacidonis,bacteria,1277349.0,3566560.0,2.7921578206112816
6007,Muricauda_koreensis,bacteria,1086639.0,3614652.0,3.3264515630305924
6008,Muricauda_lutaonensis,bacteria,1511898.0,3274259.0,2.16566130783955
6009,Muricauda_lutimaris,bacteria,736032.0,3721101.0,5.055623940263467
6010,Muricauda_maritima,bacteria,521102.0,4331673.0,8.312524227502486
6011,Muricauda_nanhaiensis,bacteria,1139784.0,4038636.0,3.543334526541871
6012,Muricauda_olearia,bacteria,771159.0,3952792.0,5.1257808052554665
6013,Muricauda_pacifica,bacteria,1504106.0,4376054.0,2.909405321167524
6014,Muricauda_parva,bacteria,992111.0,4444453.0,4.479794095620349
6015,Muricauda_ruestringensis,bacteria,1746402.0,3842422.0,2.200193311734641
6016,Muricauda_sp,bacteria,721732.1428571428,3859960.285714286,5.34818952421011
6017,Muricauda_taeanensis,bacteria,411119.0,4101660.0,9.976819363736533
6018,Muricauda_zhangzhouensis,bacteria,1038799.0,3744005.0,3.604166927384412
6019,Muricomes_intestini,bacteria,295405.0,3717384.0,12.584025321169243
6020,Muriicola_soli,bacteria,1417257.0,3067493.0,2.1643872635661703
6021,Murimonas_intestini,bacteria,649578.0,5754343.0,8.858586651641527
6022,Murinocardiopsis_flavida,bacteria,510550.0,7376154.0,14.447466457741651
6023,Mus_caroli,ensembl,40781677.0,2553112587.0,62.60440410530445
6024,Mus_musculus,ensembl,43508004.4375,2710681530.875,62.30305356268272
6025,Mus_pahari,ensembl,39056838.0,2475012951.0,63.36951677962256
6026,Mus_spicilegus,ensembl,5011686.0,2496083520.0,498.0526553339535
6027,Mus_spretus,ensembl,41719517.0,2625571169.0,62.933882216325756
6028,Musa_acuminata,plants,19956906.0,450848473.0,22.5911006946668
6029,Musicola_paradisiaca,bacteria,2018202.0,4679450.0,2.318623210164295
6030,Mustela_putorius,ensembl,13382619.0,2410758013.0,180.14097337748314
6031,Myceligenerans_xiligouense,bacteria,2128958.0,4723192.0,2.218546349904507
6032,Mycetocola_lacteus,bacteria,635162.0,3835470.0,6.038569687733208
6033,Mycetocola_manganoxydans,bacteria,317570.0,3060410.0,9.636961929653305
6034,Mycetocola_miduiensis,bacteria,539921.0,3303539.0,6.118559937472334
6035,Mycetocola_reblochoni,bacteria,311225.5,2977945.5,9.568449564704691
6036,Mycetocola_tolaasinivorans,bacteria,391824.0,3438211.0,8.774886173383969
6037,Mycetocola_zhadangensis,bacteria,928405.0,3322056.0,3.5782400999563766
6038,Mycetocola_zhujimingii,bacteria,613426.0,3168545.0,5.165325564941819
6039,Mycetohabitans_endofungorum,bacteria,326772.0,3288408.0,10.063310197936175
6040,Mycetohabitans_rhizoxinica,bacteria,1401232.0,3750138.0,2.6763148429382144
6041,Mycoavidus_cysteinexigens,bacteria,1239026.0,2795004.0,2.2558073841872566
6042,Mycobacteriaceae_bacterium,bacteria,54946.0,5314035.0,96.7137735230954
6043,Mycobacterium_ahvazicum,bacteria,1692676.0,6120821.0,3.616061786189442
6044,Mycobacterium_alsense,bacteria,233198.0,5583201.5,23.941892726352712
6045,Mycobacterium_angelicum,bacteria,296463.0,6662911.0,22.47467980827287
6046,Mycobacterium_aquaticum,bacteria,386693.0,7927592.0,20.50099691486528
6047,Mycobacterium_aromaticivorans,bacteria,2698437.0,6297623.0,2.333803976153603
6048,Mycobacterium_arosiense,bacteria,205090.0,5980206.0,29.158935101662685
6049,Mycobacterium_arupense,bacteria,191612.0,4441410.0,23.179185019727367
6050,Mycobacterium_asiaticum,bacteria,208773.6,5894813.4,28.235434940049892
6051,Mycobacterium_attenuatum,bacteria,186445.0,6344986.0,34.031408726434066
6052,Mycobacterium_avium,bacteria,1096782.8235294118,5221460.764705882,4.760706178734082
6053,Mycobacterium_bohemicum,bacteria,886017.5,5258853.0,5.935382766141752
6054,Mycobacterium_bouchedurhonense,bacteria,292435.0,5897311.0,20.16622839263426
6055,Mycobacterium_bovis,bacteria,1962487.0,4349904.0,2.21652627507851
6056,Mycobacterium_branderi,bacteria,728929.0,5903509.0,8.098880686596363
6057,Mycobacterium_canettii,bacteria,2026793.0,4482059.0,2.2114044206783823
6058,Mycobacterium_celatum,bacteria,336690.5,4747103.0,14.099307821277998
6059,Mycobacterium_colombiense,bacteria,328656.5,5638943.25,17.15755887986393
6060,Mycobacterium_conspicuum,bacteria,356277.0,6200614.0,17.403913247276698
6061,Mycobacterium_decipiens,bacteria,395678.0,5225940.0,13.207557660521939
6062,Mycobacterium_diernhoferi,bacteria,316564.0,5959841.666666667,18.826656431769457
6063,Mycobacterium_dioxanotrophicus,bacteria,3553177.0,8080416.0,2.2741383274742577
6064,Mycobacterium_doricum,bacteria,228349.0,3952103.0,17.307292784290713
6065,Mycobacterium_eburneum,bacteria,198572.0,5682864.0,28.61865721249723
6066,Mycobacterium_europaeum,bacteria,1240897.5,5891598.5,4.74785266309264
6067,Mycobacterium_florentinum,bacteria,833524.0,6178353.0,7.412327659431522
6068,Mycobacterium_fragae,bacteria,550680.0,4731047.0,8.59128168809472
6069,Mycobacterium_gastri,bacteria,129906.5,5910726.0,45.49984796757668
6070,Mycobacterium_goodii,bacteria,1814210.5,6863720.5,3.7833098750117475
6071,Mycobacterium_gordonae,bacteria,224425.25,7461258.0,33.24607191035768
6072,Mycobacterium_grossiae,bacteria,165555.0,6145628.0,37.121367521367524
6073,Mycobacterium_haemophilum,bacteria,447246.0,4363991.0,9.757473515693825
6074,Mycobacterium_heckeshornense,bacteria,372596.0,4917440.0,13.197779901018798
6075,Mycobacterium_heidelbergense,bacteria,257878.0,4999105.0,19.385542776041383
6076,Mycobacterium_heraklionense,bacteria,245740.4,4720928.8,19.211040594057796
6077,Mycobacterium_holsaticum,bacteria,85823.0,5748336.0,66.9789683418198
6078,Mycobacterium_innocens,bacteria,138058.0,6187059.0,44.814925610975095
6079,Mycobacterium_interjectum,bacteria,288031.0,5903836.0,20.497224257111213
6080,Mycobacterium_intermedium,bacteria,182123.66666666666,6849570.666666667,37.609448524903414
6081,Mycobacterium_intracellulare,bacteria,2015875.0909090908,5715555.454545454,2.8352726219598923
6082,Mycobacterium_kansasii,bacteria,1115367.75,6519076.125,5.844777316719082
6083,Mycobacterium_koreense,bacteria,189049.0,4078902.0,21.575898312077822
6084,Mycobacterium_kubicae,bacteria,262063.0,5832568.0,22.256358203943325
6085,Mycobacterium_kyorinense,bacteria,182713.0,5218821.5,28.56294571267507
6086,Mycobacterium_lacus,bacteria,140933.0,4905288.0,34.80581552936502
6087,Mycobacterium_lehmannii,bacteria,476556.0,5130549.0,10.765889003600837
6088,Mycobacterium_lentiflavum,bacteria,2955324.0,6818507.0,2.307194405757203
6089,Mycobacterium_leprae,bacteria,804404.6666666666,3267564.6666666665,4.062090639288518
6090,Mycobacterium_lepraemurium,bacteria,1742516.0,4050523.0,2.3245255710707964
6091,Mycobacterium_lepromatosis,bacteria,125578.0,3206741.0,25.535850228543215
6092,Mycobacterium_liflandii,bacteria,2826114.0,6399543.0,2.2644320080506306
6093,Mycobacterium_malmoense,bacteria,256319.66666666666,5512095.333333333,21.5047694350414
6094,Mycobacterium_mantenii,bacteria,274361.5,5979226.0,21.793239940735123
6095,Mycobacterium_marinum,bacteria,2058363.0,6555077.666666667,3.1846072178069016
6096,Mycobacterium_marseillense,bacteria,167448.0,5255222.0,31.384202857006354
6097,Mycobacterium_montefiorense,bacteria,837208.0,5744567.0,6.861576812452819
6098,Mycobacterium_nebraskense,bacteria,244117.0,6727177.0,27.557183645547013
6099,Mycobacterium_noviomagense,bacteria,260971.0,4739740.0,18.161941365132524
6100,Mycobacterium_numidiamassiliense,bacteria,2479121.0,6248949.0,2.520630901033068
6101,Mycobacterium_palustre,bacteria,221618.0,6037522.0,27.242922506294615
6102,Mycobacterium_paraense,bacteria,428052.0,5765665.0,13.469543419958322
6103,Mycobacterium_paraffinicum,bacteria,430475.0,6475312.0,15.042248678785063
6104,Mycobacterium_paragordonae,bacteria,1824218.5,6960981.0,3.815870193181354
6105,Mycobacterium_paraintracellulare,bacteria,266830.0,5474110.0,20.515346850054343
6106,Mycobacterium_parascrofulaceum,bacteria,1421792.0,6564171.0,4.616829325245887
6107,Mycobacterium_paraseoulense,bacteria,272674.0,6078492.0,22.292158401607782
6108,Mycobacterium_parmense,bacteria,449405.0,5891740.0,13.110090007899334
6109,Mycobacterium_persicum,bacteria,1502857.0,6232979.0,4.147419880933449
6110,Mycobacterium_porcinum,bacteria,323168.0,6509205.0,20.141861199128627
6111,Mycobacterium_pseudokansasii,bacteria,2812975.0,6425786.0,2.2843381117855652
6112,Mycobacterium_pseudoshottsii,bacteria,1428968.0,6001249.5,4.199708810834112
6113,Mycobacterium_rhizamassiliense,bacteria,1592463.0,6014565.0,3.7768946594049595
6114,Mycobacterium_rhodesiae,bacteria,2978133.0,6415739.0,2.1542822298399704
6115,Mycobacterium_riyadhense,bacteria,201982.0,6269850.0,31.041627471754907
6116,Mycobacterium_rufum,bacteria,2774116.0,6176413.0,2.2264436670997174
6117,Mycobacterium_saskatchewanense,bacteria,282357.0,5930935.0,21.005092843457042
6118,Mycobacterium_scrofulaceum,bacteria,205952.0,5910592.0,28.6988812927284
6119,Mycobacterium_senegalense,bacteria,2194972.0,6075887.0,2.7680931692978317
6120,Mycobacterium_sherrisii,bacteria,266464.5,5624493.0,21.107851139645245
6121,Mycobacterium_shigaense,bacteria,1527282.0,5215793.0,3.4150818250984427
6122,Mycobacterium_shimoidei,bacteria,2251611.0,4842631.0,2.1507405142362512
6123,Mycobacterium_shinjukuense,bacteria,169102.0,4409896.0,26.07831959409114
6124,Mycobacterium_simiae,bacteria,529066.0,6686819.0,12.638912725444463
6125,Mycobacterium_sp,bacteria,575037.8571428572,5875496.285714285,10.217581699589964
6126,Mycobacterium_syngnathidarum,bacteria,415713.0,6434367.0,15.477906632700925
6127,Mycobacterium_szulgai,bacteria,279242.0,6672659.0,23.89561384032488
6128,Mycobacterium_talmoniae,bacteria,109151.0,5622166.0,51.508149261115335
6129,Mycobacterium_terramassiliense,bacteria,1163240.0,6028540.0,5.182541865823046
6130,Mycobacterium_triplex,bacteria,2837329.0,6382840.0,2.249594601119574
6131,Mycobacterium_tuberculosis,bacteria,523569.5882352941,4911823.970588235,9.381415729556934
6132,Mycobacterium_uberis,bacteria,336110.0,3122721.0,9.290770878581418
6133,Mycobacterium_ulcerans,bacteria,1812713.0,6039829.666666667,3.331928257074709
6134,Mycobacterium_virginiense,bacteria,174561.0,4849424.0,27.780684116154237
6135,Mycobacterium_xenopi,bacteria,820834.6666666666,4991483.333333333,6.080985046115661
6136,Mycobacteroides_abscessus,bacteria,844169.243902439,7372365.853658536,8.73327938314531
6137,Mycobacteroides_chelonae,bacteria,1910450.8333333333,5425006.333333333,2.8396471862444335
6138,Mycobacteroides_franklinii,bacteria,1279013.3333333333,5147011.0,4.024204334591247
6139,Mycobacteroides_immunogenum,bacteria,607835.0,5667933.0,9.324788799591994
6140,Mycobacteroides_salmoniphilum,bacteria,1032376.0,5037237.333333333,4.8792662105021165
6141,Mycobacteroides_saopaulense,bacteria,291345.0,5200319.0,17.849350426470338
6142,Mycobacteroides_sp,bacteria,423668.2,5491888.2,12.96271044180328
6143,Mycolicibacillus_trivialis,bacteria,280562.0,3591083.0,12.79960579123331
6144,Mycolicibacter_algericus,bacteria,357368.0,4619277.0,12.925827158559244
6145,Mycolicibacter_engbaekii,bacteria,292758.0,4521435.0,15.444274793515463
6146,Mycolicibacter_hiberniae,bacteria,355623.0,4342192.0,12.210098896865501
6147,Mycolicibacter_kumamotonensis,bacteria,312975.5,5073151.5,16.209420545697668
6148,Mycolicibacter_longobardus,bacteria,333428.0,4812247.0,14.432642129635184
6149,Mycolicibacter_minnesotensis,bacteria,354927.0,4187822.0,11.799107985585769
6150,Mycolicibacter_nonchromogenicus,bacteria,230288.0,4465329.0,19.39019401792538
6151,Mycolicibacter_senuensis,bacteria,310277.0,4663799.5,15.031083515697263
6152,Mycolicibacter_sinensis,bacteria,679384.75,4664514.75,6.865792542443733
6153,Mycolicibacter_terrae,bacteria,2100571.0,4532317.0,2.157659512580151
6154,Mycolicibacterium_agri,bacteria,215692.0,6987256.0,32.394599706989595
6155,Mycolicibacterium_aichiense,bacteria,1970096.0,5924247.0,3.0070854415216313
6156,Mycolicibacterium_aubagnense,bacteria,420711.0,6191633.0,14.71706943721462
6157,Mycolicibacterium_aurum,bacteria,2816596.0,6035584.0,2.1428646493852863
6158,Mycolicibacterium_austroafricanum,bacteria,92465.0,6499695.0,70.2935705402044
6159,Mycolicibacterium_bacteremicum,bacteria,417490.0,5952041.0,14.2567271072361
6160,Mycolicibacterium_boenickei,bacteria,453033.0,6544811.0,14.446653996507981
6161,Mycolicibacterium_brumae,bacteria,315601.0,3878367.0,12.288829883302018
6162,Mycolicibacterium_celeriflavum,bacteria,327708.0,4949446.0,15.103219939702418
6163,Mycolicibacterium_chitae,bacteria,2530680.0,5461769.0,2.1582219008329777
6164,Mycolicibacterium_chlorophenolicum,bacteria,934453.0,7379520.0,7.897154806073714
6165,Mycolicibacterium_chubuense,bacteria,1536113.0,6143816.5,3.9995862934562756
6166,Mycolicibacterium_conceptionense,bacteria,727189.0,6587148.25,9.058371688790672
6167,Mycolicibacterium_confluentis,bacteria,634561.0,5841691.0,9.205877764312651
6168,Mycolicibacterium_cosmeticum,bacteria,1448347.0,6454149.0,4.456217329134524
6169,Mycolicibacterium_duvalii,bacteria,242075.0,5603691.0,23.148573789114945
6170,Mycolicibacterium_elephantis,bacteria,354166.0,5391745.0,15.223779244760932
6171,Mycolicibacterium_fallax,bacteria,259243.0,4232450.0,16.326188170943862
6172,Mycolicibacterium_flavescens,bacteria,1475559.0,5684489.0,3.8524308414641504
6173,Mycolicibacterium_fortuitum,bacteria,1144659.4,6628192.4,5.790536818201118
6174,Mycolicibacterium_gilvum,bacteria,2717983.3333333335,6066371.333333333,2.2319383856903707
6175,Mycolicibacterium_hassiacum,bacteria,1296389.0,5134630.5,3.96071742355111
6176,Mycolicibacterium_insubricum,bacteria,174028.0,4553680.0,26.16636403337394
6177,Mycolicibacterium_iranicum,bacteria,448766.5,6410220.0,14.284087604578328
6178,Mycolicibacterium_litorale,bacteria,2123524.5,5826450.0,2.7437639641077842
6179,Mycolicibacterium_llatzerense,bacteria,241360.0,6091591.0,25.238610374544248
6180,Mycolicibacterium_mageritense,bacteria,2639131.0,7966608.0,3.0186481838150514
6181,Mycolicibacterium_monacense,bacteria,349571.0,6001708.0,17.168781163197178
6182,Mycolicibacterium_moriokaense,bacteria,410773.6666666667,6587271.0,16.036254352559112
6183,Mycolicibacterium_mucogenicum,bacteria,833301.4,5466279.4,6.559786651024467
6184,Mycolicibacterium_neoaurum,bacteria,1526856.0,5484049.333333333,3.5917266155638337
6185,Mycolicibacterium_neworleansense,bacteria,2128459.0,6287317.0,2.9539291102154186
6186,Mycolicibacterium_novocastrense,bacteria,512275.5,5936569.5,11.588626627664215
6187,Mycolicibacterium_obuense,bacteria,603255.3333333334,5897205.0,9.775636739777408
6188,Mycolicibacterium_parafortuitum,bacteria,2879011.0,6175772.0,2.1451019117328833
6189,Mycolicibacterium_peregrinum,bacteria,332567.75,6882098.0,20.69382253691165
6190,Mycolicibacterium_phlei,bacteria,1437626.0,5176313.5,3.600598138876175
6191,Mycolicibacterium_phocaicum,bacteria,345611.0,5771543.0,16.69953502637358
6192,Mycolicibacterium_rhodesiae,bacteria,1124761.0,6645301.0,5.908189384233628
6193,Mycolicibacterium_rutilum,bacteria,2788003.0,5987931.0,2.1477491236558928
6194,Mycolicibacterium_setense,bacteria,803444.6666666666,6219220.333333333,7.740695272937278
6195,Mycolicibacterium_smegmatis,bacteria,3245323.25,7019713.25,2.1630243612866606
6196,Mycolicibacterium_sp,bacteria,374728.6,5874501.0,15.676681737129218
6197,Mycolicibacterium_sphagni,bacteria,369367.0,6066978.0,16.42533848448833
6198,Mycolicibacterium_thermoresistibile,bacteria,1028625.0,4870742.0,4.735196986268076
6199,Mycolicibacterium_tokaiense,bacteria,2958814.0,6428810.0,2.1727658446931777
6200,Mycolicibacterium_tusciae,bacteria,580826.0,6162880.0,10.610544293816048
6201,Mycolicibacterium_vaccae,bacteria,494154.0,6245372.0,12.638513499840132
6202,Mycolicibacterium_vanbaalenii,bacteria,2989459.0,6491865.0,2.1715852266246167
6203,Mycolicibacterium_vulneris,bacteria,1059449.6666666667,6778378.666666667,6.39801859393037
6204,Mycolicibacterium_wolinskyi,bacteria,632879.5,7483299.0,11.824208241853308
6205,Mycoplana_dimorpha,bacteria,672790.0,4592697.0,6.826345516431576
6206,Mycoplasma_alkalescens,bacteria,148927.0,771940.0,5.183344860233537
6207,Mycoplasma_arthritidis,bacteria,370003.0,820453.0,2.217422561438691
6208,Mycoplasma_auris,bacteria,153332.0,767867.0,5.007871807580935
6209,Mycoplasma_capricolum,bacteria,384485.25,1021007.5,2.6555179945134437
6210,Mycoplasma_crocodyli,bacteria,431802.0,934379.0,2.163906142167012
6211,Mycoplasma_feriruminatoris,bacteria,108603.0,1017512.0,9.369096617957148
6212,Mycoplasma_flocculare,bacteria,352033.0,778866.0,2.212480079992501
6213,Mycoplasma_gallisepticum,bacteria,433554.0,962638.5,2.2203427946691763
6214,Mycoplasma_genitalium,bacteria,277602.0,580076.0,2.0895958962831678
6215,Mycoplasma_hominis,bacteria,306805.0,665445.0,2.1689509623376413
6216,Mycoplasma_hyopneumoniae,bacteria,407847.6,906862.6,2.2235330059561464
6217,Mycoplasma_leachii,bacteria,339126.5,1008697.0,2.974397459355137
6218,Mycoplasma_marinum,bacteria,98108.0,1171149.0,11.937344559057365
6219,Mycoplasma_mobile,bacteria,360109.0,777079.0,2.157899413788603
6220,Mycoplasma_mycoides,bacteria,460504.375,1143498.75,2.4831441612253955
6221,Mycoplasma_ovipneumoniae,bacteria,74814.0,1071502.0,14.32221242013527
6222,Mycoplasma_phocidae,bacteria,352719.0,814478.0,2.309141271096822
6223,Mycoplasma_pneumoniae,bacteria,367289.0,813741.0,2.2155332721644263
6224,Mycoplasma_putrefaciens,bacteria,377404.0,859996.0,2.278714587020805
6225,Mycoplasma_sp,bacteria,52187.0,1084927.0,20.789219537432693
6226,Mycoplasma_struthionis,bacteria,340978.0,737591.0,2.163163019315029
6227,Mycoplasma_testudineum,bacteria,162370.0,954967.0,5.88142514011209
6228,Mycoplasma_yeatsii,bacteria,246500.0,895831.5,3.6342048681541583
6229,Mycoplasmopsis_agalactiae,bacteria,371336.6666666667,934577.6666666666,2.51679338605578
6230,Mycoplasmopsis_agassizii,bacteria,131033.5,1243707.0,9.491519344289818
6231,Mycoplasmopsis_alligatoris,bacteria,212014.0,973030.0,4.589461073325347
6232,Mycoplasmopsis_anatis,bacteria,76122.0,928687.0,12.199981608470614
6233,Mycoplasmopsis_arginini,bacteria,321097.5,710133.0,2.2115805946791864
6234,Mycoplasmopsis_bovigenitalium,bacteria,299325.3333333333,852589.6666666666,2.8483712259570413
6235,Mycoplasmopsis_bovirhinis,bacteria,403692.6666666667,906012.0,2.244311266491506
6236,Mycoplasmopsis_bovis,bacteria,388743.75,974062.0,2.505666007492082
6237,Mycoplasmopsis_californica,bacteria,364611.6666666667,799438.6666666666,2.192575662691356
6238,Mycoplasmopsis_canis,bacteria,362464.0,944340.6666666666,2.6053364380094757
6239,Mycoplasmopsis_caviae,bacteria,533206.0,1291245.0,2.42166254693308
6240,Mycoplasmopsis_citelli,bacteria,566132.0,1242365.0,2.194479379367356
6241,Mycoplasmopsis_columbina,bacteria,360388.0,776661.0,2.1550689812091415
6242,Mycoplasmopsis_columbinasalis,bacteria,383272.0,849456.0,2.2163267861988354
6243,Mycoplasmopsis_columbinum,bacteria,188467.0,748210.0,3.9699788291849503
6244,Mycoplasmopsis_columboralis,bacteria,446089.0,966675.0,2.167000307113603
6245,Mycoplasmopsis_cynos,bacteria,445051.0,998123.0,2.2427160033344493
6246,Mycoplasmopsis_fermentans,bacteria,611536.5,1756125.0,2.8716601543816274
6247,Mycoplasmopsis_gallinacea,bacteria,490510.0,1074838.0,2.19126623310432
6248,Mycoplasmopsis_gallinarum,bacteria,95302.0,797712.0,8.370359488783027
6249,Mycoplasmopsis_gallopavonis,bacteria,381989.0,1028044.0,2.6912921576275757
6250,Mycoplasmopsis_glycophila,bacteria,444365.0,973410.0,2.1905640633263195
6251,Mycoplasmopsis_maculosa,bacteria,416908.0,919297.0,2.2050356433553686
6252,Mycoplasmopsis_meleagridis,bacteria,141732.0,634182.0,4.474515282363898
6253,Mycoplasmopsis_mustelae,bacteria,288372.0,836283.0,2.900014564520827
6254,Mycoplasmopsis_phocirhinis,bacteria,400361.0,865472.0,2.1617290395418136
6255,Mycoplasmopsis_pullorum,bacteria,463018.0,1007172.0,2.1752329283094824
6256,Mycoplasmopsis_pulmonis,bacteria,433719.0,963879.0,2.2223582549992047
6257,Mycoplasmopsis_synoviae,bacteria,369491.0,811084.6666666666,2.195140522141721
6258,Mycoplasmopsis_verecunda,bacteria,90245.0,872997.0,9.673632888248656
6259,Myotis_lucifugus,ensembl,6563922.0,2034575300.0,309.96335727328875
6260,Myripristis_murdjan,ensembl,18551907.0,835254674.0,45.02257767894158
6261,Myroides_aquimaris,bacteria,146141.0,2977689.0,20.37545247398061
6262,Myroides_guanonis,bacteria,356589.0,3140132.0,8.806025985097689
6263,Myroides_indicus,bacteria,167941.0,3064923.0,18.249998511381975
6264,Myroides_marinus,bacteria,337437.5,4158373.0,12.323387293943323
6265,Myroides_odoratimimus,bacteria,1535796.0,4207673.0,2.739734313671868
6266,Myroides_odoratus,bacteria,1754207.3333333333,4242687.666666667,2.418578229635342
6267,Myroides_phaeus,bacteria,222137.0,2967042.0,13.356811337147796
6268,Myroides_profundi,bacteria,1762650.0,4064534.0,2.3059223328511047
6269,Myxococcaceae_bacterium,bacteria,103873.0,7984296.5,76.86594687743687
6270,Myxococcales_bacterium,bacteria,538068.0,10276646.5,19.099159399927146
6271,Myxococcus_fulvus,bacteria,3202757.5,10936751.0,3.414792097122558
6272,Myxococcus_sp,bacteria,4292362.0,9490432.0,2.2110045704439654
6273,Myxococcus_stipitatus,bacteria,4705220.0,10350586.0,2.1998091481376005
6274,Myxococcus_virescens,bacteria,1119653.0,9240716.0,8.253196302783094
6275,Myxococcus_xanthus,bacteria,4182423.0,9139763.0,2.1852794420841697
6276,Naasia_lichenicola,bacteria,867898.0,4004069.0,4.61352486121641
6277,Naja_naja,ensembl,17771536.0,1768535092.0,99.51503865507179
6278,Nakamurella_antarctica,bacteria,1509550.0,3377955.0,2.2377231625318803
6279,Nakamurella_flava,bacteria,1405806.0,4843278.0,3.445196563394949
6280,Nakamurella_multipartita,bacteria,2708744.0,6060298.0,2.2373092473855043
6281,Nakamurella_panacisegetis,bacteria,2245130.0,5013970.0,2.233264888892848
6282,Nakamurella_silvestris,bacteria,285353.0,5430123.0,19.029493294270605
6283,Nannocystis_exedens,bacteria,734251.0,11612870.0,15.815940325583485
6284,Nannospalax_galili,ensembl,6366444.0,3061408210.0,480.8662747995584
6285,Nanoarchaeota_archaeon,bacteria,50610.625,664868.25,13.136930239450708
6286,Nanoarchaeum_equitans,bacteria,227945.0,490885.0,2.153523876373687
6287,Natranaerobius_thermophilus,bacteria,1402166.0,3191453.0,2.2760878526508272
6288,Natranaerobius_trueperi,bacteria,192523.0,2633330.0,13.678002108838944
6289,Natranaerovirga_hydrolytica,bacteria,674832.0,2984055.0,4.421922789672096
6290,Natranaerovirga_pectinivora,bacteria,472922.0,3061098.0,6.472733347148155
6291,Natrarchaeobaculum_aegyptiacum,bacteria,1681786.0,3930546.0,2.3371261266296663
6292,Natrarchaeobaculum_sulfurireducens,bacteria,1578013.5,3821374.0,2.421635809833059
6293,Natrarchaeobius_chitinivorans,bacteria,438935.0,4590483.0,10.458229578411382
6294,Natrarchaeobius_halalkaliphilus,bacteria,634582.0,3511219.0,5.5331210150934
6295,Natrialba_aegyptia,bacteria,484748.0,4618362.0,9.527346167493214
6296,Natrialba_asiatica,bacteria,375227.0,4404175.0,11.737361650414282
6297,Natrialba_chahannaoensis,bacteria,269388.0,4309274.0,15.996532881939805
6298,Natrialba_hulunbeirensis,bacteria,332928.0,4159606.0,12.49401071703191
6299,Natrialba_magadii,bacteria,985847.0,4429971.0,4.493568474621315
6300,Natrialba_sp,bacteria,465164.0,4580837.0,9.847789166831483
6301,Natrialba_taiwanensis,bacteria,315143.0,4635192.0,14.708218173971815
6302,Natribacillus_halophilus,bacteria,366990.0,3302411.0,8.998640289926156
6303,Natrinema_altunense,bacteria,388222.0,3774970.0,9.723740540206377
6304,Natrinema_ejinorense,bacteria,1807797.0,4476324.0,2.476120936144932
6305,Natrinema_gari,bacteria,246174.0,4023692.0,16.344910510451957
6306,Natrinema_pallidum,bacteria,860712.0,3846953.5,4.469501412783835
6307,Natrinema_pellirubrum,bacteria,971272.5,4309277.5,4.436733769359268
6308,Natrinema_salaciae,bacteria,890606.0,4857017.0,5.453609115590957
6309,Natrinema_sp,bacteria,1728408.5,4425836.5,2.5606426374320654
6310,Natrinema_thermotolerans,bacteria,1820078.0,4904985.0,2.6949312062450073
6311,Natrinema_versiforme,bacteria,989307.5,4432636.0,4.480544219062324
6312,Natronincola_ferrireducens,bacteria,681963.0,3107081.0,4.556084421002312
6313,Natronincola_peptidivorans,bacteria,427788.0,3768981.0,8.810394400964963
6314,Natronoarchaeum_philippinense,bacteria,847152.0,3164179.0,3.7350782386159747
6315,Natronobacterium_gregoryi,bacteria,522591.5,3725291.0,7.128495201318812
6316,Natronobacterium_texcoconense,bacteria,1048654.0,4009868.0,3.8238236825492486
6317,Natronococcus_amylolyticus,bacteria,407078.0,4416525.0,10.84933354295737
6318,Natronococcus_jeotgali,bacteria,175895.0,4496185.0,25.561755592825264
6319,Natronococcus_occultus,bacteria,1782258.0,4314118.0,2.420591182645835
6320,Natronoflexus_pectinivorans,bacteria,651808.0,4472281.0,6.861347206539349
6321,Natronolimnobius_baerhuensis,bacteria,1015834.0,3914301.0,3.8532880372186793
6322,Natronolimnohabitans_innermongolicus,bacteria,201406.0,4588634.0,22.78300547153511
6323,Natronomonas_moolapensis,bacteria,1255878.0,2912573.0,2.319152815798987
6324,Natronomonas_pharaonis,bacteria,1221928.0,2749696.0,2.250292979619094
6325,Natronomonas_salsuginis,bacteria,646624.0,2904418.0,4.491664398475776
6326,Natronorubrum_bangense,bacteria,918288.0,4246843.5,4.624740277559981
6327,Natronorubrum_sediminis,bacteria,1062201.0,3782545.0,3.5610444727504493
6328,Natronorubrum_sulfidifaciens,bacteria,389124.0,3460288.0,8.892507272745963
6329,Natronorubrum_texcoconense,bacteria,902567.0,4641793.0,5.142879143598204
6330,Natronorubrum_thiooxidans,bacteria,453916.0,4209793.0,9.274387772186925
6331,Natronorubrum_tibetense,bacteria,331976.0,4926841.0,14.84095537026773
6332,Naumannella_halotolerans,bacteria,1271955.0,3473971.0,2.7312058995797805
6333,Nautilia_profundicola,bacteria,792751.0,1676444.0,2.11471697922803
6334,Nautilia_sp,bacteria,852731.0,1791100.0,2.100427919238306
6335,Negativibacillus_sp,bacteria,238964.0,4536229.0,18.982897005406674
6336,Negativicoccus_succinicivorans,bacteria,104466.0,1505448.0,14.410889667451611
6337,Neisseria_animalis,bacteria,243966.0,2183966.0,8.951927727634178
6338,Neisseria_animaloris,bacteria,691004.0,2304739.0,3.335348275842108
6339,Neisseria_arctica,bacteria,218361.0,2397977.0,10.981709187996024
6340,Neisseria_bacilliformis,bacteria,984715.0,2470575.0,2.5089239018396188
6341,Neisseria_canis,bacteria,1103391.0,2569389.0,2.3286296516828577
6342,Neisseria_cinerea,bacteria,504914.0,1852838.5,3.669612052745616
6343,Neisseria_dentiae,bacteria,199014.0,2758789.0,13.86228607032671
6344,Neisseria_dumasiana,bacteria,156651.0,2691661.0,17.182533146931714
6345,Neisseria_elongata,bacteria,702802.6666666666,2313037.3333333335,3.2911618624099326
6346,Neisseria_flavescens,bacteria,221858.83333333334,2276381.8333333335,10.260496727273274
6347,Neisseria_gonorrhoeae,bacteria,188229.69333333333,2165534.1866666665,11.504742680697845
6348,Neisseria_iguanae,bacteria,66911.0,2610244.0,39.01068583640956
6349,Neisseria_lactamica,bacteria,755294.4,2166254.8,2.868093289186309
6350,Neisseria_macacae,bacteria,540043.0,2748368.0,5.089165122036579
6351,Neisseria_meningitidis,bacteria,360805.9347826087,2169773.695652174,6.013686268657129
6352,Neisseria_mucosa,bacteria,671445.0,2478864.3333333335,3.6918352706972777
6353,Neisseria_perflava,bacteria,398270.0,2315090.0,5.812865643909911
6354,Neisseria_polysaccharea,bacteria,106242.0,2030958.0,19.116338171344665
6355,Neisseria_shayeganii,bacteria,953391.0,2354550.0,2.4696583038858138
6356,Neisseria_sicca,bacteria,423609.75,2679814.25,6.326139211857139
6357,Neisseria_sp,bacteria,188146.77777777778,2643000.814814815,14.047547590405678
6358,Neisseria_subflava,bacteria,635146.5,2244322.5,3.5335509209292657
6359,Neisseria_wadsworthii,bacteria,1020893.0,2467075.0,2.4165852836683177
6360,Neisseria_weaveri,bacteria,968211.0,2238481.0,2.3119764183633524
6361,Neisseria_zoodegmatis,bacteria,546339.5,2563063.5,4.691338444318963
6362,Neoasaia_chiangmaiensis,bacteria,1552198.0,3407860.0,2.1955059857054318
6363,Neobacillus_bataviensis,bacteria,221767.0,5371144.0,24.21976218283153
6364,Neobacillus_cucumis,bacteria,303605.0,5707899.0,18.800411719174587
6365,Neobacillus_massiliamazoniensis,bacteria,1181572.0,5600061.0,4.739500428243052
6366,Neobacillus_mesonae,bacteria,2491277.0,5839313.0,2.3439035482605908
6367,Neobacillus_notoginsengisoli,bacteria,453182.0,4787403.0,10.563974297302188
6368,Neobacillus_piezotolerans,bacteria,744590.0,4528037.0,6.081248740917821
6369,Neobacillus_thermocopriae,bacteria,1273611.0,2843874.0,2.232921983242921
6370,Neobacillus_vireti,bacteria,207753.0,5283728.0,25.432739840098577
6371,Neochlamydia_sp,bacteria,424507.0,2631658.0,6.199327690709458
6372,Neogobius_melanostomus,ensembl,7951568.0,1003738541.0,126.23152326685755
6373,Neolamprologus_brichardi,ensembl,8920652.0,847910432.0,95.05027569733691
6374,Neomicrococcus_aestuarii,bacteria,1206053.0,2667837.0,2.212039603566344
6375,Neorhizobium_galegae,bacteria,1204518.5,6402762.833333333,5.315620169663922
6376,Neorhizobium_lilium,bacteria,1121209.0,5222315.0,4.65775337158371
6377,Neorhizobium_sp,bacteria,1411410.5,5730131.75,4.059861925357647
6378,Neorickettsia_risticii,bacteria,376159.0,879977.0,2.33937510467648
6379,Neorickettsia_sennetsu,bacteria,367831.0,859006.0,2.335327908740699
6380,Neosartorya_fischeri,fungi,3941510.0,31770017.0,8.060366965959746
6381,Neovison_vison,ensembl,8938378.0,2447205843.0,273.78634501695944
6382,Neptunomonas_antarctica,bacteria,801188.0,4569005.0,5.702787610398558
6383,Neptunomonas_marina,bacteria,696206.0,3681520.0,5.2879751108149025
6384,Neptunomonas_qingdaonensis,bacteria,521917.0,4449795.0,8.525867139794258
6385,Nereida_ignava,bacteria,396293.0,2888349.0,7.288417913008809
6386,Nesterenkonia_aurantiaca,bacteria,471799.0,2948026.0,6.248478695376633
6387,Nesterenkonia_jeotgali,bacteria,700218.0,2925195.0,4.177548991885384
6388,Nesterenkonia_natronophila,bacteria,794885.0,2524489.0,3.1759172710517873
6389,Nesterenkonia_salmonea,bacteria,144431.0,3283708.0,22.735479225374053
6390,Nesterenkonia_sandarakina,bacteria,287596.0,3224976.0,11.213563470980125
6391,Nesterenkonia_sp,bacteria,129631.0,3696919.0,28.518787944241733
6392,Nesterenkonia_sphaerica,bacteria,289571.0,2791466.0,9.640005387279803
6393,Neurospora_crassa,fungi,6134128.0,41102378.0,6.700606508374133
6394,Nevskiales_bacterium,bacteria,206443.0,3622316.0,17.546325135751758
6395,Niabella_drilacis,bacteria,649947.0,6099002.0,9.383845144296382
6396,Niabella_ginsenosidivorans,bacteria,2455118.0,5627734.0,2.29224583095395
6397,Niabella_soli,bacteria,2086411.0,4697343.0,2.2513986937377153
6398,Niallia_circulans,bacteria,1533500.6666666667,6752972.333333333,4.4036318210490935
6399,Niallia_nealsonii,bacteria,174634.0,4834941.5,27.686140728609548
6400,Niallia_taxi,bacteria,811748.0,5801713.0,7.1471848406155605
6401,Niastella_koreensis,bacteria,3988988.0,9033684.0,2.2646555968581503
6402,Niastella_populi,bacteria,486564.0,8612932.0,17.701539776884438
6403,Niastella_sp,bacteria,903255.5,6486507.5,7.181254362691398
6404,Niastella_vici,bacteria,719861.0,10058349.0,13.972626659869059
6405,Niastella_yeongjuensis,bacteria,874197.0,8532384.0,9.760253123723828
6406,Nibricoccus_aquaticus,bacteria,2123935.0,4730447.0,2.2272089305934504
6407,Nicoletella_semolina,bacteria,240514.0,1945534.0,8.089067580265597
6408,Nicotiana_attenuata,plants,10428412.0,2365682703.0,226.84975459350858
6409,Nisaea_sp,bacteria,119517.0,2975145.0,24.893069605160772
6410,Nissabacter_sp,bacteria,1887483.0,5030936.0,2.6654205627282472
6411,Nitratifractor_salsuginis,bacteria,953234.0,2101285.0,2.204374791499254
6412,Nitratireductor_aquibiodomus,bacteria,218663.0,4592790.0,21.003965005510764
6413,Nitratireductor_basaltis,bacteria,1388702.0,3551806.0,2.557644476640777
6414,Nitratireductor_indicus,bacteria,453855.0,4992479.0,11.00016304766941
6415,Nitratireductor_pacificus,bacteria,302852.0,4466205.0,14.747153725251938
6416,Nitratireductor_sp,bacteria,947465.0,4535118.333333333,4.786581386471619
6417,Nitratiruptor_sp,bacteria,902921.0,1877931.0,2.0798397644976694
6418,Nitratiruptor_tergarcus,bacteria,904242.0,1929433.0,2.1337573348727443
6419,Nitrincola_lacisaponensis,bacteria,622357.0,3412133.0,5.482597608767958
6420,Nitrincola_nitratireducens,bacteria,387390.0,4027646.0,10.396876532693152
6421,Nitrincola_tibetensis,bacteria,445851.0,4001852.0,8.975760960500256
6422,Nitrobacter_hamburgensis,bacteria,1945795.0,5011522.0,2.575565257388368
6423,Nitrobacter_sp,bacteria,142564.0,3794033.0,26.61284054880615
6424,Nitrobacter_vulgaris,bacteria,261978.0,3900573.0,14.888933421890387
6425,Nitrobacter_winogradskyi,bacteria,1439123.0,3402093.0,2.36400432763565
6426,Nitrolancea_hollandica,bacteria,37662.0,3888104.0,103.23679039881047
6427,Nitrosarchaeum_koreense,bacteria,726425.0,1607695.0,2.2131603400213375
6428,Nitrosococcus_halophilus,bacteria,1811443.0,4145260.0,2.288374516890678
6429,Nitrosococcus_oceani,bacteria,841830.5,3551014.5,4.218206040289584
6430,Nitrosococcus_wardiae,bacteria,1746262.0,4022640.0,2.3035718580602453
6431,Nitrosococcus_watsonii,bacteria,1471595.0,3373286.0,2.292265195247334
6432,Nitrosomonas_aestuarii,bacteria,230752.0,3994034.0,17.30877305505478
6433,Nitrosomonas_communis,bacteria,672598.0,4049940.6666666665,6.021339145621406
6434,Nitrosomonas_cryotolerans,bacteria,1211704.0,2928185.0,2.4165844133550767
6435,Nitrosomonas_europaea,bacteria,707171.0,2756527.5,3.897964565854652
6436,Nitrosomonas_eutropha,bacteria,583227.3333333334,2598095.3333333335,4.454687194587359
6437,Nitrosomonas_halophila,bacteria,109122.0,3211662.0,29.431846923626768
6438,Nitrosomonas_marina,bacteria,234365.5,3493407.0,14.90580738205922
6439,Nitrosomonas_mobilis,bacteria,189252.0,3082864.0,16.28973009532264
6440,Nitrosomonas_nitrosa,bacteria,178532.0,3154865.0,17.67114578899021
6441,Nitrosomonas_oligotropha,bacteria,239432.5,3370910.5,14.078750796153404
6442,Nitrosomonas_sp,bacteria,495138.1538461539,3391395.6153846155,6.84939261707222
6443,Nitrosomonas_supralitoralis,bacteria,146638.0,3751701.0,25.584780207040467
6444,Nitrosomonas_ureae,bacteria,580108.8333333334,3307994.0,5.70236791774417
6445,Nitrosopumilaceae_archaeon,bacteria,113155.0,1996680.0,17.64553046705846
6446,Nitrosopumilales_archaeon,bacteria,30219.666666666668,1663435.0,55.04478319857929
6447,Nitrosopumilus_adriaticus,bacteria,814316.0,1803090.0,2.2142386984905125
6448,Nitrosopumilus_maritimus,bacteria,746161.0,1645259.0,2.2049651482722896
6449,Nitrosopumilus_piranensis,bacteria,771651.0,1713078.0,2.2200165618913212
6450,Nitrosopumilus_zosterae,bacteria,291211.0,1757809.0,6.036203989547098
6451,Nitrososphaera_viennensis,bacteria,1089436.0,2527938.0,2.320409826736036
6452,Nitrosospira_briensis,bacteria,756992.0,3233677.0,4.271745276039906
6453,Nitrosospira_lacus,bacteria,1409677.0,3261430.0,2.3136009170895178
6454,Nitrosospira_multiformis,bacteria,461366.5,3296583.5,7.145259788042695
6455,Nitrosospira_sp,bacteria,469644.07692307694,3309380.3076923075,7.046570946607193
6456,Nitrosovibrio_sp,bacteria,731484.3333333334,3124594.0,4.271580207003749
6457,Nitrosovibrio_tenuis,bacteria,461111.0,3098034.0,6.718629570754113
6458,Nitrospina_gracilis,bacteria,1359009.0,3077713.0,2.2646744797127907
6459,Nitrospina_sp,bacteria,36335.0,1970835.25,54.24068391358195
6460,Nitrospinae_bacterium,bacteria,99479.85714285714,3323083.8571428573,33.404590161109425
6461,Nitrospira_bacterium,bacteria,51534.0,1664412.0,32.297357084643146
6462,Nitrospira_defluvii,bacteria,1913674.0,4317083.0,2.255913494147906
6463,Nitrospira_japonica,bacteria,1823148.0,4084817.0,2.240529567539223
6464,Nitrospira_lenta,bacteria,777416.0,3756190.0,4.831634543153215
6465,Nitrospira_moscoviensis,bacteria,2053281.0,4589485.0,2.235195767164845
6466,Nitrospira_sp,bacteria,412688.93333333335,3738991.466666667,9.060072041347041
6467,Nitrospiraceae_bacterium,bacteria,115048.5,2557403.5,22.228916500432426
6468,Nitrospirae_bacterium,bacteria,130701.35714285714,2494844.8571428573,19.088132760671957
6469,Nitrospirillum_amazonense,bacteria,2075731.0,7382386.0,3.5565234608916088
6470,Niveispirillum_cyanobacteriorum,bacteria,2001909.0,6048780.0,3.021505972549202
6471,Niveispirillum_lacus,bacteria,645523.0,4973235.0,7.704194893133165
6472,Nocardia_africana,bacteria,3415056.0,7750586.0,2.269534086703117
6473,Nocardia_alba,bacteria,1771676.0,7289173.0,4.114281053646378
6474,Nocardia_amikacinitolerans,bacteria,1386109.0,7379133.0,5.323631114147589
6475,Nocardia_asteroides,bacteria,863534.0,6954782.0,8.05386006804596
6476,Nocardia_brasiliensis,bacteria,3105212.0,9178899.5,2.955965486414454
6477,Nocardia_cerradoensis,bacteria,838069.0,9191636.0,10.967636316341494
6478,Nocardia_cyriacigeorgica,bacteria,1669515.8333333333,6457867.166666667,3.8681077697675827
6479,Nocardia_donostiensis,bacteria,481821.0,5790100.0,12.017118390439602
6480,Nocardia_farcinica,bacteria,1728315.0,5994045.666666667,3.468144213680184
6481,Nocardia_fluminea,bacteria,3109496.0,8057701.0,2.5913205870018805
6482,Nocardia_ignorata,bacteria,1543070.0,7022989.0,4.551309402684259
6483,Nocardia_mangyaensis,bacteria,3254983.0,7310115.0,2.245822789243446
6484,Nocardia_mexicana,bacteria,964227.0,8981212.0,9.314416625960485
6485,Nocardia_neocaledoniensis,bacteria,850505.0,7323073.0,8.610264489920695
6486,Nocardia_nova,bacteria,1360641.5,7841134.25,5.762821617597288
6487,Nocardia_otitidiscaviarum,bacteria,2563396.0,7536042.0,2.939866489609877
6488,Nocardia_panacis,bacteria,856079.0,7362956.0,8.600790347619787
6489,Nocardia_pseudobrasiliensis,bacteria,892996.0,8407941.0,9.415429632383571
6490,Nocardia_puris,bacteria,925886.0,7694151.0,8.310041408985555
6491,Nocardia_seriolae,bacteria,1302894.0,7941666.333333333,6.095404793738656
6492,Nocardia_sp,bacteria,1678305.3333333333,7972205.833333333,4.750152236899285
6493,Nocardia_stercoris,bacteria,856544.0,7545798.0,8.809585964060224
6494,Nocardia_tenerifensis,bacteria,1187087.0,9840405.0,8.289539856809148
6495,Nocardia_terpenica,bacteria,2745582.0,9097697.5,3.313577048509205
6496,Nocardia_vulneris,bacteria,305051.0,9337635.0,30.610078314773595
6497,Nocardia_yunnanensis,bacteria,3523609.0,7931441.0,2.2509424286292834
6498,Nocardioidaceae_bacterium,bacteria,926213.0,5932109.0,6.40469200928944
6499,Nocardioides_albidus,bacteria,546814.0,4483902.0,8.200049742691299
6500,Nocardioides_alpinus,bacteria,738616.0,4596761.0,6.223478776522577
6501,Nocardioides_baekrokdamisoli,bacteria,1376616.0,2965302.0,2.1540516745410483
6502,Nocardioides_caeni,bacteria,572301.0,4075875.0,7.121907877148564
6503,Nocardioides_cavernaquae,bacteria,1612561.0,3466964.0,2.1499738614539234
6504,Nocardioides_currus,bacteria,784915.0,4533856.0,5.776238191396521
6505,Nocardioides_daphniae,bacteria,1574018.0,3558816.0,2.2609754145124135
6506,Nocardioides_dokdonensis,bacteria,2027258.0,4376707.0,2.1589294505188783
6507,Nocardioides_euryhalodurans,bacteria,1875184.0,4017744.0,2.1425865408407923
6508,Nocardioides_exalbidus,bacteria,2112515.0,4599849.0,2.1774278525832953
6509,Nocardioides_ganghwensis,bacteria,280535.0,4494174.0,16.0200117632381
6510,Nocardioides_gansuensis,bacteria,695082.0,4766031.0,6.856789558642002
6511,Nocardioides_glacieisoli,bacteria,671118.0,4577250.0,6.82033561907146
6512,Nocardioides_guangzhouensis,bacteria,258172.0,5266113.0,20.39769223618363
6513,Nocardioides_immobilis,bacteria,473851.0,6518718.0,13.756894044752464
6514,Nocardioides_iriomotensis,bacteria,472675.0,4713567.0,9.97210980060295
6515,Nocardioides_jejuensis,bacteria,239930.0,3246243.0,13.52995873796524
6516,Nocardioides_jishulii,bacteria,1303811.0,3531098.0,2.7082897751284505
6517,Nocardioides_lianchengensis,bacteria,565099.0,5295570.0,9.37104825880067
6518,Nocardioides_luteus,bacteria,231917.0,5761811.0,24.84428049690191
6519,Nocardioides_oleivorans,bacteria,1749275.0,4476421.0,2.5590150205084963
6520,Nocardioides_psychrotolerans,bacteria,414680.0,4518250.0,10.895750940484229
6521,Nocardioides_seonyuensis,bacteria,1852730.0,3974362.0,2.145138255439271
6522,Nocardioides_silvaticus,bacteria,749269.0,4510621.0,6.0200288547904695
6523,Nocardioides_sp,bacteria,1010475.4,4796561.4,4.746836390079363
6524,Nocardioides_szechwanensis,bacteria,786122.0,4224028.0,5.3732474094351765
6525,Nocardioides_terrae,bacteria,462491.0,3921832.0,8.479801769115507
6526,Nocardioides_zhouii,bacteria,323823.0,4604445.0,14.21901779675934
6527,Nocardiopsaceae_bacterium,bacteria,407866.0,5266132.0,12.91142679213271
6528,Nocardiopsis_alba,bacteria,2526891.0,5848211.0,2.3143898965171035
6529,Nocardiopsis_dassonvillei,bacteria,2738513.0,6592478.5,2.407320505690497
6530,Nocardiopsis_flavescens,bacteria,686387.0,7172933.0,10.450275136329797
6531,Nocardiopsis_gilva,bacteria,2584542.0,6142152.0,2.3764953326353373
6532,Nocardiopsis_sinuspersici,bacteria,2596101.0,6119496.0,2.357187181854635
6533,Nocardiopsis_sp,bacteria,1318843.5,6707672.0,5.086025749074852
6534,Nodularia_sp,bacteria,2289602.0,5773538.0,2.5216338909557208
6535,Nodularia_spumigena,bacteria,1157618.0,5327475.0,4.602101038511841
6536,Nomascus_leucogenys,ensembl,21606813.0,2962060179.0,137.0891754836773
6537,Nonlabens_agnitus,bacteria,1461728.0,3215882.0,2.2000550033932442
6538,Nonlabens_arenilitoris,bacteria,1524942.0,3323003.0,2.179101237948722
6539,Nonlabens_dokdonensis,bacteria,924724.5,3476388.5,3.7593775227108184
6540,Nonlabens_marinus,bacteria,1329727.0,2915920.0,2.192871168292439
6541,Nonlabens_ponticola,bacteria,1327456.0,2872100.0,2.1636122025890123
6542,Nonlabens_sp,bacteria,1458233.0,3233137.3333333335,2.2171609978195073
6543,Nonlabens_spongiae,bacteria,1526613.0,3393335.0,2.2227866525438995
6544,Nonlabens_tegetincola,bacteria,586644.0,2982027.5,5.083197816733828
6545,Nonlabens_ulvanivorans,bacteria,703631.5,3203699.75,4.553093131845291
6546,Nonlabens_xylanidelens,bacteria,737350.0,3276842.0,4.444079473791279
6547,Nonomuraea_aridisoli,bacteria,114461.0,9868672.0,86.21864215759079
6548,Nonomuraea_deserti,bacteria,168506.0,10694046.0,63.463888526224586
6549,Nonomuraea_diastatica,bacteria,133546.0,10861993.0,81.33521782756503
6550,Nonomuraea_fuscirosea,bacteria,749076.0,12180574.0,16.26079863725443
6551,Nonomuraea_jiangxiensis,bacteria,702218.0,11811824.0,16.820736580378174
6552,Nonomuraea_longispora,bacteria,122405.0,9164341.0,74.86900861892896
6553,Nonomuraea_maritima,bacteria,646908.0,8267594.0,12.780169668639127
6554,Nonomuraea_mesophila,bacteria,165745.0,10138478.0,61.16913330718875
6555,Nonomuraea_phyllanthi,bacteria,899459.0,11027144.0,12.259751695185662
6556,Nonomuraea_polychroma,bacteria,5109141.0,11519774.0,2.2547379295267054
6557,Nonomuraea_pusilla,bacteria,639047.0,9204326.0,14.40320664990212
6558,Nonomuraea_solani,bacteria,1148049.0,13236837.0,11.529853690913889
6559,Nonomuraea_sp,bacteria,2290465.0,11400484.666666666,4.977366895659469
6560,Nonomuraea_terrae,bacteria,159490.0,9687995.0,60.743588939745436
6561,Nonomuraea_turkmeniaca,bacteria,126654.0,11350886.0,89.62122001673852
6562,Nonomuraea_wenchangensis,bacteria,839051.0,10051191.0,11.979237257330007
6563,Nonomuraea_zeae,bacteria,144813.0,13613686.0,94.00872849813207
6564,Nostoc_calcicola,bacteria,144188.0,9049214.0,62.7598274474991
6565,Nostoc_carneum,bacteria,3526873.0,9359223.0,2.6536886925046637
6566,Nostoc_commune,bacteria,3054337.0,8198700.0,2.684281400513434
6567,Nostoc_cycadae,bacteria,296985.0,6773844.0,22.80870751048033
6568,Nostoc_flagelliforme,bacteria,3570443.0,10231233.0,2.8655360133182355
6569,Nostoc_linckia,bacteria,1589796.0,9263077.0,5.826582152678708
6570,Nostoc_minutum,bacteria,334323.0,9839803.0,29.43202531683432
6571,Nostoc_punctiforme,bacteria,1909433.0,9131660.5,4.782393778676707
6572,Nostoc_sp,bacteria,1459003.0526315789,8101593.7894736845,5.552828539228193
6573,Nostocales_cyanobacterium,bacteria,3205605.0,7899568.0,2.464298626936257
6574,Notamacropus_eugenii,ensembl,292157.0,2955773937.0,10117.073823321023
6575,Notechis_scutatus,ensembl,7383113.0,1665525958.0,225.5858684541331
6576,Nothobranchius_furzeri,ensembl,19664731.0,1242518059.0,63.185103269401445
6577,Nothoprocta_perdicaria,ensembl,5044530.0,965904370.0,191.47559237431435
6578,Notoacmeibacter_marinus,bacteria,1057265.0,3292184.0,3.1138683300780787
6579,Novacetimonas_cocois,bacteria,296880.0,3406946.0,11.475835354351927
6580,Novacetimonas_hansenii,bacteria,326874.0,3483869.0,10.658140445553943
6581,Novacetimonas_maltaceti,bacteria,196477.0,3629663.0,18.473729749538116
6582,Novacetimonas_pomaceti,bacteria,418755.0,3449370.0,8.23720313787298
6583,Novibacillus_thermophilus,bacteria,1607840.0,3629225.0,2.2572053189372077
6584,Noviherbaspirillum_autotrophicum,bacteria,2290604.0,5384605.0,2.3507358757777426
6585,Noviherbaspirillum_cavernae,bacteria,1906826.0,4664753.0,2.4463443439516768
6586,Noviherbaspirillum_denitrificans,bacteria,2294030.0,5798956.0,2.5278466279865563
6587,Noviherbaspirillum_humi,bacteria,588026.0,5381115.0,9.151151479696477
6588,Noviherbaspirillum_saxi,bacteria,2085987.0,6495402.0,3.1138266921126547
6589,Noviherbaspirillum_sedimenti,bacteria,2241761.0,5038077.0,2.2473747201418885
6590,Noviherbaspirillum_sp,bacteria,365474.0,6147767.0,16.821352544914276
6591,Novimethylophilus_kurashikiensis,bacteria,555982.0,3688755.0,6.634666230201697
6592,Novosphingobium_aromaticivorans,bacteria,1767688.0,4233314.0,2.3948309882739487
6593,Novosphingobium_barchaimii,bacteria,545475.0,4430040.5,8.121436362803061
6594,Novosphingobium_fuchskuhlense,bacteria,892030.0,3963850.0,4.443628577514209
6595,Novosphingobium_guangzhouense,bacteria,361596.0,5966702.0,16.501017710372903
6596,Novosphingobium_kunmingense,bacteria,871643.0,3495912.0,4.0107153960967965
6597,Novosphingobium_lindaniclasticum,bacteria,237321.0,4857928.0,20.46986149561143
6598,Novosphingobium_malaysiense,bacteria,1025457.0,5027021.0,4.902225056730804
6599,Novosphingobium_mathurense,bacteria,995087.0,4843551.0,4.8674648548317885
6600,Novosphingobium_nitrogenifigens,bacteria,1019816.0,4182647.0,4.10137416945802
6601,Novosphingobium_pentaromativorans,bacteria,351222.5,5315895.5,15.135407042544257
6602,Novosphingobium_resinovorum,bacteria,1432742.5,6611307.0,4.614441883311202
6603,Novosphingobium_sp,bacteria,719745.1875,4871556.46875,6.768446046400276
6604,Novosphingobium_subterraneum,bacteria,343376.0,4885942.0,14.229130748800149
6605,Novosphingobium_umbonatum,bacteria,472032.0,4088502.0,8.661493288590604
6606,Numida_meleagris,ensembl,17125422.0,1043264150.0,60.91903311930065
6607,Nymphaea_colorata,plants,16785839.0,408396728.0,24.329837072784983
6608,Obesumbacterium_proteus,bacteria,423866.0,5111980.0,12.060368135212544
6609,Oceanibacterium_hippocampi,bacteria,1417635.0,4833437.0,3.409507383776501
6610,Oceanibaculum_indicum,bacteria,757362.5,3903308.5,5.153818019772566
6611,Oceanibaculum_pacificum,bacteria,140191.0,3891434.0,27.758087181060127
6612,Oceanicaulis_sp,bacteria,723923.3333333334,3064203.3333333335,4.232773267887484
6613,Oceanicella_actignis,bacteria,477916.0,3344933.0,6.998997731818981
6614,Oceanicoccus_sagamiensis,bacteria,2000362.0,4472079.0,2.2356348500921333
6615,Oceanicola_sp,bacteria,1392355.0,4584085.5,3.2923252331481554
6616,Oceanihabitans_sediminis,bacteria,798275.0,2908142.0,3.6430327894522563
6617,Oceanimonas_baumannii,bacteria,369945.0,3809332.0,10.297022530376138
6618,Oceanimonas_doudoroffii,bacteria,1059740.0,3832938.0,3.6168664011927456
6619,Oceanimonas_sp,bacteria,1591947.0,3527244.0,2.215679290830662
6620,Oceaniovalibus_guishaninsula,bacteria,322304.0,2897133.0,8.988821112986498
6621,Oceaniradius_stylonematis,bacteria,771916.0,3581627.0,4.639918073987325
6622,Oceanisphaera_arctica,bacteria,202642.0,3541369.0,17.475987208969514
6623,Oceanisphaera_avium,bacteria,1269475.0,2902896.0,2.2866901671951005
6624,Oceanisphaera_profunda,bacteria,1471469.0,3508860.0,2.3845966173939104
6625,Oceanisphaera_psychrotolerans,bacteria,291613.0,3819538.0,13.097968883417407
6626,Oceanispirochaeta_sp,bacteria,256235.0,5884319.0,22.96454036333834
6627,Oceanithermus_profundus,bacteria,1105478.0,2439291.0,2.206548660398488
6628,Oceanobacillus_arenosus,bacteria,426287.0,4051086.0,9.503189165984418
6629,Oceanobacillus_bengalensis,bacteria,259276.0,4041242.0,15.586641262592758
6630,Oceanobacillus_caeni,bacteria,128840.0,3579090.0,27.77933871468488
6631,Oceanobacillus_chungangensis,bacteria,437178.0,4010023.0,9.172517830265933
6632,Oceanobacillus_halophilus,bacteria,550055.0,4081470.0,7.420112534201126
6633,Oceanobacillus_iheyensis,bacteria,1610179.5,3745575.5,2.3261850619760094
6634,Oceanobacillus_limi,bacteria,363131.0,3913837.0,10.778030517912269
6635,Oceanobacillus_oncorhynchi,bacteria,1930408.0,4608004.0,2.3870622168992255
6636,Oceanobacillus_picturae,bacteria,712443.5,3787949.5,5.3168419671173925
6637,Oceanobacillus_piezotolerans,bacteria,707214.0,3987417.0,5.63820427763025
6638,Oceanobacillus_profundus,bacteria,497778.0,4778684.0,9.600030535700654
6639,Oceanobacillus_sp,bacteria,703062.0,3840143.0,5.462026108650446
6640,Oceanobacillus_zhaokaii,bacteria,1681529.0,4103611.0,2.440404536585453
6641,Oceanobacter_sp,bacteria,202543.0,3879609.0,19.154495588591065
6642,Oceanococcus_atlanticus,bacteria,1073475.0,3652004.0,3.402039171848436
6643,Oceanospirillaceae_bacterium,bacteria,292476.5714285714,3927594.5714285714,13.42874936014411
6644,Oceanospirillales_bacterium,bacteria,46523.0,3301303.0,70.96066461750102
6645,Oceanospirillum_linum,bacteria,764521.0,3782189.0,4.9471355266892605
6646,Oceanospirillum_multiglobuliferum,bacteria,290073.0,3728987.0,12.855339862724211
6647,Oceanospirillum_sp,bacteria,67639.0,4047420.0,59.83855467999231
6648,Oceanotoga_teriensis,bacteria,248365.0,2793031.0,11.245670686288326
6649,Ochotona_princeps,ensembl,1012954.0,4781903803.0,4720.75119205808
6650,Ochrobactrum_quorumnocens,bacteria,1753851.0,5645291.0,3.2187973778844383
6651,Ochrobactrum_soli,bacteria,685207.0,5024120.0,7.332266015963059
6652,Ochrobactrum_sp,bacteria,826096.4444444445,4969555.111111111,6.015708147071339
6653,Ochrobactrum_teleogrylli,bacteria,632804.0,4760804.0,7.523346881498853
6654,Ocs116_cluster,bacteria,275565.0,3601390.0,13.069112550577904
6655,Octadecabacter_antarcticus,bacteria,2083462.0,4875481.0,2.340086356266637
6656,Octadecabacter_arcticus,bacteria,2322310.0,5478249.0,2.3589654266656908
6657,Octadecabacter_ascidiaceicola,bacteria,766557.0,3233060.0,4.217638088230882
6658,Octadecabacter_temperatus,bacteria,1493148.0,3264628.0,2.1864061700514617
6659,Octodon_degus,ensembl,10538368.0,2995872505.0,284.28239600287253
6660,Odoribacter_laneus,bacteria,869734.0,3625347.0,4.168339975210811
6661,Odoribacter_sp,bacteria,455814.75,4661865.25,10.227543645746435
6662,Odoribacter_splanchnicus,bacteria,571697.8,4508069.6,7.885406590684798
6663,Oenococcus_kitaharae,bacteria,837470.0,1842238.0,2.1997659617657948
6664,Oenococcus_oeni,bacteria,398660.3333333333,1857576.0,4.659545594787877
6665,Oenococcus_sicerae,bacteria,771190.0,1684519.0,2.18431125922276
6666,Oenococcus_sp,bacteria,493482.0,1835829.5,3.7201549397951696
6667,Oerskovia_enterophila,bacteria,259143.0,4535074.0,17.50027590943996
6668,Oerskovia_sp,bacteria,787207.0,4486924.0,5.699801958061856
6669,Oerskovia_turbata,bacteria,261553.0,4022330.0,15.378642187243122
6670,Oharaeibacter_diazotrophicus,bacteria,1157617.0,4991892.0,4.312213797827779
6671,Ohtaekwangia_koreensis,bacteria,2045468.0,7241272.0,3.5401541358750173
6672,Okeania_hirsuta,bacteria,103191.0,8786841.0,85.15123411925458
6673,Okibacterium_fritillariae,bacteria,1157404.0,3138231.0,2.711439566478084
6674,Olavius_algarvensis,bacteria,118044.0,2121330.0,17.970671952831147
6675,Olea_europaea,plants,16042752.5,1228377429.5,76.56899459740465
6676,Oleiagrimonas_soli,bacteria,585689.0,3377518.0,5.766743100860696
6677,Oleiagrimonas_sp,bacteria,639087.0,3401750.0,5.32282772142134
6678,Oleibacter_marinus,bacteria,526902.0,3859465.0,7.324825109792713
6679,Oleibacter_sp,bacteria,91364.0,6118559.0,66.96903594413554
6680,Oleidesulfovibrio_alaskensis,bacteria,1649223.0,3730232.0,2.261811774393154
6681,Oleiharenicola_lentus,bacteria,1823050.0,4713391.0,2.5854425276322646
6682,Oleiphilus_messinensis,bacteria,1690952.0,5012889.0,2.9645365450941243
6683,Oleiphilus_sp,bacteria,193234.33333333334,6205735.0,32.115074443292514
6684,Oleispira_antarctica,bacteria,1979006.0,4406383.0,2.2265637395743116
6685,Oleomonas_cavernae,bacteria,2192000.0,5643452.0,2.574567518248175
6686,Oligella_ureolytica,bacteria,1266954.0,2838494.0,2.2404080969001243
6687,Oligella_urethralis,bacteria,715538.0,2639797.5,3.6892485095131216
6688,Olivibacter_domesticus,bacteria,1442603.0,6780495.0,4.700180853637487
6689,Olleya_aquimaris,bacteria,1035422.0,3213222.5,3.10329749609338
6690,Olleya_namhaensis,bacteria,539336.0,3522968.0,6.532046813118353
6691,Olleya_sp,bacteria,1915106.0,4314320.0,2.252783919010227
6692,Olsenella_uli,bacteria,899932.0,2051896.0,2.2800567153962743
6693,Om182_bacterium,bacteria,144372.66666666666,2635083.6666666665,18.251956741580816
6694,Omnitrophica_bacterium,bacteria,103169.57142857143,2116744.0,20.517134758725923
6695,Omnitrophica_wor,bacteria,99335.0,2001877.4285714286,20.15279034148516
6696,Oncorhynchus_kisutch,ensembl,41225285.0,2375894934.0,57.6319832355313
6697,Oncorhynchus_mykiss,ensembl,43163758.0,2341671972.0,54.250882696543705
6698,Oncorhynchus_tshawytscha,ensembl,46601617.0,2294859190.0,49.244196612319264
6699,Onion_yellows,bacteria,342810.0,853092.0,2.488527172486217
6700,Opitutaceae_bacterium,bacteria,1451086.5714285714,5968192.571428572,4.112912826112767
6701,Opitutus_sp,bacteria,1310740.0,4932626.0,3.763237560462029
6702,Opitutus_terrae,bacteria,2642180.0,5957605.0,2.254806636943736
6703,Orbus_hercynius,bacteria,709273.0,2357783.0,3.324224945824809
6704,Orenia_marismortui,bacteria,223032.0,3358867.0,15.06002277700061
6705,Orenia_metallireducens,bacteria,220225.0,4216724.0,19.147344761039847
6706,Oreochromis_aureus,ensembl,28694664.0,1005575223.0,35.04397970995583
6707,Oreochromis_niloticus,ensembl,24775135.0,1005681550.0,40.592374168697766
6708,Oribacterium_asaccharolyticum,bacteria,748473.0,2520584.0,3.3676351718766075
6709,Oribacterium_parvum,bacteria,1076524.0,2470863.0,2.295223329902538
6710,Oribacterium_sinus,bacteria,653341.0,2706954.0,4.143248319024828
6711,Oribacterium_sp,bacteria,489424.3333333333,3211682.8333333335,6.562164188812299
6712,Oricola_cellulosilytica,bacteria,755096.0,3705661.0,4.907536260290082
6713,Oricola_sp,bacteria,741334.0,3632106.0,4.8994191551986015
6714,Orientia_tsutsugamushi,bacteria,789350.0,2068019.0,2.6199011845189077
6715,Ornatilinea_apprima,bacteria,361762.0,4338330.0,11.992221405233275
6716,Ornithinibacillus_halophilus,bacteria,272543.0,3463618.0,12.708519389600907
6717,Ornithinimicrobium_avium,bacteria,1779799.0,3918911.0,2.2018840329722624
6718,Ornithinimicrobium_pekingense,bacteria,610784.0,3778350.0,6.186065777754493
6719,Ornithinimicrobium_sp,bacteria,318184.0,3445055.0,10.827241470344203
6720,Ornithobacterium_rhinotracheale,bacteria,1057801.0,2326382.5,2.1992629048374885
6721,Ornithorhynchus_anatinus,ensembl,20893044.0,1858552590.0,88.95556769994836
6722,Orrella_dioscoreae,bacteria,2210388.0,4848101.0,2.193325787146872
6723,Orrella_marina,bacteria,1845755.0,4227194.0,2.290224867330713
6724,Oryctolagus_cuniculus,ensembl,19633526.0,2737490501.0,139.42938731433162
6725,Oryza_barthii,plants,16632796.0,308272304.0,18.53400378384969
6726,Oryza_brachyantha,plants,14465439.0,260838168.0,18.03181832227836
6727,Oryza_glaberrima,plants,13139872.0,316419574.0,24.080871868462644
6728,Oryza_glumipatula,plants,19273928.0,372860283.0,19.345318868058445
6729,Oryza_indica,plants,16821882.0,427004890.0,25.38389521457825
6730,Oryza_longistaminata,plants,656854.0,326442508.0,496.97879285198843
6731,Oryza_meridionalis,plants,20749612.0,335668232.0,16.177084757054736
6732,Oryza_nivara,plants,19301442.0,337950324.0,17.509071291150164
6733,Oryza_punctata,plants,18113057.0,393816603.0,21.74213899950737
6734,Oryza_rufipogon,plants,18554653.0,338040714.0,18.21864919812836
6735,Oryza_sativa,plants,19867045.0,395217915.75,19.89314041167169
6736,Oryzias_javanicus,ensembl,19706399.0,809679899.0,41.08715646120836
6737,Oryzias_latipes,ensembl,21458002.333333332,718701629.6666666,33.49340812356142
6738,Oryzias_melastigma,ensembl,18937379.0,779452910.0,41.15949255702175
6739,Oryzias_sinensis,ensembl,4290999.0,813986518.0,189.69627305902426
6740,Oryzisolibacter_propanilivorax,bacteria,557906.0,3715915.0,6.660467892440662
6741,Oscillatoria_acuminata,bacteria,3136743.0,7804270.0,2.4880170291286214
6742,Oscillatoria_nigro,bacteria,3159530.0,8272254.0,2.6181913132649477
6743,Oscillatoriales_cyanobacterium,bacteria,150021.0,4728968.333333333,31.522042469609808
6744,Oscillibacter_sp,bacteria,246198.875,2425942.625,9.8535894000328
6745,Oscillibacter_valericigenes,bacteria,1872120.0,4470622.0,2.3879997008738756
6746,Oscillochloris_trichoides,bacteria,1536934.0,4373075.0,2.845323872072581
6747,Oscillospiraceae_bacterium,bacteria,284494.1111111111,2307547.0,8.111053655865557
6748,Osedax_symbiont,bacteria,101026.5,4577548.0,45.310369061582854
6749,Ostreococcus_lucimarinus,plants,1000606.0,13204888.0,13.196890684245348
6750,Otariodibacter_oris,bacteria,504840.0,1997501.0,3.9567011330322477
6751,Otolemur_garnettii,ensembl,11270868.0,2519404493.0,223.53242829212445
6752,Ottowia_oryzae,bacteria,1706493.0,3901011.0,2.285981249263841
6753,Ottowia_sp,bacteria,1211736.0,2925783.0,2.414538315276595
6754,Otus_sunia,ensembl,11006177.0,1231433939.0,111.88571099665215
6755,Ovis_aries,ensembl,30804116.5,2623600646.5,85.17045591942232
6756,Owenweeksia_hongkongensis,bacteria,1836760.0,4000057.0,2.177778806158671
6757,Owenweeksia_sp,bacteria,364438.0,3090474.5,8.480110471465654
6758,Oxalobacter_formigenes,bacteria,999798.0,2462576.0,2.4630735408552527
6759,Oxalobacter_sp,bacteria,341947.0,2320689.0,6.786692089709809
6760,Oxalobacteraceae_bacterium,bacteria,340045.8333333333,4159668.6666666665,12.232670595875556
6761,Oxobacter_pfennigii,bacteria,482364.0,4510552.0,9.350930003068223
6762,Pacificibacter_marinus,bacteria,525087.0,3914648.0,7.455236941687758
6763,Pacificibacter_maritimus,bacteria,861808.0,3084248.0,3.578811057683382
6764,Pacificimonas_flava,bacteria,986255.5,3303179.5,3.349212754707071
6765,Pacificitalea_manganoxidans,bacteria,1547701.0,3956796.0,2.5565635739719754
6766,Paenarthrobacter_aurescens,bacteria,2217844.0,5226648.0,2.356634641570823
6767,Paenarthrobacter_nicotinovorans,bacteria,696516.0,4409458.0,6.330734685204647
6768,Paenarthrobacter_ureafaciens,bacteria,1607231.0,4401812.0,2.738755038945864
6769,Paenibacillaceae_bacterium,bacteria,982210.6666666666,5661919.0,5.764464989180868
6770,Paenibacillus_agaridevorans,bacteria,477159.0,8694911.0,18.222250863967776
6771,Paenibacillus_albiflavus,bacteria,471708.0,5070245.0,10.74869410737151
6772,Paenibacillus_albus,bacteria,2953106.0,6632345.0,2.2458878888871583
6773,Paenibacillus_algicola,bacteria,1961914.0,4475055.0,2.280963895461269
6774,Paenibacillus_algorifonticola,bacteria,786283.0,7468281.0,9.498209932047367
6775,Paenibacillus_alvei,bacteria,1411507.6666666667,6746382.333333333,4.77955769752579
6776,Paenibacillus_amylolyticus,bacteria,1488525.0,6874714.25,4.618474160662401
6777,Paenibacillus_anaericanus,bacteria,385087.0,6069163.0,15.760498277012728
6778,Paenibacillus_antarcticus,bacteria,460077.0,5372668.0,11.677758288286526
6779,Paenibacillus_antri,bacteria,598682.0,7182231.0,11.996737834108925
6780,Paenibacillus_aquistagni,bacteria,1121300.0,5386342.0,4.803658253812539
6781,Paenibacillus_baekrokdamisoli,bacteria,3157938.0,7261317.0,2.2993855484179866
6782,Paenibacillus_barcinonensis,bacteria,519998.0,6261136.0,12.040692464201785
6783,Paenibacillus_barengoltzii,bacteria,1351722.0,4781233.0,3.537142252622951
6784,Paenibacillus_beijingensis,bacteria,2472453.0,5749967.0,2.3256122563300496
6785,Paenibacillus_borealis,bacteria,1922870.5,7920637.5,4.119173652099817
6786,Paenibacillus_bovis,bacteria,2269809.0,5517199.0,2.4306886614688725
6787,Paenibacillus_catalpae,bacteria,1326110.0,6620053.0,4.992084367058539
6788,Paenibacillus_cellulosilyticus,bacteria,556276.0,6962125.0,12.515594776693584
6789,Paenibacillus_chitinolyticus,bacteria,2804554.0,6509090.0,2.3209002215682064
6790,Paenibacillus_contaminans,bacteria,729914.0,10232629.0,14.018951547716581
6791,Paenibacillus_crassostreae,bacteria,755803.0,4645560.0,6.146522308061757
6792,Paenibacillus_curdlanolyticus,bacteria,602436.0,5452778.0,9.051215398814147
6793,Paenibacillus_darwinianus,bacteria,134960.0,3004450.0,22.261781268524008
6794,Paenibacillus_dendritiformis,bacteria,501786.0,6632430.666666667,13.217647895052208
6795,Paenibacillus_donghaensis,bacteria,3608037.0,8542333.0,2.3675846450576863
6796,Paenibacillus_durus,bacteria,2517571.5,5814491.0,2.3095634026680076
6797,Paenibacillus_elgii,bacteria,487384.5,7791721.0,15.98680507894691
6798,Paenibacillus_etheri,bacteria,748749.0,6634505.0,8.86078645847941
6799,Paenibacillus_ferrarius,bacteria,444756.0,9184342.0,20.650293644155447
6800,Paenibacillus_flagellatus,bacteria,759758.0,7244097.0,9.534742641735921
6801,Paenibacillus_ginsengarvi,bacteria,515193.0,8283483.0,16.0784075094188
6802,Paenibacillus_glacialis,bacteria,512146.0,5709291.0,11.147780125198674
6803,Paenibacillus_glucanolyticus,bacteria,2600035.0,7039886.0,2.707612012915211
6804,Paenibacillus_graminis,bacteria,3088970.0,7166464.0,2.320017352062338
6805,Paenibacillus_hemerocallicola,bacteria,279618.0,9652120.0,34.5189508543799
6806,Paenibacillus_herberti,bacteria,1719897.0,5414232.0,3.1479978161482927
6807,Paenibacillus_ihbetae,bacteria,2813090.0,6593819.0,2.3439772634362925
6808,Paenibacillus_illinoisensis,bacteria,875506.0,7109109.0,8.120000319815055
6809,Paenibacillus_jamilae,bacteria,421496.0,5505364.0,13.06148575549946
6810,Paenibacillus_jilunlii,bacteria,705176.0,7032114.0,9.972140288381908
6811,Paenibacillus_kribbensis,bacteria,2505666.0,5778702.0,2.3062539061471083
6812,Paenibacillus_lactis,bacteria,751333.0,6805951.0,9.058501356921631
6813,Paenibacillus_larvae,bacteria,1565929.1666666667,4488170.666666667,2.866139006926133
6814,Paenibacillus_lautus,bacteria,1428399.0,7167238.0,5.017672233038528
6815,Paenibacillus_lentus,bacteria,2280921.0,5288676.0,2.318658120995861
6816,Paenibacillus_lutimineralis,bacteria,2802093.0,6497679.0,2.31886629030514
6817,Paenibacillus_macerans,bacteria,1405004.3333333333,7604551.0,5.412475121666292
6818,Paenibacillus_macquariensis,bacteria,494868.3333333333,6184383.0,12.497027155371294
6819,Paenibacillus_montanisoli,bacteria,1526078.0,6172437.0,4.044640575383434
6820,Paenibacillus_mucilaginosus,bacteria,3733055.6666666665,8740689.666666666,2.3414303045931897
6821,Paenibacillus_nanensis,bacteria,666467.0,6118890.0,9.181084734878096
6822,Paenibacillus_naphthalenovorans,bacteria,1404094.0,5079530.5,3.6176570087187896
6823,Paenibacillus_odorifer,bacteria,429521.0,7117858.333333333,16.571618927440877
6824,Paenibacillus_oralis,bacteria,3335520.0,8108289.0,2.430892034825155
6825,Paenibacillus_oryzae,bacteria,428867.0,5905968.0,13.771094535135601
6826,Paenibacillus_pabuli,bacteria,849846.0,7114510.0,8.371528488690892
6827,Paenibacillus_paeoniae,bacteria,1588122.0,5788211.0,3.644689135973181
6828,Paenibacillus_pasadenensis,bacteria,2013785.0,5753219.0,2.85691819136601
6829,Paenibacillus_pectinilyticus,bacteria,1106472.0,7877932.0,7.119865663116645
6830,Paenibacillus_peoriae,bacteria,1644521.5,6041198.5,3.6735296558907864
6831,Paenibacillus_pini,bacteria,526030.0,4961801.0,9.432543771267799
6832,Paenibacillus_pinisoli,bacteria,1210685.0,5962315.0,4.924745082329425
6833,Paenibacillus_piri,bacteria,801600.0,7972962.0,9.946309880239522
6834,Paenibacillus_polymyxa,bacteria,1677494.3636363635,5589347.0,3.3319617169286793
6835,Paenibacillus_polysaccharolyticus,bacteria,506416.0,6495147.0,12.8257144324034
6836,Paenibacillus_popilliae,bacteria,123287.0,3833720.0,31.095898188779028
6837,Paenibacillus_prosopidis,bacteria,492875.0,6635990.0,13.46383971595232
6838,Paenibacillus_protaetiae,bacteria,1869851.0,4228822.0,2.261582339983239
6839,Paenibacillus_rhizophilus,bacteria,723402.0,5205297.0,7.195580050926041
6840,Paenibacillus_rhizosphaerae,bacteria,1388821.0,7772540.0,5.596502357035212
6841,Paenibacillus_rigui,bacteria,509721.0,7172832.0,14.072074723230944
6842,Paenibacillus_riograndensis,bacteria,1856101.5,7650537.0,4.121831160634265
6843,Paenibacillus_sabinae,bacteria,2289777.0,5270569.0,2.301782662678505
6844,Paenibacillus_sambharensis,bacteria,500681.0,5661449.0,11.307497188828815
6845,Paenibacillus_selenitireducens,bacteria,711926.0,6890642.0,9.678873927908239
6846,Paenibacillus_silvae,bacteria,230109.0,6796208.0,29.53473353932267
6847,Paenibacillus_solani,bacteria,1894880.0,6198757.0,3.2713190281178757
6848,Paenibacillus_sophorae,bacteria,560748.0,5807033.0,10.355869303145084
6849,Paenibacillus_sp,bacteria,1077023.188118812,6814072.00990099,6.326764442094161
6850,Paenibacillus_stellifer,bacteria,2435157.0,5658798.0,2.323791854077581
6851,Paenibacillus_swuensis,bacteria,2255269.0,5012599.0,2.222616902906039
6852,Paenibacillus_taichungensis,bacteria,791781.0,7037253.5,8.887878718989215
6853,Paenibacillus_taihuensis,bacteria,330002.0,6788771.0,20.57190865509906
6854,Paenibacillus_terrae,bacteria,1262790.3333333333,5952677.0,4.71390763998563
6855,Paenibacillus_thalictri,bacteria,508807.0,9419252.0,18.512426126212887
6856,Paenibacillus_thiaminolyticus,bacteria,1234863.5,6534866.5,5.291974781018307
6857,Paenibacillus_tianmuensis,bacteria,270086.0,6029601.0,22.32474471094392
6858,Paenibacillus_typhae,bacteria,389269.0,6740451.0,17.31566346151376
6859,Paenibacillus_tyrfis,bacteria,549043.0,8033195.0,14.631267496352745
6860,Paenibacillus_uliginis,bacteria,2712407.0,6452185.0,2.378767272020755
6861,Paenibacillus_vortex,bacteria,532453.0,6385945.0,11.993443552764282
6862,Paenibacillus_whitsoniae,bacteria,347626.0,7421650.0,21.349525064293235
6863,Paenibacillus_wynnii,bacteria,1962549.0,5988861.0,3.0515727250631706
6864,Paenibacillus_xylanexedens,bacteria,2364838.0,7226346.0,3.0557467361400654
6865,Paenibacillus_xylanivorans,bacteria,547749.0,7087286.0,12.938930057380297
6866,Paenibacillus_yonginensis,bacteria,2156779.0,4985901.0,2.3117347674471977
6867,Paenibacillus_zeisoli,bacteria,856355.0,4401636.0,5.139966485861588
6868,Paeniclostridium_sordellii,bacteria,817338.6,3544830.2,4.3370399978662455
6869,Paeniglutamicibacter_gangotriensis,bacteria,530510.0,4319900.0,8.142919077868466
6870,Paenirhodobacter_enshiensis,bacteria,369111.0,3439591.0,9.318581673263598
6871,Paenisporosarcina_antarctica,bacteria,1616530.0,3972524.0,2.4574390824791372
6872,Paenisporosarcina_cavernae,bacteria,1124718.0,2537131.0,2.255793007669478
6873,Paenisporosarcina_quisquiliarum,bacteria,651558.0,4033490.0,6.190531004146983
6874,Paenisporosarcina_sp,bacteria,803804.0,3771515.0,4.6920828958303264
6875,Palaeococcus_pacificus,bacteria,856387.0,1859370.0,2.1711796185603003
6876,Palleronia_abyssalis,bacteria,643341.0,4404602.0,6.8464500163987685
6877,Palleronia_marisminoris,bacteria,557029.0,3750464.0,6.732977995759646
6878,Palleronia_sediminis,bacteria,340739.0,3397122.0,9.969865498225914
6879,Paludibacter_jiangxiensis,bacteria,1030770.0,3664884.0,3.555481824267295
6880,Paludibacter_propionicigenes,bacteria,1619353.0,3685504.0,2.275911428823734
6881,Paludibacter_sp,bacteria,466726.0,4182621.0,8.961619879758144
6882,Paludibacterium_purpuratum,bacteria,378442.0,4036026.0,10.664846925024179
6883,Paludifilum_halophilum,bacteria,486983.0,3789765.0,7.78212997168279
6884,Paludisphaera_borealis,bacteria,3264177.0,7651896.0,2.3442037610092834
6885,Pan_paniscus,ensembl,26129673.0,3286643896.0,125.78205230505563
6886,Pan_troglodytes,ensembl,30200052.0,3231170666.0,106.9922219339225
6887,Panacagrimonas_perspica,bacteria,1040664.5,5394127.0,5.183348716132817
6888,Pandoraea_apista,bacteria,525812.5,5609125.0,10.66753833353144
6889,Pandoraea_faecigallinarum,bacteria,2404660.0,5732664.0,2.3839811033576472
6890,Pandoraea_fibrosis,bacteria,349430.0,5574850.0,15.954125289757606
6891,Pandoraea_norimbergensis,bacteria,2738401.0,6167370.0,2.252179282727402
6892,Pandoraea_oxalativorans,bacteria,2631572.0,6500731.0,2.470284301550556
6893,Pandoraea_pnomenusa,bacteria,2393701.0,5473255.0,2.2865240896837156
6894,Pandoraea_pulmonicola,bacteria,2525171.0,5867459.0,2.323588778740133
6895,Pandoraea_sp,bacteria,981881.25,5517969.25,5.619792872101387
6896,Pandoraea_sputorum,bacteria,2534154.0,5743123.0,2.2662880787828996
6897,Pandoraea_thiooxydans,bacteria,2007834.0,4464186.0,2.2233840048529907
6898,Pandoraea_vervacti,bacteria,2484235.0,5736282.0,2.309073819505804
6899,Panicum_hallii,plants,25053969.0,511681391.5,20.423166944127694
6900,Pannonibacter_indicus,bacteria,551090.0,4170676.0,7.568048776061986
6901,Pannonibacter_phragmitetus,bacteria,2253032.0,5253594.0,2.3317884521835466
6902,Panthera_leo,ensembl,17580757.0,2406807619.0,136.90011294735487
6903,Panthera_pardus,ensembl,14877837.0,2578019207.0,173.2791673278851
6904,Panthera_tigris,ensembl,9368388.0,2391065193.0,255.2269603906243
6905,Pantoea_agglomerans,bacteria,1072926.111111111,4853778.666666667,4.5238703918205
6906,Pantoea_alhagi,bacteria,1865206.0,4316301.0,2.3141149020537144
6907,Pantoea_allii,bacteria,394918.0,4785275.5,12.117136975270816
6908,Pantoea_ananatis,bacteria,1452831.75,4820718.0,3.3181529795174147
6909,Pantoea_anthophila,bacteria,859389.0,4600679.0,5.353430169573965
6910,Pantoea_beijingensis,bacteria,445596.0,4058613.0,9.108279697304285
6911,Pantoea_coffeiphila,bacteria,493665.0,5876876.0,11.90458306746478
6912,Pantoea_conspicua,bacteria,201720.0,4308858.0,21.360588935157644
6913,Pantoea_cypripedii,bacteria,2443976.0,6553825.0,2.681624123968484
6914,Pantoea_deleyi,bacteria,79608.0,4613848.0,57.95708973972465
6915,Pantoea_dispersa,bacteria,1618021.0,5132108.0,3.1718426398668496
6916,Pantoea_latae,bacteria,351133.0,4960415.0,14.126883545551117
6917,Pantoea_rodasii,bacteria,498853.0,5714175.0,11.45462691414104
6918,Pantoea_rwandensis,bacteria,503098.0,5775402.0,11.479675927950419
6919,Pantoea_sesami,bacteria,653030.0,4911511.0,7.52111082186117
6920,Pantoea_sp,bacteria,790116.6666666666,5006374.19047619,6.336246786942254
6921,Pantoea_stewartii,bacteria,438013.0,5233214.0,11.947622559147788
6922,Pantoea_vagans,bacteria,1934580.5,4747670.75,2.454108655597428
6923,Pantoea_wallisii,bacteria,147730.0,4653282.0,31.49855818046436
6924,Papaver_somniferum,plants,39206642.0,2715377404.0,69.25809672759019
6925,Papillibacter_cinnamivorans,bacteria,467972.0,2890610.0,6.176886651338115
6926,Papio_anubis,ensembl,23607052.0,2869821163.0,121.56626600390426
6927,Parabacteroides_acidifaciens,bacteria,199634.0,5101196.0,25.552741516976067
6928,Parabacteroides_chartae,bacteria,310368.0,3915786.0,12.616590627899784
6929,Parabacteroides_chinchillae,bacteria,332110.0,3571001.0,10.75246454487971
6930,Parabacteroides_distasonis,bacteria,626054.8620689656,5125411.827586207,8.18684134270264
6931,Parabacteroides_goldsteinii,bacteria,1397025.0,6783395.0,4.85560029348079
6932,Parabacteroides_gordonii,bacteria,2518019.0,6793348.0,2.697893860213128
6933,Parabacteroides_johnsonii,bacteria,884109.3333333334,4621700.333333333,5.227521256797801
6934,Parabacteroides_merdae,bacteria,438828.0,4640867.1875,10.575594965453435
6935,Parabacteroides_sp,bacteria,631389.7826086957,5407741.043478261,8.564821909431677
6936,Paraburkholderia_acidicola,bacteria,1938569.0,7170935.0,3.6990868006245843
6937,Paraburkholderia_aromaticivorans,bacteria,2766096.0,8907716.0,3.2203206251699146
6938,Paraburkholderia_aspalathi,bacteria,547830.0,9892286.0,18.05721848018546
6939,Paraburkholderia_atlantica,bacteria,2372703.0,7884858.0,3.323154225370811
6940,Paraburkholderia_bryophila,bacteria,642080.0,8014697.0,12.482396274607526
6941,Paraburkholderia_caballeronis,bacteria,707882.0,7066941.0,9.983218954571525
6942,Paraburkholderia_caffeinilytica,bacteria,2862757.0,8324638.0,2.9079094034177544
6943,Paraburkholderia_caledonica,bacteria,2446410.0,7211159.0,2.947649412813061
6944,Paraburkholderia_caribensis,bacteria,1866732.0,9336123.333333334,5.00131959667126
6945,Paraburkholderia_diazotrophica,bacteria,476362.0,8688577.0,18.239441853044532
6946,Paraburkholderia_dinghuensis,bacteria,495820.0,6096551.0,12.295895687951273
6947,Paraburkholderia_eburnea,bacteria,755088.0,6947977.0,9.201546044964296
6948,Paraburkholderia_fungorum,bacteria,2018753.6666666667,8824719.0,4.3713698930742915
6949,Paraburkholderia_ginsengiterrae,bacteria,414961.0,8533041.0,20.563477049650448
6950,Paraburkholderia_graminis,bacteria,591296.0,7477263.0,12.645549775408593
6951,Paraburkholderia_guartelaensis,bacteria,465464.0,9532701.0,20.479996304762558
6952,Paraburkholderia_hospita,bacteria,323397.5,11249077.5,34.784058318323424
6953,Paraburkholderia_humi,bacteria,449606.0,7619203.0,16.946399736658318
6954,Paraburkholderia_insulsa,bacteria,607840.0,9620907.0,15.828025467228217
6955,Paraburkholderia_lacunae,bacteria,484138.0,8405011.0,17.360775233507802
6956,Paraburkholderia_lycopersici,bacteria,472348.0,7151601.0,15.140534097741496
6957,Paraburkholderia_megapolitana,bacteria,1074921.0,7607319.0,7.077095898210194
6958,Paraburkholderia_monticola,bacteria,805660.0,7845380.0,9.737829853784476
6959,Paraburkholderia_pallida,bacteria,2544046.0,10394431.0,4.085787363907728
6960,Paraburkholderia_phenazinium,bacteria,2420261.25,8758708.5,3.618910355235411
6961,Paraburkholderia_phenoliruptrix,bacteria,2570062.0,7651131.0,2.977021955112367
6962,Paraburkholderia_phymatum,bacteria,2468868.0,8676562.0,3.5143887806071445
6963,Paraburkholderia_phytofirmans,bacteria,2815203.0,8394774.0,2.9819426876143567
6964,Paraburkholderia_piptadeniae,bacteria,331944.0,9710046.0,29.252060588533006
6965,Paraburkholderia_rhizosphaerae,bacteria,443239.0,7502960.0,16.92757180663254
6966,Paraburkholderia_rhynchosiae,bacteria,469658.0,8029899.0,17.09733252707289
6967,Paraburkholderia_ribeironis,bacteria,267265.0,7279154.0,27.23571735917535
6968,Paraburkholderia_sacchari,bacteria,500731.0,7263741.0,14.506273827663955
6969,Paraburkholderia_sartisoli,bacteria,1066447.0,5930529.0,5.561016159265299
6970,Paraburkholderia_sediminicola,bacteria,3420793.0,10935592.0,3.1968002740884933
6971,Paraburkholderia_silvatlantica,bacteria,433572.0,8087491.0,18.65316717869235
6972,Paraburkholderia_silviterrae,bacteria,744463.0,9169988.0,12.317587307898444
6973,Paraburkholderia_soli,bacteria,423590.0,6096209.0,14.391767983191293
6974,Paraburkholderia_sordidicola,bacteria,643060.0,6874511.0,10.690310390943303
6975,Paraburkholderia_sp,bacteria,1961413.894736842,8573411.105263159,4.371036183779779
6976,Paraburkholderia_sprentiae,bacteria,2400955.0,7829542.0,3.261011555818414
6977,Paraburkholderia_susongensis,bacteria,930916.0,7718996.0,8.291828693458916
6978,Paraburkholderia_symbiotica,bacteria,596901.0,6878408.5,11.523533215725891
6979,Paraburkholderia_terrae,bacteria,2697550.0,10062489.0,3.730232618487146
6980,Paraburkholderia_terricola,bacteria,325851.0,7321401.0,22.46855464614195
6981,Paraburkholderia_tropica,bacteria,475186.3333333333,9230704.333333334,19.425441528551257
6982,Paraburkholderia_tuberum,bacteria,2582199.0,8977308.0,3.476613537531383
6983,Paraburkholderia_unamae,bacteria,550605.0,9831033.0,17.854964993053095
6984,Paraburkholderia_xenovorans,bacteria,3133620.0,9731138.0,3.105398229523682
6985,Paracandidimonas_soli,bacteria,647501.0,3892807.0,6.0120478578411465
6986,Parachlamydia_acanthamoebae,bacteria,727356.0,3040634.0,4.180393094990624
6987,Parachlamydia_sp,bacteria,247104.0,3042961.0,12.314495111370112
6988,Paracidobacterium_acidisoli,bacteria,822235.0,5004050.0,6.085912178391823
6989,Paraclostridium_benzoelyticum,bacteria,76428.0,3555957.0,46.52688805149945
6990,Paraclostridium_bifermentans,bacteria,736823.3333333334,3554110.0,4.823557885879473
6991,Paracoccus_aestuarii,bacteria,108491.0,3747355.0,34.540699228507435
6992,Paracoccus_alcaliphilus,bacteria,221828.0,4610056.0,20.782119479957444
6993,Paracoccus_alkanivorans,bacteria,748730.0,4662693.0,6.227469181146742
6994,Paracoccus_alkenifer,bacteria,714766.0,3191900.0,4.465657292036834
6995,Paracoccus_aminophilus,bacteria,1803256.0,4873118.0,2.702399437462013
6996,Paracoccus_aminovorans,bacteria,236238.0,3946204.0,16.704357470009057
6997,Paracoccus_chinensis,bacteria,358121.0,3632870.0,10.144252920102424
6998,Paracoccus_contaminans,bacteria,1341523.0,3033494.0,2.2612314511193623
6999,Paracoccus_denitrificans,bacteria,1034865.0,4166172.0,4.025812062442927
7000,Paracoccus_gahaiensis,bacteria,453252.0,4182080.0,9.226831872777174
7001,Paracoccus_haematequi,bacteria,251450.0,4103082.0,16.317685424537682
7002,Paracoccus_haeundaensis,bacteria,215944.0,4104828.0,19.008761530767234
7003,Paracoccus_halophilus,bacteria,295950.5,4010780.0,13.552198762968807
7004,Paracoccus_hibiscisoli,bacteria,224748.0,3958688.0,17.613896452916155
7005,Paracoccus_homiensis,bacteria,427561.0,3868263.0,9.047277464502141
7006,Paracoccus_isoporae,bacteria,566964.0,3523473.0,6.214632675090482
7007,Paracoccus_jeotgali,bacteria,1460863.0,3299166.0,2.258367827783988
7008,Paracoccus_liaowanqingii,bacteria,1616787.0,4925228.0,3.0463060378392455
7009,Paracoccus_lutimaris,bacteria,395491.0,4206165.0,10.63529890692835
7010,Paracoccus_marcusii,bacteria,82542.0,3673154.0,44.500424026556175
7011,Paracoccus_onubensis,bacteria,446045.0,4764139.0,10.680848344897937
7012,Paracoccus_pantotrophus,bacteria,760523.3333333334,4696655.666666667,6.1755576204105065
7013,Paracoccus_salipaludis,bacteria,446874.0,3674522.0,8.222724973930012
7014,Paracoccus_saliphilus,bacteria,517064.0,4570660.0,8.839640740798044
7015,Paracoccus_sanguinis,bacteria,511412.5,3620649.5,7.079704739324909
7016,Paracoccus_sediminis,bacteria,489263.0,3645751.0,7.451515851392809
7017,Paracoccus_seriniphilus,bacteria,445887.0,4195486.0,9.409303253963449
7018,Paracoccus_siganidrum,bacteria,76740.0,4906790.0,63.940448266875165
7019,Paracoccus_solventivorans,bacteria,533376.0,3377602.0,6.332497150227982
7020,Paracoccus_sp,bacteria,512839.55555555556,4010651.222222222,7.820479482861869
7021,Paracoccus_sphaerophysae,bacteria,157343.0,3358707.0,21.34640244561245
7022,Paracoccus_subflavus,bacteria,467442.0,3183584.0,6.810650305278516
7023,Paracoccus_suum,bacteria,1492135.0,3250998.0,2.1787559436646147
7024,Paracoccus_tegillarcae,bacteria,1753543.0,3954736.0,2.255283161006032
7025,Paracoccus_thiocyanatus,bacteria,75063.0,3530182.0,47.02958847901096
7026,Paracoccus_tibetensis,bacteria,448162.0,3911405.0,8.727658748399016
7027,Paracoccus_versutus,bacteria,668637.3333333334,5348232.333333333,7.998704330000518
7028,Paracoccus_yeei,bacteria,1749984.3333333333,4706228.0,2.6892972184703368
7029,Paracoccus_zhejiangensis,bacteria,1935746.0,4637247.0,2.3955865077339693
7030,Paracraurococcus_sp,bacteria,363791.0,5942589.0,16.33517321758922
7031,Paradesulfovibrio_bizertensis,bacteria,505424.0,3266412.0,6.462716451929469
7032,Parafilimonas_terrae,bacteria,710833.0,4985410.0,7.01347573902731
7033,Paraflavitalea_soli,bacteria,3784696.0,8443189.0,2.230876403283117
7034,Parageobacillus_caldoxylosilyticus,bacteria,205469.5,3874172.5,18.85521938779235
7035,Parageobacillus_galactosidasius,bacteria,1358202.0,3794830.0,2.7940100220732997
7036,Parageobacillus_genomosp,bacteria,1570653.0,3622385.0,2.3062923510157876
7037,Parageobacillus_thermantarcticus,bacteria,256818.0,3448881.0,13.429280657897811
7038,Parageobacillus_thermoglucosidasius,bacteria,688501.0,3980222.5,5.780997413220896
7039,Parageobacillus_toebii,bacteria,575340.3333333334,3363165.6666666665,5.845523895711581
7040,Paraglaciecola_agarilytica,bacteria,267801.0,5654924.0,21.1161422100739
7041,Paraglaciecola_arctica,bacteria,369711.0,5964456.0,16.132752338989103
7042,Paraglaciecola_hydrolytica,bacteria,932801.0,5221450.0,5.597603347337749
7043,Paraglaciecola_mesophila,bacteria,302168.0,5055761.0,16.731622805856343
7044,Paraglaciecola_polaris,bacteria,301092.0,5239503.0,17.40166792873939
7045,Paraglaciecola_psychrophila,bacteria,2252565.0,5413691.0,2.403345075502816
7046,Paraglaciecola_sp,bacteria,839821.0,6478889.0,7.714607041262364
7047,Paralcaligenes_ureilyticus,bacteria,466078.0,4367788.0,9.371367024403641
7048,Paraliobacillus_ryukyuensis,bacteria,517218.0,3095919.0,5.985713954270733
7049,Paraliobacillus_sp,bacteria,1074297.0,2925430.0,2.723111020509226
7050,Paramaledivibacter_caminithermalis,bacteria,175663.0,4060624.0,23.11598913829321
7051,Parambassis_ranga,ensembl,17305945.0,551012959.0,31.83951867407414
7052,Paramecium_tetraurelia,protists,915357.0,72094543.0,78.76112052456037
7053,Paramesorhizobium_deserti,bacteria,998143.0,5482214.0,5.492413411705537
7054,Paramormyrops_kingsleyae,ensembl,4887739.0,799421083.0,163.5564180084084
7055,Paramuribaculum_intestinale,bacteria,207203.0,2929043.0,14.13610324174843
7056,Paraoerskovia_marina,bacteria,1377679.0,2986943.0,2.1680979386344714
7057,Parapedobacter_composti,bacteria,526137.0,4622024.0,8.78482980668533
7058,Parapedobacter_indicus,bacteria,750484.0,6155226.0,8.201675185613551
7059,Parapedobacter_koreensis,bacteria,833933.0,5547756.0,6.652520046574485
7060,Parapedobacter_luteus,bacteria,705071.0,4829924.0,6.850266143409671
7061,Parapedobacter_sp,bacteria,29448.0,5478545.0,186.04132708503124
7062,Paraperlucidibaca_baekdonensis,bacteria,608707.0,2295583.0,3.7712446217966935
7063,Paraphotobacterium_marinum,bacteria,905317.0,2593992.0,2.865285861195581
7064,Paraprevotella_clara,bacteria,310044.3333333333,4174996.3333333335,13.465804352710851
7065,Paraprevotella_xylaniphila,bacteria,247183.0,3789812.0,15.332009078294218
7066,Pararcticibacter_amylolyticus,bacteria,481451.0,6314794.0,13.116171739180103
7067,Pararheinheimera_mesophila,bacteria,1094888.0,3817161.0,3.486348375358941
7068,Pararhizobium_polonicum,bacteria,641957.0,6265340.0,9.759750263646943
7069,Pararhodobacter_aggregans,bacteria,635278.0,5079942.0,7.996407871829341
7070,Pararhodobacter_marinus,bacteria,480634.0,4486134.0,9.333784126799186
7071,Pararhodobacter_oceanensis,bacteria,726081.0,4085976.0,5.6274382610204645
7072,Pararhodospirillum_photometricum,bacteria,1695752.0,3876289.0,2.2858820157664566
7073,Pararobbsia_silviterrae,bacteria,823284.0,6642683.0,8.068519490236662
7074,Parasaccharibacter_apium,bacteria,329024.0,1931163.5,5.869369711631978
7075,Parascardovia_denticolens,bacteria,646327.3333333334,1908495.6666666667,2.9528314342268263
7076,Parasedimentitalea_marina,bacteria,2042236.0,5080916.0,2.4879181446218754
7077,Parashewanella_curva,bacteria,179073.0,4777953.0,26.681593540064668
7078,Parashewanella_spongiae,bacteria,83329.0,4967072.0,59.60796361410793
7079,Parasphingopyxis_lamellibrachiae,bacteria,1334374.0,2947125.0,2.208619922150761
7080,Parasphingorhabdus_marina,bacteria,1302552.0,3547928.0,2.723828300136962
7081,Parasporobacterium_paucivorans,bacteria,187493.0,2443757.0,13.033857264004522
7082,Parasulfuritortus_cantonensis,bacteria,230751.0,3221998.0,13.96309441779234
7083,Parasutterella_excrementihominis,bacteria,147413.0,2831696.0,19.20926919606819
7084,Parasynechococcus_marenigrum,bacteria,1105294.0,2434428.0,2.2025162535940663
7085,Paraurantiacibacter_namhicola,bacteria,1203671.0,2591679.0,2.153145668542318
7086,Parcubacteria_group,bacteria,76404.0,1288393.0,16.862899848175488
7087,Paremcibacter_congregatus,bacteria,655392.0,4148618.0,6.329979615253161
7088,Parendozoicomonas_haliclonae,bacteria,639868.0,5467208.0,8.544274756668562
7089,Parenemella_sanctibonifatiensis,bacteria,530914.0,3037313.0,5.7209133682668005
7090,Paroceanicella_profunda,bacteria,1929831.0,5468583.0,2.833710827528421
7091,Parus_major,ensembl,16214406.0,1020310768.0,62.92618847708636
7092,Parvibacter_caecicola,bacteria,519510.0,2412878.0,4.644526573116976
7093,Parvibaculum_lavamentivorans,bacteria,1767474.0,3914745.0,2.214881237291185
7094,Parvibaculum_sp,bacteria,459264.3333333333,4032584.0,8.780529440924726
7095,Parvibium_lacunae,bacteria,661980.0,2634037.0,3.979028067313212
7096,Parvimonas_micra,bacteria,650180.0,1664248.0,2.5596727060198714
7097,Parvimonas_sp,bacteria,408721.6666666667,1526413.6666666667,3.734604233524852
7098,Parvularcula_bermudensis,bacteria,1323229.0,2902643.0,2.1936059442469897
7099,Parvularcula_marina,bacteria,1462281.0,3400641.0,2.325572855012135
7100,Parvularcula_sp,bacteria,120996.5,3476485.0,28.732112085886783
7101,Pasteurella_bettyae,bacteria,232384.0,2253160.0,9.695848251170476
7102,Pasteurella_caecimuris,bacteria,316272.0,2582460.0,8.165313401123084
7103,Pasteurella_canis,bacteria,988680.0,2344458.0,2.3713011287777643
7104,Pasteurella_dagmatis,bacteria,586598.0,2263252.0,3.858267501764411
7105,Pasteurella_langaaensis,bacteria,253049.0,1989693.0,7.862876359914483
7106,Pasteurella_multocida,bacteria,936737.3333333334,2365625.3333333335,2.525388120184527
7107,Pasteurella_skyensis,bacteria,160651.0,2191244.0,13.63977815264144
7108,Pasteurella_testudinis,bacteria,292066.0,2918733.0,9.993402176220444
7109,Pasteurellaceae_bacterium,bacteria,261420.29411764705,2620829.470588235,10.025348182833818
7110,Paucibacter_aquatile,bacteria,2053420.0,5523543.0,2.689923639586641
7111,Paucibacter_sp,bacteria,1461405.5,5383881.0,3.6840432036146025
7112,Paucibacter_toxinivorans,bacteria,1088150.0,6368575.0,5.852662776271654
7113,Paucidesulfovibrio_gracilis,bacteria,424232.0,3179481.0,7.494675083444908
7114,Paucilactobacillus_hokkaidonensis,bacteria,1020926.0,2400586.0,2.3513810011695266
7115,Paucilactobacillus_oligofermentans,bacteria,491346.0,1832229.0,3.7289995237571896
7116,Paucilactobacillus_suebicus,bacteria,165246.0,2651315.0,16.04465463611827
7117,Paucilactobacillus_vaccinostercus,bacteria,313302.0,2559201.0,8.168479613918839
7118,Paucilactobacillus_wasatchensis,bacteria,93656.0,1904253.0,20.33241863842146
7119,Paucimonas_lemoignei,bacteria,1568307.5,5069796.0,3.2326543104588863
7120,Pavo_cristatus,ensembl,1223952.0,1027510962.0,839.5026618690929
7121,Pectinatus_cerevisiiphilus,bacteria,231239.0,2637495.0,11.40592633595544
7122,Pectobacterium_aquaticum,bacteria,201670.0,4395676.0,21.796380225120245
7123,Pectobacterium_atrosepticum,bacteria,2202411.0,5064019.0,2.2993069867522458
7124,Pectobacterium_betavasculorum,bacteria,972010.0,4685213.0,4.820128393740805
7125,Pectobacterium_brasiliense,bacteria,1246861.0,4926602.0,3.95120386314112
7126,Pectobacterium_carotovorum,bacteria,893469.25,4873456.25,5.454531591322253
7127,Pectobacterium_fontis,bacteria,215337.0,4151564.0,19.279380691660048
7128,Pectobacterium_odoriferum,bacteria,449689.0,5472601.0,12.16974620237542
7129,Pectobacterium_parmentieri,bacteria,2225542.5,5195856.5,2.3346471702966807
7130,Pectobacterium_peruviense,bacteria,507389.0,4797741.0,9.45574500038432
7131,Pectobacterium_polaris,bacteria,423375.6666666667,4764932.333333333,11.25462020727061
7132,Pectobacterium_polonicum,bacteria,447903.0,4836128.0,10.797266372406526
7133,Pectobacterium_punjabense,bacteria,284486.0,4732531.0,16.635373972708674
7134,Pectobacterium_wasabiae,bacteria,2179576.0,5043228.0,2.313857374094778
7135,Pediococcus_acidilactici,bacteria,649926.6,2038076.5,3.1358564182478452
7136,Pediococcus_argentinicus,bacteria,118111.0,1764961.0,14.943239833715742
7137,Pediococcus_cellicola,bacteria,288975.0,2038400.0,7.05389739596851
7138,Pediococcus_claussenii,bacteria,825460.0,1978793.0,2.397200348896373
7139,Pediococcus_damnosus,bacteria,665483.0,2300166.6666666665,3.4563868147896586
7140,Pediococcus_ethanolidurans,bacteria,162175.0,2260906.0,13.941149992292276
7141,Pediococcus_inopinatus,bacteria,120644.0,2114096.0,17.52342428964557
7142,Pediococcus_parvulus,bacteria,131149.0,2236754.0,17.055059512462925
7143,Pediococcus_pentosaceus,bacteria,629316.4,1896012.2,3.0128123150771215
7144,Pediococcus_stilesii,bacteria,175603.5,1967951.5,11.20678972799517
7145,Pedobacter_africanus,bacteria,1920707.0,5722867.0,2.979562733930787
7146,Pedobacter_alluvionis,bacteria,1304402.0,6037645.0,4.628668922617414
7147,Pedobacter_antarcticus,bacteria,506437.0,4568219.0,9.020310522335453
7148,Pedobacter_borealis,bacteria,2487782.0,5790549.0,2.3275950223934414
7149,Pedobacter_caeni,bacteria,1470825.0,7828785.0,5.322716842588343
7150,Pedobacter_changchengzhani,bacteria,533550.0,3903523.0,7.316133445787648
7151,Pedobacter_chinensis,bacteria,912785.0,5448160.0,5.968722097755769
7152,Pedobacter_chitinilyticus,bacteria,1085714.0,5052099.0,4.653250303486922
7153,Pedobacter_cryoconitis,bacteria,1593601.0,6015395.0,3.7747183893584406
7154,Pedobacter_cryophilus,bacteria,902033.0,3991797.0,4.425333662959115
7155,Pedobacter_cryotolerans,bacteria,583394.0,4246102.0,7.278275059393823
7156,Pedobacter_duraquae,bacteria,1173389.0,5288263.0,4.506828511260972
7157,Pedobacter_frigidisoli,bacteria,477635.0,5273566.0,11.040995739424456
7158,Pedobacter_frigiditerrae,bacteria,1239331.0,5810223.0,4.688193065452248
7159,Pedobacter_frigoris,bacteria,1081671.0,4686568.0,4.3327111478444
7160,Pedobacter_ginsengisoli,bacteria,2472609.0,5373360.0,2.173153943870624
7161,Pedobacter_ginsenosidimutans,bacteria,563801.0,6517553.0,11.56002383819823
7162,Pedobacter_glucosidilyticus,bacteria,257566.0,3872381.0,15.034519307672596
7163,Pedobacter_hartonius,bacteria,618604.0,5188723.0,8.387794130008858
7164,Pedobacter_heparinus,bacteria,2409279.0,5167383.0,2.1447839789414176
7165,Pedobacter_hiemivivus,bacteria,796193.5,6511169.5,8.177873218005422
7166,Pedobacter_insulae,bacteria,561706.0,4388005.0,7.811924743549117
7167,Pedobacter_jejuensis,bacteria,523436.0,4795808.0,9.162166912478316
7168,Pedobacter_kyonggii,bacteria,461669.0,6186183.0,13.399606644587356
7169,Pedobacter_kyungheensis,bacteria,411528.0,6358642.0,15.45129857506658
7170,Pedobacter_lusitanus,bacteria,158675.0,5988187.0,37.73869229557271
7171,Pedobacter_metabolipauper,bacteria,1213245.0,5251143.0,4.328180210921949
7172,Pedobacter_miscanthi,bacteria,414732.0,6696979.0,16.14772672472826
7173,Pedobacter_nutrimenti,bacteria,885760.0,5716991.0,6.454334131141619
7174,Pedobacter_nyackensis,bacteria,794360.0,6077111.0,7.650323530892794
7175,Pedobacter_paludis,bacteria,836170.0,5018229.0,6.001445878230504
7176,Pedobacter_polaris,bacteria,1145440.0,4574302.0,3.993488964939237
7177,Pedobacter_psychrodurus,bacteria,414808.0,6094659.0,14.692722898304758
7178,Pedobacter_psychrophilus,bacteria,794794.0,3999136.0,5.031663550555238
7179,Pedobacter_psychroterrae,bacteria,1278233.0,5112203.0,3.9994296814430546
7180,Pedobacter_psychrotolerans,bacteria,794672.0,5193952.0,6.535969557251294
7181,Pedobacter_rhizosphaerae,bacteria,329440.0,5789302.0,17.573160514813015
7182,Pedobacter_soli,bacteria,762880.0,6006420.0,7.873348364093959
7183,Pedobacter_sp,bacteria,991128.2857142857,5802270.380952381,5.854207234909863
7184,Pedobacter_steynii,bacteria,1991981.0,7321180.0,3.6753262204810184
7185,Pedobacter_suwonensis,bacteria,493587.0,5803831.0,11.75847621594572
7186,Pedobacter_terrae,bacteria,522065.0,5755101.0,11.02372501508433
7187,Pedobacter_xixiisoli,bacteria,1221202.0,4974702.0,4.073611081540974
7188,Pedobacter_yonginense,bacteria,1128337.0,4372417.0,3.8750984856474617
7189,Pedobacter_yulinensis,bacteria,1100437.0,4310741.0,3.917299218401417
7190,Pedococcus_cremeus,bacteria,603419.0,4330933.0,7.1773228884075575
7191,Pedococcus_dokdonensis,bacteria,1798922.0,3942164.0,2.1914035183293104
7192,Pedosphaera_parvula,bacteria,323932.0,7414222.0,22.88820493189929
7193,Pedosphaera_sp,bacteria,158044.25,4521817.25,28.611083604749936
7194,Pelagerythrobacter_aerophilus,bacteria,666499.0,3653105.0,5.481035980549108
7195,Pelagerythrobacter_rhizovicinus,bacteria,1090230.0,3007728.0,2.758801353842767
7196,Pelagibaca_sp,bacteria,86010.0,5608188.0,65.20390652249739
7197,Pelagibacteraceae_bacterium,bacteria,129454.0,1347426.75,10.408537009285151
7198,Pelagibacterales_bacterium,bacteria,53493.0,1450038.0,27.10706073691885
7199,Pelagibacterium_halotolerans,bacteria,1781227.0,3948887.0,2.2169476433941324
7200,Pelagibacterium_lacus,bacteria,265549.0,3272393.0,12.323123039439048
7201,Pelagibacterium_luteolum,bacteria,598128.0,4296818.0,7.183776716689405
7202,Pelagibacterium_sp,bacteria,629549.0,5558665.5,8.829599443411077
7203,Pelagibaculum_spongiae,bacteria,865369.0,4985720.0,5.761380405353092
7204,Pelagicola_litoralis,bacteria,326229.0,3570835.0,10.945792679375531
7205,Pelagicola_sp,bacteria,1398704.0,3103730.0,2.2190041638545397
7206,Pelagimonas_phthalicica,bacteria,1459480.0,4814893.0,3.299046920821114
7207,Pelagimonas_varians,bacteria,407883.0,4897107.0,12.006156177139033
7208,Pelagirhabdus_alkalitolerans,bacteria,408015.0,2527601.0,6.194872737521905
7209,Pelagivirga_sediminicola,bacteria,567887.0,3981807.0,7.011618508611749
7210,Pelagovum_pacificum,bacteria,1502021.0,4108753.0,2.735483059158294
7211,Pelobacter_propionicus,bacteria,1826720.0,4241119.0,2.321712687220811
7212,Pelobium_manganitolerans,bacteria,443524.0,3932770.0,8.867096256346894
7213,Pelodictyon_luteolum,bacteria,634388.0,2259535.0,3.5617555817575366
7214,Pelodictyon_phaeoclathratiforme,bacteria,1334658.0,3018238.0,2.26143176753895
7215,Pelodiscus_sinensis,ensembl,6207881.0,2202483752.0,354.7883330882148
7216,Pelolinea_submarina,bacteria,1093622.0,3519570.0,3.2182692008756226
7217,Pelomonas_puraquae,bacteria,1006947.0,6057990.0,6.016195489931446
7218,Pelomonas_saccharophila,bacteria,342425.0,5771016.0,16.853372271300284
7219,Pelomonas_sp,bacteria,1192654.1666666667,6129419.833333333,5.139310291821113
7220,Pelosinus_fermentans,bacteria,1412446.5,5210462.0,3.688962378398049
7221,Pelosinus_propionicus,bacteria,187277.0,5413664.0,28.907255028647405
7222,Pelosinus_sp,bacteria,2183549.0,5115410.0,2.342704468734157
7223,Pelotomaculum_sp,bacteria,164079.25,3462228.5,21.100952740824937
7224,Pelotomaculum_thermopropionicum,bacteria,1311357.0,3025375.0,2.307056735885041
7225,Pelusios_castaneus,ensembl,11517750.0,2044278682.0,177.48941260228779
7226,Peptacetobacter_hiranonis,bacteria,563142.0,2479772.0,4.40345774245217
7227,Peptidiphaga_gingivicola,bacteria,945020.0,2524828.0,2.6717191170557237
7228,Peptoanaerobacter_stomatis,bacteria,308092.0,2501555.25,8.119507322488088
7229,Peptoclostridium_acidaminophilum,bacteria,1175029.0,3055036.0,2.5999664689126822
7230,Peptoclostridium_litorale,bacteria,531891.0,3404633.0,6.4009975728109705
7231,Peptoclostridium_sp,bacteria,228575.0,2460978.0,10.766610521710598
7232,Peptococcaceae_bacterium,bacteria,302949.5,3984503.1666666665,13.152367528801554
7233,Peptococcus_niger,bacteria,268109.0,1968473.0,7.342062370155422
7234,Peptoniphilus_asaccharolyticus,bacteria,706713.0,2232586.0,3.1591126808195122
7235,Peptoniphilus_coxii,bacteria,205293.0,1835250.0,8.93966184916193
7236,Peptoniphilus_duerdenii,bacteria,915200.0,2124844.0,2.3217263986013985
7237,Peptoniphilus_grossensis,bacteria,927687.0,2143413.0,2.3104915774393735
7238,Peptoniphilus_harei,bacteria,410485.3333333333,1958843.0,4.772017026998935
7239,Peptoniphilus_indolicus,bacteria,817292.0,2242916.0,2.7443263851842428
7240,Peptoniphilus_ivorii,bacteria,718913.0,1587771.0,2.2085718299710813
7241,Peptoniphilus_lacrimalis,bacteria,394879.0,2362006.3333333335,5.981595205957606
7242,Peptoniphilus_sp,bacteria,351392.22222222225,1801684.5555555555,5.127274998181835
7243,Peptostreptococcaceae_bacterium,bacteria,332555.75,2042880.5,6.1429715168058285
7244,Peptostreptococcus_anaerobius,bacteria,340343.0,2065042.5,6.067533341364447
7245,Peptostreptococcus_russellii,bacteria,355365.0,2104587.0,5.922324933519058
7246,Peptostreptococcus_sp,bacteria,224687.5,2129548.0,9.477821418636996
7247,Peptostreptococcus_stomatis,bacteria,140066.0,1988044.0,14.193623006297031
7248,Peribacillus_asahii,bacteria,1188186.5,4614387.5,3.8835548964745854
7249,Peribacillus_butanolivorans,bacteria,1549707.6666666667,5713358.0,3.686732745079018
7250,Peribacillus_cavernae,bacteria,508895.0,4547591.0,8.936206879611708
7251,Peribacillus_deserti,bacteria,183505.0,4915484.0,26.786648865153538
7252,Peribacillus_frigoritolerans,bacteria,1686615.0,5022151.0,2.9776510940552527
7253,Peribacillus_glennii,bacteria,809761.0,4469041.0,5.518963002663749
7254,Peribacillus_loiseleuriae,bacteria,2065515.0,5428425.0,2.6281218001321704
7255,Peribacillus_muralis,bacteria,2077254.0,5007018.0,2.4104023869974496
7256,Peribacillus_saganii,bacteria,244837.0,4356520.0,17.793552445096125
7257,Peribacillus_simplex,bacteria,996508.3,5611391.8,5.631053750380202
7258,Periophthalmus_magnuspinnatus,ensembl,17468699.0,701696780.0,40.168805931111415
7259,Periweissella_cryptocerci,bacteria,1231053.0,3020651.0,2.453713203249576
7260,Permianibacter_aggregans,bacteria,365179.0,4196277.0,11.491013995875996
7261,Peromyscus_maniculatus,ensembl,16251347.0,2512423440.0,154.59785825753397
7262,Persephonella_hydrogeniphila,bacteria,405068.0,1998302.0,4.933250713460456
7263,Persephonella_marina,bacteria,934613.0,1983966.0,2.122767391422974
7264,Petrimonas_mucosa,bacteria,1699320.0,3717632.0,2.1877174399171433
7265,Petrimonas_sp,bacteria,1700174.0,3693233.0,2.17226766201577
7266,Petrocella_atlantisensis,bacteria,1556462.0,3518882.0,2.2608210158680393
7267,Petromyzon_marinus,ensembl,810961.0,885550958.0,1091.9772442817841
7268,Petrotoga_halophila,bacteria,64682.0,2820836.0,43.610834544386385
7269,Petrotoga_mexicana,bacteria,236014.0,2128686.0,9.019320887743948
7270,Petrotoga_miotherma,bacteria,111811.0,2107090.0,18.845104685585497
7271,Petrotoga_mobilis,bacteria,343895.3333333333,1858382.0,5.403917471013467
7272,Petrotoga_olearia,bacteria,296566.0,2031766.0,6.850974150779253
7273,Petrotoga_sibirica,bacteria,192528.0,2065517.0,10.72839794731156
7274,Petrotoga_sp,bacteria,201954.5,2120478.8333333335,10.499785017582344
7275,Phaeobacter_gallaeciensis,bacteria,1437264.25,4416177.0,3.0726270412695507
7276,Phaeobacter_inhibens,bacteria,1063530.0,4624018.5,4.347802600772898
7277,Phaeobacter_italicus,bacteria,462743.0,4055188.0,8.763369732227176
7278,Phaeobacter_piscinae,bacteria,1685826.0,4310930.5,2.557162186370361
7279,Phaeobacter_porticola,bacteria,1705773.0,4207221.0,2.466460074113027
7280,Phaeobacter_sp,bacteria,405170.6,4654953.0,11.488871601246489
7281,Phaeodactylibacter_xiamenensis,bacteria,447477.0,7868778.0,17.584765250504496
7282,Phaeodactylum_tricornutum,protists,1774150.0,27568093.0,15.538761096863286
7283,Phaeosphaeria_nodorum,fungi,1762893.0,37285498.0,21.150176442926487
7284,Phaeovulum_veldkampii,bacteria,164452.0,3264455.0,19.85050349038017
7285,Phaeovulum_vinaykumarii,bacteria,694360.0,3481684.0,5.014234690938418
7286,Phanerochaete_chrysosporium,fungi,2615039.0,35149519.0,13.441298198611952
7287,Phascolarctobacterium_faecium,bacteria,1111129.0,2454371.0,2.2088983367367785
7288,Phascolarctobacterium_sp,bacteria,310358.0,2193621.0,7.0680343345426895
7289,Phascolarctobacterium_succinatutens,bacteria,157855.0,2287031.5,14.488179025054638
7290,Phascolarctos_cinereus,ensembl,12746627.0,3192581492.0,250.46480861172137
7291,Phaseolus_vulgaris,plants,20011620.0,521076696.0,26.038706311632943
7292,Phasianus_colchicus,ensembl,10321228.0,1017507340.0,98.58394175576782
7293,Phenylobacterium_deserti,bacteria,1141494.0,3878658.0,3.3978785696639666
7294,Phenylobacterium_hankyongense,bacteria,1738564.0,3841079.0,2.209340007040293
7295,Phenylobacterium_kunshanense,bacteria,680996.0,4184663.0,6.144915682324125
7296,Phenylobacterium_parvum,bacteria,1308959.0,2828535.0,2.1609041994439857
7297,Phenylobacterium_soli,bacteria,1714968.0,4024128.0,2.3464741033068837
7298,Phenylobacterium_sp,bacteria,675734.5714285715,4471361.571428572,6.617038346840327
7299,Phenylobacterium_zucineum,bacteria,1933229.0,4379231.0,2.2652417277001327
7300,Phocaeicola_coprocola,bacteria,176892.5,3926950.5,22.199643851491725
7301,Phocaeicola_coprophilus,bacteria,375693.0,3767407.5,10.027888462121998
7302,Phocaeicola_dorei,bacteria,1294508.7692307692,5878567.153846154,4.5411566870569375
7303,Phocaeicola_massiliensis,bacteria,371998.0,4564584.0,12.270453066951973
7304,Phocaeicola_plebeius,bacteria,278301.54545454547,3899966.727272727,14.013456953330868
7305,Phocaeicola_salanitronis,bacteria,1885928.0,4308663.0,2.284638119800968
7306,Phocaeicola_sartorii,bacteria,567850.5,5320143.0,9.368914881645786
7307,Phocaeicola_vulgatus,bacteria,433236.7105263158,5121430.02631579,11.821320543436963
7308,Phocoena_sinus,ensembl,23976642.0,2371524154.0,98.90977035066045
7309,Phocoenobacter_uteri,bacteria,956605.0,2181724.0,2.2806947486162
7310,Phorcysia_thermohydrogeniphila,bacteria,389849.0,1621410.0,4.159071845765925
7311,Phormidesmis_priestleyi,bacteria,357459.0,5821319.0,16.28527747238145
7312,Phormidium_ambiguum,bacteria,339670.0,7410502.0,21.81676921718138
7313,Phormidium_sp,bacteria,127199.0,4694862.0,36.90958262250489
7314,Phormidium_tenue,bacteria,565113.0,5821893.0,10.30217496323744
7315,Photobacterium_andalusiense,bacteria,824083.0,4455676.0,5.40682916647959
7316,Photobacterium_angustum,bacteria,877787.6666666666,4869099.0,5.547012318468817
7317,Photobacterium_aphoticum,bacteria,526820.0,5339239.5,10.134845867658782
7318,Photobacterium_aquae,bacteria,482510.0,5078735.0,10.525657499326439
7319,Photobacterium_aquimaris,bacteria,440727.6666666667,4481332.333333333,10.168030446617449
7320,Photobacterium_carnosum,bacteria,383931.0,4559543.0,11.875943854494688
7321,Photobacterium_chitinilyticum,bacteria,934124.0,5923999.0,6.341769401064527
7322,Photobacterium_damselae,bacteria,790434.0,4621676.875,5.847011736590278
7323,Photobacterium_frigidiphilum,bacteria,372675.0,6446463.0,17.29781444958744
7324,Photobacterium_gaetbulicola,bacteria,1206495.0,5929766.0,4.914869933153473
7325,Photobacterium_galatheae,bacteria,295632.0,4533138.0,15.333718947881149
7326,Photobacterium_ganghwense,bacteria,632026.0,5536932.0,8.760607949672956
7327,Photobacterium_halotolerans,bacteria,504001.0,4758027.0,9.440511030732083
7328,Photobacterium_iliopiscarium,bacteria,290216.5,4530313.5,15.610116929947125
7329,Photobacterium_indicum,bacteria,955255.0,5905913.0,6.182551255947365
7330,Photobacterium_jeanii,bacteria,998324.0,5047042.0,5.055515043212424
7331,Photobacterium_kishitanii,bacteria,540216.0,5439244.5,10.068647540983607
7332,Photobacterium_leiognathi,bacteria,669105.5,4856992.5,7.258933755588618
7333,Photobacterium_lipolyticum,bacteria,528179.0,4943313.0,9.359162329437558
7334,Photobacterium_lutimaris,bacteria,842025.0,5967087.0,7.086591253228823
7335,Photobacterium_malacitanum,bacteria,810117.0,4380538.0,5.407290551858559
7336,Photobacterium_marinum,bacteria,516345.0,5536962.0,10.723376812015223
7337,Photobacterium_phosphoreum,bacteria,648681.8,4769438.0,7.352507808913399
7338,Photobacterium_piscicola,bacteria,879595.0,4525300.0,5.1447541197937685
7339,Photobacterium_profundum,bacteria,2267592.0,6403280.0,2.823823686095206
7340,Photobacterium_proteolyticum,bacteria,341091.0,6484429.0,19.010847545083276
7341,Photobacterium_rosenbergii,bacteria,930780.0,6354436.0,6.82700100990567
7342,Photobacterium_sanctipauli,bacteria,626460.0,5840212.0,9.322561695878427
7343,Photobacterium_sanguinicancri,bacteria,107924.0,5475421.0,50.73404432748971
7344,Photobacterium_sp,bacteria,451776.0,4649797.0,10.292262094489304
7345,Photobacterium_swingsii,bacteria,666317.0,5548397.0,8.326962992089351
7346,Photobacterium_toruni,bacteria,407336.0,4420947.0,10.853317654221577
7347,Photorhabdus_aegyptia,bacteria,141084.0,5004588.0,35.47239942162116
7348,Photorhabdus_asymbiotica,bacteria,2125657.0,5094138.0,2.396500470207564
7349,Photorhabdus_australis,bacteria,287100.0,4912527.0,17.110856844305122
7350,Photorhabdus_bodei,bacteria,326046.0,5059726.0,15.518442183004852
7351,Photorhabdus_heterorhabditis,bacteria,189414.0,4878919.0,25.75796403644926
7352,Photorhabdus_khanii,bacteria,552630.5,5372432.5,9.721563504004937
7353,Photorhabdus_laumondii,bacteria,1359336.0,5399192.0,3.9719333556971934
7354,Photorhabdus_luminescens,bacteria,332395.4285714286,5502483.857142857,16.554029881793113
7355,Photorhabdus_namnaonensis,bacteria,426018.0,5420031.0,12.72253989268059
7356,Photorhabdus_sp,bacteria,236002.75,5274797.5,22.350576423367947
7357,Photorhabdus_temperata,bacteria,439208.75,5405463.75,12.307277006662549
7358,Photorhabdus_thracensis,bacteria,2169922.0,5147098.0,2.3720198237540338
7359,Phototrophicales_bacterium,bacteria,36698.0,4058551.0,110.59324758842443
7360,Phragmitibacter_flavus,bacteria,436582.0,5910933.0,13.539112927239326
7361,Phreatobacter_cathodiphilus,bacteria,2017823.0,4494445.0,2.2273732631653025
7362,Phreatobacter_oligotrophus,bacteria,670775.0,4880542.0,7.275974805262569
7363,Phreatobacter_sp,bacteria,2236031.0,4975052.0,2.2249476863245636
7364,Phreatobacter_stygius,bacteria,3271970.0,7354671.0,2.2477806948107717
7365,Phycicoccus_duodecadis,bacteria,1615209.0,3500352.0,2.1671201683497308
7366,Phycicoccus_elongatus,bacteria,1429263.0,3174691.0,2.2212084130072633
7367,Phycicoccus_flavus,bacteria,70598.0,4431056.0,62.76461089549279
7368,Phycicoccus_sp,bacteria,1313579.25,4225642.0,3.216891557932268
7369,Phycisphaera_mikurensis,bacteria,1698206.0,3884382.0,2.287344409335499
7370,Phycisphaera_sp,bacteria,825604.0,3288628.0,3.9832994995179285
7371,Phycisphaeraceae_bacterium,bacteria,101069.0,5857862.0,57.95903788500925
7372,Phycisphaerae_bacterium,bacteria,239908.0,3378008.0,14.080430831818864
7373,Phycisphaerales_bacterium,bacteria,123536.5,3072152.5,24.868378981110848
7374,Phyllobacteriaceae_bacterium,bacteria,316094.0,4884171.0,15.451640967560282
7375,Phyllobacterium_bourgognense,bacteria,581915.0,5618596.0,9.655355163554814
7376,Phyllobacterium_brassicacearum,bacteria,460561.0,5793994.0,12.580296638230331
7377,Phyllobacterium_endophyticum,bacteria,1251803.0,5512535.0,4.403676137539214
7378,Phyllobacterium_leguminum,bacteria,280792.0,3737298.0,13.30984500982934
7379,Phyllobacterium_myrsinacearum,bacteria,1000441.0,5437700.0,5.435303031363169
7380,Phyllobacterium_salinisoli,bacteria,659223.0,5058279.0,7.673092413341161
7381,Phyllobacterium_sophorae,bacteria,696229.0,6358399.0,9.132625903258841
7382,Phyllobacterium_sp,bacteria,857429.6666666666,4976126.666666667,5.803539182416906
7383,Phyllobacterium_zundukense,bacteria,646014.0,5954060.0,9.2166114047064
7384,Physcomitrium_patens,plants,17307010.0,471852792.0,27.26368055487343
7385,Physeter_catodon,ensembl,16799572.0,2512132974.0,149.53553423861035
7386,Phytoactinopolyspora_halophila,bacteria,464953.0,5046265.0,10.85327979387164
7387,Phytobacter_diazotrophicus,bacteria,535046.0,5544270.0,10.362230537187457
7388,Phytobacter_palmae,bacteria,530024.0,5284330.0,9.969982491358882
7389,Phytobacter_ursingii,bacteria,2544179.0,6166452.0,2.423749272358588
7390,Phytophthora_infestans,protists,4146713.0,228543505.0,55.11437733935288
7391,Phytophthora_kernoviae,protists,265571.0,43208681.0,162.70105169615658
7392,Phytophthora_lateralis,protists,160737.0,43981379.0,273.62324169295186
7393,Phytophthora_parasitica,protists,230851.0,55229644.0,239.24368532083466
7394,Phytophthora_ramorum,protists,935446.0,66652401.0,71.25200278797493
7395,Phytophthora_sojae,protists,8288388.0,82597641.0,9.965465057861673
7396,Picrophilus_oshimae,bacteria,426720.0,1534155.0,3.595226377952756
7397,Picrophilus_torridus,bacteria,712839.0,1545895.0,2.1686453743411906
7398,Pigmentiphaga_humi,bacteria,406753.0,5118913.0,12.58481928836419
7399,Pigmentiphaga_kullae,bacteria,1964675.0,6220214.0,3.1660269510224337
7400,Pigmentiphaga_sp,bacteria,1213088.0,5863409.333333333,4.833457534270665
7401,Pilibacter_termitis,bacteria,155733.0,2794241.0,17.94251057900381
7402,Piliocolobus_tephrosceles,ensembl,12188020.0,3038007327.0,249.2617608930737
7403,Pimelobacter_simplex,bacteria,1912049.0,5634597.5,2.9468896979104615
7404,Pirellula_sp,bacteria,2926542.0,6534136.0,2.232715607703563
7405,Pirellula_staleyi,bacteria,2671129.0,6196199.0,2.319692908878605
7406,Piscibacillus_halophilus,bacteria,208133.0,2992995.0,14.38020400417041
7407,Pisciglobus_halotolerans,bacteria,156074.0,2437433.0,15.617162371695478
7408,Piscirickettsia_salmonis,bacteria,1357390.0,3377674.0,2.488359277731529
7409,Piscirickettsiaceae_bacterium,bacteria,100431.25,2719380.0,27.077030306801916
7410,Pistacia_vera,plants,2358705.0,671152441.0,284.5427643558648
7411,Pisum_sativum,plants,27377252.0,3920131294.0,143.18936370969593
7412,Planctomicrobium_piriforme,bacteria,508076.0,6317004.0,12.433187160975917
7413,Planctomyces_sp,bacteria,3171375.0,7613716.0,2.4007618146702927
7414,Planctomycetaceae_bacterium,bacteria,162051.4,7195294.4,44.401309707907494
7415,Planctomycetales_bacterium,bacteria,144822.0,4772914.0,32.9571059645634
7416,Planctomycetota_bacterium,bacteria,253956.0,6195979.4,24.397846083573533
7417,Planctopirus_hydrillae,bacteria,490312.0,5750243.0,11.727722348219093
7418,Planctopirus_limnophila,bacteria,2311613.0,5460085.0,2.3620238335742183
7419,Planifilum_fimeticola,bacteria,246626.0,3587211.0,14.545145280708441
7420,Planifilum_fulgidum,bacteria,196685.0,3382342.0,17.196746066044692
7421,Planktomarina_temperata,bacteria,1491731.0,3288122.0,2.2042325325410546
7422,Planktotalea_frisia,bacteria,132931.0,4106736.0,30.893741866080898
7423,Planktothricoides_sp,bacteria,269048.0,7066705.0,26.265592013321044
7424,Planktothrix_agardhii,bacteria,1468902.0,5214152.333333333,3.5496938075741835
7425,Planktothrix_paucivesiculata,bacteria,327133.0,6072646.0,18.563232691290697
7426,Planktothrix_rubescens,bacteria,1124240.0,5601286.0,4.98228670034868
7427,Planktothrix_serta,bacteria,387543.0,6250344.0,16.128130297799213
7428,Planktothrix_sp,bacteria,472430.0,5965039.0,12.626291725758314
7429,Planktothrix_tepida,bacteria,1130486.0,6725987.0,5.949642012373439
7430,Planococcus_antarcticus,bacteria,1590359.0,3804624.0,2.3923051336207735
7431,Planococcus_citreus,bacteria,931220.0,3429284.0,3.6825712506174697
7432,Planococcus_donghaensis,bacteria,835612.5,3311397.5,3.9628386363296384
7433,Planococcus_glaciei,bacteria,465577.0,3917616.0,8.414539378019104
7434,Planococcus_halocryophilus,bacteria,1493073.0,3424893.0,2.2938550224938767
7435,Planococcus_halotolerans,bacteria,697923.0,3622698.0,5.19068435916283
7436,Planococcus_kocurii,bacteria,1500157.0,3485580.0,2.3234768094272797
7437,Planococcus_lenghuensis,bacteria,1681165.0,4149733.0,2.468367471366582
7438,Planococcus_maitriensis,bacteria,769072.0,3145619.0,4.09014890673435
7439,Planococcus_maritimus,bacteria,1155184.0,3266182.5,2.8274132086316985
7440,Planococcus_massiliensis,bacteria,1493202.0,3357017.0,2.2482001765333828
7441,Planococcus_plakortidis,bacteria,1429574.0,3261818.0,2.281671323065473
7442,Planococcus_rifietoensis,bacteria,1537519.0,3505011.0,2.2796537798882484
7443,Planococcus_salinus,bacteria,444272.0,3335228.0,7.5071757842042715
7444,Planococcus_sp,bacteria,1157261.0,3391684.6666666665,2.9307862847418744
7445,Planomicrobium_soli,bacteria,385558.0,3592970.0,9.31888328085528
7446,Planomicrobium_sp,bacteria,800322.6666666666,3584898.3333333335,4.479316259108827
7447,Planomonospora_sphaerica,bacteria,678005.0,8132638.0,11.99495283958083
7448,Plantactinospora_sp,bacteria,3386287.5,7692586.5,2.2716873567291613
7449,Plantibacter_cousiniae,bacteria,1495287.0,4023303.0,2.690656041281707
7450,Plantibacter_flavus,bacteria,1783399.3333333333,4253800.666666667,2.3852205095960937
7451,Plantibacter_sp,bacteria,1233997.0,4100072.75,3.3225953952886433
7452,Plasmodium_berghei,protists,1934311.0,18560668.0,9.595493175606197
7453,Plasmodium_chabaudi,protists,1990111.0,18867626.0,9.48069027305512
7454,Plasmodium_falciparum,protists,2386495.0,23292622.0,9.760180515777321
7455,Plasmodium_knowlesi,protists,2381469.0,23462187.0,9.851980857193606
7456,Plasmodium_vivax,protists,2373706.0,27007701.0,11.377862717623834
7457,Plasticicumulans_acidivorans,bacteria,544481.0,4296265.0,7.890569184232324
7458,Plasticicumulans_lactativorans,bacteria,253696.0,4397582.0,17.33406123864783
7459,Plautia_stali,bacteria,1716659.0,4092852.0,2.384196278934838
7460,Pleionea_mediterranea,bacteria,438607.0,4039882.0,9.210710271381897
7461,Pleomorphomonas_carboxyditropha,bacteria,673393.0,5888031.0,8.74382567089352
7462,Pleomorphomonas_diazotrophica,bacteria,738757.0,4526482.0,6.12715953960504
7463,Pleomorphomonas_sp,bacteria,1337022.5,5386914.0,4.029037656434353
7464,Plesiomonas_shigelloides,bacteria,1583350.0,3904727.5,2.466117725076578
7465,Pleurocapsa_sp,bacteria,1114564.5,5176322.5,4.644255671161248
7466,Pluralibacter_gergoviae,bacteria,1329808.0,5665708.0,4.260545883315486
7467,Podarcis_muralis,ensembl,21451670.0,1511002858.0,70.43753973466868
7468,Poecilia_formosa,ensembl,4988352.0,748923461.0,150.13444540401318
7469,Poecilia_latipinna,ensembl,1057404.0,815144743.0,770.8924337339371
7470,Poecilia_mexicana,ensembl,1084881.0,801711499.0,738.9856574131172
7471,Poecilia_reticulata,ensembl,17533187.0,731622281.0,41.72785478190588
7472,Pogona_vitticeps,ensembl,5392266.0,1816116151.0,336.800178440752
7473,Pokkaliibacter_plantistimulans,bacteria,125851.0,5791196.0,46.01628910378145
7474,Polaribacter_aestuariivivens,bacteria,605434.0,3178572.0,5.250071849284976
7475,Polaribacter_aquimarinus,bacteria,729934.0,3371861.0,4.619405316097072
7476,Polaribacter_atrinae,bacteria,329310.0,3942702.0,11.972615468707296
7477,Polaribacter_butkevichii,bacteria,1450185.0,4085573.0,2.8172771060244037
7478,Polaribacter_dokdonensis,bacteria,1437389.0,3087076.0,2.1476969699921176
7479,Polaribacter_filamentus,bacteria,1578849.0,4281931.0,2.712058594583776
7480,Polaribacter_gangjinensis,bacteria,1332867.0,2943061.0,2.2080680217906212
7481,Polaribacter_glomeratus,bacteria,1451054.0,4064562.0,2.801110089631399
7482,Polaribacter_porphyrae,bacteria,1788400.0,3904103.0,2.1830144263028406
7483,Polaribacter_reichenbachii,bacteria,632676.0,4104437.0,6.487423262459774
7484,Polaribacter_sejongensis,bacteria,1950084.0,4526271.0,2.3210646310620464
7485,Polaribacter_sp,bacteria,1320141.3636363635,3326279.6363636362,2.519638978057102
7486,Polaribacter_vadi,bacteria,710425.0,3798883.0,5.34733856494352
7487,Polaromonas_naphthalenivorans,bacteria,2110809.0,5366143.0,2.542221015733778
7488,Polaromonas_sp,bacteria,896378.0909090909,4782706.090909091,5.335590125879309
7489,Pollutimonas_nitritireducens,bacteria,455228.0,4310404.0,9.468670644160728
7490,Pollutimonas_subterranea,bacteria,429503.0,4544755.0,10.5814278363597
7491,Polyangium_aurulentum,bacteria,1544299.0,12310099.0,7.97131837811201
7492,Polyangium_fumosum,bacteria,437122.0,12981589.0,29.69786238166919
7493,Polycyclovorans_sp,bacteria,260104.0,3200985.0,12.30655814597238
7494,Polymorphum_gilvum,bacteria,2085648.0,4718963.0,2.2625884137687664
7495,Polynucleobacter_aenigmaticus,bacteria,280596.0,2135084.0,7.609103479735991
7496,Polynucleobacter_asymbioticus,bacteria,1051049.5,2257441.0,2.1477970352490536
7497,Polynucleobacter_brandtiae,bacteria,508956.0,2002342.0,3.934214352517703
7498,Polynucleobacter_cosmopolitanus,bacteria,641862.0,1775978.0,2.7669156298394357
7499,Polynucleobacter_duraquae,bacteria,947331.0,2026292.0,2.1389482662342942
7500,Polynucleobacter_kasalickyi,bacteria,333920.0,2911239.0,8.718372664111165
7501,Polynucleobacter_meluiroseus,bacteria,457277.0,1885561.0,4.123454711258165
7502,Polynucleobacter_necessarius,bacteria,701240.0,1560469.0,2.225299469511152
7503,Polynucleobacter_paneuropaeus,bacteria,856228.0,1832148.0,2.13978986905357
7504,Polynucleobacter_sp,bacteria,474604.0,2112926.0,4.451976805926625
7505,Polynucleobacter_victoriensis,bacteria,670774.0,1626636.0,2.4250134918765487
7506,Polynucleobacter_wuianus,bacteria,1040893.0,2232205.0,2.14450957014794
7507,Pongo_abelii,ensembl,23679399.0,3065052215.0,129.4396118330537
7508,Pontibaca_methylaminivorans,bacteria,1109539.0,2650984.0,2.389266172707764
7509,Pontibacillus_chungwhensis,bacteria,438806.0,3872934.0,8.826073481219492
7510,Pontibacillus_halophilus,bacteria,377465.0,3532243.0,9.35780271018505
7511,Pontibacillus_litoralis,bacteria,291584.0,3204236.0,10.98906661545215
7512,Pontibacillus_marinus,bacteria,161314.0,4222198.0,26.173785288319674
7513,Pontibacillus_yanchengensis,bacteria,174299.0,4281464.0,24.563904554816723
7514,Pontibacter_actiniarum,bacteria,2113081.0,4974797.0,2.354285992822802
7515,Pontibacter_akesuensis,bacteria,1131703.0,4816279.0,4.255780005884937
7516,Pontibacter_arcticus,bacteria,924814.0,3773432.0,4.080206398259542
7517,Pontibacter_chinhatensis,bacteria,949386.0,5072663.0,5.343098592142711
7518,Pontibacter_diazotrophicus,bacteria,390069.0,6396889.0,16.399378058753708
7519,Pontibacter_flavimaris,bacteria,788332.0,4623791.0,5.8652839159136
7520,Pontibacter_indicus,bacteria,1330660.0,4566239.0,3.431559526851337
7521,Pontibacter_korlensis,bacteria,2365842.0,5462537.0,2.308918769723422
7522,Pontibacter_lucknowensis,bacteria,1013475.0,4474059.0,4.414572633760083
7523,Pontibacter_mucosus,bacteria,665659.0,5231950.0,7.8598050954017
7524,Pontibacter_oryzae,bacteria,912283.0,4227908.0,4.634425940196189
7525,Pontibacter_ramchanderi,bacteria,1211222.0,4430618.0,3.6579735176540717
7526,Pontibacter_sp,bacteria,1209429.0,4960371.5,4.101416040131335
7527,Pontibacter_ummariensis,bacteria,410759.0,5973733.0,14.543157910112743
7528,Pontibacter_virosus,bacteria,539643.0,4884877.0,9.05205293128976
7529,Ponticaulis_sp,bacteria,495363.0,3683565.4,7.436093127665974
7530,Ponticoccus_marisrubri,bacteria,565328.0,4562553.0,8.070629793677298
7531,Pontimicrobium_aquaticum,bacteria,555087.0,3313614.0,5.96953990996006
7532,Pontimonas_salivibrio,bacteria,815893.0,1760810.0,2.1581383833419334
7533,Pontivivens_insulae,bacteria,903801.0,3547102.0,3.9246493420564925
7534,Populus_trichocarpa,plants,19438213.0,392162179.0,20.174806140873134
7535,Porphyrobacter_sp,bacteria,1066444.1666666667,3335928.6666666665,3.128085624110654
7536,Porphyromonadaceae_bacterium,bacteria,166994.5,3368002.0714285714,20.168341301231905
7537,Porphyromonas_asaccharolytica,bacteria,962080.0,2186370.0,2.272544902710793
7538,Porphyromonas_cangingivalis,bacteria,260176.5,2404993.5,9.243699949841742
7539,Porphyromonas_catoniae,bacteria,239725.0,2040170.0,8.510459901971009
7540,Porphyromonas_circumdentaria,bacteria,172047.0,2033794.0,11.821153522002708
7541,Porphyromonas_crevioricanis,bacteria,504265.6666666667,2094483.6666666667,4.1535321659151885
7542,Porphyromonas_endodontalis,bacteria,254600.0,2064508.0,8.108829536527887
7543,Porphyromonas_gingivalis,bacteria,508253.0,2345551.5,4.614928982219485
7544,Porphyromonas_gingivicanis,bacteria,401960.0,1983480.0,4.9345208478455564
7545,Porphyromonas_gulae,bacteria,126918.5,2526046.0,19.902898316636268
7546,Porphyromonas_loveana,bacteria,202913.0,2275291.0,11.213135678837729
7547,Porphyromonas_macacae,bacteria,799450.3333333334,2380644.0,2.977851031813108
7548,Porphyromonas_somerae,bacteria,77970.0,2345883.0,30.086994998076182
7549,Porphyromonas_sp,bacteria,312778.0,2453927.0,7.845586965835193
7550,Porphyromonas_uenonis,bacteria,134217.0,2242885.0,16.710886102356632
7551,Porticoccaceae_bacterium,bacteria,161050.0,2499012.8,15.516999689537409
7552,Porticoccus_sp,bacteria,222942.0,2500758.5,11.217081124238591
7553,Poseidonibacter_parvus,bacteria,1345427.0,2866429.0,2.1304976041063544
7554,Poseidonocella_pacifica,bacteria,825091.0,3622008.0,4.389828515884915
7555,Poseidonocella_sedimentorum,bacteria,492163.0,3555572.0,7.224378915115521
7556,Pradoshia_eiseniae,bacteria,635988.0,3821617.0,6.008945137329635
7557,Pragia_fontium,bacteria,1749680.0,4084358.5,2.334345994696173
7558,Prauserella_endophytica,bacteria,651281.0,7908520.0,12.143022750548534
7559,Prauserella_flavalba,bacteria,1206491.0,8097838.0,6.711892587677819
7560,Prauserella_marina,bacteria,1178694.0,6975062.0,5.91761899186727
7561,Prauserella_muralis,bacteria,1647626.0,7467757.0,4.532434545218393
7562,Prauserella_shujinwangii,bacteria,671829.0,6105433.0,9.087778288820518
7563,Prauserella_sp,bacteria,404474.5,6547575.0,16.18785609475999
7564,Prescottella_agglutinans,bacteria,654606.0,5425108.0,8.28759284210655
7565,Prescottella_equi,bacteria,2437298.0,5438826.0,2.2314981590269225
7566,Prevotella_aff,bacteria,681152.0,2917108.0,4.282609461617965
7567,Prevotella_amnii,bacteria,159679.33333333334,2413357.6666666665,15.113775942618329
7568,Prevotella_baroniae,bacteria,345454.0,3024338.0,8.754676454752296
7569,Prevotella_bergensis,bacteria,808410.0,3273670.0,4.049516953031259
7570,Prevotella_bivia,bacteria,410549.0,2560644.6666666665,6.237123136742913
7571,Prevotella_bryantii,bacteria,288526.6666666667,3531717.0,12.240521962152544
7572,Prevotella_buccae,bacteria,871175.5,3321027.5,3.8121222417297087
7573,Prevotella_buccalis,bacteria,282342.6666666667,3073203.0,10.88465670556345
7574,Prevotella_colorans,bacteria,212208.0,2936680.0,13.838686571665535
7575,Prevotella_copri,bacteria,209028.16666666666,3738070.9444444445,17.883096828789956
7576,Prevotella_corporis,bacteria,160813.0,2848409.0,17.71255433329395
7577,Prevotella_dentalis,bacteria,1163632.0,3318337.5,2.851706982963686
7578,Prevotella_denticola,bacteria,765827.6,3046225.8,3.977691323739181
7579,Prevotella_disiens,bacteria,448478.75,2896481.0,6.458457619229451
7580,Prevotella_enoeca,bacteria,1263678.0,2861432.0,2.2643679798176435
7581,Prevotella_fusca,bacteria,1103081.0,3261806.0,2.95699590510579
7582,Prevotella_histicola,bacteria,457567.5,3026192.0,6.61365153775126
7583,Prevotella_intermedia,bacteria,861052.052631579,2829792.789473684,3.2864363784107673
7584,Prevotella_jejuni,bacteria,1293733.0,3913006.0,3.0245854438280544
7585,Prevotella_koreensis,bacteria,1188856.0,2691540.0,2.263974779115385
7586,Prevotella_loescheii,bacteria,124581.0,3465552.0,27.817660798998244
7587,Prevotella_maculosa,bacteria,474402.0,3151214.0,6.642497291326765
7588,Prevotella_marshii,bacteria,1084034.0,2559358.0,2.3609573131470047
7589,Prevotella_melaninogenica,bacteria,642640.5,3131800.75,4.873332368563761
7590,Prevotella_micans,bacteria,772117.0,2487950.0,3.22224481522878
7591,Prevotella_multiformis,bacteria,995406.0,3057407.0,3.071517551632198
7592,Prevotella_multisaccharivorax,bacteria,1506585.0,3388644.0,2.249221915789683
7593,Prevotella_nigrescens,bacteria,630642.25,2878906.25,4.565038657019887
7594,Prevotella_oralis,bacteria,960598.0,2914849.5,3.034411377079694
7595,Prevotella_oris,bacteria,845780.0,3255358.6666666665,3.84894259342461
7596,Prevotella_oulorum,bacteria,536295.5,2823418.0,5.264668452373738
7597,Prevotella_pallens,bacteria,1099707.5,3118157.0,2.835442151663056
7598,Prevotella_pectinovora,bacteria,196093.0,3319373.0,16.927544583437452
7599,Prevotella_pleuritidis,bacteria,264101.0,2709958.0,10.261066788842147
7600,Prevotella_rara,bacteria,295939.0,3788330.0,12.801050216429736
7601,Prevotella_ruminicola,bacteria,842060.5,3636215.8333333335,4.318235843307379
7602,Prevotella_salivae,bacteria,839551.5,3187244.5,3.796365678579575
7603,Prevotella_scopos,bacteria,1120128.0,3303745.0,2.9494352431150728
7604,Prevotella_shahii,bacteria,179457.0,3511526.0,19.56750642215127
7605,Prevotella_sp,bacteria,289770.6176470588,3109618.3088235296,10.731309937748938
7606,Prevotella_stercorea,bacteria,113563.66666666667,2887702.0,25.428044767839477
7607,Prevotella_timonensis,bacteria,243891.25,3027587.25,12.413677202441662
7608,Prevotella_veroralis,bacteria,674002.0,2993935.0,4.442026878258521
7609,Prevotellaceae_bacterium,bacteria,303448.25,2887337.25,9.515089475717852
7610,Pricia_antarctica,bacteria,603389.0,4851997.0,8.041242051147767
7611,Priestia_aryabhattai,bacteria,978504.5,5302464.5,5.4189474856784
7612,Priestia_endophytica,bacteria,660373.5,5342871.5,8.090681258409067
7613,Priestia_filamentosa,bacteria,1551471.25,5195798.25,3.3489491023439846
7614,Priestia_flexa,bacteria,1688466.0,4018990.0,2.3802611364398216
7615,Priestia_koreensis,bacteria,661934.0,4603584.0,6.9547477543078315
7616,Priestia_megaterium,bacteria,1336776.4444444445,5804960.666666667,4.3425067001978555
7617,Priestia_veravalensis,bacteria,152037.0,4112864.0,27.05173082867986
7618,Primorskyibacter_flagellatus,bacteria,518604.0,4414152.0,8.511604229816971
7619,Primorskyibacter_sedentarius,bacteria,587967.0,5069498.0,8.622079130291326
7620,Procavia_capensis,ensembl,443624.0,2993339806.0,6747.470393847042
7621,Prochlorococcus_marinus,bacteria,595849.75,1918761.9642857143,3.2202110755030344
7622,Prochlorococcus_sp,bacteria,576485.75,2059611.0,3.5727006261646537
7623,Prochlorothrix_hollandica,bacteria,1123192.0,5525469.0,4.919434077165792
7624,Profundibacter_amoris,bacteria,1629145.0,3558757.0,2.1844323249311755
7625,Prolemur_simus,ensembl,4764696.0,2411593676.0,506.1379941133705
7626,Prolinoborus_fasciculus,bacteria,79957.0,3450331.0,43.15233187838463
7627,Prolixibacter_denitrificans,bacteria,695641.0,4727966.0,6.796560294749734
7628,Prolixibacteraceae_bacterium,bacteria,312489.4,5405446.4,17.298015228676558
7629,Promicromonospora_sp,bacteria,1043889.0,6435680.333333333,6.165100248525785
7630,Promicromonospora_sukumoe,bacteria,2708772.0,5967089.0,2.2028760633969933
7631,Promicromonospora_thailandica,bacteria,2714098.0,5953541.0,2.193561544203636
7632,Propionibacteriaceae_bacterium,bacteria,1084423.5,3958662.0,3.650476036345579
7633,Propionibacterium_acidifaciens,bacteria,687641.0,3045186.5,4.428453946172494
7634,Propionibacterium_australiense,bacteria,819045.0,2980895.0,3.6394764634421795
7635,Propionibacterium_cyclohexanicum,bacteria,216718.0,2808950.0,12.961313781042644
7636,Propionibacterium_freudenreichii,bacteria,1202516.5,4029785.25,3.3511267828757445
7637,Propionibacterium_ruminifibrarum,bacteria,392361.0,2777320.0,7.078481296561075
7638,Propionibacterium_sp,bacteria,887796.0909090909,2536765.727272727,2.857374292643161
7639,Propioniciclava_flava,bacteria,474739.0,3007896.0,6.335894038619115
7640,Propioniciclava_sinopodophylli,bacteria,356921.0,3074508.0,8.613973400276251
7641,Propioniciclava_tarda,bacteria,339373.0,2984445.0,8.793996576038754
7642,Propionicimonas_paludicola,bacteria,1492221.0,3262476.0,2.186322267278104
7643,Propionimicrobium_lymphophilum,bacteria,1030464.0,2266775.0,2.1997614666790883
7644,Propionispira_arboris,bacteria,337805.0,4261607.0,12.615582954663193
7645,Propionispora_sp,bacteria,328175.0,4121509.0,12.558875599908585
7646,Propionispora_vibrioides,bacteria,274419.0,4433598.0,16.156308418877703
7647,Propionivibrio_dicarboxylicus,bacteria,499407.0,4534676.0,9.080121023533911
7648,Propithecus_coquereli,ensembl,8252502.0,2798152141.0,339.06712667261394
7649,Prosthecobacter_debontii,bacteria,556174.0,6292356.0,11.313646448773225
7650,Prosthecobacter_fusiformis,bacteria,1063782.0,5828112.0,5.478671381918476
7651,Prosthecochloris_aestuarii,bacteria,1130824.0,2579695.0,2.2812524318550014
7652,Prosthecochloris_marina,bacteria,409275.0,2718726.0,6.642785413230713
7653,Prosthecochloris_sp,bacteria,1093300.75,2483217.5,2.2713032072830828
7654,Prosthecochloris_vibrioformis,bacteria,423312.0,2305678.0,5.446757946857164
7655,Prosthecomicrobium_hirschii,bacteria,2741992.0,6484983.0,2.365062698942958
7656,Protaetiibacter_intestinalis,bacteria,1442890.0,3097107.0,2.14646092217702
7657,Proteiniborus_ethanoligenes,bacteria,170927.0,3161504.0,18.496223534023297
7658,Proteiniborus_sp,bacteria,241285.0,3120648.0,12.933452141658204
7659,Proteiniclasticum_ruminis,bacteria,623747.5,3146224.5,5.0440675112926305
7660,Proteiniclasticum_sp,bacteria,227886.0,2511863.0,11.022454209560921
7661,Proteiniphilum_saccharofermentans,bacteria,1998871.0,4414963.0,2.208728327140671
7662,Proteiniphilum_sp,bacteria,425742.0,4429412.0,10.403981754207948
7663,Proteobacteria_bacterium,bacteria,142673.8076923077,3530502.1923076925,24.74527209592403
7664,Proteus_hauseri,bacteria,1223468.0,3903331.0,3.1903825845874185
7665,Proteus_mirabilis,bacteria,1255900.0,4156305.8333333335,3.3094241845157524
7666,Proteus_myxofaciens,bacteria,106542.0,3695744.0,34.68814176568865
7667,Proteus_penneri,bacteria,1316701.5,3828303.5,2.9074953586670933
7668,Proteus_sp,bacteria,222585.0,5931069.0,26.646310398274817
7669,Proteus_vulgaris,bacteria,1151230.0,4123120.75,3.5814917522997143
7670,Providencia_alcalifaciens,bacteria,792291.0,4175527.6,5.270194410891958
7671,Providencia_burhodogranariea,bacteria,1324259.0,4579454.0,3.4581256385646615
7672,Providencia_heimbachae,bacteria,1067605.5,4350391.0,4.074905009387831
7673,Providencia_huaxiensis,bacteria,2027673.0,4800413.0,2.36744928792759
7674,Providencia_rettgeri,bacteria,884917.3333333334,4699177.0,5.310300547847784
7675,Providencia_rustigianii,bacteria,1296122.5,4007103.0,3.091608239190354
7676,Providencia_sneebia,bacteria,1481186.0,3896123.0,2.630407659807749
7677,Providencia_sp,bacteria,287025.0,4556109.5,15.873563278460065
7678,Providencia_stuartii,bacteria,1317946.6,4555986.2,3.45688224393917
7679,Prunus_avium,plants,1084680.0,272361615.0,251.09858667994249
7680,Prunus_dulcis,plants,2644815.0,227498357.0,86.01673727652029
7681,Prunus_persica,plants,20224499.0,227411381.0,11.244351763670387
7682,Ps1_clade,bacteria,128004.0,1271772.0,9.93540826849161
7683,Pseudacidovorax_intermedius,bacteria,562358.0,5760682.5,10.24379932356257
7684,Pseudacidovorax_sp,bacteria,566131.0,5685444.0,10.042629709378218
7685,Pseudaestuariivita_atlantica,bacteria,625360.0,4342642.0,6.944227325060765
7686,Pseudalkalibacillus_caeni,bacteria,496581.0,4703601.0,9.471971340023078
7687,Pseudalkalibacillus_hwajinpoensis,bacteria,964744.0,4091520.0,4.241042183211298
7688,Pseudaminobacter_arsenicus,bacteria,486059.0,5213835.0,10.726753336529104
7689,Pseudaminobacter_manganicus,bacteria,340300.0,4842937.0,14.231375257126066
7690,Pseudaminobacter_salicylatoxidans,bacteria,483326.0,4836797.0,10.007318042066846
7691,Pseudanabaena_biceps,bacteria,62850.0,5476421.0,87.13478122513922
7692,Pseudanabaena_frigida,bacteria,305595.0,5386752.0,17.627094684140776
7693,Pseudanabaena_sp,bacteria,812739.1666666666,4879408.5,6.003658615361427
7694,Pseudarcicella_hirudinis,bacteria,620041.0,6168047.0,9.947805064503799
7695,Pseudarthrobacter_chlorophenolicus,bacteria,2099403.0,4980870.0,2.3725173299266507
7696,Pseudarthrobacter_enclensis,bacteria,780853.0,4225531.0,5.411429552041165
7697,Pseudarthrobacter_equi,bacteria,2007789.0,4459178.0,2.220939550918946
7698,Pseudarthrobacter_phenanthrenivorans,bacteria,882080.6666666666,4440896.0,5.034569022787788
7699,Pseudarthrobacter_siccitolerans,bacteria,495772.0,4765168.0,9.611611789290238
7700,Pseudarthrobacter_sp,bacteria,453495.0,4618494.0,10.18422253828598
7701,Pseudarthrobacter_sulfonivorans,bacteria,2245544.0,5056151.0,2.2516374651309436
7702,Pseudescherichia_vulneris,bacteria,470387.0,4374581.0,9.299961521045438
7703,Pseudidiomarina_aestuarii,bacteria,1006959.0,2640771.0,2.622520877215458
7704,Pseudidiomarina_aquimaris,bacteria,434311.0,2799086.0,6.444888570632565
7705,Pseudidiomarina_atlantica,bacteria,411924.0,2703110.0,6.562157096940212
7706,Pseudidiomarina_donghaiensis,bacteria,696292.0,2573352.0,3.6957942931988303
7707,Pseudidiomarina_gelatinasegens,bacteria,390957.0,2472972.0,6.325432208657218
7708,Pseudidiomarina_halophila,bacteria,817175.0,2617409.0,3.2029969100865787
7709,Pseudidiomarina_homiensis,bacteria,1024267.0,2612526.0,2.5506298650644803
7710,Pseudidiomarina_indica,bacteria,310300.0,2206361.0,7.11041250402836
7711,Pseudidiomarina_insulisalsae,bacteria,303244.0,2560959.0,8.44520913851552
7712,Pseudidiomarina_marina,bacteria,751159.0,2411077.0,3.2098091083246025
7713,Pseudidiomarina_maritima,bacteria,551151.5,2605659.5,4.727664716507167
7714,Pseudidiomarina_planktonica,bacteria,974379.0,2574939.0,2.6426462392970294
7715,Pseudidiomarina_salinarum,bacteria,692185.0,2480276.0,3.583255921466082
7716,Pseudidiomarina_sediminum,bacteria,882947.0,2622760.0,2.970461420674174
7717,Pseudidiomarina_tainanensis,bacteria,284716.0,2782892.0,9.774273310948454
7718,Pseudidiomarina_taiwanensis,bacteria,609639.0,2195789.0,3.6017856469156335
7719,Pseudidiomarina_woesei,bacteria,559694.0,2437751.0,4.355506759050481
7720,Pseudoalteromonas_agarivorans,bacteria,1070302.5,4484608.0,4.19003786312748
7721,Pseudoalteromonas_aliena,bacteria,1991017.0,4594697.0,2.3077135956147035
7722,Pseudoalteromonas_amylolytica,bacteria,682022.0,4856394.0,7.1205826205019775
7723,Pseudoalteromonas_arctica,bacteria,1887770.0,4721971.0,2.5013486812482455
7724,Pseudoalteromonas_atlantica,bacteria,2268889.0,5187005.0,2.286143129963608
7725,Pseudoalteromonas_aurantia,bacteria,163755.66666666666,4814770.666666667,29.402162164362764
7726,Pseudoalteromonas_byunsanensis,bacteria,499597.0,4743224.0,9.494100244797307
7727,Pseudoalteromonas_carrageenovora,bacteria,1829543.0,4584980.0,2.506079387038184
7728,Pseudoalteromonas_citrea,bacteria,234989.66666666666,5326386.333333333,22.666470440544195
7729,Pseudoalteromonas_denitrificans,bacteria,299021.0,6094166.0,20.380394687998503
7730,Pseudoalteromonas_distincta,bacteria,1005496.0,4513077.5,4.488409203020201
7731,Pseudoalteromonas_espejiana,bacteria,1859892.0,4500451.0,2.4197378127332123
7732,Pseudoalteromonas_flavipulchra,bacteria,305042.0,5426994.0,17.790973046334603
7733,Pseudoalteromonas_fuliginea,bacteria,178336.0,4766895.0,26.729852637717567
7734,Pseudoalteromonas_galatheae,bacteria,129206.0,5325197.0,41.21478104731978
7735,Pseudoalteromonas_issachenkonii,bacteria,1682177.0,4132618.0,2.4567081823137515
7736,Pseudoalteromonas_lipolytica,bacteria,674408.6666666666,4619968.666666667,6.850399312780679
7737,Pseudoalteromonas_luteoviolacea,bacteria,509717.9,5801603.5,11.38198893937215
7738,Pseudoalteromonas_marina,bacteria,422242.0,4174593.0,9.886730832082076
7739,Pseudoalteromonas_nigrifaciens,bacteria,1727005.0,4275429.0,2.475632091395219
7740,Pseudoalteromonas_phenolica,bacteria,572391.8333333334,4746304.833333333,8.292055471324858
7741,Pseudoalteromonas_piratica,bacteria,1853739.0,4815987.0,2.5979854769198902
7742,Pseudoalteromonas_piscicida,bacteria,560617.4166666666,5349015.666666667,9.541294129731076
7743,Pseudoalteromonas_porphyrae,bacteria,385613.0,4811718.0,12.478101101363285
7744,Pseudoalteromonas_profundi,bacteria,1227911.0,4586663.0,3.7353383103498543
7745,Pseudoalteromonas_rubra,bacteria,577483.625,5780200.125,10.009288358609302
7746,Pseudoalteromonas_ruthenica,bacteria,378390.54545454547,4124118.4545454546,10.899105445648267
7747,Pseudoalteromonas_shioyasakiensis,bacteria,36570.0,6718721.0,183.72220399234345
7748,Pseudoalteromonas_sp,bacteria,473562.20634920633,4531620.555555556,9.56921919612378
7749,Pseudoalteromonas_spongiae,bacteria,1045853.0,4804570.0,4.593924767629868
7750,Pseudoalteromonas_tetraodonis,bacteria,1090412.0,3901896.0,3.578368543266215
7751,Pseudoalteromonas_translucida,bacteria,1619148.5,3998932.5,2.469775008283675
7752,Pseudoalteromonas_ulvae,bacteria,963162.0,4586484.0,4.761902982052863
7753,Pseudobacter_ginsenosidimutans,bacteria,2332383.0,7771874.0,3.332160284138583
7754,Pseudobacteriovorax_antillogorgiicola,bacteria,452055.0,7275418.0,16.094099169348862
7755,Pseudobacteroides_cellulosolvens,bacteria,2980682.0,6878816.0,2.3077993559863144
7756,Pseudobutyrivibrio_ruminis,bacteria,382633.0,2966147.0,7.7519372348961015
7757,Pseudobutyrivibrio_sp,bacteria,482001.22222222225,3245658.5555555555,6.733714368174723
7758,Pseudobutyrivibrio_xylanivorans,bacteria,327999.0,3317434.0,10.114158884630745
7759,Pseudochrobactrum_asaccharolyticum,bacteria,797106.0,4649592.0,5.833091207442925
7760,Pseudochryseolinea_flava,bacteria,803318.0,6542746.0,8.144652553534216
7761,Pseudocitrobacter_faecalis,bacteria,692389.0,5155726.0,7.446285252943071
7762,Pseudoclavibacter_sp,bacteria,598747.2,4005147.2,6.689212408842998
7763,Pseudoclostridium_thermosuccinogenes,bacteria,209700.0,4515818.0,21.534659036719123
7764,Pseudodesulfovibrio_hydrargyri,bacteria,1530261.0,4081579.0,2.667243692415869
7765,Pseudodesulfovibrio_indicus,bacteria,1748629.0,3966573.0,2.268390264601582
7766,Pseudodesulfovibrio_mercurii,bacteria,1710051.0,3858580.0,2.256412235658469
7767,Pseudodesulfovibrio_piezophilus,bacteria,1632265.0,3646098.0,2.2337659632473894
7768,Pseudodesulfovibrio_profundus,bacteria,1881709.0,4217908.0,2.241530438553464
7769,Pseudodesulfovibrio_sp,bacteria,374024.0,3678351.0,9.834532008641157
7770,Pseudoduganella_albidiflava,bacteria,3304058.0,7437157.0,2.2509159948160717
7771,Pseudoduganella_armeniaca,bacteria,2863305.0,6337491.0,2.2133482112453966
7772,Pseudoduganella_lutea,bacteria,3338849.0,7504949.0,2.2477653227204946
7773,Pseudoduganella_namucuonensis,bacteria,433765.0,8489111.0,19.57076066533722
7774,Pseudoduganella_plicata,bacteria,2639637.0,5887622.0,2.2304665376337733
7775,Pseudoduganella_umbonata,bacteria,3312979.0,7426165.0,2.2415369973670223
7776,Pseudoflavonifractor_capillosus,bacteria,321824.0,4241076.0,13.178246494978621
7777,Pseudoflavonifractor_sp,bacteria,263266.6666666667,2936876.1666666665,11.155518485692578
7778,Pseudofulvimonas_gallinarii,bacteria,269156.0,3467924.5,12.88444062179554
7779,Pseudoglutamicibacter_albus,bacteria,379564.0,2130249.0,5.612357863232551
7780,Pseudoglutamicibacter_cumminsii,bacteria,308033.0,2092019.0,6.791541815324981
7781,Pseudogracilibacillus_auburnensis,bacteria,455310.0,4779970.0,10.498275899936306
7782,Pseudogulbenkiania_ferrooxidans,bacteria,340086.5,4515097.0,13.276319406974402
7783,Pseudogulbenkiania_sp,bacteria,1910854.0,4332995.0,2.2675698928332566
7784,Pseudogulbenkiania_subflava,bacteria,322483.0,4367405.0,13.543054982743277
7785,Pseudohaliea_rubra,bacteria,199104.0,3212303.0,16.133794398907103
7786,Pseudohalioglobus_lutimaris,bacteria,467904.0,4664827.0,9.969624110928738
7787,Pseudohoeflea_suaedae,bacteria,1230599.0,3772164.0,3.0653072203049083
7788,Pseudohongiella_acticola,bacteria,1443126.0,3612481.0,2.5032332589115573
7789,Pseudohongiella_sp,bacteria,637722.0,3745012.0,5.872483621389884
7790,Pseudohongiella_spirulinae,bacteria,1568776.0,3345119.0,2.1323114326073322
7791,Pseudokineococcus_lusitanus,bacteria,592686.0,3839029.0,6.477340446712087
7792,Pseudolabrys_sp,bacteria,1810771.0,4741043.0,2.6182454876955727
7793,Pseudolabrys_taiwanensis,bacteria,2468327.0,5593741.0,2.266207435238524
7794,Pseudoleptotrichia_goodfellowii,bacteria,110674.0,2287284.0,20.66685942497786
7795,Pseudolysobacter_antarcticus,bacteria,2113286.0,4728975.0,2.2377354508571012
7796,Pseudomonadaceae_bacterium,bacteria,1190876.5,4669159.5,3.920775580003468
7797,Pseudomonadales_bacterium,bacteria,187078.33333333334,4339619.75,23.196805705274972
7798,Pseudomonas_abietaniphila,bacteria,684252.0,7222451.0,10.55525011253164
7799,Pseudomonas_abyssi,bacteria,417025.0,4322744.0,10.365671122834362
7800,Pseudomonas_aeruginosa,bacteria,777767.0350877193,7087558.438596491,9.112701000238626
7801,Pseudomonas_aestus,bacteria,149997.0,6658235.0,44.38912111575565
7802,Pseudomonas_agarici,bacteria,2405531.0,5502003.0,2.287230137545515
7803,Pseudomonas_alcaligenes,bacteria,764521.0,4980241.4,6.514198301943309
7804,Pseudomonas_alcaliphila,bacteria,1754138.5,5312003.5,3.0282691475046013
7805,Pseudomonas_alkylphenolica,bacteria,1777552.0,5966775.5,3.3567375244156006
7806,Pseudomonas_amygdali,bacteria,260107.63636363635,6089587.939393939,23.411799916864254
7807,Pseudomonas_anguilliseptica,bacteria,2291242.0,5229617.0,2.2824376473545787
7808,Pseudomonas_antarctica,bacteria,2873090.5,6492107.0,2.259624957863318
7809,Pseudomonas_argentinensis,bacteria,1328429.0,5108022.0,3.8451599596214776
7810,Pseudomonas_arsenicoxydans,bacteria,2893815.0,6561956.5,2.2675798211012106
7811,Pseudomonas_asplenii,bacteria,2867384.0,7304946.5,2.547599658783058
7812,Pseudomonas_asturiensis,bacteria,581576.0,6174096.0,10.616146470968541
7813,Pseudomonas_atacamensis,bacteria,984620.0,6170633.0,6.267019763969857
7814,Pseudomonas_avellanae,bacteria,193662.5,6454107.75,33.32657458206932
7815,Pseudomonas_aylmerensis,bacteria,502657.0,6988602.5,13.903322742943995
7816,Pseudomonas_azotoformans,bacteria,1608032.4,6616805.2,4.114845695895182
7817,Pseudomonas_baetica,bacteria,2106900.5,6838023.5,3.245536986677824
7818,Pseudomonas_batumici,bacteria,358952.0,6606796.0,18.405792417927746
7819,Pseudomonas_benzenivorans,bacteria,567962.0,5743144.0,10.111845510791214
7820,Pseudomonas_bharatica,bacteria,164602.0,6469780.0,39.30559774486337
7821,Pseudomonas_borbori,bacteria,266905.0,5270473.0,19.74662520372417
7822,Pseudomonas_brassicacearum,bacteria,1245519.375,6578748.375,5.281931784481474
7823,Pseudomonas_brenneri,bacteria,621470.0,5930819.0,9.54321045263649
7824,Pseudomonas_canadensis,bacteria,716501.0,6745893.0,9.415050362804797
7825,Pseudomonas_cannabina,bacteria,112894.0,5993746.166666667,53.09180440649341
7826,Pseudomonas_capeferrum,bacteria,1744343.0,5940443.0,3.4055475327960156
7827,Pseudomonas_caricapapayae,bacteria,200182.0,6317204.333333333,31.55730451955387
7828,Pseudomonas_caspiana,bacteria,465843.0,6103762.0,13.102616117447294
7829,Pseudomonas_cavernae,bacteria,2158857.0,4949615.0,2.2927016472142436
7830,Pseudomonas_cavernicola,bacteria,1727179.0,5626424.0,3.257580135006273
7831,Pseudomonas_cedrina,bacteria,445648.0,6311003.0,14.161407658061968
7832,Pseudomonas_cerasi,bacteria,2661988.0,6362308.5,2.390059046096376
7833,Pseudomonas_chengduensis,bacteria,659397.0,5413065.0,8.209113781227394
7834,Pseudomonas_chlororaphis,bacteria,2553200.3076923075,6852873.153846154,2.684032715020341
7835,Pseudomonas_cichorii,bacteria,843797.25,5963082.0,7.0669606946455445
7836,Pseudomonas_citronellolis,bacteria,3134296.0,7315601.5,2.334049336756962
7837,Pseudomonas_coleopterorum,bacteria,2204018.0,4922895.0,2.23360017930888
7838,Pseudomonas_composti,bacteria,645107.0,5392494.0,8.359069115666083
7839,Pseudomonas_congelans,bacteria,319195.0,5630650.0,17.64015727063394
7840,Pseudomonas_coronafaciens,bacteria,300506.15789473685,5848418.105263158,19.46189105153638
7841,Pseudomonas_corrugata,bacteria,301167.0,6046578.0,20.07715984819054
7842,Pseudomonas_costantinii,bacteria,544201.0,7247216.0,13.317167737655756
7843,Pseudomonas_cremoricolorata,bacteria,2148722.0,4780403.0,2.2247656979357964
7844,Pseudomonas_cuatrocienegasensis,bacteria,494509.0,5358739.0,10.836484270255951
7845,Pseudomonas_daroniae,bacteria,365339.0,5403650.0,14.790783354637748
7846,Pseudomonas_deceptionensis,bacteria,2277690.0,5096762.0,2.237689062163859
7847,Pseudomonas_delhiensis,bacteria,271176.0,6710571.0,24.746183290556687
7848,Pseudomonas_donghuensis,bacteria,728159.0,5701342.0,7.8298036555202914
7849,Pseudomonas_dryadis,bacteria,290897.0,5888253.0,20.241710983612755
7850,Pseudomonas_edaphica,bacteria,41052.0,6734981.0,164.0597534833869
7851,Pseudomonas_endophytica,bacteria,175260.0,4973838.0,28.379767203012666
7852,Pseudomonas_entomophila,bacteria,2651979.5,5969192.0,2.2508439450606614
7853,Pseudomonas_extremaustralis,bacteria,411806.0,6586244.0,15.993560074403966
7854,Pseudomonas_extremorientalis,bacteria,578695.0,6345609.0,10.96537727127416
7855,Pseudomonas_ficuserectae,bacteria,95276.0,5668734.5,59.498032033250766
7856,Pseudomonas_fildesensis,bacteria,637825.0,6313355.0,9.898255791165289
7857,Pseudomonas_flavescens,bacteria,419559.0,5855660.0,13.956702156311746
7858,Pseudomonas_flexibilis,bacteria,540784.0,3754628.5,6.942935626793692
7859,Pseudomonas_floridensis,bacteria,212784.0,6103707.0,28.684990412812994
7860,Pseudomonas_fluorescens,bacteria,1415627.8870967743,6443960.080645162,4.552015497420505
7861,Pseudomonas_fragi,bacteria,590559.75,5132874.416666667,8.69154123129229
7862,Pseudomonas_frederiksbergensis,bacteria,1499918.9,6643256.5,4.429077132103609
7863,Pseudomonas_fulva,bacteria,987773.0,5226678.333333333,5.291375987532898
7864,Pseudomonas_furukawaii,bacteria,459982.0,6678055.0,14.518078968307455
7865,Pseudomonas_fuscovaginae,bacteria,1775749.5,6866565.5,3.8668548125735076
7866,Pseudomonas_gessardii,bacteria,379208.0,6508266.0,17.162786650070675
7867,Pseudomonas_gingeri,bacteria,207301.0,7643846.0,36.873174755548696
7868,Pseudomonas_graminis,bacteria,479229.25,5881206.0,12.272218358958682
7869,Pseudomonas_grimontii,bacteria,3134100.0,7107743.0,2.26787371175138
7870,Pseudomonas_guangdongensis,bacteria,1436120.0,3191154.0,2.222066401136395
7871,Pseudomonas_guariconensis,bacteria,518332.0,5345467.5,10.312825563538427
7872,Pseudomonas_guguanensis,bacteria,479435.0,5084171.0,10.604505303117211
7873,Pseudomonas_guineae,bacteria,1157371.0,4149587.0,3.5853559489567304
7874,Pseudomonas_helleri,bacteria,564074.0,5676287.0,10.063018327382578
7875,Pseudomonas_helmanticensis,bacteria,489556.0,6628093.0,13.538988389479446
7876,Pseudomonas_hunanensis,bacteria,287728.0,6644424.0,23.092726463882556
7877,Pseudomonas_indica,bacteria,514500.0,5786922.0,11.247661807580174
7878,Pseudomonas_indoloxydans,bacteria,164948.0,5199651.0,31.52297087566991
7879,Pseudomonas_izuensis,bacteria,2970617.0,6733957.0,2.2668546635261295
7880,Pseudomonas_japonica,bacteria,473136.0,6718608.0,14.20016232119306
7881,Pseudomonas_jessenii,bacteria,915253.6,6542067.8,7.147819795518969
7882,Pseudomonas_jilinensis,bacteria,368787.0,3989683.0,10.818393815400217
7883,Pseudomonas_jinjuensis,bacteria,473172.0,5868669.0,12.402823920265782
7884,Pseudomonas_kilonensis,bacteria,2038580.6666666667,6700361.0,3.2867774670677736
7885,Pseudomonas_knackmussii,bacteria,2744949.0,6162905.0,2.2451801472449944
7886,Pseudomonas_koreensis,bacteria,1501128.8,6358253.2,4.235648000358131
7887,Pseudomonas_kribbensis,bacteria,2858826.0,6324282.0,2.212195495633522
7888,Pseudomonas_kuykendallii,bacteria,618025.5,4700590.0,7.605818853752798
7889,Pseudomonas_lactis,bacteria,1189333.0,6354161.333333333,5.342625936834623
7890,Pseudomonas_laurylsulfatiphila,bacteria,1069897.0,6684644.0,6.247932277593077
7891,Pseudomonas_laurylsulfativorans,bacteria,1013960.0,6686052.0,6.593999763304272
7892,Pseudomonas_libanensis,bacteria,568816.0,6214234.0,10.924857950549914
7893,Pseudomonas_lini,bacteria,1813568.5,6549342.0,3.611301144676917
7894,Pseudomonas_linyingensis,bacteria,415410.0,4721122.0,11.364969548157243
7895,Pseudomonas_lundensis,bacteria,934837.0,4876360.333333333,5.216268005367067
7896,Pseudomonas_lurida,bacteria,2104331.3333333335,6158029.333333333,2.926359188682897
7897,Pseudomonas_lutea,bacteria,1797439.0,5647497.0,3.141968656516299
7898,Pseudomonas_luteola,bacteria,754598.0,5782162.5,7.662573317183454
7899,Pseudomonas_mandelii,bacteria,1516165.2,6886672.6,4.54216506222409
7900,Pseudomonas_mangrovi,bacteria,600285.0,4054280.0,6.753925218854378
7901,Pseudomonas_marginalis,bacteria,839484.0,6445604.571428572,7.678055295191537
7902,Pseudomonas_marincola,bacteria,642750.0,5020984.0,7.811721509140412
7903,Pseudomonas_mediterranea,bacteria,1239098.0,6319692.0,5.1002358166989215
7904,Pseudomonas_meliae,bacteria,63693.0,5097969.0,80.0397060901512
7905,Pseudomonas_mendocina,bacteria,2402868.5,5360124.5,2.230719034354148
7906,Pseudomonas_migulae,bacteria,2857121.0,6782308.0,2.3738259597685922
7907,Pseudomonas_mohnii,bacteria,2888413.0,6592588.0,2.2824256780453487
7908,Pseudomonas_monteilii,bacteria,1553300.857142857,5799425.428571428,3.7336137438557113
7909,Pseudomonas_moorei,bacteria,1390138.5,6672346.5,4.7997710300088805
7910,Pseudomonas_moraviensis,bacteria,1523440.0,6114968.6,4.013921519718531
7911,Pseudomonas_mosselii,bacteria,1084404.6666666667,5687037.666666667,5.244386935504396
7912,Pseudomonas_mucidolens,bacteria,2585026.0,5853167.0,2.2642584639380803
7913,Pseudomonas_nicosulfuronedens,bacteria,368695.0,6677205.0,18.11037578486283
7914,Pseudomonas_nitroreducens,bacteria,999348.6666666666,6442730.666666667,6.446929766921522
7915,Pseudomonas_ogarae,bacteria,1550747.5,7083942.5,4.568082489251151
7916,Pseudomonas_oleovorans,bacteria,1149916.857142857,5308174.142857143,4.616137340612701
7917,Pseudomonas_orientalis,bacteria,1804707.0,6038298.2,3.3458606854187414
7918,Pseudomonas_oryzae,bacteria,2065355.0,4642193.0,2.2476489513909232
7919,Pseudomonas_oryzihabitans,bacteria,1637522.6666666667,5198220.333333333,3.174441758363446
7920,Pseudomonas_otitidis,bacteria,427562.0,6344741.0,14.839347275950622
7921,Pseudomonas_palleroniana,bacteria,1572337.5,6203873.25,3.9456371485129624
7922,Pseudomonas_panipatensis,bacteria,727509.0,5775530.0,7.938774640588639
7923,Pseudomonas_parafulva,bacteria,1790768.0,5345051.0,2.984781389884117
7924,Pseudomonas_paralactis,bacteria,800030.0,6015212.0,7.518733047510718
7925,Pseudomonas_peli,bacteria,1234676.0,4487120.0,3.6342489851588593
7926,Pseudomonas_pharmacofabricae,bacteria,360446.0,3438790.0,9.54037497988603
7927,Pseudomonas_phragmitis,bacteria,1853161.0,4035153.0,2.177443298234746
7928,Pseudomonas_plecoglossicida,bacteria,1282395.4,5931002.8,4.624940794391496
7929,Pseudomonas_poae,bacteria,1554650.0,6296599.0,4.0501714212202105
7930,Pseudomonas_pohangensis,bacteria,1692422.0,3769689.0,2.227393049724005
7931,Pseudomonas_prosekii,bacteria,1033055.25,6018948.5,5.826356818766469
7932,Pseudomonas_protegens,bacteria,1757477.0,7056899.142857143,4.015357892511335
7933,Pseudomonas_pseudoalcaligenes,bacteria,2046873.0,4686340.0,2.289511855400897
7934,Pseudomonas_psychrophila,bacteria,909347.5,5518677.5,6.068832322077093
7935,Pseudomonas_psychrotolerans,bacteria,445675.0,5538505.0,12.42722836147417
7936,Pseudomonas_punonensis,bacteria,956664.0,4809638.0,5.0275101812130485
7937,Pseudomonas_putida,bacteria,1684209.68,6240935.02,3.7055570301674075
7938,Pseudomonas_reidholzensis,bacteria,659090.0,6162601.0,9.35016613816019
7939,Pseudomonas_reinekei,bacteria,1661173.0,6281129.0,3.78114079629274
7940,Pseudomonas_resinovorans,bacteria,2823059.0,6484828.0,2.297092621868689
7941,Pseudomonas_rhizosphaerae,bacteria,2101051.0,4688635.0,2.2315664874389056
7942,Pseudomonas_rhodesiae,bacteria,2860980.0,6417799.0,2.243217009556166
7943,Pseudomonas_sagittaria,bacteria,427220.0,4607575.0,10.785017087215017
7944,Pseudomonas_salomonii,bacteria,402176.5,6716503.0,16.70038652183805
7945,Pseudomonas_saponiphila,bacteria,2660376.0,7375852.0,2.7724847916234396
7946,Pseudomonas_saudiphocaensis,bacteria,1052900.5,3687092.0,3.5018427667191725
7947,Pseudomonas_savastanoi,bacteria,176489.66666666666,5908457.358974359,33.477639062764915
7948,Pseudomonas_sediminis,bacteria,841486.0,4884839.0,5.805015175534709
7949,Pseudomonas_segetis,bacteria,1011556.0,4725422.0,4.671438852619134
7950,Pseudomonas_seleniipraecipitans,bacteria,740240.0,4546163.0,6.141471684858964
7951,Pseudomonas_sessilinigenes,bacteria,3078700.0,6896611.0,2.240104914411927
7952,Pseudomonas_sihuiensis,bacteria,2441374.0,5476367.0,2.2431495543083524
7953,Pseudomonas_silesiensis,bacteria,2993370.0,6823539.0,2.2795508072840978
7954,Pseudomonas_simiae,bacteria,1225756.5,6299888.5,5.139592162064814
7955,Pseudomonas_soli,bacteria,674499.0,5707923.5,8.462463991792427
7956,Pseudomonas_songnenensis,bacteria,696614.0,4785340.0,6.869428406549394
7957,Pseudomonas_sp,bacteria,853827.5,6142651.708333333,7.194253767105573
7958,Pseudomonas_straminea,bacteria,768534.0,4992198.0,6.495741242417382
7959,Pseudomonas_stutzeri,bacteria,1109472.4285714286,4715026.285714285,4.2497913100782645
7960,Pseudomonas_synxantha,bacteria,2261237.4285714286,6472040.428571428,2.862167566658508
7961,Pseudomonas_syringae,bacteria,469981.9,6173304.5636363635,13.135196405726184
7962,Pseudomonas_taeanensis,bacteria,1249082.0,5454863.0,4.367097596474851
7963,Pseudomonas_taetrolens,bacteria,684533.0,4921904.0,7.190163220765106
7964,Pseudomonas_taiwanensis,bacteria,143451.0,6253055.0,43.59018061916613
7965,Pseudomonas_thivervalensis,bacteria,2357021.75,6584748.75,2.793673308275581
7966,Pseudomonas_tolaasii,bacteria,3048449.0,6792797.0,2.228279692394395
7967,Pseudomonas_toyotomiensis,bacteria,570730.5,5481964.0,9.605170916921384
7968,Pseudomonas_tremae,bacteria,331696.0,5929145.0,17.8752381698905
7969,Pseudomonas_trivialis,bacteria,1711982.0,6020355.0,3.516599473592596
7970,Pseudomonas_tructae,bacteria,2590245.0,5685196.0,2.194848749828684
7971,Pseudomonas_umsongensis,bacteria,2974468.0,6749275.0,2.269069628585683
7972,Pseudomonas_vancouverensis,bacteria,1718908.5,6405268.5,3.726358034764503
7973,Pseudomonas_veronii,bacteria,1171707.75,7178791.75,6.126776706904943
7974,Pseudomonas_versuta,bacteria,1483393.5,5184833.0,3.4952512600331604
7975,Pseudomonas_viciae,bacteria,2981846.0,6704877.0,2.2485658213066673
7976,Pseudomonas_viridiflava,bacteria,647831.25,5837048.0,9.010136513173762
7977,Pseudomonas_vranovensis,bacteria,500619.0,5726905.0,11.439647716127434
7978,Pseudomonas_wadenswilerensis,bacteria,803612.0,5966738.0,7.424899080650861
7979,Pseudomonas_weihenstephanensis,bacteria,729376.0,4792107.0,6.570146262010266
7980,Pseudomonas_xanthomarina,bacteria,782090.0,4308853.0,5.509408124384661
7981,Pseudomonas_yamanorum,bacteria,3122719.0,6972180.0,2.2327273123198084
7982,Pseudomonas_yangmingensis,bacteria,380125.0,3141501.0,8.264389345609997
7983,Pseudomonas_zeshuii,bacteria,609143.0,5339831.0,8.76613701544629
7984,Pseudomonas_zhaodongensis,bacteria,866217.0,4828823.5,5.5746117889628115
7985,Pseudonaja_textilis,ensembl,11235385.0,1590035073.0,141.5203015294981
7986,Pseudonitzschia_multistriata,protists,515767.0,56765209.0,110.05979250320397
7987,Pseudonocardia_alni,bacteria,2648536.0,5994807.0,2.26344176556407
7988,Pseudonocardia_ammonioxydans,bacteria,425686.0,7361511.0,17.29328895007118
7989,Pseudonocardia_autotrophica,bacteria,347754.0,7351656.0,21.140392346313774
7990,Pseudonocardia_dioxanivorans,bacteria,3218389.0,7303989.0,2.269454997515838
7991,Pseudonocardia_endophytica,bacteria,2717974.0,7567994.0,2.784424722237961
7992,Pseudonocardia_oroxyli,bacteria,471714.0,6111570.0,12.956092038820133
7993,Pseudonocardia_sediminis,bacteria,2956702.0,6612042.0,2.2362896226944753
7994,Pseudonocardia_sp,bacteria,2016644.8181818181,7130042.909090909,3.53559677182979
7995,Pseudonocardia_thermophila,bacteria,436649.0,6098214.0,13.965940606757373
7996,Pseudonocardiaceae_bacterium,bacteria,372670.6666666667,7040723.0,18.892613853876345
7997,Pseudonocardiales_bacterium,bacteria,68460.5,5004434.0,73.09958297120237
7998,Pseudooceanicola_algae,bacteria,372618.0,4067555.0,10.916152735509288
7999,Pseudooceanicola_antarcticus,bacteria,737185.0,4232532.0,5.741478733289473
8000,Pseudooceanicola_atlanticus,bacteria,723525.0,4938305.0,6.825341211430151
8001,Pseudooceanicola_lipolyticus,bacteria,212756.0,5235224.0,24.60670439376563
8002,Pseudooceanicola_marinus,bacteria,691944.0,4533138.0,6.551307620269848
8003,Pseudooceanicola_nitratireducens,bacteria,1600615.0,4068972.0,2.542130368639554
8004,Pseudooceanicola_sp,bacteria,322391.0,4779610.0,14.825506915515632
8005,Pseudooctadecabacter_jejudonensis,bacteria,799544.0,3412627.0,4.268216633481084
8006,Pseudopedobacter_saltans,bacteria,1063625.0,4429835.0,4.164846632976848
8007,Pseudoprevotella_muciniphila,bacteria,1315406.0,2920169.0,2.2199754296392142
8008,Pseudoprimorskyibacter_insulae,bacteria,783168.0,4006290.0,5.115492461387595
8009,Pseudopuniceibacterium_sediminis,bacteria,376069.0,4445201.0,11.820173957438662
8010,Pseudoramibacter_alactolyticus,bacteria,1011431.0,2362882.0,2.3361771588966525
8011,Pseudorhizobium_banfieldiae,bacteria,1990883.0,4577425.0,2.2991933729907785
8012,Pseudorhizobium_pelagicum,bacteria,325446.0,5134606.0,15.777136606380168
8013,Pseudorhodobacter_antarcticus,bacteria,173451.0,3796802.0,21.88976713884613
8014,Pseudorhodobacter_sp,bacteria,627572.6666666666,4030870.6666666665,6.422954473266841
8015,Pseudorhodobacter_turbinis,bacteria,1547787.0,4246983.0,2.743906622810503
8016,Pseudorhodoferax_soli,bacteria,1113209.0,8162227.0,7.332160447858398
8017,Pseudorhodoferax_sp,bacteria,907813.3333333334,6914093.0,7.6162056076138995
8018,Pseudorhodoplanes_sinuspersici,bacteria,2634352.0,5971615.0,2.2668250104769596
8019,Pseudoroseicyclus_aestuarii,bacteria,794627.0,3444313.0,4.334502854798541
8020,Pseudoruegeria_aquimaris,bacteria,256152.0,3691014.0,14.409467815984259
8021,Pseudoruegeria_sp,bacteria,342952.0,3966811.0,11.566665305932025
8022,Pseudoscardovia_radai,bacteria,271758.0,2436770.0,8.966690952980224
8023,Pseudoscardovia_suis,bacteria,349664.0,2270618.0,6.493713965406791
8024,Pseudospirillum_japonicum,bacteria,373727.0,2744234.0,7.3428839768066
8025,Pseudosporangium_ferrugineum,bacteria,759087.0,8653585.0,11.399991041870036
8026,Pseudosulfitobacter_pseudonitzschiae,bacteria,1238935.5,5033448.5,4.062720375677346
8027,Pseudothermotoga_hypogea,bacteria,1020313.0,2165416.0,2.122305606220836
8028,Pseudothermotoga_lettingae,bacteria,1011126.0,2135342.0,2.1118456057899806
8029,Pseudothermotoga_sp,bacteria,224259.0,1907267.0,8.504751202850276
8030,Pseudothermotoga_thermarum,bacteria,957023.0,2039943.0,2.1315506523876646
8031,Pseudothioclava_arenosa,bacteria,400183.0,2793629.0,6.9808787479728025
8032,Pseudovibrio_axinellae,bacteria,402241.0,5126200.0,12.744101173177274
8033,Pseudovibrio_denitrificans,bacteria,902517.0,6080381.0,6.737137361401503
8034,Pseudovibrio_exalbescens,bacteria,522724.0,4172554.0,7.982327193700691
8035,Pseudovibrio_sp,bacteria,1169691.8333333333,6051833.333333333,5.173869869713547
8036,Pseudoxanthobacter_soli,bacteria,804887.0,5165242.0,6.4173505100716
8037,Pseudoxanthomonas_dokdonensis,bacteria,470359.0,3553658.0,7.555203578543198
8038,Pseudoxanthomonas_indica,bacteria,1448522.0,3960916.0,2.7344534635994484
8039,Pseudoxanthomonas_sp,bacteria,1012110.3333333334,4356270.111111111,4.304145474697368
8040,Pseudoxanthomonas_spadix,bacteria,1012637.0,3413484.0,3.370886112200127
8041,Pseudoxanthomonas_suwonensis,bacteria,1150019.6666666667,3575735.6666666665,3.109282189087201
8042,Pseudoxanthomonas_winnipegensis,bacteria,729528.6,4527728.6,6.206375733590156
8043,Pseudoxanthomonas_wuyuanensis,bacteria,776089.0,4669744.0,6.017021243697566
8044,Pseudozobellia_sp,bacteria,931340.0,5403964.5,5.802354134902399
8045,Pseudozobellia_thermophila,bacteria,977115.0,5036817.0,5.154784237269922
8046,Psychrilyobacter_sp,bacteria,236513.0,3358809.0,14.201371594796058
8047,Psychrobacillus_insolitus,bacteria,776918.0,3288307.0,4.232502014369599
8048,Psychrobacillus_psychrodurans,bacteria,444290.0,4016876.0,9.041112786693375
8049,Psychrobacillus_psychrotolerans,bacteria,641873.0,3607666.0,5.620529294735874
8050,Psychrobacillus_sp,bacteria,653909.0,4081968.0,6.242409876603626
8051,Psychrobacter_alimentarius,bacteria,1406782.0,3349444.0,2.3809261136409194
8052,Psychrobacter_aquaticus,bacteria,405638.0,3216409.0,7.929259586133449
8053,Psychrobacter_arcticus,bacteria,1090182.0,2650701.0,2.4314297979603405
8054,Psychrobacter_cryohalolentis,bacteria,1296391.0,3101097.0,2.3921000685749902
8055,Psychrobacter_fozii,bacteria,489522.0,3499844.0,7.149513198589645
8056,Psychrobacter_immobilis,bacteria,366150.0,3243066.0,8.857206063088897
8057,Psychrobacter_pacificensis,bacteria,253845.0,3062581.0,12.064767870156986
8058,Psychrobacter_pasteurii,bacteria,100495.0,2941644.0,29.271545848052142
8059,Psychrobacter_phenylpyruvicus,bacteria,1378158.0,3452703.0,2.505302730165917
8060,Psychrobacter_piechaudii,bacteria,49877.0,2820896.0,56.55705034384586
8061,Psychrobacter_piscatorii,bacteria,123728.0,3089314.0,24.968592396223976
8062,Psychrobacter_sp,bacteria,598625.4666666667,3234222.8333333335,5.402748485363469
8063,Psychrobacter_urativorans,bacteria,1185751.0,2931580.0,2.4723403142818348
8064,Psychroflexus_halocasei,bacteria,403825.0,2671918.0,6.61652448461586
8065,Psychroflexus_salarius,bacteria,471405.0,2534569.0,5.376627316214296
8066,Psychroflexus_sediminis,bacteria,301341.0,2973500.0,9.867558679369884
8067,Psychroflexus_sp,bacteria,269626.0,3241974.5,12.023968385838161
8068,Psychroflexus_torquis,bacteria,1808923.0,4321832.0,2.389174110783046
8069,Psychromicrobium_lacuslunae,bacteria,1653265.0,3599434.0,2.1771669998457597
8070,Psychromonas_ingrahamii,bacteria,1829607.0,4559598.0,2.4921187992831246
8071,Psychromonas_sp,bacteria,477905.0,3950907.2,8.267139285004342
8072,Psychroserpens_sp,bacteria,1901501.0,4319537.0,2.2716459260342226
8073,Psychrosphaera_saromensis,bacteria,1589521.0,3635560.0,2.2872047616860676
8074,Pteropus_vampyrus,ensembl,869750.0,1999614463.0,2299.0680804828976
8075,Puccinia_graminis,fungi,2055627.0,88724376.0,43.161709784897745
8076,Puccinia_graminisug99,fungi,441657.0,118341764.0,267.94948115845557
8077,Puccinia_striiformis,fungi,36063.0,64782816.0,1796.379003410698
8078,Puccinia_triticina,fungi,1405704.0,162948716.0,115.91965022508295
8079,Pueribacillus_theae,bacteria,218932.0,3753578.0,17.144949116620687
8080,Pukyongia_salina,bacteria,1472083.0,3182272.0,2.1617476731950576
8081,Pukyongiella_litopenaei,bacteria,1843419.0,4262966.0,2.3125323108853713
8082,Pundamilia_nyererei,ensembl,6029706.0,830133247.0,137.67391760062597
8083,Puniceibacterium_antarcticum,bacteria,292787.0,5546835.0,18.94494974162104
8084,Puniceibacterium_sediminis,bacteria,429938.0,4642053.0,10.79702887393066
8085,Puniceibacterium_sp,bacteria,2044294.0,5563485.0,2.721470101658568
8086,Puniceicoccaceae_bacterium,bacteria,115113.75,2618901.25,22.750551085339502
8087,Pusillimonas_ginsengisoli,bacteria,527673.0,4761124.0,9.022868329438875
8088,Pusillimonas_maritima,bacteria,504923.0,3414730.0,6.762872754855691
8089,Pusillimonas_noertemannii,bacteria,989992.0,4203487.0,4.245980775602227
8090,Pusillimonas_sp,bacteria,678603.7142857143,3537292.1428571427,5.212603568756518
8091,Pusillimonas_thiosulfatoxidans,bacteria,1650328.0,3548703.0,2.150301637007916
8092,Pustulibacterium_marinum,bacteria,622180.0,4209902.0,6.766373075315825
8093,Puteibacter_caeruleilacunae,bacteria,762164.0,8075071.0,10.594925764008796
8094,Putridiphycobacter_roseus,bacteria,636502.0,4042952.0,6.351829216561771
8095,Pvc_group,bacteria,88001.0,1907665.0,21.677765025397438
8096,Pygocentrus_nattereri,ensembl,24593094.0,1222050449.0,49.69079730268994
8097,Pyramidobacter_piscolens,bacteria,108189.0,2562014.0,23.68091025889878
8098,Pyramidobacter_sp,bacteria,122103.0,2618151.5,21.44215539339738
8099,Pyrenophora_teres,fungi,205259.0,33583335.0,163.6144334718575
8100,Pyrenophora_triticirepentis,fungi,3568760.0,37997465.0,10.647245822078258
8101,Pyricularia_oryzae,fungi,3496449.0,41858488.0,11.971714159136884
8102,Pyrinomonas_methylaliphatogenes,bacteria,730178.0,3788560.0,5.188543067580782
8103,Pyrobaculum_aerophilum,bacteria,408200.0,2440126.3333333335,5.977771517230116
8104,Pyrobaculum_arsenaticum,bacteria,946788.0,2121076.0,2.2402861041753805
8105,Pyrobaculum_calidifontis,bacteria,928462.0,2009313.0,2.1641305729259788
8106,Pyrobaculum_ferrireducens,bacteria,1118982.0,2467972.0,2.205551116997414
8107,Pyrobaculum_islandicum,bacteria,817214.0,1826402.0,2.2349127645879783
8108,Pyrobaculum_neutrophilum,bacteria,807946.0,1769823.0,2.1905213962319263
8109,Pyrobaculum_oguniense,bacteria,1087276.0,2452920.0,2.256023309628834
8110,Pyrobaculum_sp,bacteria,891811.0,1993257.0,2.2350666228606735
8111,Pyrococcus_abyssi,bacteria,825316.0,1768562.0,2.1428907230684975
8112,Pyrococcus_furiosus,bacteria,876657.0,1909041.5,2.1776378903037332
8113,Pyrococcus_horikoshii,bacteria,854262.0,1738505.0,2.0350957902844793
8114,Pyrococcus_kukulkanii,bacteria,910440.0,1977126.0,2.1716159219717937
8115,Pyrococcus_sp,bacteria,833815.0,1799102.5,2.157675863350983
8116,Pyrococcus_yayanosii,bacteria,790195.0,1716818.0,2.172651054486551
8117,Pyrodictium_delaneyi,bacteria,667198.0,2033318.5,3.04754885356371
8118,Pyrodictium_occultum,bacteria,693981.0,1621727.0,2.3368463978120437
8119,Pyrolobus_fumarii,bacteria,813693.0,1843267.0,2.2653101353950444
8120,Pythium_aphanidermatum,protists,172381.0,35876849.0,208.12530963389236
8121,Pythium_arrhenomanes,protists,86574.0,44672625.0,516.0050939081017
8122,Pythium_irregulare,protists,146693.0,42968084.0,292.9116181412883
8123,Pythium_iwayamai,protists,85349.0,43199174.0,506.14739481423334
8124,Pythium_ultimum,protists,1535428.0,44913582.0,29.251506420359664
8125,Pythium_vexans,protists,150782.0,33844883.0,224.46235624941968
8126,Qipengyuania_citrea,bacteria,405740.0,3094736.0,7.6273869965988075
8127,Qipengyuania_flava,bacteria,1382965.0,3001754.5,2.1705209459386174
8128,Qipengyuania_marisflavi,bacteria,643959.0,2669685.0,4.14573753919116
8129,Qipengyuania_nanhaisediminis,bacteria,789761.0,2899438.0,3.6712853635466933
8130,Quadrisphaera_granulorum,bacteria,361942.0,4884413.0,13.49501577600831
8131,Quadrisphaera_sp,bacteria,926654.0,3195637.0,3.4485762755030462
8132,Quercus_lobata,plants,35431669.0,846677899.0,23.896077235311722
8133,Quercus_suber,plants,1575655.0,953298670.0,605.0173864202507
8134,Rahnella_aceris,bacteria,2306026.0,5614252.0,2.434600477184559
8135,Rahnella_aquatilis,bacteria,2299053.0,5552849.5,2.415276855296507
8136,Rahnella_inusitata,bacteria,742881.0,4910561.0,6.610158289147252
8137,Rahnella_sp,bacteria,1114947.5,5606313.5,5.028320615993129
8138,Rahnella_woolbedingensis,bacteria,256169.0,5457431.0,21.304025857929727
8139,Raineya_orbicola,bacteria,112059.0,3070213.0,27.39818309997412
8140,Raineyella_antarctica,bacteria,486990.0,3760249.0,7.721409063841147
8141,Ralstonia_insidiosa,bacteria,2258157.0,6177004.0,2.7354183079387306
8142,Ralstonia_mannitolilytica,bacteria,1746077.5,4963695.5,2.842769292886484
8143,Ralstonia_pickettii,bacteria,1693854.5,5706289.875,3.368819385018017
8144,Ralstonia_pseudosolanacearum,bacteria,1193694.5,5869116.5,4.916765973203361
8145,Ralstonia_solanacearum,bacteria,1450374.1333333333,5521559.933333334,3.806990076859249
8146,Ralstonia_sp,bacteria,538029.875,5723055.375,10.637058722807911
8147,Ramlibacter_sp,bacteria,558309.0,4585682.0,8.213519753398208
8148,Ramlibacter_tataouinensis,bacteria,2066172.0,4493411.5,2.174751908360001
8149,Raoultella_ornithinolytica,bacteria,1152481.5,6027429.0,5.229957270463777
8150,Raoultella_planticola,bacteria,1442662.0,6193672.0,4.293224608397532
8151,Raoultella_sp,bacteria,790660.0,5403151.0,6.833722459717198
8152,Raoultella_terrigena,bacteria,1842094.25,5822520.0,3.160815468589623
8153,Raphidiopsis_brookii,bacteria,363489.0,3186511.0,8.766457857046568
8154,Raphidiopsis_curvata,bacteria,1476218.0,3431981.0,2.324847007691276
8155,Rathayibacter_caricis,bacteria,1780786.0,4119949.0,2.3135564857315813
8156,Rathayibacter_festucae,bacteria,1918190.0,4359758.0,2.272849926232542
8157,Rathayibacter_iranicus,bacteria,411326.0,3380746.0,8.219140049498451
8158,Rathayibacter_oskolensis,bacteria,1263872.0,3946460.0,3.1225155711970833
8159,Rathayibacter_rathayi,bacteria,318411.0,3276397.0,10.289836092346055
8160,Rathayibacter_sp,bacteria,722858.8,4032289.5,5.5782533186287555
8161,Rathayibacter_tanaceti,bacteria,311973.5,3181179.0,10.19695262578392
8162,Rathayibacter_toxicus,bacteria,434082.0,2315719.5,5.334751268193567
8163,Rathayibacter_tritici,bacteria,858215.5,3274273.5,3.815211330953589
8164,Rattus_norvegicus,ensembl,32663833.25,2833142965.75,86.73638957393342
8165,Reichenbachiella_agariperforans,bacteria,1025757.0,5034103.0,4.90769548733277
8166,Reichenbachiella_faecimaris,bacteria,1315909.0,4711560.0,3.580460350981717
8167,Reichenbachiella_sp,bacteria,2117411.0,4636242.0,2.189580577412699
8168,Reinekea_forsetii,bacteria,1633626.0,3660060.0,2.2404516088749813
8169,Reinekea_marinisedimentorum,bacteria,425045.0,4230836.0,9.953854297780236
8170,Renibacterium_salmoninarum,bacteria,1429813.0,3155250.0,2.2067571073979604
8171,Rheinheimera_nanhaiensis,bacteria,289505.0,3987205.0,13.772490975976236
8172,Rheinheimera_pacifica,bacteria,469862.0,4457865.0,9.487604871217506
8173,Rheinheimera_riviphila,bacteria,414535.0,4745991.0,11.448951234515782
8174,Rheinheimera_salexigens,bacteria,1547655.0,3441881.0,2.2239329824799454
8175,Rheinheimera_sp,bacteria,646913.1666666666,4237990.916666667,6.551097017399812
8176,Rhinolophus_ferrumequinum,ensembl,20546708.0,2075768562.0,101.02681957615789
8177,Rhinopithecus_bieti,ensembl,5559500.0,2977074946.0,535.4932900440687
8178,Rhinopithecus_roxellana,ensembl,4610485.0,2899552139.0,628.9039307144476
8179,Rhizobacter_gummiphilus,bacteria,2958993.0,6398096.0,2.1622545237518302
8180,Rhizobacter_sp,bacteria,753881.75,6388588.25,8.474257733391212
8181,Rhizobiaceae_bacterium,bacteria,235328.0,5822494.0,24.742036646722873
8182,Rhizobiales_bacterium,bacteria,1553175.3333333333,6162455.583333333,3.96764966007272
8183,Rhizobium_acidisoli,bacteria,647158.0,7361743.0,11.375495628579111
8184,Rhizobium_aethiopicum,bacteria,663193.0,6557588.0,9.887902918155048
8185,Rhizobium_album,bacteria,706588.0,6868712.0,9.720957616036502
8186,Rhizobium_altiplani,bacteria,333153.0,8099863.0,24.3127421935267
8187,Rhizobium_anhuiense,bacteria,882698.0,7122173.0,8.0686406902474
8188,Rhizobium_azibense,bacteria,659845.0,7061324.0,10.701488986049753
8189,Rhizobium_chutanense,bacteria,417985.0,6945088.5,16.615640513415553
8190,Rhizobium_deserti,bacteria,1032842.0,4747674.0,4.596708886741632
8191,Rhizobium_esperanzae,bacteria,434262.0,6294057.0,14.493685839424126
8192,Rhizobium_etli,bacteria,1777979.2857142857,6832553.857142857,3.842875961514898
8193,Rhizobium_favelukesii,bacteria,2420420.0,7569648.0,3.1274109452078567
8194,Rhizobium_freirei,bacteria,544185.0,7083871.0,13.017394819776364
8195,Rhizobium_gallicum,bacteria,2498735.5,7392696.0,2.9585748471576925
8196,Rhizobium_grahamii,bacteria,509463.5,7111776.5,13.95934448689651
8197,Rhizobium_hainanense,bacteria,979883.0,7252624.0,7.401520385597056
8198,Rhizobium_hidalgonense,bacteria,570067.0,6993638.0,12.268098311251133
8199,Rhizobium_indicum,bacteria,959560.0,7530579.5,7.847950623202301
8200,Rhizobium_jaguaris,bacteria,2732944.0,8025568.0,2.9366017013155044
8201,Rhizobium_laguerreae,bacteria,731695.3333333334,7307168.0,9.98662649208277
8202,Rhizobium_leguminosarum,bacteria,1714065.2424242424,7567785.242424242,4.415109212366355
8203,Rhizobium_lusitanum,bacteria,642553.0,7921970.0,12.328897382783989
8204,Rhizobium_mesoamericanum,bacteria,2273726.0,6461927.0,2.841998991962972
8205,Rhizobium_miluonense,bacteria,377085.0,6808054.0,18.054428046726866
8206,Rhizobium_mongolense,bacteria,1038576.0,6728492.0,6.4785745097133
8207,Rhizobium_multihospitium,bacteria,1156090.0,7319877.0,6.331580586286535
8208,Rhizobium_nepotum,bacteria,364013.0,5328872.0,14.639235411922101
8209,Rhizobium_oryzae,bacteria,928819.0,5728360.5,6.167359302512115
8210,Rhizobium_oryziradicis,bacteria,759318.0,5156254.0,6.790638441338148
8211,Rhizobium_phaseoli,bacteria,1541975.0,6833306.75,4.431528883412507
8212,Rhizobium_pisi,bacteria,436993.5,6899216.5,15.78791560972875
8213,Rhizobium_pusense,bacteria,800918.3333333334,5506514.0,6.875250285609644
8214,Rhizobium_rhizophilum,bacteria,1024384.0,5248183.0,5.123257489378983
8215,Rhizobium_rhizosphaerae,bacteria,447530.0,5537226.0,12.372859920005363
8216,Rhizobium_rosettiformans,bacteria,564429.0,4977406.0,8.818480269440442
8217,Rhizobium_smilacinae,bacteria,1341957.0,6006051.0,4.4755912447269175
8218,Rhizobium_sophoriradicis,bacteria,408983.5,6774648.0,16.56459979436823
8219,Rhizobium_sp,bacteria,936538.8526315789,6067137.147368421,6.478254618396645
8220,Rhizobium_subbaraonis,bacteria,466994.0,6576489.0,14.082598491629442
8221,Rhizobium_sullae,bacteria,652558.5,7310498.0,11.202823961376643
8222,Rhizobium_taibaishanense,bacteria,927863.0,5418020.0,5.839245664500039
8223,Rhizobium_tibeticum,bacteria,372315.0,6912941.0,18.567452291742207
8224,Rhizobium_tropici,bacteria,1219237.6666666667,7056434.333333333,5.787579014537226
8225,Rhizobium_tubonense,bacteria,592205.0,6540512.0,11.044337687118482
8226,Rhizobium_tumorigenes,bacteria,636965.0,5899412.0,9.261752215584844
8227,Rhizobium_vallis,bacteria,874690.0,7115083.0,8.134405332174827
8228,Rhizorhabdus_dicambivorans,bacteria,351417.0,5247494.0,14.932385172032086
8229,Rhizorhabdus_histidinilytica,bacteria,654476.0,5473339.0,8.362933094567257
8230,Rhizorhabdus_wittichii,bacteria,2671115.0,6244299.0,2.3377125282887485
8231,Rhodanobacter_denitrificans,bacteria,995692.6666666666,4081992.0,4.099650561518648
8232,Rhodanobacter_fulvus,bacteria,272502.0,3879600.0,14.236959728735936
8233,Rhodanobacter_glycinis,bacteria,428733.0,3865941.0,9.017129542162605
8234,Rhodanobacter_lindaniclasticus,bacteria,209911.0,4060504.0,19.343931475720662
8235,Rhodanobacter_sp,bacteria,513494.0,4354389.105263158,8.479922073603893
8236,Rhodanobacter_spathiphylli,bacteria,415418.0,3910579.0,9.413600277311046
8237,Rhodanobacter_thiooxydans,bacteria,170512.0,4131704.0,24.23116261612086
8238,Rhodobaca_barguzinensis,bacteria,1761979.0,3899419.0,2.2130905078891407
8239,Rhodobacter_aestuarii,bacteria,506344.0,3841151.0,7.586050195124264
8240,Rhodobacter_capsulatus,bacteria,669260.0,3952171.75,5.905286062217972
8241,Rhodobacter_maris,bacteria,585229.0,3833743.0,6.550842490717309
8242,Rhodobacter_sp,bacteria,797242.0,4076668.2,5.113463916853352
8243,Rhodobacter_sphaeroides,bacteria,1659001.0,4602977.0,2.774547453557894
8244,Rhodobacter_viridis,bacteria,504856.0,3868365.0,7.662313610217567
8245,Rhodobacteraceae_bacterium,bacteria,414750.3888888889,3910270.5555555555,9.428009376992078
8246,Rhodobacterales_bacterium,bacteria,551907.0909090909,3547095.1818181816,6.426978816263211
8247,Rhodobiaceae_bacterium,bacteria,697960.0,3619716.5,5.186137457733968
8248,Rhodobium_orientis,bacteria,239063.0,5189386.0,21.70719015489641
8249,Rhodoblastus_acidophilus,bacteria,805856.0,4711496.0,5.8465730850176705
8250,Rhodoblastus_sphagnicola,bacteria,183311.0,5092596.0,27.781180616547832
8251,Rhodococcus_aetherivorans,bacteria,2746821.0,6231823.0,2.2687401181220035
8252,Rhodococcus_coprophilus,bacteria,2076108.0,4579834.0,2.2059709803150898
8253,Rhodococcus_erythropolis,bacteria,1805641.125,6918960.125,3.831857853259739
8254,Rhodococcus_fascians,bacteria,1847032.0,5584199.666666667,3.0233367189451332
8255,Rhodococcus_gordoniae,bacteria,2137778.0,4871915.0,2.278962081188973
8256,Rhodococcus_hoagii,bacteria,2352558.0,5151113.5,2.189579810572152
8257,Rhodococcus_imtechensis,bacteria,423937.0,8231340.0,19.416422723187644
8258,Rhodococcus_jostii,bacteria,3891783.5,9807859.0,2.5201450697347374
8259,Rhodococcus_koreensis,bacteria,4251811.0,10311574.0,2.4252192771503718
8260,Rhodococcus_kroppenstedtii,bacteria,404237.0,4082826.0,10.100079903620896
8261,Rhodococcus_kyotonensis,bacteria,604108.0,5891040.5,9.751634641487946
8262,Rhodococcus_maanshanensis,bacteria,437287.0,5667919.0,12.961553853647604
8263,Rhodococcus_opacus,bacteria,2974138.625,9244923.625,3.1084373631037456
8264,Rhodococcus_oryzae,bacteria,653613.0,5365841.0,8.209507766828382
8265,Rhodococcus_oxybenzonivorans,bacteria,3255665.0,8014224.0,2.461624276453505
8266,Rhodococcus_pyridinivorans,bacteria,1828614.8333333333,5636486.333333333,3.0823802971447694
8267,Rhodococcus_qingshengii,bacteria,748462.0,7084410.0,9.46529015501121
8268,Rhodococcus_rhodnii,bacteria,184184.0,4383575.0,23.799977196716327
8269,Rhodococcus_rhodochrous,bacteria,1128369.5,6583258.0,5.834310480742346
8270,Rhodococcus_ruber,bacteria,1663577.4,5901972.8,3.547759665405409
8271,Rhodococcus_sp,bacteria,1101247.8484848484,6247242.590909091,5.672876091884636
8272,Rhodococcus_spongiicola,bacteria,796888.0,3967637.0,4.978914226340464
8273,Rhodococcus_triatomae,bacteria,524349.5,5279423.5,10.068520137808846
8274,Rhodococcus_tukisamuensis,bacteria,706465.0,5489009.0,7.7696828576079495
8275,Rhodococcus_wratislaviensis,bacteria,1127171.75,9365871.0,8.309178259657413
8276,Rhodococcus_xishaensis,bacteria,745034.0,3709357.0,4.978775465280779
8277,Rhodocyclaceae_bacterium,bacteria,562024.3333333334,3987087.6666666665,7.094154879415066
8278,Rhodocyclales_bacterium,bacteria,241781.25,3876102.0,16.03144164404808
8279,Rhodoferax_antarcticus,bacteria,661901.0,4007233.0,6.054127429932875
8280,Rhodoferax_fermentans,bacteria,2023024.0,4467741.0,2.2084468597505515
8281,Rhodoferax_ferrireducens,bacteria,1381691.0,4721144.5,3.416932222906569
8282,Rhodoferax_koreense,bacteria,2679872.0,5895641.0,2.1999711180235475
8283,Rhodoferax_lacus,bacteria,597413.0,4900405.0,8.202709013697392
8284,Rhodoferax_saidenbachensis,bacteria,1950983.0,4264855.0,2.1860031584078383
8285,Rhodoferax_sp,bacteria,786405.4,4679666.6,5.950705068912293
8286,Rhodohalobacter_barkolensis,bacteria,1053590.0,3597295.0,3.414321510264904
8287,Rhodohalobacter_mucosus,bacteria,480651.0,3908029.0,8.130699821700153
8288,Rhodohalobacter_sp,bacteria,750924.0,5083342.0,6.76944937170739
8289,Rhodoluna_lacicola,bacteria,680213.0,1430433.0,2.102919232652125
8290,Rhodomicrobium_udaipurense,bacteria,86932.0,3631113.0,41.76957852114296
8291,Rhodomicrobium_vannielii,bacteria,1731038.0,4014469.0,2.3191108456313496
8292,Rhodonellum_psychrophilum,bacteria,170031.0,5137147.0,30.213002334868346
8293,Rhodophyticola_porphyridii,bacteria,624352.0,3837315.0,6.146076251857926
8294,Rhodopila_globiformis,bacteria,134803.0,7248147.0,53.768439871516215
8295,Rhodopirellula_bahusiensis,bacteria,609237.0,7784569.0,12.777570961711124
8296,Rhodopirellula_baltica,bacteria,1041455.25,7204378.5,6.917607357589296
8297,Rhodopirellula_europaea,bacteria,272256.0,7318750.5,26.881870372002822
8298,Rhodopirellula_islandica,bacteria,496852.0,7433200.0,14.960591886517514
8299,Rhodopirellula_maiorica,bacteria,57136.0,8874084.0,155.31510781293755
8300,Rhodopirellula_sallentina,bacteria,114599.0,8186686.0,71.43767397621271
8301,Rhodopirellula_sp,bacteria,342490.3333333333,8578906.0,25.048607697930162
8302,Rhodoplanes_elegans,bacteria,58480.0,6502640.0,111.19425444596443
8303,Rhodoplanes_piscinae,bacteria,125868.5,5480502.5,43.54149370176017
8304,Rhodoplanes_roseus,bacteria,74016.0,6879536.0,92.94660613921315
8305,Rhodoplanes_sp,bacteria,3578425.0,8193889.0,2.289803195539937
8306,Rhodopseudomonas_faecalis,bacteria,317966.0,4068611.0,12.795742312071102
8307,Rhodopseudomonas_palustris,bacteria,1830030.7272727273,5506724.181818182,3.0090883719885873
8308,Rhodopseudomonas_pentothenatexigens,bacteria,302462.0,5383361.0,17.798470551672608
8309,Rhodopseudomonas_pseudopalustris,bacteria,629725.0,5272456.0,8.372632498312756
8310,Rhodopseudomonas_sp,bacteria,181260.0,6161026.0,33.989992276288206
8311,Rhodosalinus_halophilus,bacteria,467943.0,3872454.0,8.275482270276507
8312,Rhodosalinus_sediminis,bacteria,324073.0,3156146.0,9.738997077818887
8313,Rhodospira_trueperi,bacteria,537430.0,4211331.0,7.836054928083658
8314,Rhodospirillaceae_bacterium,bacteria,272546.6785714286,3322168.3928571427,12.189355637245363
8315,Rhodospirillales_bacterium,bacteria,283759.25,4966583.625,17.502807837982374
8316,Rhodospirillum_centenum,bacteria,1921516.0,4355543.0,2.2667222130859175
8317,Rhodospirillum_rubrum,bacteria,1947136.0,4406557.0,2.2630966712135154
8318,Rhodothalassium_salexigens,bacteria,478455.0,3358756.0,7.020003971115361
8319,Rhodothermaceae_bacterium,bacteria,2079021.0,4653222.0,2.2381794123291683
8320,Rhodothermaeota_bacterium,bacteria,159814.0,1317603.0,8.244603101105035
8321,Rhodothermus_marinus,bacteria,1518497.5,3360429.5,2.212996399401382
8322,Rhodothermus_profundi,bacteria,559949.0,3139689.0,5.607098146438337
8323,Rhodovarius_crocodyli,bacteria,886770.0,5275777.0,5.949431081340145
8324,Rhodovulum_adriaticum,bacteria,540845.0,3350627.0,6.195170520204495
8325,Rhodovulum_bhavnagarense,bacteria,466952.0,3155944.0,6.758604738816838
8326,Rhodovulum_euryhalinum,bacteria,393698.0,3789126.0,9.624448181093122
8327,Rhodovulum_imhoffii,bacteria,286629.0,2909339.0,10.150190664587324
8328,Rhodovulum_kholense,bacteria,483952.0,4458411.0,9.212506612226006
8329,Rhodovulum_marinum,bacteria,514191.0,3948575.0,7.679198974700062
8330,Rhodovulum_robiginosum,bacteria,425237.0,3712677.0,8.730841859951038
8331,Rhodovulum_sp,bacteria,855489.25,4204981.25,4.915294084642209
8332,Rhodovulum_steppense,bacteria,218982.0,3665949.0,16.740869112529797
8333,Rhodovulum_sulfidophilum,bacteria,1422377.3333333333,4640475.0,3.2624781703495462
8334,Rhodovulum_visakhapatnamense,bacteria,326227.0,4429538.0,13.578085198343485
8335,Richelia_intracellularis,bacteria,152152.5,4366068.0,28.69534184453098
8336,Rickettsia_africae,bacteria,521403.0,1290917.0,2.4758526514040002
8337,Rickettsia_akari,bacteria,485160.0,1231060.0,2.5374309506142305
8338,Rickettsia_amblyommatis,bacteria,414293.0,1453029.6666666667,3.5072513092585846
8339,Rickettsia_argasii,bacteria,286539.0,1437875.0,5.018077818377254
8340,Rickettsia_asembonensis,bacteria,71666.0,1355051.0,18.907864259202412
8341,Rickettsia_australis,bacteria,526740.0,1323280.0,2.5122071610282113
8342,Rickettsia_bellii,bacteria,667572.6666666666,1561342.3333333333,2.3388350232034667
8343,Rickettsia_canadensis,bacteria,437469.0,1159772.0,2.651095277608242
8344,Rickettsia_conorii,bacteria,541715.3333333334,1343503.3333333333,2.4800910195145542
8345,Rickettsia_endosymbiont,bacteria,458415.75,1593636.25,3.4763994256305546
8346,Rickettsia_felis,bacteria,642487.5,1536216.5,2.3910449619642407
8347,Rickettsia_hoogstraalii,bacteria,575676.0,2303093.0,4.000675727318839
8348,Rickettsia_japonica,bacteria,522081.5,1283170.5,2.457797297931453
8349,Rickettsia_massiliae,bacteria,535552.0,1327451.5,2.478660335504302
8350,Rickettsia_monacensis,bacteria,555177.0,1353450.0,2.437871165412112
8351,Rickettsia_montanensis,bacteria,533050.0,1279798.0,2.4008967263858927
8352,Rickettsia_parkeri,bacteria,531900.0,1309691.0,2.462288024064674
8353,Rickettsia_peacockii,bacteria,531973.0,1314898.0,2.471738227316048
8354,Rickettsia_philipii,bacteria,517673.0,1287740.0,2.4875548850336022
8355,Rickettsia_prowazekii,bacteria,426813.5,1111567.5,2.6043400689059744
8356,Rickettsia_rhipicephali,bacteria,548083.0,1357775.5,2.4773173041309438
8357,Rickettsia_rickettsii,bacteria,504659.5,1262955.5,2.5025893696641
8358,Rickettsia_sibirica,bacteria,509113.0,1250021.0,2.4552918507286203
8359,Rickettsia_slovaca,bacteria,522309.0,1275720.0,2.4424622206395066
8360,Rickettsia_sp,bacteria,309633.5,1287651.5,4.158631091274039
8361,Rickettsia_tamurae,bacteria,52242.0,1657692.0,31.73102101757207
8362,Rickettsia_typhi,bacteria,424376.0,1111496.0,2.619130205289649
8363,Rickettsiaceae_bacterium,bacteria,510016.0,2253768.0,4.419014305433555
8364,Rickettsiales_bacterium,bacteria,271153.0,1950428.7142857143,7.193092882194607
8365,Rickettsiales_endosymbiont,bacteria,760140.0,1738386.0,2.2869287236561684
8366,Rickettsiella_grylli,bacteria,709724.0,1581239.0,2.2279632645929968
8367,Riemerella_anatipestifer,bacteria,931815.2,2307073.8,2.4758920009031833
8368,Riemerella_columbipharyngis,bacteria,247439.0,2136954.0,8.636286114961667
8369,Riemerella_sp,bacteria,14097.0,1754497.0,124.45889196282897
8370,Rikenella_microfusus,bacteria,1217904.0,2945869.0,2.4188023029729764
8371,Rippkaea_orientalis,bacteria,2040718.0,4787694.0,2.3460830942834825
8372,Rivibacter_subsaxonicus,bacteria,945009.0,3942086.0,4.171479848340069
8373,Rivicola_pingtungensis,bacteria,316603.0,3709303.0,11.715943942413686
8374,Rivularia_sp,bacteria,3462729.0,8728773.0,2.520778553562811
8375,Robbsia_andropogonis,bacteria,386776.0,6203810.0,16.03980081494198
8376,Robertkochia_marina,bacteria,1056753.0,3581539.0,3.389192176412085
8377,Robertmurraya_kyonggiensis,bacteria,1207418.0,4820420.0,3.992337367837816
8378,Robiginitalea_biformata,bacteria,1621363.0,3530383.0,2.1774167783525344
8379,Robiginitalea_myxolifaciens,bacteria,1190779.0,3206962.0,2.693163047047353
8380,Robiginitomaculum_sp,bacteria,180626.0,3209347.25,17.76791408767287
8381,Robinsoniella_peoriensis,bacteria,230071.0,7093522.0,30.83188233197578
8382,Robinsoniella_sp,bacteria,320359.0,7237586.0,22.592110725779516
8383,Rodentibacter_genomosp,bacteria,181560.0,2466264.6666666665,13.583744583975912
8384,Rodentibacter_heidelbergensis,bacteria,203407.0,2033092.0,9.995191905883278
8385,Rodentibacter_heylii,bacteria,121163.0,2391677.25,19.73933667868904
8386,Rodentibacter_mrazii,bacteria,100982.0,2484705.0,24.60542472915965
8387,Rodentibacter_myodis,bacteria,208690.0,2466277.0,11.81789735972016
8388,Rodentibacter_pneumotropicus,bacteria,191790.91666666666,2343593.5,12.219522909279247
8389,Rodentibacter_rarus,bacteria,89208.0,2445671.0,27.415377544614834
8390,Rodentibacter_ratti,bacteria,155318.0,2218574.3333333335,14.284077398198106
8391,Rodentibacter_sp,bacteria,95931.0,2451779.0,25.55773420479303
8392,Rodentibacter_trehalosifermentans,bacteria,135038.5,2581848.0,19.119347445358176
8393,Romboutsia_hominis,bacteria,1311541.0,3039773.0,2.3177109979787134
8394,Romboutsia_ilealis,bacteria,1091953.0,2588193.0,2.370242125805781
8395,Romboutsia_lituseburensis,bacteria,566598.0,3782458.0,6.675734824337537
8396,Romboutsia_maritimum,bacteria,290248.0,2828385.0,9.744718309859154
8397,Romboutsia_weinsteinii,bacteria,206832.0,4177877.0,20.199374371470565
8398,Rosa_chinensis,plants,31318022.0,515588973.0,16.463012031858206
8399,Roseateles_aquatilis,bacteria,871329.0,6385736.0,7.328731168135113
8400,Roseateles_depolymerans,bacteria,1460606.0,5418205.0,3.7095595937576595
8401,Roseateles_sp,bacteria,722258.0,5976631.0,8.27492530370034
8402,Roseateles_terrae,bacteria,957727.0,5519783.0,5.763420056028492
8403,Roseburia_faecis,bacteria,364568.0,3451256.0,9.466700313796055
8404,Roseburia_hominis,bacteria,868755.6666666666,4399486.0,5.064123514590025
8405,Roseburia_intestinalis,bacteria,586224.3,4160794.2,7.097614684345224
8406,Roseburia_inulinivorans,bacteria,236855.0,3729862.8333333335,15.747452379444526
8407,Roseburia_sp,bacteria,313919.97222222225,3102573.5555555555,9.883326421038483
8408,Roseiarcus_fermentans,bacteria,326193.0,6792213.0,20.822681663922893
8409,Roseibaca_calidilacus,bacteria,423074.0,3044387.0,7.195873535126243
8410,Roseibaca_ekhonensis,bacteria,184013.0,3901528.0,21.202458521952252
8411,Roseibacillus_sp,bacteria,175245.5,4003043.0,22.842486682967607
8412,Roseibacterium_elongatum,bacteria,1596165.0,3555109.0,2.227281640682511
8413,Roseibium_aggregatum,bacteria,1851078.0,6696127.0,3.6174202275646947
8414,Roseibium_album,bacteria,765204.5,6430293.0,8.403365374876913
8415,Roseibium_alexandrii,bacteria,394252.0,5351857.0,13.574711098485233
8416,Roseibium_marinum,bacteria,895629.0,6057182.0,6.763048092457926
8417,Roseibium_sp,bacteria,894017.0,5696886.0,6.372234532452962
8418,Roseibium_suaedae,bacteria,1212964.0,5142828.0,4.239885107884488
8419,Roseicella_frigidaeris,bacteria,532822.0,5823079.0,10.928751065083649
8420,Roseicitreum_antarcticum,bacteria,548863.0,4250016.0,7.743309350420779
8421,Roseicyclus_mahoneyensis,bacteria,674728.0,4030284.0,5.973198088711303
8422,Roseiflexus_castenholzii,bacteria,2461023.0,5723298.0,2.325576802817365
8423,Roseiflexus_sp,bacteria,2535784.0,5801598.0,2.287891239947882
8424,Roseimicrobium_gellanilyticum,bacteria,1030078.0,7930206.0,7.698646121944163
8425,Roseinatronobacter_thiooxidans,bacteria,340810.0,3685266.0,10.813256653267217
8426,Roseisalinus_antarcticus,bacteria,381406.0,5003117.0,13.11756238758698
8427,Roseitalea_porphyridii,bacteria,1612914.0,3539672.0,2.1945819801923725
8428,Roseivirga_echinicomitans,bacteria,658209.0,4189908.0,6.365619430910243
8429,Roseivirga_ehrenbergii,bacteria,661131.0,4243716.0,6.418873112892906
8430,Roseivirga_misakiensis,bacteria,1601841.0,4452385.0,2.77954241400988
8431,Roseivirga_pacifica,bacteria,1734527.5,4661336.0,2.6873808573228155
8432,Roseivirga_seohaensis,bacteria,494709.5,4121872.0,8.33190387490032
8433,Roseivirga_sp,bacteria,1452538.5,4498851.5,3.0972339115279905
8434,Roseivirga_spongicola,bacteria,1176479.0,4481099.0,3.8089069163155482
8435,Roseivivax_halodurans,bacteria,379487.0,4492810.0,11.83916708609254
8436,Roseivivax_halotolerans,bacteria,459198.0,3771129.0,8.212424705682515
8437,Roseivivax_isoporae,bacteria,221816.0,4898228.0,22.082392613697838
8438,Roseivivax_jejudonensis,bacteria,772011.0,4312868.0,5.586536979395372
8439,Roseivivax_lentus,bacteria,608078.0,4439333.0,7.300597949605149
8440,Roseivivax_marinus,bacteria,537649.0,4638882.0,8.628086353736359
8441,Rosenbergiella_nectarea,bacteria,429388.0,3294717.0,7.6730532758251275
8442,Roseobacter_denitrificans,bacteria,1914225.0,4331234.0,2.262656688738262
8443,Roseobacter_litoralis,bacteria,2053893.0,4745450.0,2.3104660271981063
8444,Roseobacter_sp,bacteria,937436.6666666666,4100522.3333333335,4.37418598945351
8445,Roseococcus_sp,bacteria,936941.0,4709178.0,5.026120107882994
8446,Roseofilum_reptotaenium,bacteria,271097.0,5826181.0,21.491130480971755
8447,Roseomonas_aestuarii,bacteria,544543.0,5195849.0,9.54166888565274
8448,Roseomonas_cervicalis,bacteria,1007777.0,5100977.0,5.0616128369669084
8449,Roseomonas_deserti,bacteria,92972.0,6249862.0,67.22305640407865
8450,Roseomonas_gilardii,bacteria,1825658.0,4770303.0,2.612922573669329
8451,Roseomonas_mucosa,bacteria,1117562.5,4870908.5,4.358511045243555
8452,Roseomonas_rhizosphaerae,bacteria,317486.0,4653735.0,14.65807941137562
8453,Roseomonas_rosea,bacteria,364002.0,5342582.0,14.677342432184439
8454,Roseomonas_sp,bacteria,1026337.0,5126575.0,4.995021128537703
8455,Roseomonas_stagni,bacteria,974238.0,6384459.0,6.553284720981937
8456,Roseomonas_wenyumeiae,bacteria,82385.0,5817219.0,70.61017175456698
8457,Roseospirillum_parvum,bacteria,554096.0,3497210.0,6.3115597297219255
8458,Roseovarius_aestuarii,bacteria,487991.0,4810238.0,9.85722687508581
8459,Roseovarius_albus,bacteria,483685.0,4287842.0,8.864947228051314
8460,Roseovarius_atlanticus,bacteria,487712.0,4578348.0,9.387400761104914
8461,Roseovarius_azorensis,bacteria,492236.0,3857113.0,7.835901884461925
8462,Roseovarius_gaetbuli,bacteria,209208.0,4130403.0,19.743045199036366
8463,Roseovarius_halotolerans,bacteria,997890.0,3725543.0,3.733420517291485
8464,Roseovarius_indicus,bacteria,699920.5,6081479.0,8.68881394386934
8465,Roseovarius_litorisediminis,bacteria,589550.0,3998736.0,6.782691883640064
8466,Roseovarius_lutimaris,bacteria,290510.0,4283675.0,14.74536160545248
8467,Roseovarius_marisflavi,bacteria,353963.0,4080216.0,11.527238722691354
8468,Roseovarius_mucosus,bacteria,1282698.0,4310946.5,3.3608429263942097
8469,Roseovarius_nanhaiticus,bacteria,1197391.0,3698163.0,3.088517451692889
8470,Roseovarius_pacificus,bacteria,701813.0,4547027.0,6.478972318837069
8471,Roseovarius_sp,bacteria,242947.3,4342418.0,17.873909279913793
8472,Roseovarius_spongiae,bacteria,980026.0,4053554.0,4.136169856718087
8473,Roseovarius_tolerans,bacteria,239575.0,3762046.0,15.702999060836898
8474,Rossellomorea_aquimaris,bacteria,564131.5,4333723.5,7.682115783288117
8475,Rossellomorea_marisflavi,bacteria,902272.5,4312370.5,4.779454654774472
8476,Rossellomorea_vietnamensis,bacteria,437525.0,4316249.0,9.8651482772413
8477,Rothia_aeria,bacteria,612266.3333333334,2592053.6666666665,4.233539434636016
8478,Rothia_dentocariosa,bacteria,870423.6666666666,2527506.8333333335,2.90376621193281
8479,Rothia_kristinae,bacteria,402276.3333333333,2558831.3333333335,6.360879627519724
8480,Rothia_mucilaginosa,bacteria,776480.5,2298778.6666666665,2.960510491463297
8481,Rothia_nasimurium,bacteria,331310.0,2678677.0,8.085107603151128
8482,Rothia_sp,bacteria,224629.6875,2353521.0,10.477337284280377
8483,Rouxiella_badensis,bacteria,239931.0,4777790.0,19.91318337355323
8484,Rouxiella_silvae,bacteria,187567.0,5281376.0,28.157277132971153
8485,Ruania_alba,bacteria,1734492.0,4830506.0,2.784968740126792
8486,Ruaniaceae_bacterium,bacteria,170185.0,2724385.0,16.008373240884918
8487,Rubellimicrobium_roseum,bacteria,401614.0,4851245.0,12.079372233039685
8488,Rubellimicrobium_rubrum,bacteria,321942.0,4615821.0,14.337430344596232
8489,Rubellimicrobium_thermophilum,bacteria,825490.0,3163144.0,3.8318380598190167
8490,Rubidibacter_lacunae,bacteria,216462.0,4153658.0,19.18885531871645
8491,Rubinisphaera_brasiliensis,bacteria,2584103.0,6006602.0,2.324443723798935
8492,Rubricoccus_marinus,bacteria,1840646.0,4430441.0,2.4070033021015447
8493,Rubrimonas_cliftonensis,bacteria,539483.0,4864068.0,9.016165476947373
8494,Rubritalea_profundi,bacteria,1746132.0,4167407.0,2.3866506083159806
8495,Rubritalea_squalenifaciens,bacteria,968242.0,4322488.0,4.46426409926444
8496,Rubrivirga_marina,bacteria,2190067.0,4981075.0,2.274393888406154
8497,Rubrivirga_sp,bacteria,735566.5,3222970.5,4.3816167538896895
8498,Rubrivivax_albus,bacteria,982978.0,5310361.0,5.402319278763105
8499,Rubrivivax_benzoatilyticus,bacteria,147818.0,4129939.0,27.939351093912784
8500,Rubrivivax_gelatinosus,bacteria,1426025.0,5059306.0,3.5478382216300557
8501,Rubrivivax_sp,bacteria,308814.0,3916131.0,12.68119644834755
8502,Rubrobacter_xylanophilus,bacteria,1493530.0,3225748.0,2.159814667264802
8503,Ruegeria_arenilitoris,bacteria,1025583.0,3871907.0,3.7753229138938535
8504,Ruegeria_atlantica,bacteria,548051.0,4821041.0,8.796701401876833
8505,Ruegeria_conchae,bacteria,976584.0,4504665.0,4.612675407338232
8506,Ruegeria_denitrificans,bacteria,471473.0,4620120.0,9.799331032742066
8507,Ruegeria_halocynthiae,bacteria,994770.0,4243668.0,4.2659790705389184
8508,Ruegeria_lacuscaerulensis,bacteria,1529571.0,3523710.0,2.303724377619607
8509,Ruegeria_marina,bacteria,439246.0,4995422.0,11.372720525628008
8510,Ruegeria_marisrubri,bacteria,675064.0,4012034.0,5.943190571560622
8511,Ruegeria_meonggei,bacteria,491313.0,4543068.0,9.24678972467653
8512,Ruegeria_pomeroyi,bacteria,1979249.0,4601048.0,2.3246433369424464
8513,Ruegeria_profundi,bacteria,593603.0,4258055.0,7.173236995096049
8514,Ruegeria_sp,bacteria,1084555.3333333333,4560863.0,4.205283824461392
8515,Rufibacter_immobilis,bacteria,1213817.0,4772155.0,3.9315275696418817
8516,Rufibacter_latericius,bacteria,843645.0,5671207.0,6.722267067309117
8517,Rufibacter_radiotolerans,bacteria,2055657.0,4820793.0,2.3451349130715875
8518,Rufibacter_sp,bacteria,1803094.0,4143738.0,2.298126442659118
8519,Rufibacter_tibetensis,bacteria,2264920.0,5413467.0,2.390136075446373
8520,Rugamonas_rubra,bacteria,477383.0,6830503.0,14.308224214100628
8521,Rugosibacter_aromaticivorans,bacteria,1344436.0,2934611.0,2.1827822224337936
8522,Ruminiclostridium_cellobioparum,bacteria,353555.0,6415858.0,18.14670419029571
8523,Ruminiclostridium_cellulolyticum,bacteria,1804959.0,4068724.0,2.254191923473054
8524,Ruminiclostridium_herbifermentans,bacteria,694098.0,4726956.0,6.810214119619996
8525,Ruminiclostridium_hungatei,bacteria,258058.0,4901053.0,18.992059924513093
8526,Ruminiclostridium_papyrosolvens,bacteria,388191.0,4400934.0,11.337032543258344
8527,Ruminiclostridium_sufflavum,bacteria,314085.0,4401411.0,14.013439037203305
8528,Ruminococcaceae_bacterium,bacteria,481341.3333333333,2976143.6666666665,6.183021196323606
8529,Ruminococcus_albus,bacteria,754323.8,4188499.0,5.552653913345966
8530,Ruminococcus_bicirculans,bacteria,1162583.0,2968500.0,2.5533660822496116
8531,Ruminococcus_bovis,bacteria,1050259.0,2440231.0,2.323456404563065
8532,Ruminococcus_bromii,bacteria,346304.63636363635,2243960.272727273,6.479729224216935
8533,Ruminococcus_callidus,bacteria,106075.0,3070687.0,28.94826302144709
8534,Ruminococcus_champanellensis,bacteria,1121111.0,2573208.0,2.29523035631619
8535,Ruminococcus_flavefaciens,bacteria,428540.5714285714,3627721.8571428573,8.465293834489417
8536,Ruminococcus_lactaris,bacteria,268091.0,2893928.0,10.794573484376574
8537,Ruminococcus_obeum,bacteria,163761.0,2607950.0,15.92534241974585
8538,Ruminococcus_sp,bacteria,287557.3947368421,3367762.0877192984,11.71161705231508
8539,Rummeliibacillus_sp,bacteria,201311.0,3702192.0,18.390410856833455
8540,Rummeliibacillus_stabekisii,bacteria,1466319.0,3420739.0,2.3328750428794827
8541,Runella_aurantiaca,bacteria,579481.0,7211915.0,12.445472759244911
8542,Runella_rosea,bacteria,3121321.0,7162093.0,2.2945711126795354
8543,Runella_slithyformis,bacteria,2964399.0,6919729.0,2.3342772008761306
8544,Runella_sp,bacteria,1746386.5,7047067.5,4.035227883403817
8545,Ruoffia_tabacinasalis,bacteria,150025.0,2518736.0,16.788775204132644
8546,Ruthenibacterium_lactatiformans,bacteria,287279.5,4031301.5,14.032680716862846
8547,Saccharibacillus_sp,bacteria,822909.0,5878124.5,7.143103915499769
8548,Saccharibacter_sp,bacteria,577071.0,1978091.0,3.4278121756248363
8549,Saccharicrinis_fermentans,bacteria,190795.0,5649521.0,29.61042480148851
8550,Saccharobesus_litoralis,bacteria,2520917.0,5871129.0,2.3289656105298193
8551,Saccharolobus_solfataricus,bacteria,1170073.4166666667,2711083.5,2.3170199932611064
8552,Saccharomonospora_azurea,bacteria,1139853.0,4868789.5,4.271418770666042
8553,Saccharomonospora_cyanea,bacteria,2444613.0,5408301.0,2.2123342222265854
8554,Saccharomonospora_glauca,bacteria,2047585.0,4564108.0,2.2290200406820717
8555,Saccharomonospora_marina,bacteria,2702310.0,5965593.0,2.2075901728521155
8556,Saccharomonospora_piscinae,bacteria,1029216.5,4878861.0,4.740364150788488
8557,Saccharomonospora_viridis,bacteria,1426004.0,4308281.5,3.0212267988028083
8558,Saccharomonospora_xinjiangensis,bacteria,2130802.5,4744829.0,2.226780285831277
8559,Saccharomyces_cerevisiae,ensembl,1223104.0,12157105.0,9.939551338234525
8560,Saccharophagus_degradans,bacteria,2213560.0,5057531.0,2.2847950812266213
8561,Saccharopolyspora_antimicrobica,bacteria,1140744.0,8219321.0,7.2052283422047365
8562,Saccharopolyspora_aridisoli,bacteria,286812.0,6008184.0,20.94816116480482
8563,Saccharopolyspora_elongata,bacteria,307312.0,10298286.0,33.510848909251834
8564,Saccharopolyspora_erythraea,bacteria,3552442.5,8221454.0,2.314310224584916
8565,Saccharopolyspora_flava,bacteria,1015642.0,6291299.0,6.1944060997871295
8566,Saccharopolyspora_hirsuta,bacteria,1305442.0,7744048.0,5.932127202893732
8567,Saccharopolyspora_karakumensis,bacteria,252201.0,6670713.0,26.449986320434892
8568,Saccharopolyspora_kobensis,bacteria,1175886.0,7777251.0,6.613949821666386
8569,Saccharopolyspora_rectivirgula,bacteria,321664.0,3961468.0,12.315546657381615
8570,Saccharopolyspora_rhizosphaerae,bacteria,614790.0,5824618.0,9.474158655801167
8571,Saccharopolyspora_shandongensis,bacteria,355999.0,10151409.0,28.51527391930876
8572,Saccharopolyspora_spinosa,bacteria,3821873.0,9020646.0,2.360268381497763
8573,Saccharopolyspora_terrae,bacteria,287746.0,6653094.0,23.12141263475426
8574,Saccharospirillum_sp,bacteria,1115205.0,3750085.0,3.362686680924135
8575,Saccharothrix_australiensis,bacteria,3424931.0,7861373.0,2.295337628699673
8576,Saccharothrix_carnea,bacteria,854965.0,8918169.0,10.431034018936447
8577,Saccharothrix_espanaensis,bacteria,4122395.0,9360653.0,2.270683182955539
8578,Saccharothrix_sp,bacteria,566924.5,9593896.0,16.922704875164154
8579,Saccharothrix_texasensis,bacteria,4105104.0,9178199.0,2.235801821342407
8580,Saccharothrix_variisporea,bacteria,4240039.0,9408895.0,2.219058598281761
8581,Saccharum_spontaneum,plants,43825183.0,2900240836.0,66.17749516299796
8582,Saezia_sanguinis,bacteria,637336.0,3349558.0,5.255560646189765
8583,Sagittula_sp,bacteria,2214021.0,5576178.0,2.518575027066139
8584,Saimiri_boliviensis,ensembl,16585160.0,2608588537.0,157.28449632080728
8585,Sala_cibi,bacteria,1126045.0,2661022.0,2.363157777886319
8586,Salana_multivorans,bacteria,1527639.0,3892849.0,2.5482780944974563
8587,Salarias_fasciatus,ensembl,19076674.0,797490645.0,41.80449091911934
8588,Salegentibacter_agarivorans,bacteria,353899.0,4298571.0,12.146321408085358
8589,Salegentibacter_echinorum,bacteria,597993.0,3967303.0,6.634363612951991
8590,Salegentibacter_flavus,bacteria,333337.0,3688496.0,11.06536628097091
8591,Salegentibacter_holothuriorum,bacteria,784238.0,3591995.0,4.580235846771005
8592,Salegentibacter_mishustinae,bacteria,566835.0,3775942.0,6.661448216853229
8593,Salegentibacter_salarius,bacteria,254257.0,3315810.0,13.041174874241417
8594,Salegentibacter_salegens,bacteria,1791415.0,4010099.0,2.238509223155997
8595,Salegentibacter_salinarum,bacteria,453428.0,4312781.0,9.511501274733806
8596,Salegentibacter_sp,bacteria,1058849.0,4119285.0,3.8903422489892328
8597,Salibacterium_halotolerans,bacteria,252340.0,3614063.0,14.322196243163985
8598,Salibacterium_qingdaonense,bacteria,290572.0,3516738.0,12.102811007254656
8599,Salibacterium_salarium,bacteria,380120.0,6960367.0,18.310972850678734
8600,Salibaculum_griseiflavum,bacteria,309989.0,3272033.0,10.555319704892755
8601,Salicibibacter_kimchii,bacteria,1535781.0,3641602.0,2.3711727127761053
8602,Salimicrobium_flavidum,bacteria,464095.0,2900825.0,6.2504982816018275
8603,Salimicrobium_halophilum,bacteria,475818.0,3155619.0,6.631987440576019
8604,Salimicrobium_humidisoli,bacteria,215188.0,2622223.0,12.1857306169489
8605,Salimicrobium_jeotgali,bacteria,253451.0,2712396.0,10.701855585497789
8606,Salimicrobium_salexigens,bacteria,345451.0,2584100.0,7.4803662458641025
8607,Salinarchaeum_sp,bacteria,1401603.0,3255260.0,2.322526421533059
8608,Salinibacillus_kushneri,bacteria,451077.0,3488694.0,7.734142951203453
8609,Salinibacter_ruber,bacteria,1547775.0,3710123.0,2.397068695385311
8610,Salinibacter_sp,bacteria,1923922.0,4752427.0,2.470176545618793
8611,Salinibacterium_amurskyense,bacteria,1048695.0,2776536.0,2.647610601747887
8612,Salinibacterium_hongtaonis,bacteria,1200960.0,2817140.0,2.345740074606981
8613,Salinibacterium_sp,bacteria,1376701.0,2995446.0,2.1758145014785346
8614,Salinibacterium_xinjiangense,bacteria,612728.0,3026577.0,4.939511496128788
8615,Salinicoccus_alkaliphilus,bacteria,527231.0,2516660.0,4.773353615398184
8616,Salinicoccus_halodurans,bacteria,1250926.0,2778379.0,2.2210578403518673
8617,Salinicoccus_kekensis,bacteria,601598.0,2610395.0,4.339101858716286
8618,Salinicoccus_qingdaonensis,bacteria,237704.0,2633620.0,11.079409685996028
8619,Salinicoccus_roseus,bacteria,606734.3333333334,2528154.0,4.166822052265599
8620,Salinicoccus_sediminis,bacteria,553859.0,2591284.0,4.678598704724488
8621,Salinicola_socius,bacteria,320840.0,4174124.0,13.009986285999252
8622,Salinicola_sp,bacteria,252992.33333333334,4269407.333333333,16.87563918274203
8623,Salinigranum_rubrum,bacteria,1923594.0,4973118.0,2.5853262174866423
8624,Salinihabitans_flavidus,bacteria,328616.0,4088599.0,12.441874406602235
8625,Salinimicrobium_catena,bacteria,737615.0,3263166.0,4.42394202937847
8626,Salinimicrobium_sediminis,bacteria,1038057.0,3482289.0,3.354622145026718
8627,Salinimonas_iocasae,bacteria,1786488.0,4159483.0,2.328301673450927
8628,Salinimonas_sediminis,bacteria,1914275.0,4440293.0,2.3195690274385865
8629,Salinimonas_sp,bacteria,1472642.0,3214946.0,2.1831144297120413
8630,Saliniramus_fredricksonii,bacteria,275825.0,3796549.0,13.764339708148283
8631,Salinisphaera_halophila,bacteria,208940.0,3791007.0,18.143998277017324
8632,Salinisphaera_hydrothermalis,bacteria,312480.0,4282309.0,13.704265873015872
8633,Salinisphaera_japonica,bacteria,207967.0,3262569.0,15.687916832959075
8634,Salinisphaera_orenii,bacteria,313325.0,3668802.0,11.709253969520466
8635,Salinisphaera_shabanensis,bacteria,261464.0,3760335.0,14.381846066762536
8636,Salinisphaera_sp,bacteria,627328.0,3848364.75,6.1345336889155275
8637,Salinisphaeraceae_bacterium,bacteria,217307.0,3724617.0,17.13988504742139
8638,Salinispira_pacifica,bacteria,1720576.0,3782798.0,2.198564899196548
8639,Salinispora_arenicola,bacteria,2523932.0,5786361.0,2.292597819592604
8640,Salinispora_sp,bacteria,86928.0,6720287.0,77.30865773973863
8641,Salinispora_tropica,bacteria,2277947.0,5183331.0,2.2754396831884147
8642,Salinivibrio_kushneri,bacteria,794832.5,3526100.5,4.436281229063985
8643,Salinivibrio_sharmensis,bacteria,352171.0,3326895.0,9.44681702922728
8644,Salinivibrio_sp,bacteria,702479.0,3542298.5,5.0425685322977625
8645,Salinivirga_cyanobacteriivorans,bacteria,2132706.0,4812386.0,2.256469480556626
8646,Salinivirgaceae_bacterium,bacteria,53975.0,4319286.0,80.02382584529875
8647,Salipaludibacillus_aurantiacus,bacteria,356095.0,4435185.0,12.455061149412376
8648,Salipaludibacillus_keqinensis,bacteria,1039954.0,4150426.0,3.9909707544756787
8649,Salipaludibacillus_neizhouensis,bacteria,741182.0,5397042.0,7.281669009770879
8650,Salipiger_abyssi,bacteria,2016894.0,5259072.0,2.6075103599891714
8651,Salipiger_aestuarii,bacteria,218636.0,4658697.0,21.308005086079145
8652,Salipiger_bermudensis,bacteria,2064519.0,5482983.0,2.6558161973806005
8653,Salipiger_marinus,bacteria,349120.0,5611602.0,16.07356209899175
8654,Salipiger_mucosus,bacteria,841168.0,5689389.0,6.76367741045784
8655,Salipiger_profundus,bacteria,2162094.0,5424264.0,2.5088011899575133
8656,Salipiger_sp,bacteria,945638.6666666666,4986628.333333333,5.273291489772697
8657,Salipiger_thiooxidans,bacteria,430842.0,5871369.0,13.627661648585793
8658,Salisediminibacterium_beveridgei,bacteria,1590929.0,3582268.0,2.2516831360796115
8659,Salisediminibacterium_haloalkalitolerans,bacteria,189679.0,2937914.0,15.488873307008156
8660,Saliterribacillus_persicus,bacteria,384277.0,3763507.0,9.793734727813531
8661,Salmo_salar,ensembl,53385160.25,2708160304.75,50.728709852472534
8662,Salmo_trutta,ensembl,39645154.0,2371880186.0,59.82774555498006
8663,Salmonella_bongori,bacteria,1667791.0,4537585.4,2.720715845090902
8664,Salmonella_enterica,bacteria,914574.5166666667,4873111.327777778,5.328282429668737
8665,Salmonella_sp,bacteria,187948.0,4812160.0,25.603677612956776
8666,Salsuginibacillus_halophilus,bacteria,270203.0,3019496.0,11.174916636750888
8667,Salvator_merianae,ensembl,15389654.0,2026218827.0,131.66110342701663
8668,Samsonia_erythrinae,bacteria,641897.0,3879021.0,6.043058309978081
8669,Sandaracinomonas_limnophila,bacteria,628837.0,2691519.0,4.280153680524524
8670,Sandaracinus_amylolyticus,bacteria,4738625.0,10327335.0,2.1793948666543566
8671,Sandaracinus_sp,bacteria,249676.0,8725151.5,34.94589588106186
8672,Sandarakinorhabdus_cyanobacteriorum,bacteria,164415.0,3532745.0,21.486756074567406
8673,Sander_lucioperca,ensembl,9623286.0,900477767.0,93.57279488523983
8674,Sanguibacter_antarcticus,bacteria,1606358.0,3521501.0,2.1922267638969646
8675,Sanguibacter_gelidistatuariae,bacteria,754779.0,4040166.0,5.352780085296491
8676,Sanguibacter_keddieii,bacteria,1925960.0,4253413.0,2.208463831024528
8677,Sanguibacter_sp,bacteria,1250619.0,4392999.0,3.5126597309012575
8678,Sanguibacteroides_justesenii,bacteria,547394.5,3409942.5,6.229405848980945
8679,Saprospira_grandis,bacteria,1838676.0,4447717.5,2.4189783844461994
8680,Saprospirales_bacterium,bacteria,106360.5,5075146.0,47.7164548869176
8681,Sar116_cluster,bacteria,136731.63636363635,1836203.9090909092,13.429254252523858
8682,Sar202_cluster,bacteria,127700.33333333333,2987758.6666666665,23.396639528479433
8683,Sar86_cluster,bacteria,304920.5,3495880.5,11.46489166848408
8684,Sar92_bacterium,bacteria,88802.0,2527476.0,28.46192653318619
8685,Sarcina_sp,bacteria,245978.0,4151587.0,16.87787932254104
8686,Sarcina_ventriculi,bacteria,407066.0,2457263.0,6.036522332987771
8687,Sarcophilus_harrisii,ensembl,40745451.0,3086674442.0,75.75506875601893
8688,Scandinavium_goeteborgense,bacteria,461985.3333333333,4598066.666666667,9.952841215738452
8689,Scardovia_inopinata,bacteria,684017.0,1804013.0,2.6373803575057346
8690,Scardovia_wiggsiae,bacteria,625181.0,1555498.0,2.4880762531170975
8691,Schaalia_canis,bacteria,418698.0,2578157.0,6.157557475794009
8692,Schaalia_cardiffensis,bacteria,288349.0,2188900.0,7.591148226628149
8693,Schaalia_georgiae,bacteria,270421.0,2564709.5,9.484135847437884
8694,Schaalia_meyeri,bacteria,366644.0,2026407.0,5.52690620874745
8695,Schaalia_odontolytica,bacteria,646364.0,2391602.6,3.7000863290653565
8696,Schaalia_radingae,bacteria,1101638.0,2430293.0,2.2060722306238527
8697,Schaalia_turicensis,bacteria,491547.0,1988762.0,4.045924397870397
8698,Schinkia_azotoformans,bacteria,324670.5,4463566.5,13.747989115118251
8699,Schizosaccharomyces_cryophilus,fungi,2094814.0,11554764.0,5.515890193592367
8700,Schizosaccharomyces_japonicus,fungi,3175022.0,11733154.0,3.6954559684940764
8701,Schizosaccharomyces_octosporus,fungi,3291716.0,11634473.0,3.5344704707210464
8702,Schizosaccharomyces_pombe,fungi,4216463.0,12631379.0,2.9957286474469242
8703,Schlegelella_brevitalea,bacteria,2863184.0,6476147.0,2.261868954283064
8704,Schlegelella_thermodepolymerans,bacteria,464104.5,3932435.0,8.473167142313853
8705,Schleiferia_thermophila,bacteria,571612.0,2608353.5,4.563153852613311
8706,Schleiferilactobacillus_collinoides,bacteria,282323.0,3616190.0,12.808697839000011
8707,Schleiferilactobacillus_harbinensis,bacteria,214989.0,3136715.0,14.59011856420561
8708,Schleiferilactobacillus_kimchicus,bacteria,412503.0,2593269.0,6.2866670060581376
8709,Schleiferilactobacillus_odoratitofui,bacteria,542873.0,2751938.0,5.0692113993512296
8710,Schleiferilactobacillus_oryzae,bacteria,120784.0,1860394.0,15.402652669227713
8711,Schleiferilactobacillus_paracollinoides,bacteria,225489.0,3476642.0,15.418233261932954
8712,Schleiferilactobacillus_perolens,bacteria,411684.0,3309179.0,8.03815304942626
8713,Schleiferilactobacillus_shenzhenensis,bacteria,313698.0,3271684.0,10.42940662675567
8714,Schleiferilactobacillus_silagei,bacteria,308580.0,2672040.0,8.659148356990084
8715,Schleiferilactobacillus_similis,bacteria,141014.0,3476170.0,24.651240302381325
8716,Schwartzia_succinivorans,bacteria,481308.0,2659575.0,5.525723653045451
8717,Sciurus_vulgaris,ensembl,19749273.0,2878591032.0,145.75680998485362
8718,Scleropages_formosus,ensembl,22375518.0,784546363.0,35.062712872166806
8719,Sclerotinia_sclerotiorum,fungi,2241927.0,27274596.0,12.165693173774168
8720,Scophthalmus_maximus,ensembl,17664653.0,556696898.0,31.514737255240735
8721,Scopulibacillus_darangshiensis,bacteria,287714.0,4660335.0,16.19780406931884
8722,Scytonema_hofmannii,bacteria,1392718.0,12288939.0,8.823709465950753
8723,Scytonema_millei,bacteria,1106943.0,5969679.0,5.392941641981565
8724,Scytonema_sp,bacteria,3769538.5,9805493.5,2.601245086102715
8725,Sebaldella_termitidis,bacteria,1933345.0,4486650.0,2.320667030457575
8726,Secale_cereale,plants,21839853.0,6735227109.0,308.3915953555182
8727,Secundilactobacillus_collinoides,bacteria,208124.0,3707616.0,17.814456766158635
8728,Secundilactobacillus_malefermentans,bacteria,91588.0,2217937.0,24.21645848801153
8729,Secundilactobacillus_mixtipabuli,bacteria,289755.0,2511119.0,8.666352608237995
8730,Secundilactobacillus_paracollinoides,bacteria,1419814.0,3748510.0,2.640141596011872
8731,Secundilactobacillus_pentosiphilus,bacteria,247517.0,2636221.5,10.650668438935508
8732,Secundilactobacillus_silagincola,bacteria,392712.0,2617693.0,6.66568121167675
8733,Sedimentibacter_sp,bacteria,546362.0,3131702.0,5.73191766630915
8734,Sedimenticola_selenatireducens,bacteria,438554.0,4278355.0,9.755594521997292
8735,Sedimenticola_sp,bacteria,264725.0,3934398.0,14.862207951647937
8736,Sedimenticola_thiotaurini,bacteria,1750241.0,3962284.0,2.2638505211568005
8737,Sedimentisphaera_cyanobacteriorum,bacteria,1322803.0,2951611.0,2.2313307423705573
8738,Sedimentisphaera_salicampi,bacteria,1432437.0,3192293.0,2.228574799450168
8739,Sedimentitalea_nanhaiensis,bacteria,294568.0,4890154.0,16.60110398957117
8740,Sediminibacillus_albus,bacteria,792840.0,3565081.0,4.4965957822511475
8741,Sediminibacillus_halophilus,bacteria,913865.0,4149758.0,4.540887330185531
8742,Sediminibacterium_ginsengisoli,bacteria,582307.0,4089980.0,7.023752075795071
8743,Sediminibacterium_goheungense,bacteria,1143848.0,3857482.0,3.372372902693365
8744,Sediminibacterium_magnilacihabitans,bacteria,492238.0,4040222.0,8.207862863086556
8745,Sediminibacterium_sp,bacteria,564105.0,3223743.0,5.714792458850746
8746,Sediminicola_luteus,bacteria,920093.0,4565563.0,4.962066878022113
8747,Sediminicola_sp,bacteria,1615990.0,3569807.0,2.2090526550288057
8748,Sediminihabitans_luteus,bacteria,897291.0,3421787.0,3.813464082443711
8749,Sediminispirochaeta_smaragdinae,bacteria,2170936.0,4653970.0,2.143761953369422
8750,Sediminitomix_flava,bacteria,1340731.0,6603976.0,4.92565324438683
8751,Segniliparus_rotundus,bacteria,1436581.0,3157527.0,2.1979456779673403
8752,Segniliparus_rugosus,bacteria,1301449.0,3587629.0,2.756642019779492
8753,Seinonella_peptonophila,bacteria,590896.0,3844441.0,6.506121212531478
8754,Selaginella_moellendorffii,plants,4172446.0,212645483.0,50.96422649927644
8755,Selenihalanaerobacter_shriftii,bacteria,235264.0,2840584.0,12.074027475516866
8756,Seleniivibrio_woodruffii,bacteria,861678.0,2906047.0,3.3725440361712846
8757,Selenomonas_artemidis,bacteria,499594.0,2210307.0,4.424206455641981
8758,Selenomonas_flueggei,bacteria,676680.0,2166063.0,3.2010152509310164
8759,Selenomonas_infelix,bacteria,582983.0,2413634.0,4.140144738354292
8760,Selenomonas_noxia,bacteria,483300.5,2084197.5,4.312425706160039
8761,Selenomonas_ruminantium,bacteria,459001.1,3139967.0,6.840870315997065
8762,Selenomonas_sp,bacteria,705594.9090909091,2423576.1818181816,3.4347982824036043
8763,Selenomonas_sputigena,bacteria,987842.5,2563907.0,2.5954613210101813
8764,Sellimonas_intestinalis,bacteria,564372.0,3262745.0,5.781195736145663
8765,Seonamhaeicola_aphaedonensis,bacteria,609464.0,3508581.0,5.756830592126852
8766,Seonamhaeicola_sp,bacteria,1174950.5,3644991.5,3.102251116110849
8767,Seongchinamella_sediminis,bacteria,334688.0,4307356.0,12.869765273926761
8768,Seongchinamella_unica,bacteria,1152821.0,4193411.0,3.6375213498019208
8769,Serinibacter_arcticus,bacteria,1844822.0,4057797.0,2.199560174369126
8770,Serinibacter_salmoneus,bacteria,1491822.0,3268715.0,2.1910891513866937
8771,Serinicoccus_chungangensis,bacteria,492601.0,3556988.0,7.220829839971905
8772,Serinicoccus_hydrothermalis,bacteria,1660196.0,3597394.0,2.1668489744584374
8773,Serinicoccus_sp,bacteria,367557.0,3479543.0,9.466675916932612
8774,Serinus_canaria,ensembl,12148853.0,1152083301.0,94.83062318722598
8775,Seriola_dumerili,ensembl,11293326.0,677686174.0,60.00766948549967
8776,Seriola_lalandi,ensembl,4599492.0,732509836.0,159.25885641283864
8777,Serpentinicella_alkaliphila,bacteria,178710.0,3017800.0,16.8865760170108
8778,Serpentinimonas_maccroryi,bacteria,1199238.0,2623236.0,2.1874190110720306
8779,Serpentinimonas_raichei,bacteria,1187253.0,2574013.0,2.168040847233067
8780,Serratia_ficaria,bacteria,2292840.0,5209973.0,2.2722793566057815
8781,Serratia_fonticola,bacteria,2024006.625,5878595.875,2.904435095413781
8782,Serratia_inhibens,bacteria,2394641.0,5474685.0,2.2862236969967524
8783,Serratia_liquefaciens,bacteria,2327103.0,5284740.0,2.2709523385943813
8784,Serratia_marcescens,bacteria,1157499.5882352942,5380870.117647059,4.6487015393678455
8785,Serratia_nematodiphila,bacteria,1391976.0,5214448.0,3.7460760817715246
8786,Serratia_odorifera,bacteria,2234730.0,5269972.5,2.358214415164248
8787,Serratia_oryzae,bacteria,581238.0,5012778.0,8.62431224386568
8788,Serratia_plymuthica,bacteria,2025520.5,5376443.5,2.654351560500128
8789,Serratia_proteamaculans,bacteria,1500688.75,5431226.75,3.619156037519439
8790,Serratia_quinivorans,bacteria,1805272.3333333333,5390940.333333333,2.986219992292945
8791,Serratia_rubidaea,bacteria,2166742.0,5052315.5,2.331756849684919
8792,Serratia_sp,bacteria,1273653.4285714286,5475063.357142857,4.298707351876615
8793,Serratia_surfactantfaciens,bacteria,2262720.0,5117644.0,2.261722175081318
8794,Serratia_symbiotica,bacteria,369376.5,3185482.5,8.623944674336348
8795,Sesamum_indicum,plants,10956883.0,274906174.0,25.08981559810395
8796,Setaria_italica,plants,20778810.0,405732883.0,19.526281004542607
8797,Setaria_viridis,plants,26894108.0,395731502.0,14.714431205526504
8798,Shackletoniella_antarctica,bacteria,68730.0,4711992.0,68.55800960279355
8799,Shewanella_algae,bacteria,1261729.5,4875280.0,3.8639660878183477
8800,Shewanella_amazonensis,bacteria,1922504.0,4306142.0,2.2398611394306593
8801,Shewanella_atlantica,bacteria,842412.0,5392127.0,6.400819314064852
8802,Shewanella_baltica,bacteria,1928241.1666666667,5319524.166666667,2.7587442165558995
8803,Shewanella_benthica,bacteria,1796072.0,4353505.0,2.4239033847195435
8804,Shewanella_bicestrii,bacteria,2141955.0,5004414.0,2.336376814638963
8805,Shewanella_canadensis,bacteria,647140.0,5676915.0,8.772313564298297
8806,Shewanella_chilikensis,bacteria,213202.0,4441258.0,20.83122109548691
8807,Shewanella_colwelliana,bacteria,474826.0,4642543.0,9.777356336847603
8808,Shewanella_decolorationis,bacteria,566623.0,4843966.0,8.548834057212645
8809,Shewanella_denitrificans,bacteria,1955334.0,4545906.0,2.3248744204314966
8810,Shewanella_fodinae,bacteria,270132.0,4034972.0,14.937038188737358
8811,Shewanella_frigidimarina,bacteria,1319781.0,4820943.0,3.6528355840855413
8812,Shewanella_halifaxensis,bacteria,2215374.0,5226917.0,2.359383562324014
8813,Shewanella_khirikhana,bacteria,2148245.0,4858998.0,2.2618453667994105
8814,Shewanella_livingstonensis,bacteria,2047831.0,4839879.0,2.3634171960479162
8815,Shewanella_loihica,bacteria,1992595.0,4602594.0,2.309849216724924
8816,Shewanella_mangrovi,bacteria,539566.0,4215794.0,7.813305508501277
8817,Shewanella_marisflavi,bacteria,1887126.0,4321452.0,2.289964740033257
8818,Shewanella_maritima,bacteria,2008980.0,4718011.0,2.348460910511802
8819,Shewanella_morhuae,bacteria,445190.0,4190369.0,9.41254071295402
8820,Shewanella_oneidensis,bacteria,190424.0,4801024.0,25.212284165861448
8821,Shewanella_pealeana,bacteria,2197205.0,5174581.0,2.3550742875607873
8822,Shewanella_piezotolerans,bacteria,2290328.0,5396476.0,2.356202255746775
8823,Shewanella_psychromarinicola,bacteria,854709.0,5094248.0,5.960213359166687
8824,Shewanella_psychrophila,bacteria,2701171.0,6353406.0,2.352093221791586
8825,Shewanella_putrefaciens,bacteria,1608556.625,4904617.5,3.049079792264074
8826,Shewanella_sediminis,bacteria,2338195.0,5517674.0,2.3598006154319893
8827,Shewanella_sp,bacteria,978087.7333333333,4836822.4,4.945182558946996
8828,Shewanella_violacea,bacteria,2060669.0,4962103.0,2.408005846644949
8829,Shewanella_woodyi,bacteria,2562271.0,5935403.0,2.3164618418582577
8830,Shewanella_xiamenensis,bacteria,2281810.0,5368190.0,2.3526016627151254
8831,Shigella_boydii,bacteria,569308.0714285715,4977470.571428572,8.743017745978106
8832,Shigella_dysenteriae,bacteria,832441.6363636364,4804914.636363637,5.772073892595037
8833,Shigella_flexneri,bacteria,1044168.2222222222,4746462.888888889,4.545687934064264
8834,Shigella_sonnei,bacteria,807338.8333333334,5023121.083333333,6.221825181620356
8835,Shigella_sp,bacteria,246925.33333333334,4698293.666666667,19.02718365605797
8836,Shimia_abyssi,bacteria,590139.0,4732601.0,8.019468294757676
8837,Shimia_aestuarii,bacteria,893340.0,4226671.0,4.731312826023687
8838,Shimia_gijangensis,bacteria,296315.0,4094570.0,13.818301469719724
8839,Shimia_haliotis,bacteria,761917.0,3995969.0,5.244625070709802
8840,Shimia_isoporae,bacteria,1345307.0,4232765.0,3.1463190186329215
8841,Shimia_marina,bacteria,617405.0,4001860.0,6.481742130368235
8842,Shimia_sp,bacteria,693561.0,4049808.0,5.839151855424396
8843,Shimia_thalassica,bacteria,1259730.0,4358316.0,3.4597223214498345
8844,Shimwellia_blattae,bacteria,1844537.0,4158725.0,2.254617283361624
8845,Shinella_granuli,bacteria,552913.0,6590828.0,11.92018997563812
8846,Shinella_sp,bacteria,728856.3333333334,6325815.166666667,8.679097481030784
8847,Shuttleworthia_satelles,bacteria,821425.0,2169477.0,2.6411139178865994
8848,Shuttleworthia_sp,bacteria,162648.0,2102620.0,12.927426098076829
8849,Siansivirga_zeaxanthinifaciens,bacteria,1503780.0,3303986.0,2.1971205894479247
8850,Siccationidurans_arizonensis,bacteria,1163581.0,6017345.0,5.17140190498126
8851,Siccibacter_turicensis,bacteria,673621.0,4224698.0,6.271624548522092
8852,Siculibacillus_lacustris,bacteria,267666.0,5020870.0,18.757967018597803
8853,Sideroxydans_lithotrophicus,bacteria,1376703.0,3003656.0,2.181774863568976
8854,Silicimonas_algicola,bacteria,674137.0,4337735.0,6.434500702379487
8855,Silvanigrella_aquatica,bacteria,1524297.0,3506707.0,2.300540511462005
8856,Silvibacterium_dinghuense,bacteria,1486249.0,5116187.0,3.4423484893850222
8857,Simiduia_agarivorans,bacteria,1958162.0,4300227.0,2.19605272699603
8858,Siminovitchia_acidinfaciens,bacteria,686955.0,4311621.0,6.27642421992707
8859,Siminovitchia_fortis,bacteria,221637.0,3607409.0,16.276203882925685
8860,Siminovitchia_terrae,bacteria,414007.0,5302661.0,12.808143340571537
8861,Simkania_negevensis,bacteria,1171078.0,2628375.0,2.244406435779683
8862,Simonsiella_muelleri,bacteria,137942.0,2343541.0,16.989321598932886
8863,Simplicispira_hankyongi,bacteria,954760.0,3709074.0,3.8848234111190245
8864,Simplicispira_metamorpha,bacteria,222624.0,3778861.0,16.97418517320684
8865,Simplicispira_sp,bacteria,1796458.0,3966897.0,2.208176868036993
8866,Simplicispira_suum,bacteria,1823389.0,4154448.0,2.278421115845275
8867,Singulisphaera_acidiphila,bacteria,4045345.0,9755686.0,2.4115831900616636
8868,Singulisphaera_sp,bacteria,3509028.0,10689158.0,3.046187719220251
8869,Sinimarinibacterium_flocculans,bacteria,625529.0,4401070.0,7.035756935329937
8870,Sinimarinibacterium_sp,bacteria,624619.0,4544824.0,7.276153943443924
8871,Sinirhodobacter_ferrireducens,bacteria,259662.0,4066781.0,15.661825758100916
8872,Sinirhodobacter_hankyongi,bacteria,352072.0,3801301.0,10.79694210275171
8873,Sinirhodobacter_huangdaonensis,bacteria,530687.0,4146544.0,7.813539807833997
8874,Sinirhodobacter_populi,bacteria,353094.75,4634852.75,13.126371179407228
8875,Sinobaca_qinghaiensis,bacteria,632819.0,3403958.0,5.379038872094548
8876,Sinobacteraceae_bacterium,bacteria,746623.0,3798671.0,5.0878033492137265
8877,Sinobacterium_caligoides,bacteria,1061743.0,4398449.0,4.142668235156719
8878,Sinocyclocheilus_anshuiensis,ensembl,4205240.0,1632718266.0,388.25804615194374
8879,Sinocyclocheilus_grahami,ensembl,4779614.0,1750287761.0,366.1985593397291
8880,Sinocyclocheilus_rhinocerous,ensembl,3512192.0,1655786410.0,471.43960523798245
8881,Sinomicrobium_oceani,bacteria,318697.0,5026272.0,15.771318838897134
8882,Sinomicrobium_pectinilyticum,bacteria,249218.0,5648340.0,22.664253785842114
8883,Sinomicrobium_sp,bacteria,444116.0,4611183.0,10.3828346648173
8884,Sinomonas_atrocyanea,bacteria,2006670.0,4492204.0,2.238636148444936
8885,Sinomonas_humi,bacteria,249424.0,4416081.0,17.705116588620182
8886,Sinomonas_sp,bacteria,1792087.0,3939870.0,2.1984814353321016
8887,Sinorhizobium_americanum,bacteria,1389480.75,6631836.75,4.772888541277021
8888,Sinorhizobium_fredii,bacteria,1924923.5,6854258.5,3.5607952731628036
8889,Sinorhizobium_medicae,bacteria,2218339.0,6817576.0,3.073279602441286
8890,Sinorhizobium_meliloti,bacteria,1065381.0,6870718.363636363,6.449071612537077
8891,Sinorhizobium_saheli,bacteria,491326.0,5994348.0,12.200347630697337
8892,Sinorhizobium_sp,bacteria,892988.8333333334,7109515.0,7.961482534402726
8893,Sinosporangium_album,bacteria,382813.0,7057140.0,18.434953880876563
8894,Siphonobacter_aquaeclarae,bacteria,869092.0,6189941.0,7.122308110073502
8895,Siphonobacter_curvatus,bacteria,1855613.0,6392615.0,3.4450152052178984
8896,Siphonobacter_sp,bacteria,335815.5,6510407.0,19.386856771054344
8897,Skermanella_aerolata,bacteria,502694.0,8525315.0,16.959253541916155
8898,Skermanella_stibiiresistens,bacteria,500617.0,7868338.0,15.717280875399757
8899,Slackia_exigua,bacteria,774251.0,2096289.0,2.7075057055141034
8900,Slackia_heliotrinireducens,bacteria,1376640.0,3165038.0,2.2991036145978616
8901,Smithella_sp,bacteria,105877.0,3397618.0,32.09023678419298
8902,Sneathia_vaginalis,bacteria,624644.0,1330224.0,2.1295714038716453
8903,Sneathiella_sp,bacteria,320801.0,3461625.0,10.790567984513764
8904,Snodgrassella_alvi,bacteria,320893.21428571426,2549252.1428571427,7.94423823679662
8905,Snodgrassella_sp,bacteria,323863.0,2296297.0,7.090334493288829
8906,Snowella_sp,bacteria,104126.0,4608211.0,44.256103182682516
8907,Sodalis_glossinidius,bacteria,1667197.0,4292502.0,2.5746819362078988
8908,Sodalis_ligni,bacteria,2756049.0,6384591.0,2.3165738345000397
8909,Sodalis_praecaptivus,bacteria,2070592.0,5159425.0,2.491763225203227
8910,Soehngenia_saccharolytica,bacteria,165708.0,6146237.0,37.09076809810027
8911,Solanum_lycopersicum,plants,21788337.0,827747456.0,37.99039164852279
8912,Solanum_tuberosum,plants,20505423.0,810388474.0,39.520690404679776
8913,Solemya_elarraichensis,bacteria,33529.0,2047614.0,61.06993945539682
8914,Solemya_pervernicosa,bacteria,123750.0,3563444.0,28.79550707070707
8915,Solemya_velesiana,bacteria,73701.0,2552746.0,34.63651782201055
8916,Solemya_velum,bacteria,566896.5,2764753.0,4.8769978294097776
8917,Solibacillus_isronensis,bacteria,341201.0,4019895.0,11.781603805381579
8918,Solibacillus_silvestris,bacteria,1238153.5,4081833.5,3.296710383647908
8919,Solibacillus_sp,bacteria,1747042.0,4283411.0,2.451807684073995
8920,Solidesulfovibrio_carbinolicus,bacteria,2010914.0,4688868.0,2.331709859297812
8921,Solidesulfovibrio_fructosivorans,bacteria,278772.0,4673595.0,16.76493693771254
8922,Solidesulfovibrio_magneticus,bacteria,1158607.0,4853569.0,4.1891417883717255
8923,Solimicrobium_silvestre,bacteria,420733.0,5243257.0,12.462195739340627
8924,Solimonas_aquatica,bacteria,452652.0,4427055.0,9.780261657962408
8925,Solimonas_fluminis,bacteria,623722.0,4668848.0,7.485463074895547
8926,Solimonas_sp,bacteria,2430270.0,5373342.0,2.211006184498019
8927,Solirubrum_puertoriconensis,bacteria,1181323.0,4804721.0,4.067237326285867
8928,Solitalea_canadensis,bacteria,2304625.0,5202069.0,2.25723013505451
8929,Solitalea_longa,bacteria,468360.0,4517600.0,9.645571782389615
8930,Solobacterium_moorei,bacteria,385156.0,1999221.0,5.190678582184881
8931,Soonwooa_buanensis,bacteria,513902.0,3329778.0,6.479402687671969
8932,Sorangium_cellulosum,bacteria,2979749.9,13154773.2,4.414723933710007
8933,Sorex_araneus,ensembl,546855.0,2944193050.0,5383.864187033126
8934,Sorghum_bicolor,plants,27478156.0,708735318.0,25.792681211941588
8935,Spartobacteria_bacterium,bacteria,1050660.0,4745694.0,4.516869396379419
8936,Sparus_aurata,ensembl,21994164.0,833578411.0,37.89998160421101
8937,Spermophilus_dauricus,ensembl,4114630.0,3106271744.0,754.9334311955146
8938,Sphaeramia_orbicularis,ensembl,21229636.0,1342662642.0,63.24473212823809
8939,Sphaerisporangium_album,bacteria,583626.0,9305065.0,15.94354089776672
8940,Sphaerisporangium_cinnabarinum,bacteria,185944.0,4387525.0,23.595948242481608
8941,Sphaerobacter_thermophilus,bacteria,1488364.0,3993764.0,2.683324778078481
8942,Sphaerochaeta_globosa,bacteria,1531037.0,3316466.0,2.166156663751431
8943,Sphaerochaeta_halotolerans,bacteria,300138.0,2927075.0,9.752430548614305
8944,Sphaerochaeta_pleomorpha,bacteria,1627737.0,3590853.0,2.2060400420952524
8945,Sphaerospermopsis_kisseleviana,bacteria,2161891.0,5609991.0,2.594946276199864
8946,Sphaerospermopsis_reniformis,bacteria,79330.0,6025023.0,75.94885919576453
8947,Sphaerotilus_hippei,bacteria,377263.0,4429270.0,11.740536442746837
8948,Sphaerotilus_natans,bacteria,131988.0,4592824.0,34.79728460163045
8949,Sphenodon_punctatus,ensembl,5935996.0,4272214985.0,719.7132519968005
8950,Sphingobacteriaceae_bacterium,bacteria,1347254.0,5720956.5,4.246383013151195
8951,Sphingobacteriales_bacterium,bacteria,512995.9375,5602355.3125,10.920857073064052
8952,Sphingobacteriia_bacterium,bacteria,340962.6666666667,3184101.3333333335,9.338562970726024
8953,Sphingobacterium_alimentarium,bacteria,175565.0,3576798.0,20.37306980320679
8954,Sphingobacterium_alkalisoli,bacteria,1109166.0,5780041.0,5.2111595559185915
8955,Sphingobacterium_athyrii,bacteria,1122995.0,6853865.0,6.103201706151853
8956,Sphingobacterium_cellulitidis,bacteria,652901.0,4605546.0,7.053972960678571
8957,Sphingobacterium_corticibacter,bacteria,906064.0,3907883.0,4.313031971251479
8958,Sphingobacterium_corticibacterium,bacteria,1447850.0,5119506.0,3.53593673377767
8959,Sphingobacterium_daejeonense,bacteria,2034417.0,4732363.0,2.3261519147746013
8960,Sphingobacterium_deserti,bacteria,263298.0,4595883.0,17.455062324818268
8961,Sphingobacterium_detergens,bacteria,1668590.0,6733110.0,4.0352093683888794
8962,Sphingobacterium_faecium,bacteria,706685.5,6670393.0,9.438983819534998
8963,Sphingobacterium_gobiense,bacteria,1409365.0,4598820.0,3.263043994990652
8964,Sphingobacterium_haloxyli,bacteria,484261.0,4694399.0,9.693943968232007
8965,Sphingobacterium_lactis,bacteria,410986.0,3998564.0,9.729197588239016
8966,Sphingobacterium_mizutaii,bacteria,1023934.0,4629350.0,4.521141011041728
8967,Sphingobacterium_multivorum,bacteria,1927222.0,5997281.5,3.1118789117185255
8968,Sphingobacterium_nematocida,bacteria,480912.0,5050264.0,10.501430615164521
8969,Sphingobacterium_olei,bacteria,826627.0,5406411.0,6.5403271366650255
8970,Sphingobacterium_paludis,bacteria,637328.0,4781820.0,7.502918434463886
8971,Sphingobacterium_paucimobilis,bacteria,740202.0,5126359.0,6.925621654629412
8972,Sphingobacterium_psychroaquaticum,bacteria,909328.0,4506111.0,4.955429723928
8973,Sphingobacterium_puteale,bacteria,610223.0,6719458.0,11.011479409986185
8974,Sphingobacterium_siyangense,bacteria,755338.0,6747805.0,8.933490702175714
8975,Sphingobacterium_sp,bacteria,875808.6470588235,5469647.0,6.245253479020095
8976,Sphingobacterium_spiritivorum,bacteria,1573729.3333333333,5228611.333333333,3.3224336755918213
8977,Sphingobacterium_thalpophilum,bacteria,2680203.0,5962893.0,2.224791554968038
8978,Sphingobacterium_wenxiniae,bacteria,464652.0,3844399.0,8.273716673983971
8979,Sphingobacterium_yanglingense,bacteria,980369.0,5485389.0,5.595228939307546
8980,Sphingobium_amiense,bacteria,2015158.0,4773922.0,2.36900630124288
8981,Sphingobium_baderi,bacteria,1127373.5,4715854.0,4.183044926991808
8982,Sphingobium_chinhatense,bacteria,338503.0,5847843.0,17.27560169333802
8983,Sphingobium_chlorophenolicum,bacteria,992143.5,4684671.5,4.721768070848622
8984,Sphingobium_chungbukense,bacteria,819720.0,5516495.0,6.729730883716391
8985,Sphingobium_cloacae,bacteria,1815845.0,4547566.0,2.5043800544650012
8986,Sphingobium_cupriresistens,bacteria,231832.0,4382818.0,18.90514683046344
8987,Sphingobium_czechense,bacteria,1255789.0,4655494.0,3.70722629358913
8988,Sphingobium_faniae,bacteria,485875.0,4840393.0,9.962218677643428
8989,Sphingobium_fluviale,bacteria,375474.0,3068982.0,8.173620543632849
8990,Sphingobium_fuliginis,bacteria,1250853.5,5019337.75,4.012730307745871
8991,Sphingobium_herbicidovorans,bacteria,371884.0,4032326.0,10.842967161803143
8992,Sphingobium_indicum,bacteria,1331600.0,4055724.0,3.0457524782216883
8993,Sphingobium_japonicum,bacteria,941100.5,4606433.5,4.894730690292907
8994,Sphingobium_lactosutens,bacteria,300875.0,5360246.0,17.815524719567925
8995,Sphingobium_lucknowense,bacteria,227341.0,4442759.0,19.54226910236165
8996,Sphingobium_quisquiliarum,bacteria,118057.0,4170546.0,35.32654565167673
8997,Sphingobium_sp,bacteria,942070.0303030303,4985902.454545454,5.29249662357019
8998,Sphingobium_terrigena,bacteria,377338.0,5043023.0,13.364736655200378
8999,Sphingobium_ummariense,bacteria,230233.0,4754053.0,20.648877441548343
9000,Sphingobium_xenophagum,bacteria,1231986.5,4623895.5,3.753203058637412
9001,Sphingobium_yanoikuyae,bacteria,1408647.5,5604022.25,3.9782999295423447
9002,Sphingomonadaceae_bacterium,bacteria,206538.85714285713,2854486.5714285714,13.820578901790878
9003,Sphingomonadales_bacterium,bacteria,316418.0,3618421.7333333334,11.435574883013398
9004,Sphingomonas_adhaesiva,bacteria,691251.0,3760237.0,5.4397563258498
9005,Sphingomonas_aerolata,bacteria,1121742.0,3827482.0,3.41208762799289
9006,Sphingomonas_aracearum,bacteria,1077145.0,3642894.0,3.381990354130595
9007,Sphingomonas_aurantiaca,bacteria,864792.0,4411230.0,5.100914439541532
9008,Sphingomonas_baiyangensis,bacteria,1370454.0,3268803.0,2.3851971682376787
9009,Sphingomonas_cavernae,bacteria,1263743.0,4244097.0,3.358354507205975
9010,Sphingomonas_changbaiensis,bacteria,206147.0,3217375.0,15.60718807452934
9011,Sphingomonas_crocodyli,bacteria,1627361.0,4883533.0,3.0008910131187854
9012,Sphingomonas_deserti,bacteria,838883.0,6091880.0,7.2618946861481275
9013,Sphingomonas_desiccabilis,bacteria,1173027.0,3607011.0,3.0749599114086887
9014,Sphingomonas_dokdonensis,bacteria,762388.0,3452664.0,4.528749140857411
9015,Sphingomonas_elodea,bacteria,2000530.0,4653764.0,2.3262655396319976
9016,Sphingomonas_endophytica,bacteria,186542.0,3641654.0,19.52189855367692
9017,Sphingomonas_faeni,bacteria,685742.0,4383558.0,6.392430389271767
9018,Sphingomonas_fennica,bacteria,295525.0,4494276.0,15.207769224261908
9019,Sphingomonas_gei,bacteria,758643.0,4661578.0,6.144626655752442
9020,Sphingomonas_gellani,bacteria,631299.0,3847972.0,6.095324085734335
9021,Sphingomonas_gilva,bacteria,723760.0,3541169.0,4.892739305847242
9022,Sphingomonas_ginkgonis,bacteria,1459139.0,3213590.0,2.2023878465314133
9023,Sphingomonas_ginsenosidimutans,bacteria,785037.0,3900947.0,4.969125022132714
9024,Sphingomonas_guangdongensis,bacteria,1050002.0,3544824.0,3.376016426635378
9025,Sphingomonas_haloaromaticamans,bacteria,2087691.0,4923741.0,2.3584625310929637
9026,Sphingomonas_hengshuiensis,bacteria,1268393.5,4224179.0,3.3303379432329163
9027,Sphingomonas_jatrophae,bacteria,1329160.0,4060565.0,3.05498585572843
9028,Sphingomonas_jeddahensis,bacteria,393741.0,3117315.0,7.917171440109107
9029,Sphingomonas_koreensis,bacteria,1058813.4,4516415.8,4.265544618154625
9030,Sphingomonas_laterariae,bacteria,378405.0,4419388.0,11.678989442528508
9031,Sphingomonas_lenta,bacteria,819967.0,3757425.0,4.582410023818031
9032,Sphingomonas_melonis,bacteria,529112.0,4100783.0,7.750311843239238
9033,Sphingomonas_mucosissima,bacteria,930774.0,3584790.0,3.851407538242366
9034,Sphingomonas_naasensis,bacteria,788683.0,4339567.0,5.502295599119038
9035,Sphingomonas_olei,bacteria,433396.0,3496927.0,8.068664685414724
9036,Sphingomonas_oleivorans,bacteria,760526.0,3873878.0,5.093682530248802
9037,Sphingomonas_paeninsulae,bacteria,1583868.0,3994557.0,2.5220264567501838
9038,Sphingomonas_palmae,bacteria,716375.0,3272897.0,4.5686923748037
9039,Sphingomonas_panacis,bacteria,2335365.0,5322941.0,2.27927583054469
9040,Sphingomonas_parapaucimobilis,bacteria,172278.0,3994522.0,23.186489278956106
9041,Sphingomonas_paucimobilis,bacteria,908072.0,4402364.0,4.848034076593046
9042,Sphingomonas_pokkalii,bacteria,1904807.0,4223965.0,2.2175291249979656
9043,Sphingomonas_populi,bacteria,254100.0,5204106.0,20.480543093270366
9044,Sphingomonas_psychrotolerans,bacteria,2243514.0,5038478.0,2.2457974409787504
9045,Sphingomonas_rubra,bacteria,400777.0,3200202.0,7.9849941488658285
9046,Sphingomonas_sanguinis,bacteria,136330.33333333334,4018991.3333333335,29.479802734045492
9047,Sphingomonas_sanxanigenens,bacteria,1506867.5,4890806.5,3.2456778714784145
9048,Sphingomonas_sp,bacteria,780940.1348314607,4202611.303370787,5.381476909594072
9049,Sphingomonas_spermidinifaciens,bacteria,1298145.0,3635691.0,2.8006817420241963
9050,Sphingomonas_taxi,bacteria,1134787.0,3686609.0,3.248723328695165
9051,Sphingomonas_turrisvirgatae,bacteria,251492.0,4099485.0,16.300657674995627
9052,Sphingomonas_yabuuchiae,bacteria,230872.0,3909164.0,16.932170206867873
9053,Sphingopyxis_alaskensis,bacteria,1521690.0,3373713.0,2.2170829801076435
9054,Sphingopyxis_bauzanensis,bacteria,1021444.0,4258005.0,4.1686132573102395
9055,Sphingopyxis_flava,bacteria,265853.0,4155299.0,15.630062478136415
9056,Sphingopyxis_fribergensis,bacteria,2321137.0,5202172.0,2.2412171276404624
9057,Sphingopyxis_granuli,bacteria,2087632.0,4679853.0,2.241703997639431
9058,Sphingopyxis_indica,bacteria,590127.0,4149802.0,7.032049033513125
9059,Sphingopyxis_lindanitolerans,bacteria,1455906.0,4372786.0,3.00348099396527
9060,Sphingopyxis_macrogoltabida,bacteria,1634682.3333333333,4799741.666666667,2.93619229179492
9061,Sphingopyxis_sp,bacteria,977232.2916666666,4416369.875,4.519263140054342
9062,Sphingopyxis_terrae,bacteria,1453877.0,3780213.0,2.6000913419773473
9063,Sphingopyxis_witflariensis,bacteria,626573.0,4306761.0,6.873518329069398
9064,Sphingorhabdus_lutea,bacteria,1160560.0,2533041.0,2.1826023643758186
9065,Sphingorhabdus_pulchriflava,bacteria,1234128.0,3219819.0,2.608983022830695
9066,Sphingorhabdus_sp,bacteria,1631689.6666666667,3626666.6666666665,2.2226448697658805
9067,Sphingorhabdus_wooponensis,bacteria,889884.0,2177915.0,2.447414494473437
9068,Sphingosinicella_humi,bacteria,1310458.0,3026360.0,2.3093910678556657
9069,Sphingosinicella_microcystinivorans,bacteria,1155277.0,3963648.0,3.43090704653516
9070,Sphingosinicella_sp,bacteria,2640135.0,6077080.0,2.301806536408176
9071,Spiribacter_curvatus,bacteria,916785.0,1926631.0,2.10150798715075
9072,Spiribacter_salinus,bacteria,833700.0,1739487.0,2.0864663548038864
9073,Spiribacter_sp,bacteria,222955.0,4155782.0,18.63955506716602
9074,Spiribacter_vilamensis,bacteria,979895.0,2076021.0,2.118615770056996
9075,Spirochaeta_africana,bacteria,1547375.0,3285855.0,2.123502706195977
9076,Spirochaeta_lutea,bacteria,326010.0,3532909.0,10.836811754240667
9077,Spirochaeta_thermophila,bacteria,1186725.5,2516433.5,2.12048489730776
9078,Spirochaetaceae_bacterium,bacteria,504881.6666666667,4312133.666666667,8.540879876142595
9079,Spirochaetae_bacterium,bacteria,312095.5,4205302.75,13.474410076402895
9080,Spirochaetes_bacterium,bacteria,114436.0,3483906.25,30.444145635988676
9081,Spirochaetia_bacterium,bacteria,58942.0,2932735.0,49.7562858403176
9082,Spiroplasma_alleghenense,bacteria,614886.0,1336077.0,2.1728857056429973
9083,Spiroplasma_apis,bacteria,513706.0,1160554.0,2.259179374973234
9084,Spiroplasma_cantharicola,bacteria,538746.0,1179577.0,2.189486325652534
9085,Spiroplasma_chrysopicola,bacteria,506181.0,1123322.0,2.2192101244416524
9086,Spiroplasma_clarkii,bacteria,704814.0,1560007.0,2.2133598367796328
9087,Spiroplasma_corruscae,bacteria,526278.0,1204639.0,2.2889784486526135
9088,Spiroplasma_culicicola,bacteria,544661.0,1175131.0,2.1575457027398692
9089,Spiroplasma_diminutum,bacteria,441220.0,945296.0,2.1424595439916594
9090,Spiroplasma_endosymbiont,bacteria,29125.0,1397726.0,47.990592274678114
9091,Spiroplasma_eriocheiris,bacteria,612342.0,1365714.0,2.2303124724418706
9092,Spiroplasma_floricola,bacteria,579781.0,1284130.0,2.2148535395261315
9093,Spiroplasma_gladiatoris,bacteria,521505.0,1164642.0,2.233232663157592
9094,Spiroplasma_helicoides,bacteria,604291.0,1326546.0,2.1952105856284474
9095,Spiroplasma_litorale,bacteria,559647.0,1225519.0,2.1898071462904296
9096,Spiroplasma_melliferum,bacteria,464007.0,1297943.0,2.7972487484025024
9097,Spiroplasma_mirum,bacteria,452784.0,1132608.0,2.5014311459768894
9098,Spiroplasma_monobiae,bacteria,416828.0,891575.0,2.138951797863867
9099,Spiroplasma_poulsonii,bacteria,548328.0,2036397.0,3.7138300433317286
9100,Spiroplasma_sabaudiense,bacteria,492735.0,1075953.0,2.18363420499863
9101,Spiroplasma_sp,bacteria,301686.0,1379183.5,4.571586019901487
9102,Spiroplasma_syrphidicola,bacteria,505365.0,1107344.0,2.1911766742849226
9103,Spiroplasma_taiwanense,bacteria,481040.0,1086278.0,2.25818642940296
9104,Spiroplasma_turonicum,bacteria,563552.0,1261374.0,2.2382566293793653
9105,Spirosoma_endophyticum,bacteria,987739.0,8512335.0,8.618000301699134
9106,Spirosoma_fluviale,bacteria,1770542.0,7807294.0,4.409550295898092
9107,Spirosoma_linguale,bacteria,3650512.0,8491258.0,2.3260457711137508
9108,Spirosoma_montaniterrae,bacteria,2658088.0,5797678.0,2.1811459966712916
9109,Spirosoma_oryzae,bacteria,424506.0,6569981.0,15.47676829067198
9110,Spirosoma_pollinicola,bacteria,3810209.0,8794837.0,2.3082295485628217
9111,Spirosoma_radiotolerans,bacteria,3097557.0,7029352.0,2.2693212747981715
9112,Spirosoma_sordidisoli,bacteria,1293277.0,7367609.0,5.696853033031593
9113,Spirosoma_sp,bacteria,617880.0,8675361.0,14.040527286851816
9114,Spongiactinospora_rosea,bacteria,839318.0,9809379.0,11.687321134540186
9115,Spongiibacter_sp,bacteria,551168.0,3626214.25,6.579145106392243
9116,Spongiibacteraceae_bacterium,bacteria,518846.0,4460577.0,8.597111667045713
9117,Sporanaerobacter_acetigenes,bacteria,374856.0,2912784.0,7.770407836609258
9118,Sporanaerobacter_sp,bacteria,267651.0,3296036.0,12.31467844319655
9119,Sporisorium_reilianum,fungi,1707564.0,18476874.0,10.820604088631525
9120,Sporobacter_termitidis,bacteria,512175.0,4198214.0,8.196835066139503
9121,Sporocytophaga_myxococcoides,bacteria,788354.0,5984278.0,7.590851318062698
9122,Sporolactobacillus_inulinus,bacteria,59930.0,3009527.0,50.217370265309526
9123,Sporolactobacillus_laevolacticus,bacteria,360512.0,3590176.0,9.958547843067636
9124,Sporolactobacillus_nakayamae,bacteria,327187.0,3538879.0,10.816074599540935
9125,Sporolactobacillus_sp,bacteria,272377.0,3066310.6666666665,11.257597618986429
9126,Sporolactobacillus_terrae,bacteria,1376786.0,3244798.0,2.3567918325723825
9127,Sporolituus_thermophilus,bacteria,219910.0,2861023.0,13.009972261379655
9128,Sporomusa_acidovorans,bacteria,329067.0,6060615.0,18.417571497597752
9129,Sporomusa_malonica,bacteria,371402.0,5191417.0,13.977891879957566
9130,Sporomusa_silvacetica,bacteria,342939.0,5929109.0,17.289106809082664
9131,Sporomusa_sp,bacteria,919190.0,5305280.0,5.771690292540171
9132,Sporomusa_sphaeroides,bacteria,1351280.0,4971384.0,3.6790184121721627
9133,Sporosarcina_globispora,bacteria,2338022.0,5673948.0,2.426815487621588
9134,Sporosarcina_newyorkensis,bacteria,831804.0,3664790.5,4.405834186899798
9135,Sporosarcina_pasteurii,bacteria,1422512.0,3307418.0,2.3250545513851555
9136,Sporosarcina_psychrophila,bacteria,1916051.0,4674191.0,2.439491955068002
9137,Sporosarcina_sp,bacteria,477416.76923076925,3346058.4615384615,7.0086739243151195
9138,Stachyris_ruficeps,ensembl,11324357.0,1041446934.0,91.96521568509364
9139,Stackebrandtia_nassauensis,bacteria,3124719.0,6841557.0,2.1894951194011365
9140,Stakelama_pacifica,bacteria,551106.0,3981765.0,7.22504382097092
9141,Stanieria_cyanosphaera,bacteria,2219704.0,5544990.0,2.4980763200859215
9142,Stanieria_sp,bacteria,2266398.0,5463308.0,2.410568664462288
9143,Staphylococcus_agnetis,bacteria,253986.5,2506560.5,9.86887295190886
9144,Staphylococcus_argensis,bacteria,752968.0,2452468.0,3.257068029451451
9145,Staphylococcus_argenteus,bacteria,697080.0,2785852.0,3.9964595168416825
9146,Staphylococcus_arlettae,bacteria,1157521.0,2722698.0,2.3521802196245254
9147,Staphylococcus_aureus,bacteria,607499.3262411348,2857280.5886524823,4.703347749094196
9148,Staphylococcus_auricularis,bacteria,336382.75,2249847.0,6.6883542631124815
9149,Staphylococcus_capitis,bacteria,585267.0,2619356.3333333335,4.475489534406234
9150,Staphylococcus_caprae,bacteria,891031.0,2629570.0,2.9511543369422615
9151,Staphylococcus_carnosus,bacteria,794385.5,2544299.0,3.2028517640364784
9152,Staphylococcus_chromogenes,bacteria,283123.5,2424637.5,8.56388643118639
9153,Staphylococcus_cohnii,bacteria,262734.5,2900378.1666666665,11.039197998993915
9154,Staphylococcus_condimenti,bacteria,790578.6666666666,2720887.3333333335,3.441640216280396
9155,Staphylococcus_croceilyticus,bacteria,111976.0,2380571.0,21.25965385439737
9156,Staphylococcus_debuckii,bacteria,1166734.0,2691850.0,2.307166843513603
9157,Staphylococcus_delphini,bacteria,572290.0,2748180.6666666665,4.802077035535596
9158,Staphylococcus_devriesei,bacteria,225098.0,2371888.777777778,10.537138392068245
9159,Staphylococcus_edaphicus,bacteria,227171.0,2687658.0,11.830990751460353
9160,Staphylococcus_epidermidis,bacteria,607185.6875,2593000.25,4.270522680922054
9161,Staphylococcus_equorum,bacteria,410055.6,2942968.8,7.176999411787085
9162,Staphylococcus_felis,bacteria,547469.5,2551704.0,4.660906223999693
9163,Staphylococcus_gallinarum,bacteria,591854.0,3144559.5,5.313066229171383
9164,Staphylococcus_haemolyticus,bacteria,361581.3333333333,2654760.8333333335,7.342084860575399
9165,Staphylococcus_hominis,bacteria,468327.0,2652091.5,5.662905405838228
9166,Staphylococcus_hyicus,bacteria,473626.6666666667,2580388.0,5.448147626822814
9167,Staphylococcus_intermedius,bacteria,1192762.0,2891525.0,2.424226291582059
9168,Staphylococcus_kloosii,bacteria,1056913.0,2635899.0,2.493960240814523
9169,Staphylococcus_lugdunensis,bacteria,304278.5,2633054.0,8.653434271563716
9170,Staphylococcus_lutrae,bacteria,114470.0,2429515.0,21.224032497597623
9171,Staphylococcus_massiliensis,bacteria,196766.0,2447110.0,12.436650640862752
9172,Staphylococcus_microti,bacteria,592456.0,2434155.0,4.108583591017729
9173,Staphylococcus_muscae,bacteria,922883.0,2095116.0,2.270185928227088
9174,Staphylococcus_nepalensis,bacteria,667468.25,3049871.0,4.569312472915378
9175,Staphylococcus_pasteuri,bacteria,443022.0,2611305.0,5.894300960223195
9176,Staphylococcus_petrasii,bacteria,1187505.0,2746621.0,2.312934261329426
9177,Staphylococcus_pettenkoferi,bacteria,321441.0,2498156.0,7.7717403815941335
9178,Staphylococcus_piscifermentans,bacteria,621404.0,2662364.5,4.284434120153716
9179,Staphylococcus_pseudintermedius,bacteria,201468.66666666666,2715127.4444444445,13.476673516367034
9180,Staphylococcus_rostri,bacteria,130084.0,2341022.0,17.996233203161033
9181,Staphylococcus_saccharolyticus,bacteria,625298.6666666666,2401002.6666666665,3.8397693688775925
9182,Staphylococcus_saprophyticus,bacteria,969896.1666666666,2595885.5,2.6764571190352506
9183,Staphylococcus_schleiferi,bacteria,994725.6666666666,3579918.3333333335,3.598900132264273
9184,Staphylococcus_schweitzeri,bacteria,704051.0,2764326.0,3.926314997066974
9185,Staphylococcus_simiae,bacteria,67719.0,2587121.0,38.203768514006406
9186,Staphylococcus_simulans,bacteria,417378.75,2715047.25,6.504996361218677
9187,Staphylococcus_sp,bacteria,381452.04545454547,2621453.3636363638,6.8723012364833185
9188,Staphylococcus_succinus,bacteria,117283.0,3071172.0,26.185994560166435
9189,Staphylococcus_warneri,bacteria,353691.0,2720491.6666666665,7.691718665916482
9190,Staphylococcus_xylosus,bacteria,339175.6,2972355.8,8.763471782757957
9191,Staphylothermus_hellenicus,bacteria,699217.0,1580347.0,2.2601667293558365
9192,Staphylothermus_marinus,bacteria,699176.0,1570485.0,2.246194091330366
9193,Stappia_indica,bacteria,507039.0,5015470.0,9.891684860533411
9194,Stappia_sp,bacteria,1174278.0,4879216.0,4.155077417783523
9195,Starkeya_novella,bacteria,945131.6666666666,4593383.333333333,4.860045954796422
9196,Stegastes_partitus,ensembl,1760338.0,800491834.0,454.7375753974521
9197,Stella_humosa,bacteria,1045843.0,5827531.0,5.572089692238701
9198,Stenomitos_frigidus,bacteria,238793.0,6984011.0,29.24713454749511
9199,Stenotrophobium_rhamnosiphilum,bacteria,752621.0,3961273.0,5.263303840844197
9200,Stenotrophomonas_acidaminiphila,bacteria,740990.3333333334,4188367.6666666665,5.6523917765908775
9201,Stenotrophomonas_chelatiphaga,bacteria,168929.0,3967734.0,23.48758354101427
9202,Stenotrophomonas_daejeonensis,bacteria,124371.0,3284859.0,26.411776057119425
9203,Stenotrophomonas_geniculata,bacteria,330486.0,4678478.0,14.156357606676229
9204,Stenotrophomonas_ginsengisoli,bacteria,183989.0,3374112.0,18.338661550418774
9205,Stenotrophomonas_humi,bacteria,244544.0,4122049.0,16.85606271264067
9206,Stenotrophomonas_indicatrix,bacteria,1919811.0,4558397.0,2.3743988340518936
9207,Stenotrophomonas_koreensis,bacteria,346214.0,3029904.0,8.751535177664682
9208,Stenotrophomonas_lactitubi,bacteria,2018647.0,4871419.0,2.413209937150973
9209,Stenotrophomonas_maltophilia,bacteria,737738.9795918367,4678798.653061224,6.342078678897824
9210,Stenotrophomonas_panacihumi,bacteria,178724.0,3923155.0,21.950913139813345
9211,Stenotrophomonas_pavanii,bacteria,159898.0,4783896.0,29.918422994659096
9212,Stenotrophomonas_pictorum,bacteria,202810.0,3508292.0,17.298417237808785
9213,Stenotrophomonas_rhizophila,bacteria,1776853.0,4767138.0,2.6829107416314124
9214,Stenotrophomonas_sp,bacteria,1133423.6896551724,4451158.0,3.9271792539947703
9215,Stenotrophomonas_terrae,bacteria,190697.0,4410319.0,23.12736435287393
9216,Steroidobacter_denitrificans,bacteria,1551163.0,3467246.0,2.23525574037029
9217,Sterolibacterium_denitrificans,bacteria,1389005.0,3103217.0,2.2341294667765776
9218,Stigmatella_aurantiaca,bacteria,1866122.0,9963977.0,5.339402782883434
9219,Stigmatella_erecta,bacteria,994627.0,9217225.0,9.267016680624998
9220,Stomatobaculum_longum,bacteria,562189.0,2313632.0,4.11539891388839
9221,Streptacidiphilus_bronchialis,bacteria,3105447.0,7090212.0,2.2831534397463553
9222,Streptacidiphilus_jiangxiensis,bacteria,649534.0,9538627.0,14.685339027672146
9223,Streptacidiphilus_pinicola,bacteria,184103.0,8432874.0,45.805196004410575
9224,Streptoalloteichus_hindustanus,bacteria,944823.0,7279383.0,7.704493857579673
9225,Streptobacillus_moniliformis,bacteria,779334.5,1899724.0,2.4376233825141838
9226,Streptococcus_acidominimus,bacteria,695040.3333333334,2353862.3333333335,3.386655738443956
9227,Streptococcus_agalactiae,bacteria,454802.0,2333018.2916666665,5.129745013581001
9228,Streptococcus_anginosus,bacteria,350361.93333333335,1986386.8666666667,5.669528215489163
9229,Streptococcus_australis,bacteria,668115.75,1975085.75,2.956202948366357
9230,Streptococcus_azizii,bacteria,226314.0,2340839.0,10.343323877444613
9231,Streptococcus_bovimastitidis,bacteria,721441.0,2075036.0,2.876237973722037
9232,Streptococcus_canis,bacteria,418293.0,2309362.3333333335,5.5209203437144145
9233,Streptococcus_chenjunshii,bacteria,1023054.0,2443046.0,2.3879932046597734
9234,Streptococcus_chosunense,bacteria,633827.0,1902053.0,3.000902454455238
9235,Streptococcus_constellatus,bacteria,510134.8333333333,1917560.0,3.758927786738735
9236,Streptococcus_criceti,bacteria,1008258.0,2418558.0,2.3987491296870442
9237,Streptococcus_cristatus,bacteria,427431.2727272727,2079449.2727272727,4.864990948039706
9238,Streptococcus_cuniculi,bacteria,296586.0,2094853.0,7.063222808898599
9239,Streptococcus_downei,bacteria,923690.0,2232110.0,2.4165141984865053
9240,Streptococcus_dysgalactiae,bacteria,978660.0,2272478.4444444445,2.3220305769567005
9241,Streptococcus_equi,bacteria,703864.4615384615,2365911.3846153845,3.3613167220349895
9242,Streptococcus_equinus,bacteria,611454.0,1983546.6,3.2439833577014787
9243,Streptococcus_ferus,bacteria,848000.0,1872314.0,2.2079174528301886
9244,Streptococcus_gallolyticus,bacteria,523330.23076923075,2286842.153846154,4.369787983554435
9245,Streptococcus_gordonii,bacteria,615350.3,2221796.5,3.6106206497339803
9246,Streptococcus_gwangjuense,bacteria,888246.0,1972481.0,2.2206472080932533
9247,Streptococcus_henryi,bacteria,131259.0,2429275.0,18.507492819539994
9248,Streptococcus_hillyeri,bacteria,238950.0,2147614.0,8.987712910650764
9249,Streptococcus_hyointestinalis,bacteria,1093256.0,2553358.0,2.335553612328677
9250,Streptococcus_ictaluri,bacteria,432324.0,2234402.0,5.168350588910169
9251,Streptococcus_ilei,bacteria,827488.3333333334,1994006.0,2.409708898212059
9252,Streptococcus_infantarius,bacteria,869606.0,1974692.0,2.2707892999818307
9253,Streptococcus_infantis,bacteria,350135.22222222225,1875143.5555555555,5.355483928907466
9254,Streptococcus_iniae,bacteria,102441.0,2295299.0,22.406058121260042
9255,Streptococcus_intermedius,bacteria,492878.6666666667,1962840.1666666667,3.9824003338211704
9256,Streptococcus_lutetiensis,bacteria,861850.0,1971064.0,2.287015141846029
9257,Streptococcus_macacae,bacteria,834432.0,1916985.0,2.297353169581224
9258,Streptococcus_macedonicus,bacteria,487103.4,2184638.0,4.4849574032946595
9259,Streptococcus_massiliensis,bacteria,902960.0,2033868.0,2.252445291042793
9260,Streptococcus_merionis,bacteria,1006247.0,2384128.0,2.3693268153842943
9261,Streptococcus_milleri,bacteria,839748.3333333334,1896949.6666666667,2.258950201350008
9262,Streptococcus_minor,bacteria,411821.0,1959983.0,4.759308048885317
9263,Streptococcus_mitis,bacteria,354294.4246575342,2005233.2465753425,5.6597934006825765
9264,Streptococcus_mutans,bacteria,711060.75,2058858.5,2.8954748240568757
9265,Streptococcus_oralis,bacteria,421545.7948717949,1968573.1666666667,4.669891600425929
9266,Streptococcus_pantholopis,bacteria,935017.0,2241302.0,2.397070855396212
9267,Streptococcus_parasanguinis,bacteria,538573.1875,2153117.4375,3.9978177292756523
9268,Streptococcus_parasuis,bacteria,99049.0,1881656.0,18.99722359640178
9269,Streptococcus_parauberis,bacteria,643617.6,2184758.2,3.3944972915594605
9270,Streptococcus_pasteurianus,bacteria,534644.5,2168699.25,4.05633883823737
9271,Streptococcus_penaeicida,bacteria,225734.0,2051969.0,9.090207943863131
9272,Streptococcus_periodonticum,bacteria,843355.0,1903815.0,2.257430145075324
9273,Streptococcus_peroris,bacteria,734968.0,1639920.0,2.231280817668252
9274,Streptococcus_phocae,bacteria,182464.0,1700082.0,9.31735575236759
9275,Streptococcus_pluranimalium,bacteria,943034.5,2155773.0,2.28599589940771
9276,Streptococcus_pneumoniae,bacteria,255318.40625,2578074.14453125,10.097486438196228
9277,Streptococcus_porcinus,bacteria,916100.0,2059429.6666666667,2.248040243059346
9278,Streptococcus_pseudopneumoniae,bacteria,223338.0,2207855.625,9.885714141794052
9279,Streptococcus_pseudoporcinus,bacteria,894379.0,2126865.0,2.3780354860746953
9280,Streptococcus_pyogenes,bacteria,382725.8157894737,1845116.3157894737,4.820987348301632
9281,Streptococcus_ratti,bacteria,58430.0,2037184.0,34.86537737463632
9282,Streptococcus_ruminantium,bacteria,902091.0,2090539.0,2.3174369326376163
9283,Streptococcus_salivarius,bacteria,480938.3,2274276.3,4.7288317441135375
9284,Streptococcus_sanguinis,bacteria,754406.2142857143,2357480.1785714286,3.124947984162
9285,Streptococcus_sinensis,bacteria,105882.0,2061843.0,19.473026576755256
9286,Streptococcus_sobrinus,bacteria,72670.0,2108084.0,29.008999587174902
9287,Streptococcus_sp,bacteria,359633.5619047619,2152367.3904761905,5.984890228477008
9288,Streptococcus_suis,bacteria,374183.338028169,2253796.0140845072,6.023239906836361
9289,Streptococcus_thermophilus,bacteria,542836.7,1859487.5,3.4255007076713864
9290,Streptococcus_troglodytae,bacteria,894617.0,2097874.0,2.3449967975122314
9291,Streptococcus_uberis,bacteria,874939.3333333334,1939580.6666666667,2.2168173183816937
9292,Streptococcus_urinalis,bacteria,962494.0,2130431.0,2.213448603315969
9293,Streptococcus_varani,bacteria,510502.0,2460376.0,4.81952274427916
9294,Streptococcus_vestibularis,bacteria,572182.5,1935844.5,3.383264080953192
9295,Streptococcus_vicugnae,bacteria,30697.0,1740123.0,56.68707039775874
9296,Streptococcus_viridans,bacteria,884791.0,1997594.0,2.257701536295012
9297,Streptohalobacillus_salinus,bacteria,317715.0,2529324.0,7.960983900665691
9298,Streptomonospora_alba,bacteria,287634.0,5914311.0,20.561932873026137
9299,Streptomonospora_litoralis,bacteria,2432952.0,5814190.0,2.3897676567396315
9300,Streptomyces_abyssalis,bacteria,1457864.0,6610598.0,4.534440798318636
9301,Streptomyces_acidiscabies,bacteria,317567.3333333333,10426422.0,32.83216157833195
9302,Streptomyces_actuosus,bacteria,3613183.0,8145579.0,2.254405326273261
9303,Streptomyces_afghaniensis,bacteria,77697.0,9848607.0,126.75659291864551
9304,Streptomyces_agglomeratus,bacteria,3788481.0,9128732.0,2.4096021598102246
9305,Streptomyces_aidingensis,bacteria,739545.0,6482745.0,8.765856033101434
9306,Streptomyces_albidoflavus,bacteria,832372.84375,7071470.90625,8.49555696025793
9307,Streptomyces_albireticuli,bacteria,1826311.0,8299495.5,4.544404266305136
9308,Streptomyces_alboflavus,bacteria,4223051.0,9967549.0,2.360271992926441
9309,Streptomyces_albulus,bacteria,1979626.5,9013909.75,4.553338596952506
9310,Streptomyces_albus,bacteria,1447622.0,9945906.666666666,6.870513619347223
9311,Streptomyces_alfalfae,bacteria,1555395.0,8275993.333333333,5.32083061430269
9312,Streptomyces_alni,bacteria,616632.0,8270097.0,13.41172206437551
9313,Streptomyces_ambofaciens,bacteria,3652198.0,8393598.0,2.2982319140419003
9314,Streptomyces_antibioticus,bacteria,923882.0,9530640.666666666,10.315863569878692
9315,Streptomyces_antimycoticus,bacteria,4813625.0,11174199.0,2.321368822872575
9316,Streptomyces_antioxidans,bacteria,370374.0,9118065.0,24.618534238364465
9317,Streptomyces_aquilus,bacteria,4642254.0,10393987.0,2.2389957550793214
9318,Streptomyces_armeniacus,bacteria,3547219.0,8083249.0,2.2787566823474954
9319,Streptomyces_atratus,bacteria,2411512.0,9075989.5,3.7636095113770947
9320,Streptomyces_aurantiacus,bacteria,155047.0,8762126.0,56.512709049514015
9321,Streptomyces_auratus,bacteria,2713964.0,7885420.0,2.9054991149477294
9322,Streptomyces_aureofaciens,bacteria,653347.0,9228164.0,14.124445355990002
9323,Streptomyces_autolyticus,bacteria,4428202.0,10184660.0,2.2999537961457044
9324,Streptomyces_avermitilis,bacteria,4074915.6666666665,10036112.666666666,2.462900704611719
9325,Streptomyces_avidinii,bacteria,937218.0,7653760.0,8.166467139982373
9326,Streptomyces_badius,bacteria,3338393.0,7682334.0,2.301207197594771
9327,Streptomyces_bingchenggensis,bacteria,5292749.0,11936683.0,2.2552898314278647
9328,Streptomyces_botrytidirepellens,bacteria,127654.0,11008137.0,86.23417205884657
9329,Streptomyces_bottropensis,bacteria,1217754.0,8914727.0,7.320630439316972
9330,Streptomyces_bungoensis,bacteria,445178.0,8368106.0,18.79721369879015
9331,Streptomyces_caatingaensis,bacteria,1023351.0,7055077.0,6.894093033573036
9332,Streptomyces_cadmiisoli,bacteria,4238414.0,10239272.0,2.415826297289505
9333,Streptomyces_caelestis,bacteria,319178.0,8622162.0,27.01364755716246
9334,Streptomyces_caeruleatus,bacteria,595573.0,10269008.0,17.242232270435363
9335,Streptomyces_cahuitamycinicus,bacteria,79623.0,9035421.0,113.47752533815606
9336,Streptomyces_canus,bacteria,620069.5,10671579.0,17.21029497499877
9337,Streptomyces_cattleya,bacteria,3178861.0,8095515.0,2.5466715908622617
9338,Streptomyces_cavourensis,bacteria,3349302.0,7613757.0,2.2732369311575966
9339,Streptomyces_cellostaticus,bacteria,305193.0,9792063.0,32.0848217357541
9340,Streptomyces_chartreusis,bacteria,3997547.0,8983317.0,2.2472073499073306
9341,Streptomyces_chattanoogensis,bacteria,534626.0,9129105.0,17.075684684246557
9342,Streptomyces_chrestomyceticus,bacteria,4050985.0,9377418.0,2.314848857746943
9343,Streptomyces_cinnamoneus,bacteria,1859427.5,7105826.0,3.821512804344348
9344,Streptomyces_clavuligerus,bacteria,229670.0,6941735.0,30.224822571515652
9345,Streptomyces_coelicoflavus,bacteria,77404.0,8478314.0,109.53327993385355
9346,Streptomyces_coelicolor,bacteria,418965.5,8581635.0,20.482915657733155
9347,Streptomyces_colonosanans,bacteria,274961.0,7015076.0,25.512985477940507
9348,Streptomyces_corchorusii,bacteria,634463.0,10285585.0,16.211481205365796
9349,Streptomyces_corynorhini,bacteria,101906.0,7735729.0,75.91043706945617
9350,Streptomyces_curacoi,bacteria,658309.0,8401667.0,12.762497550542374
9351,Streptomyces_cyaneochromogenes,bacteria,4689364.0,10677137.0,2.276883816227531
9352,Streptomyces_cyaneogriseus,bacteria,3375806.0,7762396.0,2.2994200496118555
9353,Streptomyces_dangxiongensis,bacteria,3500740.0,8157885.0,2.330331587035884
9354,Streptomyces_davaonensis,bacteria,4289469.0,9555950.0,2.2277699174419956
9355,Streptomyces_decoyicus,bacteria,312808.0,8586029.0,27.448239814838495
9356,Streptomyces_dengpaensis,bacteria,3694168.0,8710171.0,2.3578166991863934
9357,Streptomyces_diastatochromogenes,bacteria,633204.0,10520052.0,16.614001174976785
9358,Streptomyces_dioscori,bacteria,783824.0,10238220.0,13.06188634183184
9359,Streptomyces_dysideae,bacteria,276435.0,10713982.0,38.75768987284533
9360,Streptomyces_eurocidicus,bacteria,1003177.0,7931574.0,7.906455191855475
9361,Streptomyces_filamentosus,bacteria,3302880.0,7817295.0,2.3668116916145907
9362,Streptomyces_formicae,bacteria,4293872.0,9611874.0,2.23850967145737
9363,Streptomyces_fradiae,bacteria,1471037.6666666667,7513167.333333333,5.107392899298069
9364,Streptomyces_fulvissimus,bacteria,3503892.0,7905758.0,2.2562790177322816
9365,Streptomyces_fungicidicus,bacteria,3231275.0,7667496.0,2.372901099411223
9366,Streptomyces_galbus,bacteria,659283.0,7836436.0,11.88630072366495
9367,Streptomyces_gancidicus,bacteria,273727.0,7300479.0,26.670657260701354
9368,Streptomyces_gilvigriseus,bacteria,205858.0,5213277.0,25.324626684413527
9369,Streptomyces_gilvosporeus,bacteria,3680481.0,8482298.0,2.30467104707238
9370,Streptomyces_glauciniger,bacteria,696210.0,9808662.0,14.088654285344939
9371,Streptomyces_globisporus,bacteria,2286548.6666666665,7605140.0,3.326034608783019
9372,Streptomyces_globosus,bacteria,3176033.0,7535750.0,2.3726926011159204
9373,Streptomyces_griseoaurantiacus,bacteria,479819.0,7712377.0,16.073513137245502
9374,Streptomyces_griseocarneus,bacteria,980575.0,8853664.0,9.02905336154807
9375,Streptomyces_griseochromogenes,bacteria,4683849.0,10764674.0,2.298253850625842
9376,Streptomyces_griseoflavus,bacteria,1637656.5,8557916.5,5.225709115434158
9377,Streptomyces_griseofuscus,bacteria,2017592.5,8500790.5,4.213333713324173
9378,Streptomyces_griseoruber,bacteria,535162.0,10171325.0,19.00606732167082
9379,Streptomyces_griseorubiginosus,bacteria,3056191.6666666665,9799569.666666666,3.206464363327998
9380,Streptomyces_griseoviridis,bacteria,3902905.0,8963414.0,2.296600609033528
9381,Streptomyces_griseus,bacteria,2289509.5,7929489.0,3.4634007851900157
9382,Streptomyces_guanduensis,bacteria,711204.0,8220839.0,11.559044943504254
9383,Streptomyces_hainanensis,bacteria,52456.0,7991366.0,152.3441741650145
9384,Streptomyces_harbinensis,bacteria,842209.0,5802684.0,6.889838508018793
9385,Streptomyces_himastatinicus,bacteria,4528332.0,11030030.0,2.4357820937157433
9386,Streptomyces_hoynatensis,bacteria,620589.0,7260715.0,11.699715915042
9387,Streptomyces_hundungensis,bacteria,3610124.0,8393044.0,2.3248630794953304
9388,Streptomyces_hygroscopicus,bacteria,4634423.666666667,10977943.666666666,2.3687829288517785
9389,Streptomyces_incarnatus,bacteria,3808431.0,8897465.0,2.3362547463771826
9390,Streptomyces_indicus,bacteria,994373.0,8228196.0,8.274758063624013
9391,Streptomyces_inhibens,bacteria,142221.0,9477917.0,66.64217661245526
9392,Streptomyces_ipomoeae,bacteria,119725.0,10403856.0,86.89794111505533
9393,Streptomyces_jeddahensis,bacteria,204719.0,8449625.0,41.274258862147626
9394,Streptomyces_jietaisiensis,bacteria,575616.0,7681257.0,13.344411899599733
9395,Streptomyces_kanasensis,bacteria,190997.0,7026257.0,36.78726367429855
9396,Streptomyces_kasugaensis,bacteria,57002.0,8649584.0,151.7417634468966
9397,Streptomyces_katrae,bacteria,52669.0,8049424.0,152.8303935901574
9398,Streptomyces_klenkii,bacteria,791350.0,8230626.0,10.400740506729008
9399,Streptomyces_koyangensis,bacteria,3145235.0,7220839.0,2.2958026983675306
9400,Streptomyces_lasalocidi,bacteria,3637682.0,8503469.0,2.337606475772209
9401,Streptomyces_laurentii,bacteria,3485741.0,8032664.0,2.304435125845552
9402,Streptomyces_lincolnensis,bacteria,4397094.5,9916345.5,2.2552040898825347
9403,Streptomyces_longwoodensis,bacteria,481101.0,8345388.0,17.346436611023464
9404,Streptomyces_lunaelactis,bacteria,3701546.0,8570191.0,2.3153004177173537
9405,Streptomyces_luteoverticillatus,bacteria,3256510.0,7367863.0,2.262502802079527
9406,Streptomyces_lydicamycinicus,bacteria,1073668.0,8319549.0,7.7487165492498615
9407,Streptomyces_lydicus,bacteria,3829479.3333333335,8878180.666666666,2.318378007523738
9408,Streptomyces_malaysiense,bacteria,319207.0,7963326.0,24.947216069823032
9409,Streptomyces_malaysiensis,bacteria,4380784.0,11176275.0,2.5512043049828526
9410,Streptomyces_mangrovisoli,bacteria,254317.0,9165825.0,36.04094496238946
9411,Streptomyces_marianii,bacteria,3652033.0,9010366.0,2.4672192173509933
9412,Streptomyces_marincola,bacteria,2757831.0,6287975.0,2.2800436284892003
9413,Streptomyces_melanosporofaciens,bacteria,4615353.0,10769732.0,2.3334579175200685
9414,Streptomyces_microflavus,bacteria,924244.0,7372250.0,7.976519187573844
9415,Streptomyces_mimosae,bacteria,522376.0,7198341.0,13.779999463987625
9416,Streptomyces_mirabilis,bacteria,917775.0,11555299.0,12.590557598539947
9417,Streptomyces_misionensis,bacteria,3668246.0,8473721.0,2.3100198296406513
9418,Streptomyces_mobaraensis,bacteria,173637.0,7477811.0,43.0657693924682
9419,Streptomyces_monashensis,bacteria,344060.0,10254857.0,29.805432192059524
9420,Streptomyces_montanus,bacteria,301093.0,10225480.0,33.96120135639155
9421,Streptomyces_mutabilis,bacteria,2261467.0,7828944.0,3.4618873501138863
9422,Streptomyces_nanshensis,bacteria,251083.0,8500246.0,33.85432705519689
9423,Streptomyces_natalensis,bacteria,852928.0,8651730.0,10.143564286786223
9424,Streptomyces_netropsis,bacteria,1234177.0,6880513.0,5.574980736150487
9425,Streptomyces_nigra,bacteria,3380685.0,7641029.0,2.260201408886069
9426,Streptomyces_niveus,bacteria,3615635.0,8358684.0,2.311816319954863
9427,Streptomyces_nodosus,bacteria,3321251.0,7714110.0,2.32265191640138
9428,Streptomyces_noursei,bacteria,3649149.0,9969643.0,2.7320460194966003
9429,Streptomyces_oceani,bacteria,454983.0,6311054.0,13.87096660754358
9430,Streptomyces_olindensis,bacteria,594959.0,9381854.0,15.768908445792063
9431,Streptomyces_olivaceus,bacteria,3577774.0,8180260.0,2.2864104887564167
9432,Streptomyces_olivochromogenes,bacteria,920919.0,11639641.0,12.639158275592099
9433,Streptomyces_oryziradicis,bacteria,395123.0,11530635.0,29.182393836855866
9434,Streptomyces_ossamyceticus,bacteria,4240921.0,9783172.0,2.306850799625836
9435,Streptomyces_pactum,bacteria,3747117.0,8550793.0,2.281965842006001
9436,Streptomyces_paludis,bacteria,3751973.0,8454852.0,2.253441589265168
9437,Streptomyces_paromomycinus,bacteria,4196464.0,9705398.0,2.3127561680500537
9438,Streptomyces_parvulus,bacteria,1967026.5,8057545.0,4.0963072942840375
9439,Streptomyces_paucisporeus,bacteria,592439.0,8164374.0,13.780952975749402
9440,Streptomyces_peucetius,bacteria,3450726.0,8023114.0,2.325051018249493
9441,Streptomyces_phaeoluteigriseus,bacteria,1226499.0,8643493.0,7.047289072392232
9442,Streptomyces_pharetrae,bacteria,104029.0,8426663.0,81.00301838910303
9443,Streptomyces_pini,bacteria,498882.0,6338888.0,12.70618703420849
9444,Streptomyces_piniterrae,bacteria,895189.0,8492419.0,9.486732969238899
9445,Streptomyces_platensis,bacteria,366244.0,8400476.0,22.936828999246405
9446,Streptomyces_pluripotens,bacteria,3254122.0,7586568.0,2.3313717187001592
9447,Streptomyces_populi,bacteria,232980.0,9587281.0,41.15066100094429
9448,Streptomyces_prasinopilosus,bacteria,938416.0,7125330.0,7.5929331980699395
9449,Streptomyces_pratensis,bacteria,3298714.0,7656104.0,2.3209359768685616
9450,Streptomyces_pristinaespiralis,bacteria,3493541.0,8332985.5,2.3852548173901496
9451,Streptomyces_pseudovenezuelae,bacteria,849631.0,9613440.0,11.314841384083207
9452,Streptomyces_puniciscabiei,bacteria,4215034.0,9698948.0,2.301036717616038
9453,Streptomyces_qaidamensis,bacteria,4000257.0,9083372.0,2.2706971077108298
9454,Streptomyces_qinglanensis,bacteria,1717104.0,6893053.5,4.01434828641713
9455,Streptomyces_radicis,bacteria,521706.0,7608576.0,14.584030085910456
9456,Streptomyces_radiopugnans,bacteria,775647.0,6067124.0,7.822016974216364
9457,Streptomyces_rapamycinicus,bacteria,4277234.0,12663199.0,2.960604680501464
9458,Streptomyces_regalis,bacteria,267795.0,10954269.0,40.90542765921694
9459,Streptomyces_regensis,bacteria,359614.0,15092927.0,41.96979817248494
9460,Streptomyces_reniochalinae,bacteria,596299.0,7687565.0,12.892131296547538
9461,Streptomyces_resistomycificus,bacteria,513673.0,9174928.5,17.8614186457143
9462,Streptomyces_reticuli,bacteria,3901211.0,9336224.0,2.393160482732157
9463,Streptomyces_rhizosphaericola,bacteria,62390.0,7213159.0,115.61402468344286
9464,Streptomyces_rimosus,bacteria,996741.0,9551261.8,9.582491138620766
9465,Streptomyces_roseochromogenus,bacteria,4072761.0,9782257.0,2.4018735693059328
9466,Streptomyces_roseosporus,bacteria,3428214.0,7851943.0,2.290388814700599
9467,Streptomyces_roseus,bacteria,268567.0,7834742.0,29.172392736263205
9468,Streptomyces_rubellomurinus,bacteria,188366.5,8268266.0,43.89456723992854
9469,Streptomyces_rubidus,bacteria,370960.0,9005705.0,24.276754906189346
9470,Streptomyces_rubrolavendulae,bacteria,2772785.0,6543262.0,2.359815853014208
9471,Streptomyces_scabiei,bacteria,1716054.3333333333,10204016.0,5.946207996910743
9472,Streptomyces_scopuliridis,bacteria,144771.0,7939832.0,54.8440778885274
9473,Streptomyces_sedi,bacteria,555379.0,6603797.0,11.890613436950263
9474,Streptomyces_seoulensis,bacteria,2857014.0,6426245.0,2.2492871928523974
9475,Streptomyces_shenzhenensis,bacteria,589002.0,10126223.0,17.192170824547286
9476,Streptomyces_showdoensis,bacteria,239749.0,8146620.0,33.97978719410717
9477,Streptomyces_silvensis,bacteria,655446.0,9741331.0,14.862141198512159
9478,Streptomyces_sioyaensis,bacteria,157811.0,7847945.0,49.730025156674756
9479,Streptomyces_sp,bacteria,1645451.788557214,8565800.825870646,5.205744030568906
9480,Streptomyces_sparsogenes,bacteria,198945.0,9699678.0,48.75557566161502
9481,Streptomyces_spongiicola,bacteria,1774641.0,7046547.0,3.97068871957765
9482,Streptomyces_stelliscabiei,bacteria,123469.0,10403326.0,84.25860742372579
9483,Streptomyces_subrutilus,bacteria,3359709.0,8093975.0,2.409129778799295
9484,Streptomyces_sviceus,bacteria,3887690.0,9313494.0,2.395636997805895
9485,Streptomyces_swartbergensis,bacteria,90892.0,9204779.0,101.27160806231572
9486,Streptomyces_tateyamensis,bacteria,208651.0,7455770.0,35.73321000138988
9487,Streptomyces_thermolilacinus,bacteria,2787838.0,6448617.0,2.3131247224551785
9488,Streptomyces_tirandamycinicus,bacteria,3086255.0,7289495.0,2.361922459420884
9489,Streptomyces_toyocaensis,bacteria,557140.0,7341014.0,13.176246544854076
9490,Streptomyces_triticagri,bacteria,205964.0,7471434.0,36.275436484045755
9491,Streptomyces_triticirhizae,bacteria,111489.0,6563286.0,58.86935930899013
9492,Streptomyces_tsukubensis,bacteria,578931.6666666666,8036180.0,13.881051016383626
9493,Streptomyces_turgidiscabies,bacteria,389841.0,10825282.0,27.768454318555513
9494,Streptomyces_uncialis,bacteria,1430317.0,8883497.0,6.2108588515692675
9495,Streptomyces_variegatus,bacteria,566656.0,8775595.0,15.486635630788344
9496,Streptomyces_varsoviensis,bacteria,17828.0,8263193.0,463.49523221898136
9497,Streptomyces_venezuelae,bacteria,3846537.0,8640494.5,2.2463047931165097
9498,Streptomyces_vietnamensis,bacteria,4009268.0,9153777.0,2.2831541817608603
9499,Streptomyces_violaceoruber,bacteria,3425029.0,7916045.0,2.3112344450222175
9500,Streptomyces_violaceusniger,bacteria,3205679.3333333335,11114435.333333334,3.4671076479057272
9501,Streptomyces_virginiae,bacteria,352444.0,8614071.0,24.440963670824303
9502,Streptomyces_viridifaciens,bacteria,3739853.0,9560682.0,2.556432565665014
9503,Streptomyces_viridochromogenes,bacteria,1130628.75,9590250.25,8.482227477410246
9504,Streptomyces_viridosporus,bacteria,3404212.0,8511919.0,2.5004080239421045
9505,Streptomyces_vitaminophilus,bacteria,594696.0,6549812.0,11.013714570133311
9506,Streptomyces_wuyuanensis,bacteria,578584.0,8039558.0,13.895230424622872
9507,Streptomyces_xanthocidicus,bacteria,3933808.0,9686058.0,2.462259978117895
9508,Streptomyces_xiamenensis,bacteria,2658124.0,5961402.0,2.242710272357497
9509,Streptomyces_xinghaiensis,bacteria,797866.0,7734742.0,9.694287010600778
9510,Streptomyces_yanglinensis,bacteria,778131.0,9592053.0,12.327041333657187
9511,Streptomyces_yokosukanensis,bacteria,539400.0,10107921.0,18.739193548387096
9512,Streptomyces_yunnanensis,bacteria,601934.0,9356146.0,15.543474866015211
9513,Streptomyces_zhaozhouensis,bacteria,604462.0,6532426.0,10.807008546442953
9514,Streptomyces_zinciresistens,bacteria,197607.0,8221694.0,41.60628925088686
9515,Streptomycetaceae_bacterium,bacteria,511578.0,5961647.0,11.653446786218328
9516,Streptosporangium_canum,bacteria,489073.0,9273799.0,18.961993403847686
9517,Streptosporangium_minutum,bacteria,100886.0,9581188.0,94.97044188489978
9518,Streptosporangium_nondiastaticum,bacteria,257796.0,8034861.0,31.16751617558069
9519,Streptosporangium_roseum,bacteria,4487215.0,10369518.0,2.3109028651401817
9520,Streptosporangium_sp,bacteria,4831524.0,11342172.0,2.3475350634706564
9521,Streptosporangium_subroseum,bacteria,397189.0,10782574.0,27.14721203255881
9522,Strigops_habroptila,ensembl,21322108.0,1165621973.0,54.66729523178478
9523,Strix_occidentalis,ensembl,5407716.0,1255541132.0,232.17586352537745
9524,Struthio_camelus,ensembl,6053848.0,1225041896.0,202.3575577054462
9525,Stutzerimonas_balearica,bacteria,584374.0,4365123.0,7.469741980307132
9526,Stutzerimonas_chloritidismutans,bacteria,196047.0,5056349.0,25.791514279739044
9527,Stutzerimonas_degradans,bacteria,368971.5,4417575.0,11.972672686101772
9528,Stutzerimonas_frequens,bacteria,2049643.0,4559447.0,2.2245078777133385
9529,Stutzerimonas_kirkiae,bacteria,345561.0,4358069.0,12.611576537861621
9530,Stutzerimonas_kunmingensis,bacteria,657171.5,4732314.5,7.2010342810057955
9531,Stutzerimonas_stutzeri,bacteria,1229180.88,4744848.44,3.8601710433374143
9532,Stutzerimonas_xanthomarina,bacteria,521332.0,4859778.0,9.321848649229281
9533,Subdoligranulum_sp,bacteria,414637.8333333333,4067698.5,9.810244442238146
9534,Subdoligranulum_variabile,bacteria,1224013.0,3245471.0,2.6515004334104293
9535,Subtercola_boreus,bacteria,770480.25,3977228.75,5.162012588901533
9536,Subtercola_sp,bacteria,151345.0,3533259.0,23.345726651029107
9537,Subtercola_vilae,bacteria,185603.0,4043135.0,21.78378043458349
9538,Succinatimonas_hippei,bacteria,81337.0,2306546.0,28.357893701513458
9539,Succiniclasticum_ruminis,bacteria,332768.0,2720180.0,8.174403788825849
9540,Suicoccus_acidiformans,bacteria,1083284.0,2572159.0,2.3744087423058033
9541,Sulfitobacter_alexandrii,bacteria,1885630.0,4691010.0,2.4877680138733473
9542,Sulfitobacter_brevis,bacteria,414145.0,4236215.0,10.228820823624575
9543,Sulfitobacter_delicatus,bacteria,563401.0,3936078.0,6.986281529496753
9544,Sulfitobacter_donghicola,bacteria,623519.0,3513202.0,5.634474651133326
9545,Sulfitobacter_dubius,bacteria,1115833.0,3671544.0,3.290406360091519
9546,Sulfitobacter_geojensis,bacteria,462236.0,4266442.0,9.230008047837035
9547,Sulfitobacter_guttiformis,bacteria,1477750.0,3975823.0,2.6904571138555236
9548,Sulfitobacter_litoralis,bacteria,300710.0,3678401.0,12.232386684845865
9549,Sulfitobacter_marinus,bacteria,809295.0,3567424.0,4.408063808623555
9550,Sulfitobacter_mediterraneus,bacteria,432149.0,3980738.5,9.211495340727389
9551,Sulfitobacter_pontiacus,bacteria,598954.0,3762152.0,6.2812035648814435
9552,Sulfitobacter_sabulilitoris,bacteria,1092068.0,3946185.0,3.613497511143995
9553,Sulfitobacter_sp,bacteria,861618.0,4256239.769230769,4.939822252124223
9554,Sulfobacillus_acidophilus,bacteria,862591.5,3616799.0,4.192945328118814
9555,Sulfobacillus_sp,bacteria,425173.0,3427006.0,8.060262528429604
9556,Sulfobacillus_thermosulfidooxidans,bacteria,835851.5,3463070.0,4.143164186461351
9557,Sulfodiicoccus_acidiphilus,bacteria,962731.0,2353189.0,2.444285059897313
9558,Sulfolobus_acidocaldarius,bacteria,961332.8333333334,2187705.3333333335,2.275700212742829
9559,Sulfolobus_islandicus,bacteria,1171625.0,2657263.8,2.268015619332124
9560,Sulfolobus_sp,bacteria,1157054.0,2688317.0,2.3234153289301966
9561,Sulfuricaulis_limicola,bacteria,1282968.0,2864672.0,2.2328475846630624
9562,Sulfuricella_denitrificans,bacteria,1450567.0,3217213.0,2.2179003107060895
9563,Sulfuricella_sp,bacteria,272436.0,3423534.0,12.566378892657358
9564,Sulfuricurvum_kujiense,bacteria,649380.5,2469061.0,3.802179153824299
9565,Sulfuricurvum_sp,bacteria,243110.83333333334,2247753.1666666665,9.245795984684625
9566,Sulfuriferula_multivorans,bacteria,259764.0,3619383.0,13.933351041714788
9567,Sulfuriferula_sp,bacteria,1335035.0,2916145.0,2.1843210103105912
9568,Sulfurifustis_variabilis,bacteria,1781538.0,3958814.0,2.2221327863901865
9569,Sulfurihydrogenibium_azorense,bacteria,778180.0,1640877.0,2.1086085481508134
9570,Sulfurihydrogenibium_sp,bacteria,427291.0,1561223.0,3.653769913244136
9571,Sulfurimonas_autotrophica,bacteria,1020701.0,2153198.0,2.1095286474687494
9572,Sulfurimonas_crateris,bacteria,372575.0,2209279.0,5.929756424880896
9573,Sulfurimonas_denitrificans,bacteria,1037134.0,2201561.0,2.122735345673751
9574,Sulfurimonas_gotlandica,bacteria,1393131.0,2952682.0,2.119457538451158
9575,Sulfurimonas_hongkongensis,bacteria,325805.0,2302023.0,7.065646629118644
9576,Sulfurimonas_sp,bacteria,179489.5,2316927.625,12.908429880299405
9577,Sulfurirhabdus_autotrophica,bacteria,513555.0,3861719.0,7.519582128496461
9578,Sulfurisoma_sediminicola,bacteria,873717.0,2996515.0,3.429617370384232
9579,Sulfurisphaera_tokodaii,bacteria,1158236.0,2694756.0,2.3266035592055507
9580,Sulfuritalea_hydrogenivorans,bacteria,1758416.0,3802648.0,2.1625417421133566
9581,Sulfuritortus_calidifontis,bacteria,279340.0,2680758.0,9.596756640652968
9582,Sulfurivirga_caldicuralii,bacteria,471827.0,1673283.0,3.5463909441384236
9583,Sulfurospirillum_barnesii,bacteria,1179923.0,2510109.0,2.127349835540116
9584,Sulfurospirillum_deleyianum,bacteria,1079078.0,2306351.0,2.1373348358506057
9585,Sulfurospirillum_multivorans,bacteria,1477891.0,3175729.0,2.148824913339346
9586,Sulfurospirillum_sp,bacteria,705895.4,2651527.0,3.7562604884519715
9587,Sulfurovum_lithotrophicum,bacteria,1023718.0,2217891.0,2.1665058150779806
9588,Sulfurovum_riftiae,bacteria,358157.0,2374692.0,6.6303101712377535
9589,Sulfurovum_sp,bacteria,382043.0,2302513.0,6.026842528197088
9590,Sunxiuqinia_dokdonensis,bacteria,132346.0,4962831.0,37.498911942937454
9591,Sunxiuqinia_elliptica,bacteria,852597.5,5222551.5,6.12545955154689
9592,Superficieibacter_electus,bacteria,374145.0,5680147.0,15.18167288083497
9593,Suricata_suricatta,ensembl,22686455.0,2353578744.0,103.74378650168129
9594,Sus_scrofa,ensembl,10952038.615384616,2481077619.6153846,226.54025490105101
9595,Sutcliffiella_cohnii,bacteria,2089541.0,4899141.0,2.344601517749592
9596,Sutcliffiella_horikoshii,bacteria,1840623.0,4295882.0,2.333928240601144
9597,Sutterella_faecalis,bacteria,1302284.0,2987884.0,2.294341326469495
9598,Sutterella_megalosphaeroides,bacteria,1172665.0,2725161.0,2.32390409878354
9599,Sutterella_parvirubra,bacteria,83131.0,2376899.0,28.59220988560224
9600,Sutterella_sp,bacteria,124054.5,2531650.0,20.407562805057456
9601,Sutterella_wadsworthensis,bacteria,477081.5,2864188.0,6.003561236392524
9602,Sutterellaceae_bacterium,bacteria,289570.0,3039375.0,10.496166729978935
9603,Suttonella_indologenes,bacteria,951436.0,2507163.0,2.6351357316729658
9604,Suttonella_ornithocola,bacteria,1111991.0,2565119.0,2.3067803606324153
9605,Symbiobacterium_thermophilum,bacteria,1560478.0,3566135.0,2.285283739982236
9606,Synechococcus_elongatus,bacteria,1206623.6666666667,2709848.6666666665,2.245810969506924
9607,Synechococcus_lacustris,bacteria,105528.0,2668880.0,25.290728527026
9608,Synechococcus_sp,bacteria,1022973.9166666666,2797523.027777778,2.734696341910097
9609,Synechocystis_sp,bacteria,1586857.0,3842954.0,2.4217393249675303
9610,Synergistaceae_bacterium,bacteria,49652.0,1905587.5,38.378866913719484
9611,Synergistales_bacterium,bacteria,62275.0,1333167.0,21.40773986350863
9612,Synergistes_jonesii,bacteria,212412.0,2741240.0,12.905297252509275
9613,Synergistes_sp,bacteria,843181.0,3287261.0,3.898642165798328
9614,Synergistetes_bacterium,bacteria,351537.0,2170904.0,6.17546374919283
9615,Syntrophaceticus_schinkii,bacteria,61644.0,3166921.0,51.37435922393096
9616,Syntrophobacter_fumaroxidans,bacteria,2067778.0,4990251.0,2.413339826615817
9617,Syntrophobacteraceae_bacterium,bacteria,48274.0,3671253.0,76.0503169407963
9618,Syntrophobacterales_bacterium,bacteria,73057.0,3480807.0,47.64508534432019
9619,Syntrophobotulus_glycolicus,bacteria,1505166.0,3406739.0,2.263364306661192
9620,Syntrophomonas_wolfei,bacteria,1247952.0,2936195.0,2.3528108452889214
9621,Syntrophomonas_zehnderi,bacteria,237541.0,2944717.0,12.39666836461916
9622,Syntrophorhabdaceae_bacterium,bacteria,129351.0,5018417.0,38.796893723280064
9623,Syntrophorhabdus_aromaticivorans,bacteria,61409.0,3136287.0,51.07210669445847
9624,Syntrophorhabdus_sp,bacteria,83887.5,3464691.1666666665,41.30163810659117
9625,Syntrophotalea_acetylenica,bacteria,1397299.0,3176363.0,2.2732163982082576
9626,Syntrophotalea_acetylenivorans,bacteria,1399959.0,3218469.0,2.298973755659987
9627,Syntrophotalea_carbinolica,bacteria,1593880.0,3665893.0,2.2999805506060684
9628,Syntrophothermus_lipocalidus,bacteria,1051725.0,2405559.0,2.287250944876275
9629,Syntrophus_aciditrophicus,bacteria,1373406.0,3179300.0,2.3149017843230624
9630,Syntrophus_gentianae,bacteria,229319.0,3716692.0,16.207518783877482
9631,Syntrophus_sp,bacteria,108659.5,3256801.0,29.972538066160805
9632,Tabrizicola_alkalilacus,bacteria,606677.0,4610061.0,7.598872217011689
9633,Tabrizicola_piscis,bacteria,1946038.0,4387422.0,2.254540764363286
9634,Tabrizicola_sp,bacteria,871363.0,4663447.0,5.351899265862792
9635,Taeniopygia_guttata,ensembl,28121815.0,1057995280.0,37.62187042337061
9636,Tahibacter_aquaticus,bacteria,634292.0,7269264.0,11.46043777944543
9637,Taibaiella_chishuiensis,bacteria,1065337.0,5841105.0,5.482870678480143
9638,Taibaiella_soli,bacteria,429897.0,5387132.0,12.531215616764015
9639,Taibaiella_sp,bacteria,702716.0,3610818.0,5.138374535374177
9640,Takifugu_rubripes,ensembl,14974353.0,384110215.0,25.651206098854487
9641,Tamaricihabitans_halophyticus,bacteria,947686.0,6397398.0,6.7505460669462245
9642,Tamilnaduibacter_salinus,bacteria,328620.5,3446464.5,10.487673471375036
9643,Tamlana_carrageenivorans,bacteria,1824361.0,4116543.0,2.2564300596208753
9644,Tamlana_fucoidanivorans,bacteria,354125.0,4022701.0,11.359551006000705
9645,Tamlana_nanhaiensis,bacteria,648343.0,4020819.0,6.201684910610587
9646,Tamlana_sedimentorum,bacteria,543831.0,3961353.0,7.284161807620382
9647,Tamlana_sp,bacteria,572301.0,3652073.0,6.381384970496295
9648,Tangfeifania_diversioriginum,bacteria,270163.0,4779684.0,17.691852696335175
9649,Tannerella_forsythia,bacteria,632242.1666666666,3355276.0,5.306947522481496
9650,Tannerella_serpentiformis,bacteria,1251139.0,3013600.0,2.408685206040256
9651,Tannerella_sp,bacteria,189075.2,3362272.3,17.782725074467724
9652,Tanticharoenia_sakaeratensis,bacteria,281426.0,3506749.0,12.460643295217926
9653,Tardiphaga_robiniae,bacteria,804899.0,6360215.0,7.901879614709423
9654,Tardiphaga_sp,bacteria,1269450.0,6430626.4,5.06567915238883
9655,Tateyamaria_omphalii,bacteria,1801352.0,4315457.0,2.3956766917293235
9656,Tateyamaria_sp,bacteria,837500.0,4425579.0,5.284273432835821
9657,Tatlockia_micdadei,bacteria,1482499.5,3293397.0,2.2215164322146483
9658,Tatumella_citrea,bacteria,1962273.0,4491252.0,2.2888007937733437
9659,Tatumella_morbirosei,bacteria,1234849.0,4413398.0,3.574038607149538
9660,Tatumella_ptyseos,bacteria,900716.0,3560317.5,3.952763690219781
9661,Tatumella_sp,bacteria,235628.0,3343189.0,14.188419882187176
9662,Tautonia_sociabilis,bacteria,245955.0,6760005.0,27.484722815149112
9663,Taylorella_asinigenitalis,bacteria,771173.0,1638559.0,2.1247618887072033
9664,Taylorella_equigenitalis,bacteria,795484.0,1695860.0,2.1318593460082162
9665,Telmatospirillum_siberiense,bacteria,384366.0,6202994.0,16.138248440288685
9666,Tenacibaculum_caenipelagi,bacteria,637765.0,3266771.0,5.122217431185468
9667,Tenacibaculum_dicentrarchi,bacteria,798085.3333333334,2795290.0,3.5024951383644853
9668,Tenacibaculum_discolor,bacteria,553538.0,3376020.0,6.098985074195448
9669,Tenacibaculum_finnmarkense,bacteria,266910.0,2939147.0,11.011753025364355
9670,Tenacibaculum_gallaicum,bacteria,664413.0,3423857.0,5.153205912587502
9671,Tenacibaculum_holothuriorum,bacteria,504036.0,3147654.0,6.244899173868533
9672,Tenacibaculum_jejuense,bacteria,2112320.0,4614879.0,2.184744262232995
9673,Tenacibaculum_litoreum,bacteria,615941.0,3376594.0,5.4820088287676905
9674,Tenacibaculum_lutimaris,bacteria,599405.0,2869467.0,4.787192299029871
9675,Tenacibaculum_maritimum,bacteria,1531181.0,3435971.0,2.2440005459837864
9676,Tenacibaculum_mesophilum,bacteria,951772.0,3286619.0,3.4531578991607232
9677,Tenacibaculum_piscium,bacteria,379185.0,2452854.0,6.4687527196487205
9678,Tenacibaculum_singaporense,bacteria,1611404.0,3511804.0,2.1793442240431324
9679,Tenacibaculum_skagerrakense,bacteria,598780.0,3712900.0,6.200774908981596
9680,Tenacibaculum_soleae,bacteria,890463.0,3006997.0,3.3768915721371915
9681,Tenacibaculum_sp,bacteria,1212243.0,4285431.714285715,3.5351259725036273
9682,Tenacibaculum_todarodis,bacteria,1390647.0,3019213.0,2.1710851136197755
9683,Tengunoibacter_tsumagoiensis,bacteria,2815784.0,7699857.0,2.734533969935194
9684,Tenuibacillus_multivorans,bacteria,433320.0,2950395.0,6.808813348103018
9685,Tepidamorphus_gemmatus,bacteria,500999.0,3781903.0,7.548723650147006
9686,Tepidanaerobacter_acetatoxydans,bacteria,1210000.0,2761252.0,2.282026446280992
9687,Tepidanaerobacter_syntrophicus,bacteria,493950.0,2427925.0,4.915325437797348
9688,Tepidibacillus_fermentans,bacteria,245007.0,2424111.0,9.894047925161322
9689,Tepidibacter_formicigenes,bacteria,102179.0,2639825.0,25.835298838313157
9690,Tepidibacter_thalassicus,bacteria,278366.0,2234370.0,8.02673458683891
9691,Tepidicaulis_marinus,bacteria,329343.0,3475736.0,10.553544480981834
9692,Tepidicella_xavieri,bacteria,285156.0,2790625.0,9.7863099496416
9693,Tepidimicrobium_xylanilyticum,bacteria,351654.0,3002518.0,8.538273416483248
9694,Tepidimonas_fonticaldi,bacteria,610697.0,2741283.0,4.488777577096334
9695,Tepidimonas_ignava,bacteria,267149.0,2707895.0,10.136272267536095
9696,Tepidiphilus_thermophilus,bacteria,307537.0,2259819.0,7.348120713930356
9697,Terasakiispira_papahanaumokuakeensis,bacteria,1754747.0,4048029.0,2.3069017926800846
9698,Teredinibacter_turnerae,bacteria,2272075.0,5193164.0,2.2856481410164715
9699,Terrabacter_sp,bacteria,902031.25,4882778.25,5.4130921184825915
9700,Terracoccus_luteus,bacteria,1832841.0,4023595.0,2.1952777136696526
9701,Terrapene_carolina,ensembl,14563677.0,2571267249.0,176.55343832467582
9702,Terribacillus_aidingensis,bacteria,869825.0,3389510.0,3.896772339263645
9703,Terribacillus_goriensis,bacteria,1579673.0,3577082.0,2.264444603408427
9704,Terribacillus_halophilus,bacteria,555268.0,3654407.0,6.581339101118739
9705,Terribacillus_saccharophilus,bacteria,580076.0,3604336.0,6.213558223405209
9706,Terribacillus_sp,bacteria,287791.0,3322447.0,11.544652195516885
9707,Terriglobus_roseus,bacteria,2229735.3333333335,4963031.666666667,2.2258389112250394
9708,Terriglobus_saanensis,bacteria,2307270.0,5095226.0,2.2083353920434106
9709,Terrimicrobium_sacchariphilum,bacteria,1973281.0,4751807.0,2.4080741668317893
9710,Terrisporobacter_glycolicus,bacteria,717276.0,3911478.0,5.453239757080956
9711,Terrisporobacter_othiniensis,bacteria,165493.0,3986874.0,24.0908920618999
9712,Tersicoccus_phoenicis,bacteria,222081.0,3209563.0,14.452217884465577
9713,Tersicoccus_sp,bacteria,648551.0,3479503.0,5.36504145394888
9714,Tessaracoccus_antarcticus,bacteria,1054976.0,3649759.0,3.459565904816792
9715,Tessaracoccus_aquimaris,bacteria,1766035.0,3934699.0,2.2279847228395813
9716,Tessaracoccus_bendigoensis,bacteria,119090.0,4131430.0,34.69166176841045
9717,Tessaracoccus_flavescens,bacteria,1619250.0,3650768.0,2.254604292110545
9718,Tessaracoccus_flavus,bacteria,986878.5,3207442.0,3.2500880300867836
9719,Tessaracoccus_lapidicaptus,bacteria,361264.0,3088030.0,8.547848664688427
9720,Tessaracoccus_oleiagri,bacteria,789534.0,3156218.0,3.997570718930407
9721,Tessaracoccus_sp,bacteria,392875.5,2972782.5,7.566729154655865
9722,Testudinibacter_aquarius,bacteria,222602.5,2703418.0,12.144598555721522
9723,Tetragenococcus_halophilus,bacteria,567415.3333333334,2550816.6666666665,4.4955018252356
9724,Tetragenococcus_koreensis,bacteria,1167227.0,2732026.0,2.3406124087259803
9725,Tetragenococcus_muriaticus,bacteria,57322.5,2089152.5,36.445592917266346
9726,Tetragenococcus_osmophilus,bacteria,1022374.0,2384293.0,2.332114275206529
9727,Tetrahymena_thermophila,protists,1793854.0,103014375.0,57.4262872006306
9728,Tetraodon_nigroviridis,ensembl,11839604.0,358618246.0,30.2897162776728
9729,Tetrasphaera_australiensis,bacteria,1813811.0,4264973.0,2.3513877686263895
9730,Tetrasphaera_japonica,bacteria,2176232.0,5162321.0,2.372137253748681
9731,Tetrasphaera_jenkinsii,bacteria,1701048.0,3809986.0,2.2397874721936124
9732,Tetrasphaera_sp,bacteria,933504.0,3470999.0,3.7182475918689155
9733,Tetzosporium_hominis,bacteria,343142.0,2780751.0,8.103790850435097
9734,Thalassiosira_pseudonana,protists,2481901.0,32437365.0,13.06956441856464
9735,Thalassobacillus_cyri,bacteria,392284.0,4300830.0,10.963562113162913
9736,Thalassobacter_sp,bacteria,650541.0,3531868.0,5.429124374943316
9737,Thalassobacter_stenotrophicus,bacteria,554028.0,3592055.0,6.483526103373837
9738,Thalassobaculum_litoreum,bacteria,525465.0,5363368.0,10.206898651670425
9739,Thalassobium_sp,bacteria,1135215.0,3819353.5,3.364431847711667
9740,Thalassobius_autumnalis,bacteria,352996.0,4426121.0,12.538728484175458
9741,Thalassobius_gelatinovorus,bacteria,562101.0,3902797.0,6.943230842855644
9742,Thalassobius_mediterraneus,bacteria,544519.0,3431657.0,6.302180456512996
9743,Thalassobius_taeanensis,bacteria,462481.0,4019514.0,8.691198124895942
9744,Thalassococcus_halodurans,bacteria,861093.0,3971912.0,4.612639981976395
9745,Thalassococcus_profundi,bacteria,491305.0,4785947.0,9.741295122174616
9746,Thalassococcus_sp,bacteria,2219794.0,5001896.0,2.253315397735105
9747,Thalassolituus_oleivorans,bacteria,1752660.6666666667,3864693.3333333335,2.205043684059778
9748,Thalassolituus_sp,bacteria,179384.0,5674715.0,31.634454577888775
9749,Thalassomonas_actiniarum,bacteria,370903.0,7420857.0,20.007541055208506
9750,Thalassomonas_viridans,bacteria,187195.0,7710243.0,41.188295627554155
9751,Thalassorhabdomicrobium_marinisediminis,bacteria,442935.0,3436448.0,7.758357321051622
9752,Thalassospira_alkalitolerans,bacteria,506307.0,4788947.0,9.458583428631245
9753,Thalassospira_lohafexi,bacteria,703974.0,4724967.0,6.7118487330498
9754,Thalassospira_lucentensis,bacteria,309651.0,4566931.0,14.748639597482327
9755,Thalassospira_marina,bacteria,526630.0,5635689.0,10.701420352049826
9756,Thalassospira_mesophila,bacteria,748630.0,4940655.0,6.5995952606761685
9757,Thalassospira_permensis,bacteria,392408.0,4433312.0,11.297710546166234
9758,Thalassospira_povalilytica,bacteria,814291.0,4444615.0,5.458263691972526
9759,Thalassospira_profundimaris,bacteria,619328.7142857143,4684602.0,7.5639993624433455
9760,Thalassospira_sp,bacteria,843098.7,4661373.0,5.528858009151242
9761,Thalassospira_xiamenensis,bacteria,1111437.75,4894812.5,4.40403657334835
9762,Thalassospira_xianhensis,bacteria,326351.0,5169665.0,15.840812499425466
9763,Thalassotalea_agarivorans,bacteria,326794.0,3306525.0,10.118071323218908
9764,Thalassotalea_euphylliae,bacteria,1955396.6666666667,4501527.666666667,2.3021046028171606
9765,Thalassotalea_litorea,bacteria,367479.0,3884652.0,10.571085694692758
9766,Thalassotalea_sp,bacteria,540267.6,4000584.8,7.404820870250224
9767,Thauera_aminoaromatica,bacteria,126747.0,4280700.0,33.773580439773724
9768,Thauera_aromatica,bacteria,1680276.0,3711792.0,2.2090370867643174
9769,Thauera_humireducens,bacteria,1913020.0,4171754.0,2.1807163542461656
9770,Thauera_lacus,bacteria,392776.0,3663288.0,9.32665947002872
9771,Thauera_linaloolentis,bacteria,159009.0,4199939.0,26.413215604148192
9772,Thauera_phenylacetica,bacteria,134901.0,5022393.0,37.23021326750728
9773,Thauera_propionica,bacteria,568190.0,3929604.0,6.916003449550327
9774,Thauera_sp,bacteria,887788.1428571428,4553478.428571428,5.129014692533627
9775,Thauera_terpenica,bacteria,309697.0,4145786.0,13.386587535558949
9776,Thaumarchaeota_archaeon,bacteria,346205.14285714284,1479701.7142857143,4.274060466214086
9777,Theionarchaea_archaeon,bacteria,86135.0,4165806.0,48.363684913217625
9778,Theobroma_cacao,plants,23414185.5,335356493.0,14.322791326651101
9779,Thermacetogenium_phaeum,bacteria,1247113.0,2939057.0,2.356688608009058
9780,Thermaerobacter_marianensis,bacteria,1213349.0,2844696.0,2.344499397947334
9781,Thermaerobacter_sp,bacteria,762735.0,2917702.5,3.825316132077327
9782,Thermaerobacter_subterraneus,bacteria,1183561.0,2888741.0,2.440719996687961
9783,Thermanaeromonas_toyohensis,bacteria,1497476.0,3334124.0,2.2264957835718233
9784,Thermanaerothrix_daxensis,bacteria,927952.0,3012066.0,3.2459286687242446
9785,Thermanaerovibrio_acidaminovorans,bacteria,861052.0,1848474.0,2.146762332588508
9786,Thermanaerovibrio_velox,bacteria,861710.0,1880838.0,2.1826809483468916
9787,Thermasporomyces_composti,bacteria,1931050.0,4372514.0,2.264319411719013
9788,Thermaurantimonas_aggregans,bacteria,213045.0,2671880.0,12.541387969677768
9789,Thermincola_ferriacetica,bacteria,272871.0,3178727.0,11.649193208512447
9790,Thermincola_potens,bacteria,1376049.0,3157416.0,2.294552010865892
9791,Thermoactinomyces_sp,bacteria,435464.3333333333,2912315.0,6.687838192641878
9792,Thermoactinomyces_vulgaris,bacteria,782576.0,3149784.0,4.024892151049866
9793,Thermoanaerobacter_brockii,bacteria,1046626.0,2344824.0,2.240364753025436
9794,Thermoanaerobacter_ethanolicus,bacteria,144181.0,2648248.5,18.36752762153127
9795,Thermoanaerobacter_italicus,bacteria,1092161.0,2451061.0,2.2442304751771944
9796,Thermoanaerobacter_kivui,bacteria,1050572.0,2397824.0,2.282398540985292
9797,Thermoanaerobacter_mathranii,bacteria,1029097.0,2306092.0,2.2408888569299106
9798,Thermoanaerobacter_pseudethanolicus,bacteria,1053709.0,2362816.0,2.24238001193878
9799,Thermoanaerobacter_siderophilus,bacteria,1128693.0,2540159.0,2.2505313668109928
9800,Thermoanaerobacter_sp,bacteria,732244.75,2442581.25,3.33574429861054
9801,Thermoanaerobacter_thermocopriae,bacteria,158914.0,2111309.0,13.285859018085254
9802,Thermoanaerobacter_thermohydrosulfuricus,bacteria,89278.0,2706161.0,30.311622124151526
9803,Thermoanaerobacter_uzonensis,bacteria,295498.0,2409754.0,8.154891065252556
9804,Thermoanaerobacter_wiegelii,bacteria,1228138.0,2785056.0,2.2677060721189313
9805,Thermoanaerobacteraceae_bacterium,bacteria,178501.0,3526989.0,19.7589313225136
9806,Thermoanaerobacterales_bacterium,bacteria,97072.0,1774841.0,18.28375844733806
9807,Thermoanaerobacterium_aotearoense,bacteria,165645.0,2808044.0,16.952180868725286
9808,Thermoanaerobacterium_saccharolyticum,bacteria,1252434.0,2879349.0,2.299002582171995
9809,Thermoanaerobacterium_sp,bacteria,857299.5,2979699.0,3.4756803194216257
9810,Thermoanaerobacterium_thermosaccharolyticum,bacteria,835759.0,2782885.4,3.32977018494566
9811,Thermoanaerobacterium_xylanolyticum,bacteria,1141412.0,2534358.0,2.2203709090144486
9812,Thermoanaerobaculum_aquaticum,bacteria,237604.0,2660928.0,11.199003383781418
9813,Thermobacillus_composti,bacteria,1882902.0,4355525.0,2.3131979253301553
9814,Thermobacillus_sp,bacteria,282741.0,3528976.0,12.481302676300926
9815,Thermobaculum_terrenum,bacteria,1197665.0,3101581.0,2.58968993833835
9816,Thermobifida_cellulosilytica,bacteria,146383.0,4327869.0,29.56537985968316
9817,Thermobifida_fusca,bacteria,1540247.0,3642249.0,2.3647174771319146
9818,Thermobifida_halotolerans,bacteria,200097.0,5217717.0,26.075938169987555
9819,Thermobispora_bispora,bacteria,1758545.0,4189976.0,2.382637919416336
9820,Thermobrachium_celere,bacteria,975577.0,2644756.0,2.710965920680787
9821,Thermoclostridium_stercorarium,bacteria,1343360.6666666667,3052786.0,2.2724991699920745
9822,Thermococcales_archaeon,bacteria,26106.0,1695123.0,64.93231441048034
9823,Thermococci_archaeon,bacteria,13233.0,1614403.0,121.99826192095519
9824,Thermococcus_barophilus,bacteria,1022808.5,2226382.0,2.176733963395885
9825,Thermococcus_barossii,bacteria,893439.0,1922421.0,2.151709294087229
9826,Thermococcus_celer,bacteria,849631.0,1866819.0,2.1972114953432724
9827,Thermococcus_celericrescens,bacteria,115745.0,2337139.0,20.19213788932567
9828,Thermococcus_chitonophagus,bacteria,910952.0,1965813.5,2.1579770394049302
9829,Thermococcus_cleftensis,bacteria,893592.0,1950313.0,2.182554230566075
9830,Thermococcus_eurythermalis,bacteria,967997.0,2126164.0,2.1964572204252697
9831,Thermococcus_gammatolerans,bacteria,950987.0,2045438.0,2.150858003316554
9832,Thermococcus_gorgonarius,bacteria,770587.0,1674122.0,2.172528215503246
9833,Thermococcus_guaymasensis,bacteria,880220.0,1920914.0,2.182311240371725
9834,Thermococcus_indicus,bacteria,1013260.0,2234010.0,2.204774687641869
9835,Thermococcus_kodakarensis,bacteria,962439.0,2088737.0,2.170253907000859
9836,Thermococcus_litoralis,bacteria,1010997.0,2215172.0,2.19107672920889
9837,Thermococcus_nautili,bacteria,911885.0,1976356.0,2.1673303102913195
9838,Thermococcus_onnurineus,bacteria,842008.0,1847607.0,2.1942867526199277
9839,Thermococcus_pacificus,bacteria,815294.0,1785673.0,2.1902197244184305
9840,Thermococcus_paralvinellae,bacteria,900612.0,1957742.0,2.1737907112052692
9841,Thermococcus_peptonophilus,bacteria,854682.0,1896106.0,2.2184929599546965
9842,Thermococcus_piezophilus,bacteria,845086.0,1928800.0,2.2823712616230774
9843,Thermococcus_profundus,bacteria,932755.0,2043143.0,2.1904390756415135
9844,Thermococcus_radiotolerans,bacteria,865600.0,1868990.0,2.15918438077634
9845,Thermococcus_sibiricus,bacteria,458730.0,1868079.5,4.072285440237176
9846,Thermococcus_siculi,bacteria,933160.0,2029167.0,2.174511337819881
9847,Thermococcus_sp,bacteria,798457.4,1946607.0,2.437959745879993
9848,Thermococcus_thioreducens,bacteria,622127.0,2061843.3333333333,3.3141839742260557
9849,Thermocrinis_albus,bacteria,720775.0,1500577.0,2.0818937948735736
9850,Thermocrinis_minervae,bacteria,657831.0,1367921.0,2.079441376280534
9851,Thermocrinis_ruber,bacteria,727535.0,1521037.0,2.0906719264365288
9852,Thermodesulfatator_autotrophicus,bacteria,78042.0,2270963.0,29.099241434099586
9853,Thermodesulfatator_indicus,bacteria,1059109.0,2322224.0,2.192620400733069
9854,Thermodesulfitimonas_autotrophica,bacteria,623587.0,2177741.0,3.4922809487689768
9855,Thermodesulfobacteria_bacterium,bacteria,17195.0,1911994.0,111.19476592032568
9856,Thermodesulfobacterium_geofontis,bacteria,405604.0,1500840.5,3.7002605990078994
9857,Thermodesulforhabdus_norvegica,bacteria,552310.0,2808342.0,5.08472053737937
9858,Thermodesulfovibrio_aggregans,bacteria,748281.0,1997652.0,2.6696548489137104
9859,Thermodesulfovibrio_sp,bacteria,87792.0,1915222.0,21.81545015491161
9860,Thermodesulfovibrio_yellowstonii,bacteria,942358.0,2003803.0,2.1263712941366233
9861,Thermofilum_adornatum,bacteria,790499.0,1750259.0,2.214119182946468
9862,Thermofilum_adornatus,bacteria,791914.0,1754190.0,2.2151268950921437
9863,Thermofilum_pendens,bacteria,815286.0,1813393.0,2.22424155449744
9864,Thermofilum_sp,bacteria,118348.66666666667,1745342.6666666667,14.747463708927857
9865,Thermoflavifilum_aggregans,bacteria,1310852.0,2841668.0,2.1678023148303547
9866,Thermoflavifilum_thermophilum,bacteria,1323751.0,2858357.0,2.1592859986508035
9867,Thermoflavimicrobium_daqui,bacteria,580089.0,3867682.0,6.667394141243844
9868,Thermoflavimicrobium_dichotomicum,bacteria,381832.0,3852792.0,10.090280542227996
9869,Thermoflexibacter_ruber,bacteria,254126.0,5504183.0,21.659267450005114
9870,Thermoflexus_hugenholtzii,bacteria,803133.0,2980150.5,3.7106562673928227
9871,Thermogemmatispora_tikiterensis,bacteria,2403286.0,5973949.0,2.4857420215488295
9872,Thermogladius_calderae,bacteria,622504.0,1356318.0,2.178810095999383
9873,Thermogutta_terrifontis,bacteria,2028534.0,4810751.0,2.3715407284275245
9874,Thermohalobacter_berrensis,bacteria,309568.0,2763896.0,8.928235476535042
9875,Thermohydrogenium_kirishiense,bacteria,218471.0,2779783.0,12.72380773649592
9876,Thermolongibacillus_altinsuensis,bacteria,271314.0,2900938.0,10.692179541048379
9877,Thermomicrobium_roseum,bacteria,1112100.0,2920744.0,2.626332164373707
9878,Thermomonas_haemolytica,bacteria,482260.0,2586957.0,5.364237133496454
9879,Thermomonas_hydrothermalis,bacteria,119216.0,2448719.0,20.54018755871695
9880,Thermomonospora_curvata,bacteria,2393219.0,5639016.0,2.3562473806199935
9881,Thermomonospora_echinospora,bacteria,760000.0,8649739.0,11.38123552631579
9882,Thermomonospora_umbrina,bacteria,3222530.0,7396071.0,2.295113156432989
9883,Thermophagus_xiamenensis,bacteria,246206.0,3899561.0,15.838610756845894
9884,Thermoplasma_acidophilum,bacteria,683525.0,1564906.0,2.289464174682711
9885,Thermoplasma_sp,bacteria,201950.0,1790060.0,8.86387719732607
9886,Thermoplasma_volcanium,bacteria,694131.0,1584804.0,2.283148281808477
9887,Thermoplasmata_archaeon,bacteria,23516.11111111111,1599235.7777777778,68.00596281509131
9888,Thermoplasmatales_archaeon,bacteria,224121.58333333334,1424076.0,6.354033283273699
9889,Thermoprotei_archaeon,bacteria,88428.88888888889,2005070.6666666667,22.67438494207524
9890,Thermoproteus_sp,bacteria,77384.0,1557272.0,20.12395327199421
9891,Thermoproteus_tenax,bacteria,834388.0,1841542.0,2.207057148472893
9892,Thermoproteus_uzoniensis,bacteria,888491.0,1936063.0,2.1790462705868716
9893,Thermosediminibacter_oceani,bacteria,1022175.0,2280035.0,2.2305720644703695
9894,Thermosinus_carboxydivorans,bacteria,278033.0,2889774.0,10.393636726575622
9895,Thermosipho_africanus,bacteria,564558.0,2050104.0,3.6313434580680815
9896,Thermosipho_atlanticus,bacteria,351944.0,1635651.0,4.647475166503762
9897,Thermosipho_melanesiensis,bacteria,894090.0,1915238.0,2.142108736256976
9898,Thermosipho_sp,bacteria,826304.0,1766633.0,2.1379940070482535
9899,Thermosphaera_aggregans,bacteria,606332.0,1316595.0,2.171409392873871
9900,Thermosporothrix_hazakensis,bacteria,709601.0,7282662.0,10.263037960769504
9901,Thermostaphylospora_chromogena,bacteria,2584427.0,5988017.0,2.316961167794641
9902,Thermostichus_lividus,bacteria,1177748.0,2659739.0,2.2583260595645247
9903,Thermosulfidibacter_takaii,bacteria,874393.0,1816670.0,2.0776355711905286
9904,Thermosulfurimonas_dismutans,bacteria,292050.0,2119932.0,7.258798151001541
9905,Thermosynechococcus_elongatus,bacteria,1167220.0,2593857.0,2.222252017614503
9906,Thermosyntropha_lipolytica,bacteria,110077.0,2169229.0,19.706469107988045
9907,Thermotalea_metallivorans,bacteria,235026.0,3094505.0,13.166649647273069
9908,Thermotoga_maritima,bacteria,882713.0,1865168.5,2.112995390347712
9909,Thermotoga_naphthophila,bacteria,860773.0,1809823.0,2.1025554937248265
9910,Thermotoga_neapolitana,bacteria,900275.0,1884562.0,2.0933181527866487
9911,Thermotoga_petrophila,bacteria,868689.0,1823511.0,2.0991528613807704
9912,Thermotoga_sp,bacteria,538600.1666666666,1869985.1666666667,3.4719357371160613
9913,Thermotogae_bacterium,bacteria,39212.666666666664,1912341.0,48.76845067070165
9914,Thermotogales_bacterium,bacteria,59364.0,2038846.0,34.34482177750825
9915,Thermovenabulum_gondwanense,bacteria,197577.0,2282800.0,11.55397642438138
9916,Thermovibrio_ammonificans,bacteria,823035.0,1759526.0,2.1378507596882272
9917,Thermovibrio_guaymasensis,bacteria,572258.0,1621718.0,2.833893104159313
9918,Thermovirga_lienii,bacteria,927789.0,1999646.0,2.1552809960023236
9919,Thermus_aquaticus,bacteria,634847.0,2293494.0,3.612672029638637
9920,Thermus_arciformis,bacteria,140344.0,2442297.0,17.402218833722852
9921,Thermus_brockianus,bacteria,1036209.0,2388273.0,2.3048178504529493
9922,Thermus_filiformis,bacteria,527901.0,2386081.0,4.519940291835022
9923,Thermus_oshimai,bacteria,1059079.0,2401329.0,2.267374766188358
9924,Thermus_parvatiensis,bacteria,885283.0,2016098.0,2.277348599261479
9925,Thermus_scotoductus,bacteria,120063.85714285714,2349572.785714286,19.569359519398606
9926,Thermus_sp,bacteria,488855.6666666667,2320126.6666666665,4.746036151092994
9927,Thermus_thermamylovorans,bacteria,262464.0,2250808.0,8.575682760302366
9928,Thermus_thermophilus,bacteria,987302.8333333334,2246380.6666666665,2.27527015098542
9929,Theropithecus_gelada,ensembl,20296140.0,2889614139.0,142.37259592218027
9930,Thioalbus_denitrificans,bacteria,709811.0,4145766.0,5.840661809974768
9931,Thioalkalivibrio_denitrificans,bacteria,128401.0,3639353.0,28.34364997157343
9932,Thioalkalivibrio_halophilus,bacteria,157762.0,2871788.0,18.203293568793498
9933,Thioalkalivibrio_nitratireducens,bacteria,1712908.0,4002350.0,2.336581999733786
9934,Thioalkalivibrio_paradoxus,bacteria,1635947.0,3756729.0,2.296363512998893
9935,Thioalkalivibrio_sp,bacteria,803165.5,2893105.0,3.6021280794556043
9936,Thioalkalivibrio_sulfidiphilus,bacteria,1525621.0,3464554.0,2.270913942584692
9937,Thioalkalivibrio_versutus,bacteria,753493.0,2902352.5,3.8518639191074104
9938,Thiobaca_trueperi,bacteria,599864.0,4073386.0,6.790515850259392
9939,Thiobacillus_denitrificans,bacteria,797237.0,3101730.5,3.8906002857368636
9940,Thiobacillus_sp,bacteria,266046.625,3051639.5,11.47031840753477
9941,Thiocapsa_marina,bacteria,464591.0,5595540.0,12.044012905975363
9942,Thiocapsa_rosea,bacteria,2567588.0,6111855.0,2.380387741335448
9943,Thiocapsa_roseopersicina,bacteria,435160.0,5386125.0,12.377343965438
9944,Thiocapsa_sp,bacteria,109437.0,5278741.0,48.235432257828705
9945,Thioclava_atlantica,bacteria,419060.0,3928443.0,9.374416551329166
9946,Thioclava_dalianensis,bacteria,284299.0,4179056.0,14.699510022898428
9947,Thioclava_electrotropha,bacteria,483964.0,4415748.0,9.124124934912514
9948,Thioclava_indica,bacteria,331553.0,3822068.0,11.527773840079867
9949,Thioclava_pacifica,bacteria,601819.0,3728293.0,6.1950403692804645
9950,Thioclava_sp,bacteria,1021916.375,4322215.625,4.229519881213372
9951,Thiocystis_violascens,bacteria,2209022.0,5017071.0,2.2711729444070725
9952,Thioflavicoccus_mobilis,bacteria,1733723.0,4137521.0,2.3864948437553175
9953,Thioflexithrix_psekupsensis,bacteria,889135.0,3968255.0,4.463051167707941
9954,Thiogranum_longum,bacteria,1336770.0,2916906.0,2.1820552525864585
9955,Thiohalobacter_thiocyanaticus,bacteria,1386309.5,3266528.0,2.3562761417995044
9956,Thiohalocapsa_sp,bacteria,29090.0,6747581.0,231.95534547954622
9957,Thiohalomonas_denitrificans,bacteria,476122.0,3563632.0,7.484703500363352
9958,Thiohalophilus_thiocyanatoxydans,bacteria,572465.0,2906943.0,5.077940136078189
9959,Thiohalorhabdus_denitrificans,bacteria,461780.0,2876643.0,6.229466412577418
9960,Thiohalospira_halophila,bacteria,520532.0,2687697.0,5.163365556776529
9961,Thiolapillus_brandeum,bacteria,1432779.0,3153637.0,2.201063108825576
9962,Thiomicrorhabdus_sediminis,bacteria,1064065.0,2373486.0,2.2305836579532263
9963,Thiomicrospira_aerophila,bacteria,1009818.0,2158359.0,2.1373742595200325
9964,Thiomicrospira_cyclica,bacteria,911336.0,1932455.0,2.120463802593116
9965,Thiomicrospira_sp,bacteria,692570.0,2370443.6666666665,3.422677370759153
9966,Thiomonas_arsenitoxydans,bacteria,1715105.0,3785534.0,2.2071733217499805
9967,Thiomonas_bhubaneswarensis,bacteria,431975.0,3203428.0,7.415771746050119
9968,Thiomonas_delicata,bacteria,888018.0,3832428.0,4.315709816692904
9969,Thiomonas_intermedia,bacteria,1560833.0,3462095.0,2.2181072542674327
9970,Thiomonas_sp,bacteria,321750.0,3615859.5,11.238102564102563
9971,Thioploca_ingrica,bacteria,2080611.0,4810005.0,2.3118233057500897
9972,Thiopseudomonas_alkaliphila,bacteria,1080862.0,2397029.0,2.217701242156723
9973,Thiopseudomonas_denitrificans,bacteria,355515.0,2832987.0,7.968684865617485
9974,Thiorhodococcus_drewsii,bacteria,264203.0,5524189.0,20.90888067130199
9975,Thiorhodospira_sibirica,bacteria,110255.0,3188869.0,28.922670173688267
9976,Thiorhodovibrio_sp,bacteria,1462191.0,5342862.0,3.654011001298736
9977,Thiothrix_caldifontis,bacteria,263039.0,3936903.0,14.966993487657724
9978,Thiothrix_eikelboomii,bacteria,379753.0,4158727.0,10.951136659881554
9979,Thiothrix_lacustris,bacteria,278456.0,10513572.0,37.75667250840348
9980,Thiothrix_nivea,bacteria,2132057.0,4691711.0,2.2005560826938493
9981,Thiotrichaceae_bacterium,bacteria,222346.5,3868688.5,17.3993676536397
9982,Thiotrichales_bacterium,bacteria,121187.6,3321495.0,27.407878363792992
9983,Thiotrophic_endosymbiont,bacteria,227245.0,2189522.0,9.635072278818015
9984,Thiovulum_sp,bacteria,74457.0,2080587.0,27.943470728071237
9985,Thorsellia_anophelis,bacteria,245351.0,3550975.0,14.473040664191302
9986,Tibeticola_sediminis,bacteria,674494.0,2733067.0,4.0520256666478875
9987,Tindallia_californiensis,bacteria,396862.0,3122071.0,7.866893277764059
9988,Tindallia_magadiensis,bacteria,561249.0,3083807.0,5.494543420121906
9989,Tindallia_sp,bacteria,117281.0,2484674.0,21.18564814420068
9990,Tissierella_creatinini,bacteria,180580.0,2611442.0,14.46141322405582
9991,Tissierella_creatinophila,bacteria,173953.0,2530461.0,14.54680862071939
9992,Tissierella_praeacuta,bacteria,917132.5,3161232.5,3.446865638280183
9993,Tissierella_sp,bacteria,938255.0,4065193.0,4.332716585576415
9994,Tissierellia_bacterium,bacteria,150983.0,2242787.3333333335,14.85456861589274
9995,Tistlia_consotensis,bacteria,550258.0,6935890.0,12.604796295555904
9996,Tistrella_mobilis,bacteria,1197029.5,6375382.0,5.326002408461947
9997,Tistrella_sp,bacteria,234145.5,6103397.5,26.066687166740337
9998,Tolumonas_auensis,bacteria,1566519.0,3471292.0,2.215927160794092
9999,Tolypothrix_sp,bacteria,895747.5,9109241.0,10.169429443007097
10000,Tolypothrix_tenuis,bacteria,3585282.0,9352233.0,2.6085069458971426
10001,Toxoplasma_gondii,protists,6101284.0,65669794.0,10.76327441895837
10002,Trabulsiella_guamensis,bacteria,188522.0,4929751.0,26.14947327102407
10003,Trabulsiella_odontotermitis,bacteria,164420.0,4816531.0,29.294070064469043
10004,Tranquillimonas_alkanivorans,bacteria,485504.0,4543020.0,9.357327643026627
10005,Tranquillimonas_rosea,bacteria,512266.0,4233461.0,8.264185013254833
10006,Treponema_berlinense,bacteria,335926.0,2521032.0,7.504724254746581
10007,Treponema_brennaborense,bacteria,1394591.0,3055580.0,2.191022314069143
10008,Treponema_bryantii,bacteria,518959.5,3312025.5,6.382050044367624
10009,Treponema_denticola,bacteria,1242821.2,2827073.0,2.2747222207023827
10010,Treponema_lecithinolyticum,bacteria,238744.0,2338485.0,9.79494772643501
10011,Treponema_maltophilum,bacteria,1168884.0,2530388.0,2.164789662618361
10012,Treponema_medium,bacteria,1187170.0,2727508.0,2.297487301734377
10013,Treponema_pallidum,bacteria,528320.4,1138903.6,2.1557062721787763
10014,Treponema_paraluiscuniculi,bacteria,524999.0,1133390.0,2.1588422073184903
10015,Treponema_pedis,bacteria,1282757.0,2889325.0,2.2524336253865695
10016,Treponema_phagedenis,bacteria,181296.5,2980015.0,16.43724506540391
10017,Treponema_porcinum,bacteria,310460.0,2507809.0,8.07772015718611
10018,Treponema_primitia,bacteria,1867849.0,4059867.0,2.173552037664715
10019,Treponema_putidum,bacteria,1282650.0,2800562.0,2.1834187034654815
10020,Treponema_saccharophilum,bacteria,252889.0,3453898.0,13.65776289201982
10021,Treponema_socranskii,bacteria,646229.0,2773388.5,4.291649709313572
10022,Treponema_sp,bacteria,345262.125,3303267.125,9.5674181609118
10023,Treponema_succinifaciens,bacteria,1273047.0,2897425.0,2.2759764564858957
10024,Treponema_vincentii,bacteria,673149.0,2604041.5,3.8684474016896706
10025,Trichlorobacter_lovleyi,bacteria,1823555.0,3994874.0,2.1907066142781546
10026,Trichlorobacter_thiogenes,bacteria,417435.0,3571247.0,8.555216979889085
10027,Trichococcus_collinsii,bacteria,979462.0,3288692.0,3.357651445385324
10028,Trichococcus_flocculiformis,bacteria,175565.0,3072637.0,17.50142112607866
10029,Trichococcus_ilyis,bacteria,271070.0,3142124.0,11.591559375806987
10030,Trichococcus_palustris,bacteria,493881.0,2955657.0,5.984552959113633
10031,Trichococcus_pasteurii,bacteria,579318.0,3234289.0,5.582925094680297
10032,Trichococcus_patagoniensis,bacteria,230517.0,3102817.0,13.460252389194723
10033,Trichococcus_shcherbakoviae,bacteria,584260.5,3135910.5,5.367315606651485
10034,Trichococcus_sp,bacteria,350917.0,3141919.0,8.953453380713958
10035,Trichoderma_reesei,fungi,2099102.0,33395713.0,15.909523691559533
10036,Trichoderma_virens,fungi,2699902.0,39022666.0,14.453363862836502
10037,Trichodesmium_erythraeum,bacteria,2427747.0,7750108.0,3.1923046347086412
10038,Trichormus_variabilis,bacteria,2062059.6666666667,6861961.666666667,3.3277221690481316
10039,Trifolium_pratense,plants,13931707.0,304842038.0,21.881169191973388
10040,Trinickia_caryophylli,bacteria,653029.0,6543652.0,10.020461572150701
10041,Trinickia_dabaoshanensis,bacteria,381842.0,7093230.0,18.576348332556396
10042,Trinickia_dinghuensis,bacteria,698945.0,7369954.0,10.544397627853408
10043,Trinickia_fusca,bacteria,876598.0,6104960.0,6.964378198444441
10044,Trinickia_sp,bacteria,658989.0,7239947.0,10.98644590425637
10045,Triticum_aestivum,plants,72227303.83333333,14465579307.944445,200.2785448190646
10046,Triticum_dicoccoides,plants,60246382.0,10079039394.0,167.2970070468298
10047,Triticum_spelta,plants,64018441.0,14453523434.0,225.77124978722927
10048,Triticum_turgidum,plants,43021321.0,10463058104.0,243.2063418973118
10049,Triticum_urartu,plants,28524045.0,4851895022.0,170.098421244252
10050,Tritonibacter_horizontis,bacteria,274028.0,4862077.0,17.74299341673114
10051,Tritonibacter_mobilis,bacteria,1190731.5,4771840.0,4.0074861545193015
10052,Tritonibacter_multivorans,bacteria,496814.0,4175618.0,8.404791330357035
10053,Tritonibacter_scottomollicae,bacteria,577416.0,4677362.0,8.10050639400363
10054,Tropheryma_whipplei,bacteria,407477.0,927303.0,2.2757186295177396
10055,Tropicibacter_naphthalenivorans,bacteria,749250.0,4459382.0,5.951794461127794
10056,Tropicimonas_isoalkanivorans,bacteria,629971.0,4976641.0,7.899793800032065
10057,Tropicimonas_sediminicola,bacteria,773559.0,5174220.0,6.6888498485571235
10058,Tropicimonas_sp,bacteria,403956.0,5461847.0,13.520895840141005
10059,Truepera_radiovictrix,bacteria,1436321.0,3260398.0,2.2699647223705566
10060,Trueperaceae_bacterium,bacteria,266516.0,2076724.0,7.792117546413723
10061,Trueperella_bernardiae,bacteria,348102.0,2028874.0,5.828389380124216
10062,Trueperella_bialowiezensis,bacteria,936181.0,2043249.0,2.1825362830478294
10063,Trueperella_pyogenes,bacteria,1067295.3333333333,2358720.3333333335,2.209997795049543
10064,Trypanosoma_brucei,protists,3103376.0,25789186.0,8.310042353875264
10065,Tsukamurella_paurometabola,bacteria,2117013.0,4589211.5,2.1677767212577344
10066,Tsukamurella_pseudospumae,bacteria,982974.0,5206330.0,5.296508351187315
10067,Tsukamurella_pulmonis,bacteria,2191865.0,4783064.0,2.1821891402983304
10068,Tsukamurella_tyrosinosolvens,bacteria,2359871.0,5281118.0,2.2378841894323886
10069,Tsuneonella_dongtanensis,bacteria,1403440.0,3009495.0,2.1443702616428206
10070,Tsuneonella_suprasediminis,bacteria,579521.0,3304416.0,5.701978012876151
10071,Tuber_melanosporum,fungi,1477947.0,124945702.0,84.5400423695843
10072,Tumebacillus_avium,bacteria,2375057.0,5249768.0,2.210375582564966
10073,Tumebacillus_flagellatus,bacteria,268002.0,4874793.0,18.189390377683747
10074,Tumebacillus_permanentifrigoris,bacteria,386481.0,4689798.0,12.134614638235773
10075,Tumebacillus_sp,bacteria,952034.0,4646936.0,4.881060970511557
10076,Tupaia_belangeri,ensembl,960649.0,3670341392.0,3820.689338145358
10077,Turicibacter_sanguinis,bacteria,169273.75,2867395.75,16.939399936493402
10078,Turicibacter_sp,bacteria,1081287.0,2622031.0,2.42491678897462
10079,Turicimonas_muris,bacteria,511655.0,2887709.0,5.64385963197858
10080,Turneriella_parva,bacteria,2021825.0,4409302.0,2.1808524476648574
10081,Tursiops_truncatus,ensembl,1003344.0,2521923936.0,2513.51872936899
10082,Tychonema_bourrellyi,bacteria,93205.0,5081867.0,54.52354487420203
10083,Tyzzerella_nexilis,bacteria,422082.0,3591883.0,8.509917504181653
10084,Tyzzerella_sp,bacteria,234730.5,2347190.5,9.999512206551769
10085,Uliginosibacterium_sp,bacteria,692497.0,4210204.0,6.079743305747173
10086,Ulvibacter_antarcticus,bacteria,848530.0,3845875.0,4.532397204577328
10087,Ulvibacter_litoralis,bacteria,954419.0,3821926.0,4.004452970864998
10088,Ulvibacter_sp,bacteria,1389078.0,3033586.0,2.183884562278
10089,Umboniibacter_marinipuniceus,bacteria,592872.0,2689440.0,4.53629113872809
10090,Umezawaea_tangerina,bacteria,1028130.0,10685010.0,10.392664351784308
10091,Uncultured_acidilobus,bacteria,296227.0,1470669.25,4.964669830906703
10092,Uncultured_archaeon,bacteria,379564.25,2637306.25,6.9482472335052625
10093,Undibacter_mobilis,bacteria,1560711.0,4098220.0,2.6258673130387367
10094,Undibacterium_parvum,bacteria,2137099.0,4910324.0,2.2976586484762755
10095,Undibacterium_pigrum,bacteria,1073301.0,6407125.0,5.969550946099929
10096,Undibacterium_piscinae,bacteria,1745711.0,4609036.0,2.6402056239549387
10097,Ureaplasma_parvum,bacteria,348497.5,751699.0,2.156970996922503
10098,Ureaplasma_urealyticum,bacteria,401220.0,872258.0,2.174014256517621
10099,Urechidicola_croceus,bacteria,1574295.0,3426122.0,2.176289704280329
10100,Ureibacillus_acetophenoni,bacteria,512426.0,3977008.0,7.761136242111056
10101,Ureibacillus_chungkukjangi,bacteria,300368.0,3877942.0,12.910636286155649
10102,Ureibacillus_manganicus,bacteria,277951.0,4047197.0,14.560829066993822
10103,Ureibacillus_massiliensis,bacteria,241016.0,3999909.0,16.59603096889833
10104,Ureibacillus_sinduriensis,bacteria,459829.0,4017054.0,8.735973590182438
10105,Ureibacillus_thermophilus,bacteria,1269051.0,3017325.0,2.377623121529395
10106,Ureibacillus_xyleni,bacteria,544757.0,4050949.0,7.436249557141991
10107,Urocitellus_parryii,ensembl,7168697.0,2520505282.0,351.5988026833886
10108,Ursus_americanus,ensembl,824719.0,2588393916.0,3138.516168537405
10109,Ursus_maritimus,ensembl,12077104.0,2301379344.0,190.55721835300912
10110,Ursus_thibetanus,ensembl,14267232.0,2373594928.0,166.36688377955863
10111,Uruburuella_suis,bacteria,165657.0,2641702.0,15.946817822367905
10112,Ustilago_maydis,fungi,1772221.0,19664356.0,11.095882511266936
10113,Vagococcus_acidifermentans,bacteria,314782.0,2862533.0,9.093699766822754
10114,Vagococcus_bubulae,bacteria,231396.0,2499339.0,10.801133122439454
10115,Vagococcus_carniphilus,bacteria,335782.0,3080929.0,9.17538462454807
10116,Vagococcus_elongatus,bacteria,258304.0,2879210.0,11.146594710109019
10117,Vagococcus_entomophilus,bacteria,750251.0,2444868.0,3.2587334105519354
10118,Vagococcus_fessus,bacteria,624624.0,2257832.0,3.6147058070134994
10119,Vagococcus_fluvialis,bacteria,389487.6666666667,2752071.3333333335,7.0658754278055875
10120,Vagococcus_humatus,bacteria,581981.0,2096134.0,3.601722392999084
10121,Vagococcus_lutrae,bacteria,241361.5,1910643.5,7.916107167050255
10122,Vagococcus_martis,bacteria,1121714.0,2561923.0,2.2839360122098857
10123,Vagococcus_penaei,bacteria,1052185.0,2365304.0,2.2479925108227166
10124,Vagococcus_salmoninarum,bacteria,255031.0,3104446.0,12.172818206414123
10125,Vagococcus_silagei,bacteria,231270.0,2525732.0,10.921139793315172
10126,Vagococcus_sp,bacteria,479553.0,2258161.0,4.708887234570527
10127,Vagococcus_teuberi,bacteria,972522.0,2184285.0,2.2460006046135716
10128,Vagococcus_vulneris,bacteria,249023.0,2347966.0,9.428711404167487
10129,Vagococcus_zengguangii,bacteria,627894.0,2115814.0,3.369699344156816
10130,Vallicoccus_soli,bacteria,777027.0,4045354.0,5.206194894128518
10131,Vandammella_animalimorsus,bacteria,411551.0,3233033.6666666665,7.855730314509421
10132,Vannielia_litorea,bacteria,1777820.0,4095462.0,2.3036426634867424
10133,Varanus_komodoensis,ensembl,13310133.0,1507945839.0,113.29307070034537
10134,Varibaculum_cambriense,bacteria,556610.25,2179274.25,3.9152607232798893
10135,Variibacter_gotjawalensis,bacteria,2046026.0,4586237.0,2.241534076302061
10136,Variovorax_beijingensis,bacteria,565781.0,6695648.0,11.834345798109162
10137,Variovorax_boronicumulans,bacteria,1842762.5,6953080.5,3.7731831964238474
10138,Variovorax_gossypii,bacteria,1247578.0,6300928.0,5.050528303641135
10139,Variovorax_guangxiensis,bacteria,843375.0,7184833.0,8.519143915814436
10140,Variovorax_paradoxus,bacteria,854847.9230769231,8210517.769230769,9.6046531173381
10141,Variovorax_sp,bacteria,1153015.0,7056784.945945946,6.120288934615721
10142,Varunaivibrio_sulfuroxidans,bacteria,441640.0,3033445.0,6.868592065936056
10143,Veillonella_atypica,bacteria,318621.2,2119614.4,6.652458781775977
10144,Veillonella_criceti,bacteria,982136.0,2245419.0,2.2862607622569584
10145,Veillonella_denticariosi,bacteria,588494.0,1981866.0,3.367691089458856
10146,Veillonella_dispar,bacteria,397181.75,2166822.5,5.455493612181325
10147,Veillonella_montpellierensis,bacteria,196938.0,1976838.0,10.037869786430248
10148,Veillonella_parvula,bacteria,512269.125,2138367.125,4.174304131641742
10149,Veillonella_rodentium,bacteria,907599.0,2041290.0,2.2491100144447054
10150,Veillonella_rogosae,bacteria,373743.0,2187106.0,5.8518982295320585
10151,Veillonella_seminalis,bacteria,733069.0,2324129.0,3.170409606735519
10152,Veillonella_sp,bacteria,361302.25,2173480.3125,6.015684409659779
10153,Veillonella_tobetsuensis,bacteria,279375.5,2096516.0,7.50429439947311
10154,Veillonellaceae_bacterium,bacteria,166262.66666666666,1678621.3333333333,10.096201191688653
10155,Ventosimonas_gracilis,bacteria,97239.0,2619147.0,26.93514947706167
10156,Verminephrobacter_eiseniae,bacteria,2480530.0,5597943.0,2.256752790734238
10157,Verrucomicrobia_bacterium,bacteria,357226.6111111111,3894539.0555555555,10.902152679617155
10158,Verrucomicrobiaceae_bacterium,bacteria,26218.0,6544051.0,249.601457014265
10159,Verrucomicrobiae_bacterium,bacteria,1439653.5,4516930.0,3.1375119082473666
10160,Verrucomicrobiales_bacterium,bacteria,115993.52631578948,4247070.105263158,36.61471670152191
10161,Verrucomicrobium_sp,bacteria,1711362.0,3763544.0,2.199151319241633
10162,Verrucosispora_sp,bacteria,1051906.75,6645169.25,6.317260774303426
10163,Verticillium_dahliae,fungi,2096216.0,33900324.0,16.17215210646231
10164,Verticillium_dahliaejr2,fungi,5538604.0,36150287.0,6.526967264675359
10165,Vespertiliibacter_pulmonis,bacteria,522057.0,1773144.0,3.396456708750194
10166,Vibrio_aerogenes,bacteria,375133.0,5250260.0,13.995729514598823
10167,Vibrio_agarivorans,bacteria,66918.0,4500445.0,67.25313069727129
10168,Vibrio_albensis,bacteria,1518560.0,3987383.0,2.625765857127805
10169,Vibrio_albus,bacteria,604681.0,4265296.0,7.053795306946968
10170,Vibrio_alfacsensis,bacteria,1736037.0,4910231.0,2.828413795328095
10171,Vibrio_alginolyticus,bacteria,1262682.111111111,5294258.0,4.192866877112292
10172,Vibrio_anguillarum,bacteria,1452144.2222222222,4364898.444444444,3.0058298464079707
10173,Vibrio_atlanticus,bacteria,1047374.5,4982802.0,4.7574215335584356
10174,Vibrio_azureus,bacteria,129121.0,4716275.0,36.52601048628806
10175,Vibrio_barjaei,bacteria,536143.0,5535129.0,10.323978863847891
10176,Vibrio_bivalvicida,bacteria,532896.0,4922047.0,9.236411982825917
10177,Vibrio_brasiliensis,bacteria,207950.0,4715026.0,22.673844674200527
10178,Vibrio_breoganii,bacteria,410503.8333333333,4233989.0,10.314127801486222
10179,Vibrio_campbellii,bacteria,1835542.8333333333,5827243.666666667,3.1746704903009166
10180,Vibrio_caribbeanicus,bacteria,415459.0,4489609.5,10.806384023453578
10181,Vibrio_casei,bacteria,1323206.0,3987290.0,3.013355441254045
10182,Vibrio_celticus,bacteria,162599.0,5392393.0,33.1637525446036
10183,Vibrio_chagasii,bacteria,1581424.0,5008364.0,3.1669963273606574
10184,Vibrio_cholerae,bacteria,714731.9285714285,4134657.535714286,5.784906718772783
10185,Vibrio_cidicii,bacteria,406183.0,4619449.0,11.372827026241866
10186,Vibrio_cincinnatiensis,bacteria,307638.0,3665830.0,11.91605068294554
10187,Vibrio_coralliilyticus,bacteria,785913.0,5771116.5,7.343200201549027
10188,Vibrio_crassostreae,bacteria,726506.4285714285,5503476.285714285,7.575261648456557
10189,Vibrio_cyclitrophicus,bacteria,596343.0,5820094.0,9.759641682722863
10190,Vibrio_diabolicus,bacteria,1030244.5,5107863.0,4.95791338852088
10191,Vibrio_diazotrophicus,bacteria,408144.3333333333,4747078.333333333,11.630881395715404
10192,Vibrio_europaeus,bacteria,1524128.0,5469456.0,3.588580486678284
10193,Vibrio_ezurae,bacteria,245287.0,3682900.0,15.014656300578507
10194,Vibrio_fluvialis,bacteria,1021712.3333333334,5037394.666666667,4.930345364660699
10195,Vibrio_fortis,bacteria,757987.0,5286006.0,6.97374229373327
10196,Vibrio_furnissii,bacteria,1397618.0,4962158.0,3.5504393904486062
10197,Vibrio_galatheae,bacteria,363036.0,4065199.0,11.197784792692735
10198,Vibrio_gazogenes,bacteria,1101196.0,4711196.5,4.278254279892044
10199,Vibrio_genomosp,bacteria,216111.75,4238994.75,19.614827745367847
10200,Vibrio_halioticoli,bacteria,245255.0,4013925.0,16.36633300034658
10201,Vibrio_hangzhouensis,bacteria,381886.0,5123217.0,13.415566425582504
10202,Vibrio_harveyi,bacteria,834915.0,6008382.666666667,7.196400431980102
10203,Vibrio_hepatarius,bacteria,647186.0,4822708.0,7.451811380345063
10204,Vibrio_ichthyoenteri,bacteria,104037.0,4641086.0,44.60995607332007
10205,Vibrio_ishigakensis,bacteria,409478.3333333333,4794681.0,11.70924224724955
10206,Vibrio_jasicida,bacteria,1424641.0,6326035.0,4.4404414866622535
10207,Vibrio_kanaloae,bacteria,337042.6666666667,4854646.222222222,14.403654796095712
10208,Vibrio_lentus,bacteria,443234.8333333333,5507561.75,12.4258323935882
10209,Vibrio_mangrovi,bacteria,937971.0,4944610.0,5.271602213714496
10210,Vibrio_maritimus,bacteria,660160.5,5648290.0,8.555934503806272
10211,Vibrio_mediterranei,bacteria,1632433.0,5888413.333333333,3.607139363963687
10212,Vibrio_metoecus,bacteria,465964.0,3979833.0,8.541073988548472
10213,Vibrio_metschnikovii,bacteria,1091639.0,3781078.0,3.463670682340957
10214,Vibrio_mimicus,bacteria,945147.5,4391401.0,4.6462599752948615
10215,Vibrio_natriegens,bacteria,2000599.0,5504684.0,2.7515179203828453
10216,Vibrio_navarrensis,bacteria,1718481.0,4439391.0,2.5833227134894132
10217,Vibrio_neocaledonicus,bacteria,1950369.0,5245855.0,2.6896730823756942
10218,Vibrio_neptunius,bacteria,269246.0,5201999.0,19.320617576491387
10219,Vibrio_nereis,bacteria,550217.0,4096630.0,7.445480601290036
10220,Vibrio_nigripulchritudo,bacteria,1303844.5,6467579.0,4.960391365688163
10221,Vibrio_orientalis,bacteria,247467.0,4653015.0,18.80256761507595
10222,Vibrio_owensii,bacteria,1303595.5,6384847.5,4.8978747625317824
10223,Vibrio_palustris,bacteria,819634.0,3701013.0,4.51544591854413
10224,Vibrio_panuliri,bacteria,669699.0,4737130.0,7.0735210893252045
10225,Vibrio_paracholerae,bacteria,222393.5,4037037.0,18.152675325492876
10226,Vibrio_parahaemolyticus,bacteria,848576.75,5371054.1875,6.329485444304242
10227,Vibrio_pectenicida,bacteria,137793.0,4441431.0,32.232631556029695
10228,Vibrio_penaeicida,bacteria,94756.0,6568793.0,69.32324074464941
10229,Vibrio_ponticus,bacteria,233875.0,4934754.5,21.09996579369321
10230,Vibrio_proteolyticus,bacteria,451609.0,4745539.0,10.508070034033866
10231,Vibrio_qinghaiensis,bacteria,1545459.0,4017713.0,2.599689153837145
10232,Vibrio_quintilis,bacteria,262844.0,5712823.0,21.73465249349424
10233,Vibrio_renipiscarius,bacteria,779578.0,4339718.0,5.56675278163314
10234,Vibrio_rotiferianus,bacteria,639612.0,5291213.0,8.272535537169409
10235,Vibrio_ruber,bacteria,277959.0,4622997.0,16.631938523307394
10236,Vibrio_rumoiensis,bacteria,172656.0,3447496.0,19.967426559169677
10237,Vibrio_scophthalmi,bacteria,1398808.25,4914081.25,3.5130485182654594
10238,Vibrio_sinaloensis,bacteria,435902.5,4734998.0,10.862516273707996
10239,Vibrio_sinensis,bacteria,537112.0,5302048.0,9.871401123043238
10240,Vibrio_sp,bacteria,428976.95454545453,5009134.075757576,11.676930480019077
10241,Vibrio_spartinae,bacteria,445832.0,5104270.0,11.448864146135763
10242,Vibrio_splendidus,bacteria,434873.652173913,5593116.0,12.861473607426605
10243,Vibrio_tapetis,bacteria,2135136.0,5725871.0,2.6817359643601155
10244,Vibrio_tarriae,bacteria,353362.0,4137761.0,11.709694307820309
10245,Vibrio_tasmaniensis,bacteria,388743.54545454547,5474382.0,14.082245387763233
10246,Vibrio_thalassae,bacteria,358790.0,5105314.0,14.229253881100366
10247,Vibrio_toranzoniae,bacteria,427548.0,4537316.0,10.612413109171367
10248,Vibrio_tubiashii,bacteria,1250150.5,4842495.0,3.873529627032905
10249,Vibrio_variabilis,bacteria,202574.0,5797527.0,28.61930455043589
10250,Vibrio_viridaestus,bacteria,711777.0,4713072.0,6.621557032609933
10251,Vibrio_vulnificus,bacteria,877052.2727272727,5497932.818181818,6.268648961008337
10252,Vibrio_xiamenensis,bacteria,331548.0,5501246.0,16.592608008493492
10253,Vibrio_xuii,bacteria,604513.0,6297899.0,10.418136582670678
10254,Vibrionales_bacterium,bacteria,373967.0,4360644.0,11.660504803899808
10255,Vicia_faba,plants,18380336.0,11914498746.0,648.2198555020974
10256,Victivallales_bacterium,bacteria,2384638.0,5242681.0,2.198522794654786
10257,Victivallis_vadensis,bacteria,268024.0,5199916.0,19.400934244694504
10258,Vicugna_pacos,ensembl,1702345.0,2967746133.0,1743.328251911334
10259,Vigna_angularis,plants,13695966.0,466744453.0,34.07897281579116
10260,Vigna_radiata,plants,13081819.0,463085359.0,35.39915656989292
10261,Vigna_unguiculata,plants,22129279.0,519066764.0,23.456108262722886
10262,Virgibacillus_chiguensis,bacteria,383408.0,4128320.0,10.767433126069356
10263,Virgibacillus_dokdonensis,bacteria,968330.0,4276557.5,4.416425701981763
10264,Virgibacillus_halodenitrificans,bacteria,1657820.0,3917759.0,2.363199261681003
10265,Virgibacillus_indicus,bacteria,694089.0,3916161.0,5.642159723032637
10266,Virgibacillus_massiliensis,bacteria,1528555.0,4353177.0,2.8479034120460174
10267,Virgibacillus_necropolis,bacteria,1837125.0,4337422.0,2.360983602095666
10268,Virgibacillus_pantothenticus,bacteria,1406750.0,4759248.0,3.383151235116403
10269,Virgibacillus_phasianinus,bacteria,1745524.0,4071214.0,2.3323735451360164
10270,Virgibacillus_profundi,bacteria,506841.0,4362047.0,8.606342028367871
10271,Virgibacillus_salinus,bacteria,1009350.0,3758454.0,3.72363798484173
10272,Virgibacillus_soli,bacteria,330274.0,5002729.0,15.147208075718948
10273,Virgibacillus_sp,bacteria,970565.5,3749150.5,3.8628516055845794
10274,Viridibacillus_arenosi,bacteria,566515.0,4445024.0,7.846260028419371
10275,Viridibacillus_arvi,bacteria,1253282.0,4758570.0,3.796886893771713
10276,Viridibacillus_sp,bacteria,1904279.0,4760386.0,2.4998364210286415
10277,Vitiosangium_sp,bacteria,1011131.0,14076305.0,13.921346492195374
10278,Vitis_vinifera,plants,15564077.0,475604073.0,30.557807764636475
10279,Vitreoscilla_filiformis,bacteria,1672159.0,3787551.0,2.2650663005132885
10280,Vitreoscilla_sp,bacteria,1135242.0,2610419.0,2.2994383576365216
10281,Vogesella_indigofera,bacteria,560532.0,3621567.0,6.460946029843078
10282,Vogesella_sp,bacteria,1042323.0,3843753.0,3.687679346997044
10283,Volucribacter_psittacicida,bacteria,561913.0,2267688.0,4.035656765371152
10284,Vombatus_ursinus,ensembl,16057534.0,3486597218.0,217.13154821904783
10285,Vulcaniibacterium_tengchongense,bacteria,964623.0,3585771.0,3.717277112405572
10286,Vulcanisaeta_distributa,bacteria,1082013.0,2374137.0,2.1941852824319117
10287,Vulcanisaeta_moutnovskia,bacteria,1046035.0,2298983.0,2.1978069567461893
10288,Vulcanisaeta_sp,bacteria,86775.0,2349151.0,27.071748775569
10289,Vulgatibacter_incomptus,bacteria,1961937.0,4350553.0,2.2174784409489194
10290,Vulpes_vulpes,ensembl,14358348.0,2421551259.0,168.65110519678169
10291,Waddlia_chondrophila,bacteria,997974.0,2131905.0,2.136233008074359
10292,Waddliaceae_bacterium,bacteria,221448.0,3152361.0,14.235220006502654
10293,Weeksella_virosa,bacteria,1033164.0,2272954.0,2.1999934182762853
10294,Weissella_bombi,bacteria,287774.0,1820901.0,6.3275382765642485
10295,Weissella_cibaria,bacteria,563294.1428571428,2509636.0,4.455285097179626
10296,Weissella_confusa,bacteria,532296.0,2326034.3333333335,4.369813662573706
10297,Weissella_halotolerans,bacteria,352621.0,1366073.0,3.8740545798463506
10298,Weissella_hellenica,bacteria,173387.0,1816487.0,10.4764890101334
10299,Weissella_jogaejeotgali,bacteria,932380.0,2149545.0,2.3054387696003777
10300,Weissella_kandleri,bacteria,286811.0,1334438.0,4.652673711956655
10301,Weissella_koreensis,bacteria,489313.0,1585205.0,3.2396543725590776
10302,Weissella_minor,bacteria,343033.0,1768499.0,5.155477752869258
10303,Weissella_oryzae,bacteria,226049.0,2129476.0,9.420417697047986
10304,Weissella_paramesenteroides,bacteria,638195.5,2009693.5,3.1490248677717094
10305,Weissella_soli,bacteria,630135.0,1670790.0,2.651479444880859
10306,Weissella_sp,bacteria,27987.0,2392419.0,85.48322435416443
10307,Weissella_thailandensis,bacteria,167048.0,1983825.0,11.875778219433935
10308,Weissella_viridescens,bacteria,382809.6666666667,1568400.3333333333,4.097076092644821
10309,Weizmannia_coagulans,bacteria,723704.4444444445,3273625.5555555555,4.523428839888598
10310,Wenxinia_marina,bacteria,1011505.0,4180927.0,4.1333725488257596
10311,Wenxinia_saemankumensis,bacteria,714759.0,3577582.0,5.005298289353474
10312,Wenyingzhuangia_fucanilytica,bacteria,1582545.0,3427057.0,2.1655352612405965
10313,Wenyingzhuangia_marina,bacteria,746724.0,3242070.0,4.341724653285551
10314,Wenzhouxiangella_marina,bacteria,1676552.0,3675202.0,2.1921193019960015
10315,Wenzhouxiangella_sediminis,bacteria,211134.0,3506010.0,16.605615391173377
10316,Wenzhouxiangella_sp,bacteria,225897.0,3128413.0,13.848847040908025
10317,Westiellopsis_prolifica,bacteria,2112083.0,7313429.0,3.4626617419864654
10318,Wigglesworthia_glossinidia,bacteria,313197.0,703004.0,2.2446064298189317
10319,Williamsia_faeni,bacteria,924810.0,5524791.0,5.973974113601713
10320,Williamsia_limnetica,bacteria,511584.0,6353494.0,12.419258616375805
10321,Williamsia_marianensis,bacteria,1031478.0,5401618.0,5.2367748027587595
10322,Williamsia_muralis,bacteria,2422108.0,5401534.0,2.230096263254983
10323,Williamsia_sp,bacteria,582914.75,5563121.25,9.543627520147671
10324,Williamsia_sterculiae,bacteria,551251.0,4441008.0,8.056235725649477
10325,Williamsoniiplasma_lucivorax,bacteria,327574.0,1127227.0,3.44113696447215
10326,Williamsoniiplasma_luminosum,bacteria,464687.5,1030702.5,2.2180551445864154
10327,Williamsoniiplasma_somnilux,bacteria,400821.0,868413.0,2.1665855830907064
10328,Williamwhitmania_taraxaci,bacteria,143966.0,4154490.0,28.857438561882667
10329,Winkia_neuii,bacteria,473929.5,2274236.5,4.798681027452395
10330,Winogradskyella_arenosi,bacteria,871817.0,3675157.0,4.215514265034979
10331,Winogradskyella_aurantia,bacteria,581148.0,3203946.0,5.513132627144892
10332,Winogradskyella_epiphytica,bacteria,822917.0,3378934.0,4.106044716538849
10333,Winogradskyella_eximia,bacteria,855945.0,4242526.0,4.956540431920275
10334,Winogradskyella_jejuensis,bacteria,1103081.0,3033897.0,2.7503846045757294
10335,Winogradskyella_pacifica,bacteria,738375.0,4285759.0,5.804312171999323
10336,Winogradskyella_psychrotolerans,bacteria,237256.0,4337031.0,18.27996341504535
10337,Winogradskyella_sp,bacteria,1180095.2857142857,3285547.4285714286,2.7841374068219915
10338,Winogradskyella_thalassocola,bacteria,1000731.0,4573152.0,4.569811467817026
10339,Winogradskyella_wandonensis,bacteria,788483.0,2958316.0,3.7519084114686048
10340,Woeseia_oceani,bacteria,1840837.0,4059891.0,2.2054592557624604
10341,Woeseia_sp,bacteria,349225.0,3127694.0,8.956099935571624
10342,Wohlfahrtiimonas_chitiniclastica,bacteria,699330.0,2162954.0,3.092894627715099
10343,Wohlfahrtiimonas_sp,bacteria,452579.0,2102207.0,4.644950384352787
10344,Wolbachia_endosymbiont,bacteria,307345.5909090909,1352697.5454545454,4.401226454732702
10345,Wolbachia_pipientis,bacteria,250453.33333333334,1284913.6666666667,5.130351629045997
10346,Wolbachia_sp,bacteria,613788.0,1445873.0,2.355655372864898
10347,Wolinella_succinogenes,bacteria,1002006.0,2110355.0,2.106130103013355
10348,Xanthobacter_autotrophicus,bacteria,1514588.5,5319192.5,3.51197206369915
10349,Xanthobacter_tagetidis,bacteria,450356.0,4945221.0,10.980693051719085
10350,Xanthomarina_gelatinilytica,bacteria,286316.5,3158057.5,11.029952866844908
10351,Xanthomarina_sp,bacteria,406278.0,2990433.0,7.360558533811823
10352,Xanthomarina_spongicola,bacteria,652381.0,3155334.0,4.836643004624598
10353,Xanthomonadaceae_bacterium,bacteria,386429.28571428574,4086058.714285714,10.573884706312926
10354,Xanthomonadales_bacterium,bacteria,433332.4,4193163.2,9.676551303341268
10355,Xanthomonas_albilineans,bacteria,1646007.0,3852299.0,2.3403904114624057
10356,Xanthomonas_alfalfae,bacteria,67594.0,4970862.0,73.5399887563985
10357,Xanthomonas_arboricola,bacteria,706329.7368421053,4997229.52631579,7.074924451938915
10358,Xanthomonas_axonopodis,bacteria,687849.9,4981704.6,7.242429780101734
10359,Xanthomonas_bromi,bacteria,196425.0,4841335.0,24.64724449535446
10360,Xanthomonas_campestris,bacteria,1667057.3636363635,5070125.2727272725,3.041362213036133
10361,Xanthomonas_cannabis,bacteria,97570.0,4756730.0,48.75197294250282
10362,Xanthomonas_citri,bacteria,1386153.7857142857,5216546.857142857,3.7633247558132723
10363,Xanthomonas_codiaei,bacteria,300484.0,5043310.0,16.783955218913487
10364,Xanthomonas_cucurbitae,bacteria,244893.0,4424197.0,18.065836916530895
10365,Xanthomonas_dyei,bacteria,367039.0,5314178.0,14.478510458016723
10366,Xanthomonas_euvesicatoria,bacteria,594765.0,4931418.0,8.291372222642556
10367,Xanthomonas_floridensis,bacteria,314863.0,5254357.0,16.68775626224739
10368,Xanthomonas_fragariae,bacteria,1808423.0,4283943.0,2.3688832756495577
10369,Xanthomonas_gardneri,bacteria,79510.0,5528124.0,69.52740535781663
10370,Xanthomonas_hortorum,bacteria,1429630.0,5261901.0,3.6806033729006806
10371,Xanthomonas_hyacinthi,bacteria,269765.5,6883693.5,25.517323379008804
10372,Xanthomonas_melonis,bacteria,682768.0,4681689.0,6.856925046282193
10373,Xanthomonas_nasturtii,bacteria,206716.0,4771852.0,23.084096054490217
10374,Xanthomonas_oryzae,bacteria,1884086.375,4958779.5,2.631927901925409
10375,Xanthomonas_perforans,bacteria,2216447.0,5346417.0,2.412156482875521
10376,Xanthomonas_phaseoli,bacteria,1267187.1666666667,5229998.333333333,4.127250078684772
10377,Xanthomonas_pisi,bacteria,414921.0,5327500.0,12.839793599263475
10378,Xanthomonas_populi,bacteria,79443.0,4338173.0,54.60736628777866
10379,Xanthomonas_prunicola,bacteria,989582.0,5318553.0,5.374545009913277
10380,Xanthomonas_sacchari,bacteria,1232829.5,4962167.5,4.025023330476761
10381,Xanthomonas_sp,bacteria,1163604.5,4861444.5,4.177918270340137
10382,Xanthomonas_theicola,bacteria,121170.0,4544741.0,37.507146983576796
10383,Xanthomonas_translucens,bacteria,611885.25,4599649.0,7.517175810333718
10384,Xanthomonas_vasicola,bacteria,1205414.6666666667,4915202.333333333,4.077602894052503
10385,Xanthomonas_vesicatoria,bacteria,2224987.0,5393910.0,2.4242433776017567
10386,Xenococcus_sp,bacteria,121009.0,5929641.0,49.001652769628706
10387,Xenophilus_sp,bacteria,428826.0,3978285.0,9.27715437030404
10388,Xenopus_tropicalis,ensembl,34432895.0,1451301209.0,42.14868395468926
10389,Xenorhabdus_beddingii,bacteria,245720.0,4096854.0,16.672855282435293
10390,Xenorhabdus_bovienii,bacteria,548293.1111111111,4470862.888888889,8.15414747748467
10391,Xenorhabdus_budapestensis,bacteria,417944.0,4313848.0,10.321593323507456
10392,Xenorhabdus_cabanillasii,bacteria,981418.5,4478304.0,4.563093114711003
10393,Xenorhabdus_doucetiae,bacteria,1838836.0,4203651.0,2.286039102997766
10394,Xenorhabdus_eapokensis,bacteria,303399.0,4246750.0,13.997244552552909
10395,Xenorhabdus_ehlersii,bacteria,317737.0,4316335.0,13.58461557829274
10396,Xenorhabdus_hominickii,bacteria,992864.0,5347057.0,5.3854878412350535
10397,Xenorhabdus_innexi,bacteria,180220.0,4490078.0,24.91442681167462
10398,Xenorhabdus_ishibashii,bacteria,1537048.0,3859546.0,2.5110120178419932
10399,Xenorhabdus_japonica,bacteria,188320.0,3561198.0,18.91035471537808
10400,Xenorhabdus_khoisanae,bacteria,105230.0,4658186.0,44.2667110139694
10401,Xenorhabdus_koppenhoeferi,bacteria,161192.0,3182127.0,19.741221648717058
10402,Xenorhabdus_kozodoii,bacteria,253422.0,4127775.0,16.28814783246916
10403,Xenorhabdus_mauleonii,bacteria,399355.0,5119810.0,12.820197568579335
10404,Xenorhabdus_miraniensis,bacteria,373359.0,4995255.0,13.379227499537977
10405,Xenorhabdus_nematophila,bacteria,1134120.0,4952181.25,4.366540798151871
10406,Xenorhabdus_poinarii,bacteria,1566082.0,3659523.0,2.336737795338941
10407,Xenorhabdus_sp,bacteria,270036.3333333333,4659682.333333333,17.255760644555238
10408,Xenorhabdus_stockiae,bacteria,197464.0,4668612.0,23.64285135518373
10409,Xenorhabdus_szentirmaii,bacteria,297454.0,4824775.0,16.220239095792962
10410,Xenorhabdus_thuongxuanensis,bacteria,282593.0,3938299.0,13.93629353876423
10411,Xenorhabdus_vietnamensis,bacteria,381713.0,4666385.0,12.224852179517072
10412,Xinfangfangia_humi,bacteria,266970.0,4474616.0,16.76074465295726
10413,Xiphophorus_couchianus,ensembl,11316915.0,708396389.0,62.59624544321487
10414,Xiphophorus_maculatus,ensembl,21434631.0,704321165.0,32.8590291570683
10415,Xylanibacterium_ulmi,bacteria,1798310.0,3965098.0,2.2049023805684227
10416,Xylanimonas_allomyrinae,bacteria,1697737.0,3848642.0,2.2669247356922773
10417,Xylanimonas_cellulosilytica,bacteria,1728564.0,3831380.0,2.216510351945314
10418,Xylanimonas_oleitrophica,bacteria,551448.0,3490509.0,6.3297155851503675
10419,Xylanimonas_protaetiae,bacteria,1743193.0,3859980.0,2.2143159133842323
10420,Xylella_fastidiosa,bacteria,639882.9230769231,2631360.6153846155,4.1122532270927445
10421,Xylella_taiwanensis,bacteria,190297.0,2733013.0,14.361829140764174
10422,Xylophilus_ampelinus,bacteria,279052.0,3731505.0,13.372077605607558
10423,Xylophilus_sp,bacteria,746946.0,4483623.0,6.002606614132748
10424,Yangia_mangrovi,bacteria,62811.0,4897831.0,77.9772810494977
10425,Yangia_pacifica,bacteria,1164823.5,5654813.0,4.8546522284277405
10426,Yarrowia_lipolytica,fungi,2967245.0,20502981.0,6.909770174016638
10427,Yersinia_aldovae,bacteria,279636.0,4309478.0,15.411027192493098
10428,Yersinia_bercovieri,bacteria,392679.0,4318780.0,10.99824538618057
10429,Yersinia_enterocolitica,bacteria,1118028.9090909092,4697305.545454546,4.201416892944223
10430,Yersinia_entomophaga,bacteria,1822032.0,4275406.0,2.346504342404524
10431,Yersinia_frederiksenii,bacteria,918870.1428571428,4928370.285714285,5.36351118166705
10432,Yersinia_hibernica,bacteria,2077190.0,4803435.0,2.3124678050635716
10433,Yersinia_intermedia,bacteria,484798.2,4866710.4,10.038631331551974
10434,Yersinia_kristensenii,bacteria,781806.4,4519632.0,5.781011769665738
10435,Yersinia_massiliensis,bacteria,1412741.0,5062866.5,3.5837188132856626
10436,Yersinia_mollaretii,bacteria,479448.0,4630771.0,9.658546912282459
10437,Yersinia_nurmii,bacteria,481631.0,4143134.0,8.602299270603428
10438,Yersinia_pekkanenii,bacteria,201444.0,5046986.0,25.054039832409998
10439,Yersinia_pestis,bacteria,729312.6111111111,4661574.666666667,6.391737364262407
10440,Yersinia_pseudotuberculosis,bacteria,1812923.4285714286,4905612.0,2.7059124079308683
10441,Yersinia_rohdei,bacteria,324489.0,4391197.0,13.532652878834105
10442,Yersinia_ruckeri,bacteria,1598187.0,3939641.0,2.465068856147622
10443,Yersinia_similis,bacteria,239413.0,4867714.0,20.33187003212023
10444,Yersinia_wautersii,bacteria,235102.0,4858848.0,20.666978588017116
10445,Yimella_sp,bacteria,322680.0,3271355.0,10.138077971984629
10446,Yokenella_regensburgei,bacteria,1832456.0,4809373.5,2.6245506031249866
10447,Yonghaparkia_sp,bacteria,1005826.0,2632343.0,2.6170957998699578
10448,Yoonia_litorea,bacteria,1143151.0,3323467.0,2.9072860890643493
10449,Yoonia_maricola,bacteria,1219999.0,3798370.0,3.1134205847709713
10450,Yoonia_maritima,bacteria,421390.0,3677387.0,8.72680177507772
10451,Yoonia_rosea,bacteria,1271966.0,3514278.0,2.7628710201373305
10452,Yoonia_sediminilitoris,bacteria,730683.0,4668162.0,6.388765032168533
10453,Yoonia_tamlensis,bacteria,1259830.0,3190947.0,2.532839351341054
10454,Yoonia_vestfoldensis,bacteria,1791555.0,3987360.0,2.2256419702437267
10455,Youngiibacter_fragilis,bacteria,169795.0,3988233.0,23.48851850761212
10456,Youngimonas_vesicularis,bacteria,592462.0,3790026.0,6.397078631203351
10457,Zalophus_californianus,ensembl,23793592.0,2408641788.0,101.23069219645356
10458,Zavarzinia_aquatilis,bacteria,581684.0,4477202.0,7.696966050295349
10459,Zavarzinia_compransoris,bacteria,977708.0,4757539.0,4.866012142684728
10460,Zea_mays,plants,32609045.0,2182075994.0,66.91628025291756
10461,Zeaxanthinibacter_enoshimensis,bacteria,1035027.0,3337963.0,3.225000893696493
10462,Zetaproteobacteria_bacterium,bacteria,156974.4,2419626.9,15.414149695746568
10463,Zhaonella_formicivorans,bacteria,48175.0,5963912.0,123.79682407887908
10464,Zhengella_mangrovi,bacteria,620032.0,5066330.0,8.17107826692816
10465,Zhihengliuella_halotolerans,bacteria,1636205.0,3583060.0,2.1898600725459216
10466,Zhizhongheella_caldifontis,bacteria,364731.0,3643199.0,9.988728679492558
10467,Zhongshania_aliphaticivorans,bacteria,1889346.0,4204359.0,2.2252985953869753
10468,Zhongshania_marina,bacteria,339432.0,4084538.0,12.033449998821562
10469,Zhouia_amylolytica,bacteria,630008.5,3839983.0,6.095128875245334
10470,Zobellella_denitrificans,bacteria,993372.5,4112960.5,4.140401007678388
10471,Zobellella_endophytica,bacteria,812848.0,4168059.0,5.127722526228766
10472,Zobellella_taiwanensis,bacteria,266637.0,3618741.0,13.571788611483028
10473,Zobellia_galactanivorans,bacteria,2497589.0,5521712.0,2.2108169118297685
10474,Zobellia_uliginosa,bacteria,978246.0,5303163.0,5.42109346728737
10475,Zongyanglinia_marina,bacteria,599635.0,4852500.0,8.092422890591777
10476,Zonotrichia_albicollis,ensembl,7335253.0,1052600561.0,143.49887604422096
10477,Zoogloeaceae_bacteirum,bacteria,1446094.0,3127098.0,2.1624444883942537
10478,Zooshikella_ganghwensis,bacteria,2554574.0,6605154.0,2.5856185806322305
10479,Zosterops_lateralis,ensembl,5383517.0,1036003386.0,192.43988381572865
10480,Zunongwangia_atlantica,bacteria,415723.0,4780723.0,11.499779901520965
10481,Zunongwangia_mangrovi,bacteria,869247.0,4131682.0,4.75317372392427
10482,Zunongwangia_profunda,bacteria,1153855.5,4722640.5,4.0929219473322265
10483,Zunongwangia_sp,bacteria,218652.0,4854596.0,22.202385525858443
10484,Zymobacter_palmae,bacteria,1258755.0,3028543.0,2.405982895797832
10485,Zymomonas_mobilis,bacteria,895278.6,2128109.4,2.3770359304913575
10486,Zymoseptoria_tritici,fungi,3509307.0,39686251.0,11.30885699085318
10487,_actinobacillus,bacteria,1197177.0,2657994.0,2.2202180629931916
10488,_arcobacter,bacteria,666329.0,1967723.0,2.953080235139098
10489,_bacillus,bacteria,1295385.0,4599745.4,3.550871285370759
10490,_bacteroides,bacteria,1251056.0,3028326.0,2.420615863718331
10491,_brevibacterium,bacteria,1480015.0,3338699.0,2.255854839309061
10492,_butyribacterium,bacteria,551188.0,4256016.0,7.721532399108834
10493,_candidatus,bacteria,635019.0,3272986.0,5.154154442622977
10494,_clostridium,bacteria,854539.5263157894,4211783.631578947,4.928717165064768
10495,_curtobacterium,bacteria,801115.0,4981783.0,6.2185616297285655
10496,_enterobacter,bacteria,2157757.0,4814049.0,2.2310431619501174
10497,_eubacterium,bacteria,488189.57446808513,3294679.595744681,6.74877090387367
10498,_flavobacterium,bacteria,2106832.5,5100445.5,2.4209069776548446
10499,_flexibacter,bacteria,587672.5,7156176.0,12.17714968796396
10500,_haemophilus,bacteria,544536.0,1885047.3333333333,3.4617496976018725
10501,_mannheimia,bacteria,1031939.0,2314078.0,2.2424561916935013
10502,_mycobacterium,bacteria,2315338.0,4994485.0,2.157129974111771
10503,_nostoc,bacteria,1856870.0,5486145.0,2.954512162940863
10504,_osedax,bacteria,60907.0,4021833.0,66.0323608123861
10505,_pasteurella,bacteria,1087820.5,2435160.0,2.2385678519571934
10506,_propionibacterium,bacteria,451655.0,2430672.0,5.381700634333728
10507,_ruminococcus,bacteria,285110.1034482759,3542510.5862068967,12.425061558190526
